canonical_id,fullName,dob,precision,source
4a637c0f4e711aa4,Sean Strickland,1991-02-27,day,sherdog
65960493f529fc58,Alexander Volkov,1988-10-24,day,wikidata
70838bdc207b5308,King Green,1986-09-09,day,sherdog
797fa5336cd3ef3f,Jim Miller,1983-08-30,day,wikidata
eb6e138c10bb379c,Tim Elliott,1986-12-24,day,wikidata
d85578e821c6185f,Steve Erceg,1995-07-27,day,sherdog
3d3b451081ce16e9,Junior Tafa,1996-09-21,day,wikidata
b629ea51b007a50f,Raoni Barcelos,1987-05-01,day,wikidata
a242f92577351a3c,Cody Durden,1991-03-29,day,sherdog
cd82f793b5e03e41,Thiago Moises,1995-03-23,day,wikidata
d39a1677910874e9,Josh Hokit,1997-11-12,day,sherdog
fdacef13c6f1d17a,Cub Swanson,1983-11-02,day,wikidata
b577c6fa8060ff5c,Kevin Holland,1992-11-05,day,sherdog
6a5a96149763aeef,Chris Padilla,1995-09-14,day,sherdog
bb76e767e4bf0b9a,MarQuel Mederos,1996-11-30,day,sherdog
ebc4e432a92c3628,Kelvin Gastelum,1991-10-24,day,sherdog
7eb5ea10a1a59139,Vicente Luque,1991-11-27,day,sherdog
b592dbfd55f9fa7c,Charles Radtke,1990-07-09,day,sherdog
505fe82b2d6baf48,Francisco Prado,2002-06-16,day,sherdog
f91a8fe9ad32751f,Renato Moicano,1989-05-21,day,sherdog
5d49240c45a2a624,Chris Duncan,1993-05-10,day,sherdog
c677e653df81851a,Virna Jandiroba,1988-05-30,day,sherdog
f27df41475ce0c44,Tabatha Ricci,1995-02-21,day,sherdog
8d4cda2a290cc491,Abdul Rakhman Yakhyaev,2001-01-03,day,sherdog
af48657df8015e6d,Brendson Ribeiro,1996-08-09,day,sherdog
82f88b53fc143497,Ethyn Ewing,1998-02-16,day,sherdog
070750e76792d168,Rafael Estevam,1996-08-10,day,sherdog
006859adbc880edd,Tommy McMillen,1997-12-15,day,sherdog
38b46d37f0433714,Manolo Zecchini,1996-10-22,day,sherdog
8ab166e422390e19,Robert Ruchala,1998-05-15,day,sherdog
5559b70c45c58628,Guilherme Pat,1994-04-20,day,sherdog
af733fdd68401f60,Thomas Petersen,1995-03-30,day,sherdog
14a2fa2dd23e71d3,Alessandro Costa,1996-01-28,day,sherdog
b2b19b8c517cc5a0,Stewart Nicoll,1994-11-03,day,sherdog
088be1c84c33ee73,Lando Vannata,1992-03-14,day,sherdog
f9e0aa1af1d6a50a,Darrius Flowers,1994-08-25,day,sherdog
ba79f6bac3682eb1,Hailey Cowan,1992-02-12,day,sherdog
938dc74b9de9c415,Azamat Bekoev,1995-12-30,day,sherdog
7bea6275b1fcbfa4,Tresean Gore,1994-06-21,day,sherdog
7e02c6105357be18,Dione Barbosa,1992-05-08,day,sherdog
8f8896b8e9a60609,Melissa Gatto,1996-05-02,day,sherdog
598430d5dbee5664,Dakota Hope,1997-01-29,day,sherdog
5842f43eb1269085,Israel Adesanya,1989-07-22,day,sherdog
154db60abecdd988,Joe Pyfer,1996-09-17,day,sherdog
2f089bd2b4bc0145,Alexa Grasso,1993-08-09,day,sherdog
c9bce4b58587da90,Maycee Barber,1998-05-18,day,sherdog
a9b7c0eff1396b5b,Michael Chiesa,1987-12-07,day,sherdog
e3116e06ecdcad09,Niko Price,1989-09-29,day,sherdog
7dbe9bb9a5b973b5,Julian Erosa,1989-07-31,day,wikidata
26f15079cf039c8c,Lerryan Douglas,1995-04-27,day,sherdog
b9562bf0e19e971a,Mansur Abdul-Malik,1997-10-07,day,sherdog
02e16570ff7efb38,Yousri Belgaroui,1992-06-02,day,sherdog
d75d3c014f3a0d70,Terrance McKinney,1994-09-15,day,sherdog
14969e972edf065c,Kyle Nelson,1991-04-20,day,sherdog
1979d2ef989e7265,Ignacio Bahamondes,1997-08-27,day,sherdog
453d16339a1c9b31,Tofiq Musayev,1989-12-15,day,sherdog
61aca8157bf71afd,Chase Hooper,1999-09-13,day,wikidata
60dd552a80e10dab,Lance Gibson Jr.,1995-02-02,day,sherdog
3a7dd104278b1800,Marcin Tybura,1985-11-09,day,sherdog
41e41e4d372a0ff3,Tyrell Fortune,1990-07-04,day,sherdog
357346d53e3f2652,Casey O'Neill,1997-10-07,day,sherdog
99ea8e8d3db8f1a9,Gabriella Fernandes,1993-08-13,day,sherdog
0b43bf0acbd22ca3,Navajo Stirling,1997-11-07,day,sherdog
d13c8ceda8609795,Bruno Lopes,1993-04-24,day,sherdog
a0811e03ef7082c8,Ricky Simon,1992-08-31,day,sherdog
f11750d4f48eb942,Adrian Yanez,1993-11-29,day,sherdog
3808fc6e211485cf,Alexia Thainara,1997-11-20,day,sherdog
90ae69e9a9137984,Bruna Brasil,1993-09-07,day,sherdog
eb764bb66e7f3030,Movsar Evloev,1994-02-11,day,sherdog
7468010a5070b907,Lerone Murphy,1991-07-22,day,sherdog
2c5a8031b203a4e5,Luke Riley,1999-06-30,day,sherdog
bbad8cc98783fae1,Michael Aswell Jr.,2000-09-27,day,sherdog
de9b370a0b1c44a9,Michael Page,1987-04-07,day,sherdog
949e6bb465af017b,Sam Patterson,1996-04-30,day,sherdog
f7012ef25547fc99,Iwo Baraniewski,1998-11-20,day,sherdog
f7d9010e13806799,Austen Lane,1987-11-09,day,wikidata
900105052b1946b1,Roman Dolidze,1988-07-15,day,sherdog
ba40e07b06503a8c,Christian Leroy Duncan,1995-07-24,day,sherdog
e25181125365fbe6,Kurtis Campbell,2002-07-29,day,sherdog
07f69c437c68f468,Danny Silva,1997-01-30,day,sherdog
384b9ef43aa01a73,Mason Jones,1995-04-26,day,sherdog
a892819bc8e25b5a,Axel Sola,1997-09-17,day,sherdog
00bf0d84c07bafc5,Nathaniel Wood,1993-08-05,day,sherdog
3f143ed5d6b45e39,Mario Pinto,1998-03-14,day,sherdog
dad9b43cf7480f68,Felipe Franco,2001-01-22,day,sherdog
a2abca58544b6a7b,Mantas Kondratavicius,1999-07-17,day,sherdog
64794ca3e674f4b1,Antonio Trocoli,1990-12-06,day,sherdog
f1195dbd3ad1d780,Shem Rock,1993-11-05,day,sherdog
56ae4acb4e3f6e6b,Abdul-Kareem Al-Selwady,1995-04-10,day,sherdog
6eac40c13b114758,Ravena Oliveira,1997-02-20,day,sherdog
470ffc8f48859da9,Josh Emmett,1985-03-04,day,sherdog
f82c365cb6b6a2e8,Kevin Vallejos,2001-12-08,day,sherdog
deadb348f846ea90,Amanda Lemos,1987-05-22,day,sherdog
bd86cff59cdab666,Gillian Robertson,1995-05-17,day,sherdog
37965f5e8d73ed22,Andre Fili,1990-06-25,day,sherdog
2f88f17add7669c5,Jose Delgado,1998-04-21,day,sherdog
93efefee6f6403e8,Harry Hardwick,1994-09-29,day,sherdog
4b69b3ef64951c28,Ion Cutelaba,1993-12-14,day,sherdog
e5f3f443faf8da23,Oumar Sy,1995-11-21,day,sherdog
6b565d153901a9e1,Charles Johnson,1991-01-10,day,sherdog
0125dc31ba4e5f14,Bruno Silva,1989-07-13,day,sherdog
9fc426aaa44255d9,Chris Curtis,1987-07-15,day,sherdog
96175d750571d1d3,Myktybek Orolbai,1998-02-10,day,sherdog
d04b8d5ce7a65c4f,Vitor Petrino,1997-08-28,day,sherdog
7d1e163720b62145,Steven Asplund,1998-07-16,day,sherdog
28922ab0ce7d617b,Elijah Smith,2002-09-05,day,sherdog
8973247f6808fbfd,Bolaji Oki,1995-11-15,day,sherdog
a175cb5d70c753c6,Manoel Sousa,1997-06-04,day,sherdog
d22abf14634b6e90,Brad Tavares,1987-12-21,day,sherdog
f5e2ac299e039054,Eryk Anders,1987-04-21,day,sherdog
c9abda4e3d5582ad,Montse Rendon,1989-03-16,day,sherdog
fcd67980557f2e84,Luan Lacerda,1993-01-07,day,sherdog
205e928621a6f62d,Hecher Sosa,1995-08-25,day,sherdog
904ca6578a6ca8eb,Piera Rodriguez,1992-11-11,day,sherdog
c87f8c1d3d4d01fe,Sam Hughes,1992-06-28,day,sherdog
fe8d8a8c3b0afe3e,Max Holloway,1991-12-04,day,sherdog
01827249d3b138b8,Charles Oliveira,1989-10-17,day,sherdog
b483569c9c54cfc6,Caio Borralho,1993-01-16,day,sherdog
db3f5063058ec38a,Reinier de Ridder,1990-09-07,day,sherdog
deb2e9b4a9179872,Rob Font,1987-06-25,day,sherdog
880ed8d5af0c13b1,Raul Rosas Jr.,2004-10-08,day,sherdog
4eb5d85bfd99d0f5,Drew Dober,1988-10-19,day,sherdog
6539dfcd12383095,Michael Johnson,1986-06-04,day,sherdog
2127684a702c4006,Gregory Rodrigues,1992-02-17,day,sherdog
b4fb66059bd82743,Brunno Ferreira,1992-11-04,day,sherdog
2dcc031de9b13dcc,Cody Garbrandt,1991-07-07,day,sherdog
d11e3f2e5deb833f,Xiao Long,1998-04-13,day,sherdog
62eb06895e1e4b0b,Donte Johnson,1999-01-25,day,sherdog
8599d31404ff0b34,Ricky Turcios,1993-06-05,day,sherdog
837d7b515e82e17f,Alberto Montes,1994-05-31,day,sherdog
1e6948a1cddd5294,Nyamjargal Tumendemberel,1998-03-22,day,sherdog
31ff758863c6ad36,Jesus Aguilar,1996-03-13,day,sherdog
5a7dee229b27e06c,Rafael Tobias,2003-03-20,day,sherdog
c3fd5865a09e741a,Diyar Nurgozhay,1997-04-22,day,sherdog
8b41d0ebea0c3e18,Luke Fernandez,1995-06-29,day,sherdog
157689fad4e22542,Rodolfo Bellato,1996-02-05,day,sherdog
37ac5668fa9f42aa,Brandon Moreno,1993-12-07,day,sherdog
10a96d52c89b5469,Lone'er Kavanagh,1999-06-09,day,sherdog
8fef39098574c923,Marlon Vera,1992-12-02,day,sherdog
f98cac378dcfb57b,David Martinez,1998-08-03,day,sherdog
17dc8cabd91da5ae,Daniel Zellhuber,1999-07-07,day,sherdog
60f31fb96a24723a,Edgar Chairez,1996-01-27,day,sherdog
91786db82a1d5e55,Felipe Bunes,1989-10-26,day,sherdog
1c33eb78bdc5df39,Imanol Rodriguez,1999-11-15,day,sherdog
c9689833e730c077,Kevin Borjas,1997-12-06,day,sherdog
40a4d73f3a51ca65,Santiago Luna,2004-08-06,day,sherdog
95d8b12e5a21ed5a,Angel Pacheco,1992-01-13,day,sherdog
85a165c98f003923,Ryan Gandra,1995-05-08,day,sherdog
e7adbb01bdaae78c,Ailin Perez,1994-10-05,day,sherdog
882b8b96d9e44fdf,Macy Chiasson,1991-07-27,day,sherdog
1fc339f153e788c3,Cristian Quinonez,1996-04-21,day,sherdog
2dd667d6fae680e2,Kris Moutinho,1992-08-09,day,sherdog
445643aa88ac4486,Douglas Silva de Andrade,1985-06-22,day,sherdog
3c972c6d8123294c,Ernesta Kareckaite,1998-07-05,day,sherdog
acee921186a58206,Erik Silva,1987-03-16,day,sherdog
c212ca8a9b232259,Damian Pinas,2002-03-12,day,sherdog
9583d6bf13318f23,Anthony Hernandez,1993-10-18,day,sherdog
deee560a8bc1dd80,Geoff Neal,1990-08-28,day,sherdog
84ded26cb00e17cf,Uros Medic,1993-04-25,day,sherdog
217d1a9370550d41,Dan Ige,1991-08-06,day,sherdog
e61d510091019852,Serghei Spivac,1995-01-24,day,sherdog
8207b4d862044632,Ante Delija,1990-08-07,day,sherdog
ef56a8f712d971ef,Jacobe Smith,1996-01-17,day,sherdog
c95b1cac8dfd2ae0,Josiah Harrell,1998-11-13,day,sherdog
3278a31624e0082e,Zach Reese,1994-03-24,day,sherdog
b2d0ed4e270b49dc,Michel Pereira,1993-10-06,day,sherdog
b64bdbe0d3e4c9aa,Chidi Njokuani,1988-12-31,day,sherdog
1ca9af9ac078f0ba,Carlos Leal,1994-05-04,day,sherdog
cb862700e7767b56,Ode Osbourne,1992-01-09,day,sherdog
831540ae441a2698,Alibi Idiris,1994-10-22,day,sherdog
201260e3416bc322,Alden Coria,1998-04-24,day,sherdog
89d577014f06908a,Nora Cornolle,1989-12-06,day,sherdog
98199760e1c660be,Ramiz Brahimaj,1992-11-17,day,sherdog
fd2553227e3641fe,Punahele Soriano,1992-11-22,day,sherdog
9a1548c71a7398bf,Phil Rowe,1990-07-18,day,sherdog
12c6b847f7f28593,Jordan Leavitt,1995-06-02,day,sherdog
47dfe6ac6c9121a0,Yadier del Valle,1996-07-29,day,sherdog
2829dc258e48d9ed,Juliana Miller,1996-05-07,day,sherdog
35fd53a02396b4af,Carli Judice,1999-03-02,day,sherdog
fb2821134f28cffd,Mario Bautista,1993-07-01,day,sherdog
aad8e24798f0a89f,Vinicius Oliveira,1995-11-30,day,sherdog
693be865c2fb6f37,Amir Albazi,1993-10-27,day,sherdog
c921a062105cb950,Kyoji Horiguchi,1990-10-12,day,sherdog
c17b1fa1d28c1eea,Jailton Almeida,1991-06-28,day,sherdog
16862aff18bed355,Rizvan Kuniev,1992-03-10,day,sherdog
baf392e288389603,Michal Oleksiejczuk,1995-02-22,day,sherdog
f9f4bfae4f5773bb,Marc-Andre Barriault,1990-02-18,day,sherdog
99142b6b0a8bdbba,Jean Matsumoto,1999-09-09,day,sherdog
6268180e745a1e23,Farid Basharat,1997-08-02,day,sherdog
91199de65226ddd6,Dustin Jacoby,1988-04-04,day,sherdog
98007087a1199703,Julius Walker,1999-07-16,day,sherdog
958dfbfa3ae46b07,Alex Morono,1990-08-16,day,sherdog
1dbb544d1b5ac196,Daniil Donchenko,2001-08-04,day,sherdog
987a31b24ac333ea,Ketlen Souza,1994-08-18,day,sherdog
7192b50e701bd23e,Javid Basharat,1995-09-07,day,sherdog
58cfe90363989b8f,Wang Cong,1992-05-15,day,sherdog
f2a4a3932a91dc1e,Eduarda Moura,1994-02-28,day,sherdog
a991252ad3712030,Muin Gafurov,1996-05-17,day,sherdog
20c8eb11c1c160b9,Jakub Wiklacz,1996-09-10,day,sherdog
fe5b6eb764fa7cf7,Klaudia Sygula,1998-12-30,day,sherdog
29f2d5ce1eef7082,Priscila Cachoeira,1988-08-19,day,sherdog
00ccd78f83230b09,Alexander Volkanovski,1988-09-29,day,sherdog
bf14e890b46e0305,Diego Lopes,1994-12-30,day,sherdog
fc949bd38e5955fc,Dan Hooker,1990-02-13,day,wikidata
baf62b0c8795f506,Benoit Saint Denis,1995-12-18,day,sherdog
4e08ff215f9a5fc0,Rafael Fiziev,1993-03-05,day,sherdog
bd8ee82c2df0d588,Mauricio Ruffy,1996-06-17,day,sherdog
395835d15985848e,Tallison Teixeira,1999-12-07,day,sherdog
55e6fb53d99c550e,Jamie Mullarkey,1994-08-17,day,sherdog
9bb21a6ce26860ff,Billy Elekana,1995-05-28,day,sherdog
ac54fb7dcc875b59,Torrez Finney,1998-10-24,day,sherdog
574a92a70255439d,Oban Elliott,1997-12-19,day,sherdog
b62e595027ceacad,Kaan Ofli,1993-06-19,day,sherdog
9f4cf806ebcfa00e,Keiichiro Nakamura,1998-12-02,day,sherdog
5e66096486783677,Sebastian Szalay,1994-02-03,day,sherdog
d5ebb51288f99cee,Justin Gaethje,1988-11-14,day,sherdog
3495d04b5c109550,Paddy Pimblett,1995-01-03,day,sherdog
bbcaf7b57144df14,Sean O'Malley,1994-10-24,day,sherdog
6e8a5fe4993ba864,Song Yadong,1997-12-02,day,sherdog
957522be7ec72223,Derrick Lewis,1985-02-07,day,sherdog
a47925a4d8ea3a25,Natalia Silva,1997-02-03,day,sherdog
41197a2ac800612c,Rose Namajunas,1992-06-29,day,sherdog
fa859b94c8582c26,Jean Silva,1996-12-13,day,sherdog
6f151471dd180d1e,Umar Nurmagomedov,1996-01-03,day,sherdog
087d5e2b3912bfd6,Deiveson Figueiredo,1987-12-18,day,sherdog
634eda97df9caa0e,Andrey Pulyaev,1997-09-10,day,sherdog
9dd8a4f62f227cb4,Nikita Krylov,1992-03-07,day,sherdog
245f661e52b116c7,Alex Perez,1992-03-21,day,sherdog
b1d7ad470a1f451b,Denzel Freeman,1991-11-10,day,sherdog
dcb9a947c0578d1c,Adam Fugitt,1989-01-12,day,sherdog
22c9882008036ba4,Brandon Royval,1992-08-16,day,sherdog
0cdf094ed2a15c5e,Manel Kape,1993-11-14,day,sherdog
3739a7ad389dcac5,Giga Chikadze,1988-08-25,day,wikidata
600dc8df28333450,Cesar Almeida,1988-03-28,day,sherdog
e180666d3423c42b,Cezary Oleksiejczuk,2000-01-06,day,sherdog
07691b03bb22f0a9,Morgan Charriere,1995-10-26,day,sherdog
3efa6683f90baf91,Kennedy Nzechukwu,1992-06-13,day,sherdog
3fd27e0b217d2b7b,Neil Magny,1987-08-03,day,sherdog
5817d60924c7a7e0,Joanderson Brito,1995-02-11,day,sherdog
984bd4298fe632ae,Isaac Thomson,2002-05-03,day,sherdog
93fc17b97f4b66d2,Sean Sharaf,1993-07-11,day,sherdog
a01276e067ddc553,Luana Santos,2000-04-16,day,sherdog
8fbbef9a4ec1f6cb,Tereza Bleda,2001-11-30,day,sherdog
5ea45965dcdfe486,Merab Dvalishvili,1991-01-10,day,sherdog
e5c5bf33b9961606,Petr Yan,1993-02-11,day,sherdog
491c47c97570c365,Alexandre Pantoja,1990-04-16,day,sherdog
fa09a52adc3f2384,Henry Cejudo,1987-02-09,day,wikidata
2b3745a0444dcd17,Payton Talbott,1998-09-09,day,sherdog
29a6a8a9d3847e14,Jan Blachowicz,1983-02-24,day,sherdog
aec9dc5aff9f4748,Bogdan Guskov,1992-09-12,day,sherdog
aef0ff28e0e41917,Manuel Torres,1995-03-25,day,sherdog
f0427fab32e0994a,Nazim Sadykhov,1994-05-16,day,sherdog
72d51391d67206b8,Fares Ziam,1997-03-21,day,sherdog
e51574999ccf6b8f,Marvin Vettori,1993-09-20,day,sherdog
2361865e12089b38,Edson Barboza,1986-01-21,day,sherdog
e411d4112ff57cb3,Jalin Turner,1995-05-18,day,sherdog
62055b2fd8a10789,Ibo Aslan,1996-04-23,day,sherdog
56adb35526c59c88,Muhammad Naimov,1994-08-07,day,sherdog
96b8d95c6822ab2b,Mairon Santos,2000-06-10,day,sherdog
1c2caae133a1f406,Arman Tsarukyan,1996-10-11,day,sherdog
dd22fdf9ce2b85b6,Belal Muhammad,1988-07-09,day,sherdog
86c8b5612d28c278,Volkan Oezdemir,1989-09-19,day,sherdog
990efe1105080c68,Alonzo Menifield,1987-10-18,day,wikidata
80fe8fdac1ec7339,Jack Hermansson,1988-06-10,day,sherdog
b4e998ae245c303e,Tagir Ulanbekov,1991-07-08,day,sherdog
c15f8ac4d76af53a,Bogdan Grad,1995-09-18,day,sherdog
c265d59bcf8b1327,Nicolas Dalby,1984-11-16,day,wikidata
52e90de4305c8afb,Saygid Izagakhmaev,1994-09-03,day,sherdog
31bcb5ce3debb8df,Asu Almabayev,1994-01-25,day,sherdog
d29f0772d1082463,Bekzat Almakhan,1997-10-08,day,sherdog
d7d6ffc0db64fe1e,Aleksandre Topuria,1996-01-28,day,sherdog
3a0f7fd1dbd0ce0b,Ismail Naurdiev,1996-08-18,day,sherdog
085a46245fae5aeb,Ryan Loder,1991-06-05,day,sherdog
9c6d0c42a7a85b51,Nurullo Aliev,1999-10-16,day,sherdog
fb7eb92e46f18cc6,Marek Bujlo,1992-10-10,day,sherdog
78f73bfd71449931,Islam Makhachev,1991-10-27,day,sherdog
db8b8bd90a46f35f,Valentina Shevchenko,1988-03-07,day,sherdog
934bd39fbb77e527,Zhang Weili,1989-08-13,day,sherdog
5561fca8c897f0bf,Michael Morales,1999-06-24,day,sherdog
e3e2d12252710b60,Leon Edwards,1991-08-25,day,sherdog
9a841327b5d824c6,Bo Nickal,1996-01-14,day,sherdog
aaa797b5b8da777b,Erin Blanchfield,1999-05-04,day,sherdog
f23f5caaf463e283,Tracy Cortez,1993-12-10,day,sherdog
adc254e5ba385928,Kyle Daukaus,1993-02-27,day,sherdog
9676911f60bd8e0e,Chepe Mariscal,1992-10-27,day,sherdog
dddaac197e3946ca,Angela Hill,1988-01-12,day,wikidata
989a52c826c894ee,Fatima Kline,2000-07-12,day,sherdog
81755efcce2cc326,Viacheslav Borshchev,1992-01-08,day,sherdog
1ec908c218b0c556,Matheus Camilo,2001-01-02,day,sherdog
03b527306e0b57c8,Gabriel Bonfim,1997-08-20,day,sherdog
f1bfcaa7394010b5,Matt Schnell,1990-01-15,day,sherdog
f7f904ccafae5749,Joseph Morales,1994-08-22,day,sherdog
f2154a77e666997c,Muslim Salikhov,1984-06-09,day,sherdog
20fbdf9a7df6c950,Ismael Bonfim,1995-12-28,day,sherdog
44b3eeff33faf035,Hyder Amil,1990-05-28,day,sherdog
d42c88019231799d,Jamall Emmers,1989-07-24,day,sherdog
10edabc9cbd7fb2e,Max Gimenis,1993-04-14,day,sherdog
b228d39d964f5931,Tecia Pennington,1989-08-16,day,sherdog
092a12fbdcf12ad3,Denise Gomes,1999-12-30,day,sherdog
e011a97f57726d2d,Miles Johns,1994-03-30,day,sherdog
fe96fd653f562e98,Daniel Marcos,1993-03-07,day,sherdog
a49129adb0dad63b,Steve Garcia,1992-05-22,day,sherdog
5ae43941a38cb123,David Onama,1994-06-07,day,sherdog
541d80991428244f,Jeremiah Wells,1986-10-30,day,sherdog
a7401a8e25c733b5,Isaac Dulgarian,1996-07-04,day,sherdog
d9935a239ea022f2,Daniel Frunza,1994-04-13,day,sherdog
5138742df3096e35,Allan Nascimento,1991-09-11,day,sherdog
e18cfacb68119a4b,Montserrat Conejo Ruiz,1993-02-03,day,sherdog
ede82a372dc9444c,Ariane Carnelossi,1992-11-17,day,sherdog
c84679ced7c8f6a2,Tom Aspinall,1993-04-11,day,sherdog
d405f6e1594c44db,Ciryl Gane,1990-05-06,day,sherdog
1868597de911ab05,Mackenzie Dern,1993-03-24,day,sherdog
07d8dcdbf698e6e0,Aleksandar Rakic,1992-02-06,day,sherdog
f871be2f77817a9f,Nasrat Haqparast,1995-08-22,day,sherdog
331d3f58e32980ad,Ikram Aliskerov,1992-12-07,day,sherdog
aa788df7587f1357,Ludovit Klein,1995-02-22,day,sherdog
c351fa759a6f4223,Valter Walker,1997-12-14,day,sherdog
256d0018d9869d0a,Hamdy Abdelwahab,1993-01-22,day,sherdog
ce9a9453272c9963,Chris Barnett,1986-06-14,day,sherdog
80fff92139ea4fad,Azat Maksum,1995-05-07,day,sherdog
018e6efa6f1415a9,Mitch Raposo,1998-10-16,day,sherdog
1930fd17e9ee8a27,Jaqueline Amorim,1995-06-24,day,sherdog
2ed6f3c1f715f23d,Mizuki,1994-08-19,day,sherdog
58b6dee880eed3f4,Brendan Allen,1995-12-28,day,sherdog
a5430ac842baa304,Aiemann Zahabi,1987-11-19,day,sherdog
0084e6f1dce86e4c,Manon Fiorot,1990-02-17,day,sherdog
c9d2ae98d9f6ab30,Matt Frevola,1990-06-11,day,sherdog
580a21f49d3aaafb,Kyle Prepolec,1989-08-30,day,wikidata
f715b9333acbb20a,Cody Gibson,1987-09-11,day,sherdog
77f853c4d44cbe94,Danny Barlow,1995-08-02,day,sherdog
3285bd6966dffe99,Stephanie Luciano,1999-12-16,day,sherdog
1a133fa4bd27aca5,Tainara Lisboa,1991-03-02,day,sherdog
460b5fa5b94b70bd,Jhonata Diniz,1991-06-23,day,sherdog
df042c10104fc58f,Ricardo Ramos,1995-08-01,day,sherdog
5adc666e571b3cb1,Lucas Almeida,1991-01-31,day,sherdog
98b743255b1f5f64,Irina Alekseeva,1990-06-27,day,sherdog
ee66f8d0ba75975e,Lucas Rocha,2000-08-12,day,sherdog
21a656cdfc9d8398,Karolina Kowalkiewicz,1985-10-15,day,sherdog
d892963e78a574fb,Saimon Oliveira,1991-04-21,day,sherdog
69646a0ad3abb8c7,Magomed Ankalaev,1992-06-02,day,sherdog
a38373934b735770,Alex Pereira,1987-07-07,day,sherdog
bf88971d31a1367b,Cory Sandhagen,1992-04-20,day,sherdog
fe17d41e2b27900b,Patchy Mix,1993-08-16,day,sherdog
f4544d57a0c93b7c,Edmen Shahbazyan,1997-11-20,day,sherdog
74fd8194bb19e2bf,Andre Muniz,1990-02-17,day,sherdog
d8b0f82a920de5ac,Yana Santos,1989-11-11,day,sherdog
e9c6e0620732ca67,Chris Gutierrez,1991-04-22,day,sherdog
2d0d405ad62b34b7,Austin Vanderford,1990-03-21,day,sherdog
f0a323d30b06e3a8,Veronica Hardy,1995-10-30,day,sherdog
545699be41b1d282,Brogan Walker,1989-08-02,day,sherdog
a1fe00d04609986b,Jimmy Crute,1996-03-04,day,sherdog
0aa46064d6a157d1,Jack Jenkins,1993-03-11,day,sherdog
9dd44108e3e1b102,Ramon Taveras,1994-01-09,day,sherdog
be2f4c42148aaa0d,Jake Matthews,1994-08-19,day,sherdog
23819db9f489592d,Tom Nolan,2000-03-08,day,sherdog
5f4c5e8ccdbba00e,Charlie Campbell,1995-06-03,day,sherdog
fda075b76a0a756d,Rolando Bedoya,1997-01-13,day,sherdog
ef4f913e6a99246b,Josias Musasa,1998-10-10,day,sherdog
64d5a5e924312934,Luana Carolina,1993-06-11,day,sherdog
5ffade352e5b635f,Elisha Ellison,1997-03-05,day,sherdog
2b4f0961dd196d20,Loma Lookboonmee,1996-01-18,day,sherdog
be354104b1b893f1,Dustin Stoltzfus,1991-11-15,day,sherdog
92120440fcb28c7e,Diego Ferreira,1985-01-18,day,sherdog
1246b3a3b6fa36e9,Quang Le,1991-10-18,day,sherdog
cf44ab1ffc00f165,Dusko Todorovic,1994-05-19,day,sherdog
13eb15beb712bc60,Claudio Puelles,1996-04-21,day,sherdog
f58b474bf5d86e5f,Joaquim Silva,1989-02-05,day,sherdog
4a39d90a99b006dd,Nassourdine Imavov,1995-03-01,day,sherdog
ec887ad9a414aff9,Paul Craig,1987-11-27,day,sherdog
56e42e6d26cbf604,Rhys McKee,1995-09-10,day,sherdog
488201b31f04d4b7,Kaue Fernandes,1995-03-17,day,sherdog
147266d98ca2813f,Trey Waters,1995-02-21,day,sherdog
86dc7b9318febf9b,Rinat Fakhretdinov,1991-09-28,day,sherdog
81d3fc0435cfe7ac,Zhang Mingyang,1998-08-16,day,sherdog
3f3f90729e314479,Brian Ortega,1991-02-21,day,sherdog
d38d32acdb6c8ac2,Sergei Pavlovich,1992-05-13,day,sherdog
ca1de23adece5efa,Kiefer Crosbie,1990-04-05,day,sherdog
fab54d525f0f2d9d,Maheshate,1999-12-01,day,sherdog
c9b59e3c8b7043f8,Austin Hubbard,1991-12-22,day,sherdog
7635e954d6479094,Westin Wilson,1989-01-24,day,sherdog
14d9402cd3d121ac,Uran Satybaldiev,1994-08-10,day,sherdog
7000b0fb9e20419a,Dricus Du Plessis,1994-01-14,day,sherdog
fef78cb6d5f39398,Jared Cannonier,1984-03-16,day,sherdog
74bb53e7099cb5b9,Kai Asakura,1993-10-31,day,sherdog
e2acd498178b7fbd,Jessica Andrade,1991-09-25,day,sherdog
51e7d13b7f729c50,Drakkar Klose,1988-03-09,day,sherdog
49c2ef91fb4491f6,Iasmin Lucindo,2002-01-08,day,sherdog
a8cd76e59b7c49ab,Christian Rodriguez,1997-12-17,day,sherdog
4ffd2b01b7394143,Toshiomi Kazama,1997-05-15,day,sherdog
bcfa27125bcecc19,Gilbert Urbina,1996-04-05,day,sherdog
8e35a9fe9a57b69f,Julija Stoliarenko,1993-04-08,day,sherdog
db353d75993d42c3,Elves Brener,1997-09-27,day,sherdog
b9df3acc0fbdbbc3,Karol Rosa,1994-12-30,day,sherdog
c2c7b0cf6428c50e,Elizeu Zaleski dos Santos,1986-11-12,day,sherdog
1bd08c84baf0f0e2,Rinya Nakamura,1995-03-23,day,sherdog
72b4261811f6d97c,Nathan Fletcher,1998-01-03,day,sherdog
28061eae5a6884c3,Nick Klein,1995-09-08,day,sherdog
87bd1fc4820e6e6f,Austin Bashi,2001-09-29,day,sherdog
40531c8f39f016fe,Robert Whittaker,1990-12-20,day,sherdog
3a70cd0ddb52f7f7,Marcus McGhee,1990-05-07,day,sherdog
0d9f2d60c2483ea0,Shara Magomedov,1994-05-16,day,sherdog
b28df5607a6b1db8,Bryce Mitchell,1994-10-04,day,sherdog
00de3a4bfdc4a1ba,Said Nurmagomedov,1992-04-05,day,sherdog
e6abc381d85dfa34,Da'Mon Blackshear,1994-08-12,day,sherdog
60bc6c8b8e95bd3c,Amanda Ribas,1993-08-26,day,sherdog
d5ac91a888b66ee6,Mohammad Yahya,1994-05-23,day,sherdog
6ff3abc1052a0921,Steven Nguyen,1993-05-19,day,sherdog
04c3977524fb97e0,Martin Buday,1991-11-11,day,sherdog
3831bcbeade5a335,Dustin Poirier,1989-01-19,day,wikidata
27dc95be9b98006d,Daniel Rodriguez,1986-12-31,day,sherdog
fd67143f447281de,Patricio Freire,1987-07-07,day,sherdog
966e46aafac530c8,Islam Dulatov,1998-08-02,day,sherdog
837a9f78be0b2fc9,Marcin Prachnio,1988-07-14,day,sherdog
a0989877f644f2ab,Lukasz Brzeski,1992-05-17,day,wikidata
c5156b7a02344aa1,Stephen Thompson,1983-02-11,day,sherdog
b015a1a954f587d1,Calvin Kattar,1988-03-26,day,sherdog
94b00343ca5505af,Lauren Murphy,1983-07-27,day,sherdog
af8e52231b4cfce5,Mitch Ramirez,1992-11-03,day,sherdog
c089e6624556674f,Mike Davis,1992-10-07,day,sherdog
e5e9129255fd285f,Melissa Martinez,1997-08-18,day,sherdog
875c9f59fc746b88,Ilia Topuria,1997-01-21,day,sherdog
f5f171343461fc38,Kai Kara-France,1993-03-26,day,sherdog
e18ec46a5875684b,Felipe Lima,1998-05-07,day,sherdog
3dc200641c5e5245,Viviane Araujo,1986-11-21,day,sherdog
184b150c59c5539d,Alvin Hines,1991-10-20,day,sherdog
fa92f349c2df714c,Jamahal Hill,1991-05-19,day,sherdog
e6bdebff94eddc25,Nikolas Motta,1993-02-08,day,sherdog
a11db5b1e98120ae,Melissa Mullins,1991-07-23,day,sherdog
36959e53237eed0a,Mohammed Usman,1989-04-01,day,sherdog
09c4ebb55e8079b1,Kamaru Usman,1987-05-11,day,sherdog
00cc7715cc0d4b51,Miranda Maverick,1997-07-01,day,sherdog
a7ed9d9e59972d38,Court McGee,1984-12-12,day,sherdog
6fe6a57990709869,Cameron Smotherman,1997-09-17,day,sherdog
16a0eba44cd46eb9,Ange Loosa,1993-03-18,day,sherdog
f8588e91351f8a39,Vanessa Demopoulos,1988-09-22,day,sherdog
539a8690e6be156e,Julianna Pena,1989-08-19,day,sherdog
e8904c85658949e8,Kayla Harrison,1990-07-02,day,wikidata
f1ab1276d646f580,Ariane da Silva,1994-01-26,day,sherdog
c4d39d0ecab35b23,Jeka Saragih,1995-01-01,day,sherdog
f1fe8d640302d684,Yanal Ashmouz,1995-03-31,day,sherdog
bc2a324521f4f42e,Mark Choinski,1995-10-22,day,sherdog
c9bb479dabdb48bf,Billy Ray Goff,1998-06-18,day,sherdog
ecdf6dcdb523bb8d,Kurt Holobaugh,1986-09-08,day,sherdog
cfd0252570ae2229,Rayanne dos Santos,1995-06-08,day,sherdog
98def16d7bb14aa9,Sodiq Yusuff,1993-05-19,day,sherdog
37962e622840843a,Nursulton Ruziboev,1993-11-19,day,sherdog
37f91d57ed109584,Connor Matthews,1992-05-31,day,sherdog
ca846720b8878cbc,Elise Reed,1992-12-05,day,sherdog
d7974c32755e4b64,Carlos Hernandez,1993-10-25,day,sherdog
0ce8ac03e1fc8da4,Luana Pinheiro,1992-11-18,day,sherdog
941e2615d914d962,Jose Aldo,1986-09-09,day,wikidata
b4f7cacb2ddc5231,Brad Katona,1991-12-19,day,sherdog
3e56f6fcc29a8f9d,Santiago Ponzinibbio,1986-09-26,day,sherdog
1f5d82279eb460df,Serhiy Sidey,1996-07-04,day,sherdog
adae0f478fafba7e,Miesha Tate,1986-08-18,day,wikidata
c42bb75b660872de,Marina Rodriguez,1987-04-29,day,sherdog
9ffda31f36b02c95,Gaston Bolanos,1992-09-14,day,sherdog
83c80f54de1b32fe,Don'Tale Mayes,1992-01-16,day,sherdog
9a0d9b9d8c551d65,Ivana Petrovic,1994-06-11,day,sherdog
c64e85074d1984f8,Anthony Smith,1988-07-26,day,sherdog
78ebf7d241e77844,Jimmy Flick,1990-09-07,day,sherdog
debe6f0d96121434,Evan Elder,1997-04-11,day,sherdog
0eed054506a94abf,Cameron Saaiman,2000-12-20,day,sherdog
4068eabd52a7fa93,Chelsea Chandler,1994-01-29,day,sherdog
2ec8d26e4041f9fb,Michael Chandler,1986-04-24,day,wikidata
5a9c4dff8eee3cd8,Yair Rodriguez,1992-10-06,day,sherdog
a238e2e4c9670e90,Sean Woodson,1992-06-07,day,sherdog
c58c3a863045d224,Yan Xiaonan,1989-06-16,day,sherdog
297d71e3e51e67fc,Darren Elkins,1984-05-16,day,sherdog
4c2501ed3cec6b3c,Diana Belbita,1996-06-26,day,sherdog
4d3420e4479f7e2d,Istela Nunes,1992-07-23,day,sherdog
d711c2758350cbf5,Victor Henry,1987-05-04,day,sherdog
3ae417889e6fa052,Pedro Falcao,1992-07-30,day,sherdog
daa8caf6878b4796,CJ Vergara,1991-06-18,day,sherdog
59fcc641cfc67b7d,Ronaldo Rodriguez,1999-05-07,day,sherdog
e743c67e21cfa0e9,Vinc Pichel,1982-11-23,day,sherdog
a24790347db005b3,Gabriel Miranda,1990-03-25,day,sherdog
6e78fc11797303ec,Gunnar Nelson,1988-07-28,day,wikidata
09257c82f023e752,Molly McCann,1990-05-04,day,sherdog
cb8d5ce5014434c9,Jordan Vucenic,1996-03-02,day,sherdog
d49758d4b92d2200,Felipe dos Santos,2000-09-11,day,sherdog
a0cd4255eec2a5b8,Mick Parkin,1995-10-02,day,sherdog
7915c978759b49fb,Puja Tomar,1993-12-05,day,sherdog
fae7eb34e7f7da2a,Caolan Loughran,1996-05-18,day,sherdog
2cf328c893839744,Guram Kutateladze,1992-01-08,day,sherdog
7331db060c1586eb,Carlos Vera,1987-11-05,day,sherdog
e1601c0597a7b444,Andre Lima,1999-02-04,day,sherdog
42ef43eb5a5e2399,Josiane Nunes,1993-12-23,day,sherdog
0488ce27e1b8bb1d,Rei Tsuruya,2002-06-22,day,sherdog
5d5dc3bf943ec3f3,Armen Petrosyan,1990-11-03,day,sherdog
d46685b2069b7029,Julian Marquez,1990-05-08,day,sherdog
d64eea071f4c4273,Andrea Lee,1989-02-11,day,wikidata
7a88ea78c1ad646f,Melsik Baghdasaryan,1992-01-28,day,sherdog
5941bd38f1fe3952,Dylan Budka,2000-01-14,day,sherdog
623decd8a3a04ba3,Julia Avila,1988-05-11,day,sherdog
8536eeb50cbb47fd,Justin Tafa,1993-12-13,day,sherdog
08225d9bd0971e37,Gabriel Santos,1996-11-28,day,sherdog
860c192798dd902a,Kevin Jousset,1993-05-02,day,sherdog
5d343b433377ccd9,Anshul Jubli,1995-01-13,day,sherdog
bc712336ca186386,Jairzinho Rozenstruik,1988-03-17,day,sherdog
91b7ec57781273b3,Damir Hadzovic,1986-08-08,day,sherdog
d4e93a7ddec657bc,Lucas Alexander,1995-07-28,day,sherdog
085a230fc9e8aafb,Jamal Pogues,1995-12-01,day,sherdog
2e98f3a31b40b58f,Carlston Harris,1987-07-09,day,sherdog
37c471a0293b8114,Abdul Razak Alhassan,1985-08-11,day,sherdog
7aeb78dffc4f5978,Jose Johnson,1995-05-20,day,sherdog
602460be3bce1990,Ihor Potieria,1996-05-29,day,sherdog
64cc87d3b1415720,Trey Ogden,1989-11-14,day,sherdog
a26f4c35afe8c6bb,Preston Parsons,1995-07-15,day,sherdog
97c47845e7f9a88b,Magomed Gadzhiyasulov,1993-11-04,day,sherdog
9f310e095342e68c,Viktoriia Dudakova,1999-01-26,day,sherdog
97b41815ee1fcfd0,Joe Solecki,1993-08-27,day,sherdog
b7f5a832b68bad95,Colby Covington,1988-02-22,day,sherdog
15a5d250b43e99c3,Billy Quarantillo,1988-12-08,day,sherdog
a08d0019ab93b5d6,Ottman Azaitar,1990-02-20,day,sherdog
9b0a5e128fb051a5,Fernando Padilla,1996-12-15,day,sherdog
194c30e0b6259280,Josefine Knutsson,1996-01-16,day,wikidata
04af9104a6d2ebbc,Shavkat Rakhmonov,1994-10-23,day,sherdog
87cca15cbb8f6d7b,Kron Gracie,1988-07-11,day,sherdog
64779053fdf01be7,Bryan Battle,1994-09-21,day,sherdog
621594f54b916cda,Chris Weidman,1984-06-17,day,wikidata
8608ea6dda73b4bc,Clay Guida,1981-12-08,day,wikidata
cae5d7218cbc2994,Song Kenan,1990-03-10,day,sherdog
4675830a8d994d0e,Jon Jones,1987-07-19,day,wikidata
d534705eda01adaa,Stipe Miocic,1982-08-19,day,wikidata
9ae6be6b0db58d78,James Llontop,1999-08-02,day,sherdog
b7b781c36eec84ca,Jonathan Martinez,1994-04-20,day,sherdog
e23b0c40b31209fc,Damon Jackson,1988-08-08,day,sherdog
8b5a35b5b96d68de,Mickey Gall,1992-01-22,day,sherdog
26596dd02f66a52e,Bassil Hafez,1992-01-31,day,sherdog
faeba0b553b119db,Matthew Semelsberger,1992-11-23,day,sherdog
77051a019991ecab,Cody Stamann,1989-11-09,day,sherdog
473d57add1655a1a,Caio Machado,1994-07-20,day,sherdog
aee5bfbf2cc387ac,Trevin Giles,1992-08-06,day,sherdog
c3bcfc16b4af14a3,Pedro Munhoz,1986-09-07,day,sherdog
0651190a213d45b2,Jack Shore,1995-02-06,day,sherdog
f18236a4cfbcb1d5,Alexandr Romanov,1990-12-11,day,sherdog
5de030e625a4928c,Rodrigo Nascimento,1992-11-26,day,sherdog
3930350bd0ffe056,Garrett Armfield,1996-10-09,day,sherdog
07437ba38048dad7,Chad Anheliger,1986-12-01,day,sherdog
9bb425f4d50a87eb,Rafael Dos Anjos,1984-10-26,day,sherdog
fca2542155e4fd20,Victor Hugo,1992-11-22,day,sherdog
b6e46aa39a0633e8,Jake Hadley,1996-08-03,day,sherdog
e0506c372c3a8916,Daniel Pineda,1985-08-06,day,sherdog
f9289606c5dd9dc2,Matheus Nicolau,1993-01-06,day,sherdog
90ac0050b15a98ba,Tamires Vidal,1998-07-27,day,sherdog
dd08899a91fb108b,Jessica Penne,1983-01-30,day,wikidata
3fbed33ac7d823ae,Robelis Despaigne,1988-09-09,day,wikidata
a5ad19d30b712b5e,Jared Gooden,1993-12-05,day,sherdog
c62d07b2a13212ac,Jonathan Pearce,1992-05-01,day,sherdog
d2f5ea74eafaebd7,Cory McKenna,1999-07-11,day,sherdog
e8d76aa17db4a164,Dan Argueta,1993-08-13,day,sherdog
8a1aa5c3cd50dedf,Cody Haddon,1998-09-08,day,sherdog
045c822cfbde9b37,Raquel Pennington,1988-09-05,day,sherdog
9bc937f20639dce9,Ovince Saint Preux,1983-04-08,day,sherdog
932f0c2a98982c95,Carla Esparza,1987-10-10,day,wikidata
73c7983d59bbc307,Tim Means,1984-02-20,day,sherdog
8a16937a5715022f,Da Woon Jung,1993-12-07,day,sherdog
64c7119b9beb015a,Roosevelt Roberts,1994-02-11,day,sherdog
64f842aa46e8b2d6,Taylor Lapilus,1992-04-08,day,sherdog
edf83b64bd3557d4,Victor Altamirano,1991-01-23,day,sherdog
1b1d9afb92063b51,Irene Aldana,1988-03-26,day,sherdog
1e3c1b3b3d096236,Yazmin Jauregui,1999-02-28,day,sherdog
122fde0994a2f457,Trevor Peek,1995-01-09,day,sherdog
bbcda1c072a0629b,Brendon Marotte,1997-01-13,day,sherdog
2ea36694e624be84,Zygimantas Ramaska,1996-12-27,day,sherdog
d77d7e2d8258cc82,Victoria Leonardo,1990-02-16,day,sherdog
766e3c91dde6eea2,Li Jingliang,1988-03-20,day,sherdog
292dbb8896fa15dd,Josh Culibao,1994-05-24,day,sherdog
aae070309e2d5bd6,Herbert Burns,1988-02-02,day,sherdog
55f5bdaf0015030b,Alex Reyes,1986-10-02,day,sherdog
2aefc53c93252102,Ricky Glenn,1989-04-12,day,sherdog
59d44e0872a38402,Charalampos Grigoriou,1992-03-31,day,sherdog
f9a5ee6982ab08de,Pannie Kianzad,1991-12-08,day,sherdog
3a626ef8b2524507,Karl Williams,1990-01-06,day,sherdog
b2a055c8912b755a,Jarno Errens,1994-11-17,day,sherdog
81d9e153155e5028,Tony Ferguson,1984-02-12,day,wikidata
ac0eb50df9130917,Denis Tiuliulin,1988-05-17,day,sherdog
5cb64276b6b9ea55,Muhammad Mokaev,2000-07-30,day,sherdog
16b49cd67451547b,Kaynan Kruschewsky,1991-04-04,day,sherdog
fb02ddf6816c3234,Bill Algeo,1989-06-09,day,sherdog
a374c5a5b49514b5,Brian Kelleher,1986-08-19,day,sherdog
3f4bec1add6816db,Loik Radzhabov,1990-09-17,day,sherdog
b4ee0bfbd422d135,Lucie Pudilova,1994-06-13,day,sherdog
52626334298457ab,Mariya Agapova,1997-04-07,day,sherdog
0ffab957d9aa8189,Josh Fremd,1994-01-15,day,sherdog
c5a2577d5e259890,Yanis Ghemmouri,1995-01-24,day,sherdog
c9ff426866e8dfd3,Michelle Waterson-Gomez,1986-01-06,day,sherdog
419200e8de9e524f,Andrei Arlovski,1979-02-04,day,wikidata
abd8076120059678,Kyung Ho Kang,1987-09-09,day,sherdog
222714af832f4c52,Brady Hiestand,1999-04-30,day,sherdog
c8deb768d421f009,Josh Quinlan,1993-02-06,day,sherdog
02a12331a51dc780,Nate Maness,1991-06-27,day,sherdog
777df79be81ed0b5,Shayilan Nuerdanbieke,1994-05-04,day,sherdog
0c3ba783cdf08931,Miguel Baeza,1992-08-23,day,sherdog
9d8fb694a135a041,Jesse Butler,1992-05-24,day,sherdog
5b6371044f5a293b,Montana De La Rosa,1995-02-14,day,sherdog
37f101d3e49473e4,Vinicius Salvador,1996-07-24,day,sherdog
c54bce0af7e7b01b,Victor Martinez,1991-07-17,day,sherdog
67a410ddf634d5bb,Warlley Alves,1991-01-04,day,sherdog
72b8ddd1d482149e,Kleydson Rodrigues,1995-10-22,day,sherdog
623bd6b0fd789a01,Emily Ducote,1994-01-01,day,sherdog
ce7d7ddb1d8b6120,Alex Caceres,1988-06-20,day,sherdog
53d8cc811f1d597c,Rani Yahya,1984-09-12,day,wikidata
52f1431e2d267251,Michal Figlak,1996-08-16,day,sherdog
0797fc8692d8f81a,Liang Na,1996-07-27,day,sherdog
aba6a9466ceffa17,Gabriel Benitez,1988-06-15,day,sherdog
607dc533c6850458,Holly Holm,1981-10-17,day,wikidata
8eb101f19687b2c1,Christos Giagos,1990-01-23,day,wikidata
c9ae734f2686dd84,Germaine de Randamie,1984-04-24,day,sherdog
8fa232d3a73d0de7,Julio Arce,1989-10-27,day,sherdog
73edf033b8cfef8a,Anton Turkalj,1996-06-10,day,sherdog
c466cc5888c59b0e,AJ Dobson,1992-01-18,day,sherdog
92c3d765853df119,Luis Pajuelo,1994-12-18,day,sherdog
ae6df173f33fe54b,Bryan Barberena,1989-05-03,day,sherdog
c1913c3d6026e4d0,Natan Levy,1991-09-30,day,sherdog
c9317300533eb973,Katlyn Cerminara,1988-12-28,day,sherdog
b44d9aa783723762,Philipe Lins,1985-08-17,day,sherdog
85e36eed269a8e5f,Josh Parisian,1989-06-28,day,sherdog
7155981bfdf4c28b,Joanne Wood,1986-12-23,day,wikidata
05af8dd8adafc68a,Maryna Moroz,1991-09-08,day,sherdog
63794d4370198ec0,Tyson Pedro,1991-09-17,day,sherdog
e891217b7a2b4f16,Jamie Pickett,1988-08-29,day,sherdog
ccff59f4a6c0e287,Claudio Ribeiro,1992-07-17,day,sherdog
185ca098bbf84581,Mateus Mendonca,1999-01-07,day,sherdog
fc0cf228f2ac9a7e,Daniel Lacerda,1996-06-05,day,sherdog
71b1dc219f0b4ff4,Denys Bondar,1992-06-27,day,sherdog
b6c51b7cbb426717,Marcos Rogerio de Lima,1985-06-25,day,sherdog
9e3de4de1af35063,Val Woodburn,1993-08-10,day,sherdog
38942375bcbe06a6,Devin Clark,1990-04-12,day,sherdog
f6b8314c88557af7,Zac Pauga,1988-02-25,day,sherdog
8dfca53c3e78795e,Fernie Garcia,1992-04-12,day,sherdog
1581a12ff499bd32,Aliaskhab Khizriev,1990-08-24,day,sherdog
340ad4c65112927b,Makhmud Muradov,1990-02-08,day,sherdog
53a21fcd399412c4,Pete Rodriguez,1996-11-13,day,sherdog
a6b28b78bf4b32a5,Blake Bilder,1990-07-12,day,sherdog
1462bc5fa3cbce3c,Landon Quinones,1996-11-21,day,sherdog
d662f90d5ab81f35,Yohan Lainesse,1992-08-14,day,sherdog
6cc637cd5f5cb08b,Malcolm Gordon,1990-05-19,day,sherdog
186b7b196c354140,Phil Hawes,1989-01-08,day,sherdog
a45448a6818f77fd,Shannon Ross,1989-05-12,day,sherdog
eb1777d4ea8e9571,Stephanie Egger,1988-08-12,day,sherdog
93635f958774e503,Wellington Turman,1996-07-22,day,sherdog
a69391b7c397ed8f,Nick Aguirre,1996-01-15,day,sherdog
009be4cefec0c547,Mark Madsen,1984-09-23,day,sherdog
94dc256b3094fcef,Marc Diakiese,1993-03-16,day,sherdog
22b9b0e38edecc5c,Abu Azaitar,1986-03-10,day,sherdog
dcea68f4ed60b8fd,Mike Breeden,1989-04-21,day,sherdog
da2e5ecb2d502d25,Jinh Yu Frey,1985-05-20,day,sherdog
cf9572aa5a2a4ee3,Jennifer Maia,1988-10-06,day,sherdog
2bc62ac33dcb370f,Ashley Yoder,1987-10-20,day,sherdog
ed2b4a84df012d8d,Kanako Murata,1993-08-10,day,sherdog
6b235eef63a135bd,Johnny Munoz,1993-02-16,day,sherdog
1ebe45b826ab0427,AJ Fletcher,1997-02-18,day,sherdog
9beb40ad2fcb278d,Andre Fialho,1994-04-07,day,sherdog
87efda5e3f5fbc2a,Jake Collier,1988-10-23,day,sherdog
aef794c9754597d7,Hannah Goldy,1992-05-18,day,sherdog
4ce8b98017838f92,Terrence Mitchell,1989-12-30,day,sherdog
0f3f095136c21a97,John Makdessi,1985-05-03,day,wikidata
f4094ae72b9562f5,Blood Diamond,1988-07-10,day,sherdog
b037d86e6da0a231,Shane Young,1993-07-31,day,sherdog
a802ffbb7c452531,Zarah Fairn,1986-12-10,day,sherdog
161e2b9043cbb030,Chan Sung Jung,1987-03-17,day,wikidata
73dcdd41661adf51,Taila Santos,1993-06-22,day,sherdog
d6e67f7fd5f489a3,Parker Porter,1985-04-22,day,sherdog
8c40f8d46a6995b9,Yusaku Kinoshita,2000-08-21,day,sherdog
b48c93d5e1721e67,Hakeem Dawodu,1991-07-02,day,sherdog
f804db5c754b58ad,Chris Daukaus,1989-09-25,day,sherdog
360f2cc2f016e6ac,Tafon Nchukwi,1994-10-14,day,sherdog
5b7c7c83602d9b20,JP Buys,1996-04-30,day,sherdog
ee9d919453a41a80,Gavin Tucker,1986-06-17,day,sherdog
7a868cb67cd37a18,Aleksa Camur,1995-09-25,day,sherdog
61f87be764325b01,Danny Roberts,1987-07-14,day,sherdog
4eb7dddb4cd45ec1,Jonny Parsons,1991-09-06,day,sherdog
8f422d41a940e93c,Albert Duraev,1989-01-05,day,sherdog
dc2d95b1cce62691,Tucker Lutz,1994-07-12,day,sherdog
214a2a8ba3e64fcd,Austin Lingo,1994-07-10,day,sherdog
6f7956e788616622,Genaro Valdez,1992-01-16,day,sherdog
d060e977f1b102a4,Tyson Nam,1983-10-06,day,wikidata
14c2b57107bfd0c6,Carl Deaton,1989-11-24,day,sherdog
935f4105a8433e91,Ashlee Evans-Smith,1987-07-09,day,sherdog
ef4e659341d92d79,Robbie Lawler,1982-03-20,day,sherdog
7a7707b49ee6909b,Kamuela Kirk,1994-04-13,day,sherdog
5a7bb98211f03ab6,Damir Ismagulov,1991-02-03,day,sherdog
27bc00fdf8ab932c,Kevin Lee,1992-09-04,day,sherdog
70ee39eb53d14bc1,Blagoy Ivanov,1986-10-09,day,sherdog
820b6fd2cd06ae44,Zhalgas Zhumagulov,1988-08-29,day,sherdog
a9976b0f038ad666,Ronnie Lawrence,1992-06-13,day,sherdog
011485d53d482aca,Amanda Nunes,1988-05-30,day,sherdog
7f23574923bc2c13,David Dvorak,1992-06-05,day,sherdog
09efcf1044196013,Maria Oliveira,1996-12-09,day,sherdog
ec7a27f968fc9b33,Abubakar Nurmagomedov,1989-11-13,day,sherdog
cc66dc906fe562a1,Maxim Grishin,1984-05-02,day,wikidata
276b452a5c1e2a15,Ilir Latifi,1983-07-28,day,sherdog
d2dc01dd351d55d6,Nick Fiore,1997-12-10,day,sherdog
6c5b2817264e8783,Takashi Sato,1990-06-09,day,sherdog
8768279dfade97b4,Matt Brown,1981-01-10,day,wikidata
055f2660d67201cf,Chase Sherman,1989-11-06,day,sherdog
66625705042e3e34,Ji Yeon Kim,1989-10-18,day,sherdog
a5bcb9a27bbe7cef,Mandy Bohm,1989-07-30,day,sherdog
67d0649cbcca4b0d,Jessica-Rose Clark,1987-11-28,day,sherdog
6c947857075730fe,Braxton Smith,1990-01-01,day,sherdog
078a0c62a7f98405,Joseph Holmes,1995-07-04,day,sherdog
3fda9f65c223aa68,Journey Newson,1989-03-07,day,sherdog
6548b398e3d39f7f,Batgerel Danaa,1989-07-04,day,sherdog
127d33414821076e,Zak Cummings,1984-08-02,day,sherdog
fda46d5a07b62c2d,Ed Herman,1980-10-02,day,sherdog
34d38cbb8609aaa8,Aaron Phillips,1989-08-05,day,sherdog
c1173e915abc963f,Jorge Masvidal,1984-11-12,day,sherdog
f61afe64bddc9294,Cynthia Calvillo,1987-07-13,day,sherdog
9d03eaf7a17b94a3,Steven Peterson,1990-05-29,day,sherdog
8019e2ad75c010a4,Makwan Amirkhani,1988-11-08,day,sherdog
0aa3f2867f59903c,Omar Morales,1985-10-17,day,wikidata
faba7f0f67d88f35,Guido Cannetti,1979-12-19,day,wikidata
9594c184c4d83b7e,Raphael Assuncao,1982-07-19,day,wikidata
e3c4bca51aa2bdd4,Tony Gravely,1991-09-28,day,sherdog
4e9acaeebe49bd23,Trevin Jones,1990-08-04,day,sherdog
793a0a521e0b9ff7,Derek Brunson,1984-01-04,day,sherdog
16a29d115b3e37f4,Mana Martinez,1996-03-25,day,sherdog
3e1f496aca017284,Augusto Sakai,1991-05-05,day,wikidata
bb1b0654f5428e9e,Erick Gonzalez,1992-01-20,day,sherdog
85676ed9a7898a46,Rafael Alves,1990-10-11,day,sherdog
9492268d8774c0a4,Jordan Wright,1991-10-07,day,sherdog
08b1e6f4c8b49a3c,William Knight,1988-04-03,day,sherdog
0dbc2b27f95b406a,Lina Lansberg,1982-03-13,day,sherdog
ede79ed0a9e69d05,Khusein Askhabov,1995-02-13,day,sherdog
641c6584aeb2ef68,Juancamilo Ronderos,1995-02-17,day,sherdog
0054611c67a279b0,Don Shainis,1991-09-16,day,sherdog
892f9bf53bd1ac3b,Zubaira Tukhugov,1991-01-15,day,sherdog
491ab1255e4baf78,Glover Teixeira,1979-10-28,day,wikidata
f17ac6ab2aefbdc9,Mauricio Rua,1981-11-25,day,wikidata
389c9f320df4a0aa,Mounir Lazzez,1987-11-16,day,sherdog
4372f2baf2131250,Shamil Abdurakhimov,1982-09-02,day,wikidata
02daaff72f859e6e,Cheyanne Vlismas,1995-06-25,day,sherdog
a6d428cee57daf21,Saidyokub Kakhramonov,1995-11-14,day,sherdog
21e42c25f8200a44,Sergey Morozov,1989-06-14,day,sherdog
ef49463c1b030ad3,Darren Till,1992-12-24,day,sherdog
bf51dc1830ee0331,Jay Perrin,1993-06-15,day,sherdog
7851263522fb102d,Dalcha Lungiambula,1987-07-31,day,sherdog
af39dff621338816,Steven Koslow,1997-01-22,day,sherdog
521c47a71a0bf512,Scott Holtzman,1983-09-30,day,sherdog
9a3d4a20016a03e0,Marcelo Rojo,1988-07-02,day,sherdog
8347bba185c66013,Kevin Natividad,1993-04-02,day,sherdog
45250c3c3f7ab5ad,Frankie Edgar,1981-10-16,day,wikidata
6bd0d703c648d687,Brad Riddell,1991-09-30,day,sherdog
2dd7722633b1ce7b,Silvana Gomez Juarez,1984-12-06,day,sherdog
2def730e463beea2,Michael Trizano,1991-12-31,day,sherdog
0ecdf0e50055dbdc,Nicolae Negumereanu,1994-09-04,day,sherdog
32b54efa17dd09e6,Darrick Minner,1990-04-28,day,sherdog
ec2c1c878d169469,Shanna Young,1991-02-20,day,sherdog
a4264e3d664f208f,Benito Lopez,1994-04-06,day,sherdog
affb659e10d6cd2d,Liudvik Sholinian,1990-01-20,day,wikidata
e503c6a1065a60f9,Carlos Candelario,1991-06-04,day,sherdog
3c35e52c39c14b92,Ramona Pascual,1988-09-23,day,sherdog
9ee1b4b7ce888501,Jared Vanderaa,1992-05-12,day,sherdog
82ba41d5b0d1bd4d,TJ Dillashaw,1986-02-07,day,sherdog
fc5ed93b9af75353,Gadzhi Omargadzhiev,1993-02-24,day,sherdog
785759d90c61ba89,Misha Cirkunov,1987-02-27,day,sherdog
0432ba12b6296c1d,Brandon Davis,1990-05-08,day,sherdog
b0fc9b463c44f7ea,Nick Maximov,1997-12-23,day,sherdog
0662ef4422da2b62,Mike Jackson,1985-03-22,day,sherdog
0f5f06baf411efde,Francisco Trinaldo,1978-08-24,day,sherdog
854e005d02f4fc4d,Jesse Ronson,1985-12-24,day,wikidata
aa24645f9e10d443,Krzysztof Jotko,1989-08-19,day,sherdog
416fb42c0fa5f7f5,Randy Costa,1994-07-06,day,sherdog
c218493d5752901e,Alen Amedovski,1988-04-06,day,sherdog
0f8a323857fc0cf8,Louis Cosce,1995-08-27,day,sherdog
1c209565f0bc5032,Cameron VanCamp,1993-04-27,day,sherdog
31043c77d0796678,Nate Diaz,1985-04-16,day,wikidata
778e04910c886e08,Darian Weeks,1993-11-23,day,sherdog
03e27747dcc820b7,Alessio Di Chirico,1989-12-12,day,sherdog
84a0f4e2cc595935,Khalid Taha,1992-02-15,day,sherdog
bf516243a7e143d6,Luke Rockhold,1984-10-17,day,wikidata
74f92ba368c34527,Wu Yanan,1996-04-18,day,sherdog
c89b0a7cd08a3b08,Harry Hunsucker,1989-01-03,day,sherdog
3e7473db3e9cd66d,Leonardo Santos,1980-02-05,day,sherdog
9d56d022b89c876b,Luis Saldana,1991-01-27,day,sherdog
96d26c977eadb3a2,Francisco Figueiredo,1989-10-23,day,sherdog
f2093bbdb37c45da,Dominick Cruz,1985-03-09,day,wikidata
345d5e7b840840a7,Nina Nunes,1985-12-03,day,sherdog
2221d5bee0554c41,Charlie Ontiveros,1991-07-04,day,sherdog
c5915a36a2292c64,Jason Witt,1986-11-07,day,sherdog
e3f7c41decece828,Thiago Santos,1984-01-07,day,sherdog
83c4c92f55a67eb0,Sam Alvey,1986-05-06,day,sherdog
b00a827ba950711c,Miranda Granger,1992-04-13,day,sherdog
6e0125117e60787c,Alexander Gustafsson,1987-01-15,day,wikidata
8f8acc8ee6e86f42,Charles Rosa,1986-08-24,day,wikidata
426a84763e12ff85,Claudio Silva,1982-09-06,day,wikidata
cd0f641530fba765,Shane Burgos,1991-03-19,day,sherdog
3411cece8b9fb184,Dwight Grant,1984-09-14,day,sherdog
2651aa1e611abadc,Antonina Shevchenko,1984-11-20,day,sherdog
5d2616ed7d9393ad,Cortney Casey,1987-05-05,day,sherdog
6714baa6b0fabf58,Karl Roberson,1990-10-04,day,sherdog
f9ac8755c4e77c77,Donald Cerrone,1983-03-29,day,wikidata
bb1e94f2c695817f,Uriah Hall,1984-07-31,day,sherdog
6e00e788ecbc2679,Jessica Eye,1986-07-27,day,sherdog
1095245810dfbeb2,Alan Baudot,1988-02-01,day,sherdog
33936cc54a3063f8,Raulian Paiva,1995-10-17,day,sherdog
c7dfe4e7b38bd955,Tony Kelley,1987-01-21,day,sherdog
1ba233ad38f5f9a4,Danny Chavez,1987-03-14,day,sherdog
2038fc2e7818a453,Gloria de Paula,1995-06-10,day,sherdog
aab04e4824bdcdff,Eddie Wineland,1984-06-26,day,wikidata
d85a3bac3d978fe7,Deron Winn,1989-06-13,day,sherdog
ab48c02798b0519f,Joanna Jedrzejczyk,1987-08-18,day,sherdog
c24cabb430a22ffc,Ramazan Emeev,1987-05-20,day,wikidata
90ff9eb69a93b747,Poliana Botelho,1988-12-15,day,sherdog
4eed58e5bd18958a,Zarrukh Adashev,1992-07-29,day,sherdog
3f031bdfa8884b20,Askar Mozharov,1994-10-26,day,sherdog
fb1deef08e2ad891,Felice Herrig,1984-09-18,day,wikidata
3ebd466ff310263d,Alex Da Silva,1996-02-04,day,sherdog
177f34a1202d6c93,Niklas Stolze,1992-12-28,day,sherdog
e0c4f89412167696,Jeff Molina,1997-07-17,day,sherdog
e07aa1ed90aec655,Andreas Michailidis,1988-07-18,day,sherdog
87cea4c3788f54ec,Felipe Colares,1994-03-31,day,wikidata
0c0016ad37c41682,Louis Smolka,1991-07-16,day,sherdog
104b7a2a65da1a64,Frank Camacho,1989-05-18,day,sherdog
a5088999b75e2fc6,Alan Patrick,1983-07-09,day,sherdog
9dba8cd1433ae00d,Tristan Connelly,1985-12-12,day,sherdog
c7810eba428993e0,Gina Mazany,1988-08-19,day,sherdog
bec62ac2cee55f69,Sergey Khandozhko,1992-05-19,day,sherdog
f19ec4821b69587f,Ike Villanueva,1984-04-04,day,sherdog
908abe7c4aed1322,Cameron Else,1991-04-27,day,sherdog
b2fc49bb4703d084,TJ Laramie,1997-10-15,day,sherdog
dab8c8f04f0f99eb,Kevin Croom,1987-07-15,day,sherdog
5d5877920d4e50a5,Aspen Ladd,1995-03-01,day,sherdog
af325d669dc28d60,Kay Hansen,1999-08-14,day,sherdog
ae907070e81a7814,Askar Askarov,1992-10-09,day,sherdog
24be548f637cdc8d,Sara McMann,1980-09-24,day,wikidata
6861d64930777d52,Bruno Souza,1996-03-07,day,sherdog
abec838c9b8cf79d,Kazula Vargas,1985-08-15,day,sherdog
46f9e3a3efef970e,Mike Grundy,1987-03-01,day,sherdog
7303f16a5757c357,Timur Valiev,1990-01-19,day,sherdog
379d024344ca05f6,Marlon Moraes,1988-04-26,day,sherdog
1e013ec113e94678,Sabina Mazo,1997-03-25,day,sherdog
a2575ff610d16284,Alex Oliveira,1988-06-21,day,wikidata
e7b88fa57ffb42cb,Greg Hardy,1988-07-28,day,wikidata
2a5d37e65372331c,Devonte Smith,1993-07-30,day,sherdog
04e3bf593020f3f9,Alejandro Perez,1989-09-02,day,sherdog
d7819b260c6f39d6,Micheal Gillmore,1987-03-28,day,sherdog
19898637e10ad33c,Chas Skelly,1985-05-11,day,sherdog
38583c52c529dc65,Mark Striegl,1988-06-23,day,sherdog
2a0e73004d99c8a0,Jesse Strader,1991-05-29,day,sherdog
306d7ee12bbe1fef,Roxanne Modafferi,1982-09-24,day,sherdog
13c5e090b6868e27,Fabio Cherant,1994-11-25,day,sherdog
3c7b3ee018c0c0c3,Alexis Davis,1984-10-04,day,sherdog
9d4cd1755f37f957,Danilo Marques,1985-12-26,day,sherdog
89ecc089522bbcab,Francis Ngannou,1986-09-05,day,sherdog
1b2245155a92a358,Rogerio Bontorin,1992-04-25,day,sherdog
b788710d39ebd033,Dakota Bush,1994-06-09,day,sherdog
f178c1af18f83cd5,Sijara Eubanks,1985-04-27,day,sherdog
3a6deabfcbb204d7,Andre Ewell,1988-01-21,day,sherdog
aefa91645d63ab49,Matt Sayles,1994-02-21,day,sherdog
d95d3d7bfd15e7f1,Ryan Hall,1985-02-22,day,sherdog
8a0cb9e5ef6f57d0,Maki Pitolo,1990-11-24,day,sherdog
e8537d08d84aaea2,Mallory Martin,1994-01-29,day,sherdog
9f799b7a3647f47b,Chris Gruetzemacher,1986-06-16,day,sherdog
ebbcbd9df5799314,Sean Soriano,1989-10-06,day,sherdog
33387982334c4627,Ben Rothwell,1981-10-17,day,wikidata
70e2a19e3dec5f31,Felicia Spencer,1990-11-29,day,sherdog
25cd664951a78492,Leah Letson,1992-08-21,day,sherdog
8a820786ab3bc2ea,Collin Anglin,1993-02-20,day,sherdog
a93d965dbe18fc74,Liana Jojua,1995-03-22,day,sherdog
a7ea31deabd77a15,Al Iaquinta,1987-04-30,day,sherdog
82b4ac7b2ab3eafb,Jordan Williams,1990-10-13,day,sherdog
be4f3c753991fea0,Gian Villante,1985-08-18,day,sherdog
b2d78c1271922be6,John Allan,1993-02-22,day,sherdog
58445a4ff4f7d6d9,Shamil Gamzatov,1990-08-09,day,wikidata
947b5835682bf007,Hu Yaozong,1995-04-07,day,sherdog
22261a1bef37a657,Laureano Staropoli,1993-02-27,day,sherdog
c85c178b6d260ec6,Khama Worthy,1986-10-15,day,sherdog
1bd875af60261100,Livinha Souza,1991-03-11,day,sherdog
05018fd6588f6bf5,Randa Markos,1985-08-10,day,sherdog
5b248fbc7ea26c03,Zviad Lazishvili,1991-10-25,day,sherdog
9c0660fd9c0a82f5,Carlos Felipe,1995-01-12,day,sherdog
3ab17675aa10c149,Andrew Sanchez,1988-04-08,day,sherdog
7f2d4f1e239cd7b0,Bethe Correia,1983-06-22,day,sherdog
338564020148f275,Gaetano Pirrello,1992-04-29,day,sherdog
4d0db0a8f33630df,Johnny Eduardo,1978-08-03,day,sherdog
6b7b0a0f8b7ef2a7,Nick Diaz,1983-08-03,day,wikidata
6c9d5b4b53d186f3,Martin Sano,1991-05-30,day,sherdog
20184f36071fdaa3,Antonio Arroyo,1989-07-01,day,sherdog
53ba0dd370c19b38,Mike Rodriguez,1988-11-28,day,sherdog
44852969f473e28a,Sarah Alpar,1991-06-01,day,sherdog
76de23d141fb4ab4,Impa Kasanganay,1994-01-17,day,sherdog
78de61bdd2eec594,Gustavo Lopez,1989-06-27,day,sherdog
f7da270edb938da9,Emily Whitmire,1991-05-24,day,sherdog
f4ac3c61f20e824c,David Zawada,1990-08-01,day,sherdog
5d02dfb7063877da,Luigi Vendramini,1996-01-16,day,sherdog
91849c6a42cec353,Darren Stewart,1990-12-30,day,sherdog
0cdf886f3d227f07,Domingo Pilarte,1990-01-05,day,sherdog
e05181a70815352c,Bea Malecki,1991-08-23,day,sherdog
b5924260141b7b2d,Sasha Palatnikov,1989-03-15,day,sherdog
2c6080cef7de1112,Casey Kenney,1991-03-20,day,sherdog
7e82a2b9326866dc,Drako Rodriguez,1996-06-16,day,sherdog
b42a3ba36956443e,Anderson Dos Santos,1985-07-24,day,sherdog
3af7ff7f1e5a58cb,Jamey Simmons,1992-09-11,day,sherdog
62c22d8f8fd6a0fc,Kai Kamaka,1995-01-05,day,sherdog
418b606085256d99,Ryan Benoit,1989-08-25,day,sherdog
f83eb8d8634c7c8b,Ian Heinisch,1988-08-05,day,sherdog
b9b9c313e5c6dda9,Marion Reneau,1977-06-20,day,sherdog
3437154cd3a90944,Conor McGregor,1988-07-14,day,sherdog
729efb142c857499,Carlos Condit,1984-04-26,day,wikidata
d8ebe7e210f2be7a,Omari Akhmedov,1987-10-12,day,sherdog
53e952ec79277dbd,Jerome Rivera,1995-04-22,day,sherdog
bfdb8b386085cd2a,Michel Prazeres,1981-07-25,day,sherdog
d19518df34f13b97,Justin Jaynes,1989-08-10,day,sherdog
d38841bd684d292e,Yancy Medeiros,1987-09-07,day,sherdog
1140aae1c29e9d20,Dhiego Lima,1989-01-31,day,wikidata
962340bb6735df1d,Roque Martinez,1986-03-04,day,sherdog
6713c4346fedb74e,Demian Maia,1977-11-06,day,wikidata
05f0c04f8a362a98,Walt Harris,1983-06-10,day,sherdog
37aecd5f660c5468,Victor Rodriguez,1992-09-05,day,sherdog
fc98a30687f898be,Jacare Souza,1979-12-07,day,wikidata
434c4533ee6ced38,Kevin Aguilar,1988-09-07,day,sherdog
1342d30574397e2a,Maurice Greene,1986-07-05,day,sherdog
d5fe98f320db9177,Gregor Gillespie,1987-03-18,day,sherdog
84e0acba6b6989d7,Christian Aguilera,1991-11-25,day,sherdog
60357e8e5ccd6642,KB Bhullar,1991-10-12,day,sherdog
a1a49cdffbc30a5a,Luke Sanders,1985-12-12,day,sherdog
ced4bb5e6c399d9f,Stefan Sekulic,1992-02-12,day,sherdog
c3a66d9a60dd2aa5,Justine Kish,1988-04-13,day,sherdog
f8fd3739aea24944,Luis Pena,1993-07-05,day,sherdog
f3a0ba27b6389def,Juan Espino,1980-10-09,day,sherdog
81125231bb2452e6,Bartosz Fabinski,1986-04-26,day,sherdog
00a7dead94addc98,Anthony Birchak,1986-05-16,day,wikidata
5a081fedf02d264e,Mike Perry,1991-09-15,day,sherdog
dea7ffef261a8d05,Yorgan De Castro,1986-12-19,day,sherdog
0fdbd7f62d268a3c,Jarjis Danho,1983-10-15,day,sherdog
9494d3823806d705,Hunter Azure,1992-03-02,day,sherdog
1de38f7d8fb8d358,Jordan Griffin,1990-02-23,day,sherdog
234e401b933021e9,Tyron Woodley,1982-04-07,day,wikidata
e6379804d274f18b,Thomas Almeida,1991-07-31,day,sherdog
389b2776826e2183,Ray Rodriguez,1987-12-10,day,sherdog
a79c4aee9beabe3c,Megan Anderson,1990-02-11,day,sherdog
e6f6145fe8ea9b4f,Joseph Benavidez,1984-07-31,day,wikidata
27fc42f9a706f56f,Jordan Espinosa,1989-11-08,day,sherdog
2212a11deddf09e9,Aalon Cruz,1989-09-20,day,sherdog
5e869f0c15c040a1,Jimmie Rivera,1989-06-29,day,sherdog
5668fe3e6594964f,Vince Cachero,1989-11-07,day,sherdog
3ce903e83dc04f1b,Shana Dobson,1989-03-30,day,sherdog
95295c6d09da96b8,Alistair Overeem,1980-05-17,day,wikidata
9499fe7d747d0f34,Martin Day,1988-11-10,day,sherdog
e2240e3eb9126bdc,Nik Lentz,1984-08-13,day,sherdog
aa41f7f0d38a67de,Vinicius Moreira,1989-02-28,day,sherdog
148d822e1dea0f93,Tom Breese,1991-09-26,day,sherdog
ce471f6dfcf74671,Markus Perez,1990-06-22,day,sherdog
4f23f239b3d21464,Sarah Moras,1988-04-30,day,wikidata
3a3f13123202e918,Vanessa Melo,1988-03-27,day,wikidata
2983f5d00ab2638c,Jacob Kilburn,1995-06-28,day,sherdog
343c6105cf09b9d0,Anthony Pettis,1987-01-27,day,wikidata
23c1e61e1ba65f5a,Carlton Minus,1993-04-26,day,sherdog
dcf847d0a8a01d97,Junior Dos Santos,1984-01-30,day,wikidata
4b54780dc1d97640,Peter Barrett,1986-08-10,day,sherdog
97e7d984b48352c5,Matt Wiman,1983-09-19,day,sherdog
549165f7f79174d7,Jose Quinonez,1990-07-28,day,sherdog
e8d807c9e390d51a,Spike Carlyle,1993-05-06,day,sherdog
e347ee8e3910d025,Rachael Ostovich,1991-02-25,day,sherdog
4e21937bdeeb560a,Alan Jouban,1982-11-25,day,sherdog
7ad133208bc2db85,Paul Felder,1985-04-25,day,sherdog
a00cf5981fc6d71d,Geraldo de Freitas,1991-09-30,day,sherdog
44918fe767a2de14,Claudia Gadelha,1988-12-07,day,sherdog
8a049373a2a84299,Bevon Lewis,1991-05-05,day,sherdog
a8fb592d1aeb112c,Eduardo Garagorri,1989-05-28,day,sherdog
e0bb36858bb098ed,Anderson Silva,1975-04-14,day,wikidata
d7d0a744c37e13b2,Jack Marshman,1989-12-19,day,sherdog
bd1c5732887fde10,Cole Williams,1983-12-15,day,sherdog
4a05954c21616905,Justin Ledet,1988-09-28,day,sherdog
ca28d243e6192a51,Khabib Nurmagomedov,1988-09-20,day,wikidata
a7c7a501e7a869be,Stefan Struve,1988-02-18,day,wikidata
799dd06859f77981,Alexander Yakovlev,1984-07-18,day,sherdog
134af54a111164fe,James Krause,1986-06-04,day,sherdog
d921d3b3d9963814,John Phillips,1985-06-09,day,sherdog
416ff8c1a4180299,Gadzhimurad Antigulov,1987-01-01,day,sherdog
0229ec05be3b5c16,Ali AlQaisi,1990-08-23,day,sherdog
70b86840583e4476,Dequan Townsend,1986-05-11,day,sherdog
a8be76aa4fb85a6f,Jessin Ayari,1992-05-31,day,sherdog
4962c96a48ca925d,Diego Sanchez,1981-12-31,day,wikidata
93f287cc2018f186,Jeff Hughes,1988-05-17,day,sherdog
06756b8363a94869,Khadis Ibragimov,1995-05-21,day,sherdog
6b602b04723c3010,Mirsad Bektic,1991-02-16,day,sherdog
c3ad22eba62622cc,Mara Romero Borella,1986-06-03,day,sherdog
96935891bb3c57c1,Irwin Rivera,1989-02-14,day,sherdog
4ab925019d108a41,Brok Weaver,1991-12-05,day,sherdog
903bc4f242244fea,Anthony Ivy,1990-01-23,day,sherdog
70f283c556ef76b9,Zelim Imadaev,1995-01-25,day,sherdog
a095427614b881da,Cole Smith,1989-04-05,day,sherdog
c6d0d7076cdbe1cc,Ricardo Lamas,1982-05-21,day,sherdog
5fd8b8d0052c2e7f,Hannah Cifers,1992-06-26,day,sherdog
fa7951170a82844b,Daniel Cormier,1979-03-20,day,wikidata
f7ff934ebabca99a,John Dodson,1984-09-26,day,wikidata
63709c72e319f071,Frankie Saenz,1980-08-12,day,wikidata
0e5c700cf4d34dca,Rogerio Nogueira,1976-06-02,day,wikidata
657eb3a13c1e3df4,Fabricio Werdum,1977-07-30,day,wikidata
ea0a54c6803d2a80,Peter Sobotta,1987-01-11,day,wikidata
93e0c995571f5283,Raphael Pessoa,1989-03-09,day,sherdog
3e7b3a771a5220bb,Nad Narimani,1987-04-14,day,sherdog
0fdb91b86ccca031,Joe Duffy,1988-02-18,day,sherdog
3be7fbb43facaf39,Brett Johns,1992-02-21,day,sherdog
18b8e1c10912056d,Davi Ramos,1986-11-05,day,sherdog
86aae8579e756674,Chris Fishgold,1992-06-06,day,sherdog
58a74bb53dfe5194,Paige VanZant,1994-03-26,day,sherdog
e15e7b06572d49d5,Danny Henry,1988-07-17,day,sherdog
630b94233d66e230,Roman Bogatov,1990-12-15,day,sherdog
71a471f854d82531,Lyman Good,1985-05-26,day,sherdog
3e15f9493525e2de,Brianna Fortino,1993-08-04,day,sherdog
9b2bdb38545733e5,Oskar Piechota,1990-01-24,day,sherdog
5bfd8bd253e91d5b,Max Rohskopf,1994-09-27,day,sherdog
59dc61acb672f524,Mark De La Rosa,1994-08-31,day,sherdog
79ad657e00d91f5e,Anthony Rocco Martin,1989-12-11,day,sherdog
b6c17f70c2c805cf,Charles Byrd,1983-10-11,day,sherdog
5d3802de0a8afc3c,Jussier Formiga,1985-04-14,day,sherdog
e9b1c3372d7a5127,Evan Dunham,1981-12-18,day,sherdog
cfc7947b16fff1b5,Klidson Abreu,1992-12-24,day,sherdog
c4b15d22fbd1c0d8,Ray Borg,1993-08-04,day,sherdog
ad7313f6ec630c2a,Aleksei Kunchenko,1984-05-02,day,sherdog
3307b917708cb117,Enrique Barzola,1989-04-25,day,sherdog
7bb861905f7bed0b,Yoel Romero,1977-04-30,day,wikidata
3ff528455b427864,Gabriel Silva,1994-08-26,day,sherdog
74ddb1f1670a7b9e,Ben Sosoli,1989-12-10,day,sherdog
d219545977df6023,Magomed Mustafaev,1988-08-02,day,sherdog
a0597d768b454501,Emil Meek,1988-08-20,day,sherdog
647818b879ec50f1,Callan Potter,1984-09-06,day,wikidata
867f4ddd295cd992,Corey Anderson,1989-09-22,day,sherdog
920c5cc2e74aaaf6,Juan Adams,1992-01-16,day,sherdog
d5d988e8f2f712a0,Darko Stosic,1992-02-09,day,sherdog
a1695e8a2f195f38,Pingyuan Liu,1993-02-13,day,sherdog
837092e1fca01fc1,Suman Mokhtarian,1992-06-13,day,sherdog
add8cb262f587d29,Dong Hyun Ma,1988-09-09,day,sherdog
cf9ff9f6ec2ccfc0,Urijah Faber,1979-05-14,day,sherdog
586e7867b78a03a9,Ben Saunders,1983-04-13,day,wikidata
882e7dce5df80b2c,Daniel Teymur,1988-02-03,day,sherdog
d438c2df15450a5f,Thiago Alves,1983-10-03,day,wikidata
2ce88fa8fdddce37,Trevor Smith,1981-01-05,day,wikidata
c8cdc3d65edae41c,Sergio Moraes,1982-07-23,day,sherdog
2c9959f2626a35fd,Renan Barao,1987-02-27,day,wikidata
ffad426bb6bdeccb,Zabit Magomedsharipov,1991-03-01,day,sherdog
6a8331eb85076ed0,Rustam Khabilov,1986-11-04,day,sherdog
7a3ddf28733fc012,Grigory Popov,1984-04-18,day,sherdog
e0b5012864c76173,Chance Rencountre,1986-12-31,day,sherdog
5a260b5502a690c8,Ben Askren,1984-07-18,day,wikidata
9de5bcc8270a4fc2,Stevie Ray,1990-03-25,day,wikidata
41f9ff5db61624ca,Alex White,1988-10-22,day,sherdog
55698a0d6a4a04cf,Aleksandra Albu,1990-07-14,day,sherdog
b11335aacc3bb703,Joe Lauzon,1984-05-22,day,sherdog
81f4394637ba2671,Manny Bermudez,1994-07-19,day,sherdog
7e40d6f7b1a90781,Kyle Bochniak,1987-02-05,day,sherdog
bf91cbfb6ec5463a,Boston Salmon,1990-11-20,day,sherdog
e8dbebefbe946ff7,Daniel Spitz,1990-07-31,day,sherdog
93377569998d809d,James Vick,1987-02-23,day,sherdog
b38469c99ce34415,Thomas Gifford,1992-07-26,day,sherdog
f9bf9197be47a12b,Hector Aldana,1988-08-17,day,wikidata
5c987d20da70c09d,Lauren Mueller,1991-11-15,day,sherdog
ae35f3f43255c68b,Luke Jumeau,1988-02-12,day,sherdog
8f1b7a13de764c4f,Rostem Akman,1991-12-19,day,sherdog
e793c1372f2c13bc,Nadia Kassem,1995-11-15,day,sherdog
8d779e3234525cb7,Danilo Belluardo,1994-07-21,day,sherdog
80169050f0913924,Siyar Bahadurzada,1984-04-17,day,sherdog
a03f3a022655bc59,Nohelin Hernandez,1994-03-01,day,sherdog
cd5a528d847a6ef5,Martin Bravo,1993-09-21,day,sherdog
0d64b7539d9a742e,Carlos Huachin,1996-04-06,day,sherdog
5f70da5f05bd7aae,Marco Polo Reyes,1984-11-07,day,sherdog
70687c8470c27164,Sergio Pettis,1993-08-18,day,sherdog
59a868c2597d1b01,Marcos Mariano,1986-10-12,day,sherdog
d560fd0a3a003a08,Todd Duffee,1985-12-06,day,wikidata
7ed79f4522a9749e,Ryan MacDonald,1993-03-18,day,sherdog
44388721c5f9439a,Mairbek Taisumov,1988-08-08,day,sherdog
425cba7a60557f9a,Teemu Packalen,1987-05-22,day,sherdog
eb1952f6e03a13bd,Nordine Taleb,1981-06-10,day,sherdog
4e499c08459fc92e,Don Madge,1990-11-12,day,sherdog
c9b2904fbc6f2692,Derrick Krantz,1988-01-13,day,sherdog
90c5377a956b9e87,Andre Soukhamthath,1988-10-23,day,sherdog
5f543cb6792a7c0a,Jodie Esquibel,1986-05-07,day,sherdog
3fc7cc0829775727,Liz Carmouche,1984-02-19,day,wikidata
ba539a5e303f696b,Humberto Bandenay,1994-09-04,day,sherdog
ab06e184a09da577,Bobby Moffett,1990-06-01,day,sherdog
1aa9da5466179c13,Salim Touahri,1989-09-28,day,sherdog
e9c3cc0c46751816,Cristiane Justino,1985-07-09,day,wikidata
7cb98a1fc7cee7b9,Olivier Aubin-Mercier,1989-02-23,day,sherdog
511b8a19e1b7ac9f,Sarah Frota,1987-04-14,day,sherdog
f91ec923242718bc,Erik Koch,1988-10-04,day,wikidata
d7c50bc1e2a1c4f7,Kyle Stewart,1989-01-31,day,sherdog
a7653e502af53812,Jin Soo Son,1993-04-01,day,sherdog
321e364cdb3bc185,Cezar Ferreira,1985-02-15,day,sherdog
b4610ec008dfc1b2,Sheymon Moraes,1990-10-11,day,sherdog
87c361e925d08fe2,Nicco Montano,1988-12-16,day,sherdog
50516fb9a0bf9832,Gilbert Melendez,1982-04-12,day,wikidata
b2dd9439efb3039a,Dan Moret,1986-11-21,day,sherdog
f32d94801e70a065,Junior Albini,1991-03-15,day,sherdog
84ea917244c11691,Syuri Kondo,1989-02-08,day,sherdog
5f7d95f165f83e3c,Allen Crowder,1989-11-08,day,sherdog
64eeb6de1025572c,Eric Spicely,1986-09-29,day,sherdog
6617f2007e74ae0e,Jimi Manuwa,1980-02-18,day,sherdog
aa363c8602f2d192,Sung Bin Jo,1992-07-17,day,sherdog
827eb7baaa7613a5,Tonya Evinger,1984-06-19,day,wikidata
57ab92f35b6efc71,Nick Hein,1984-04-24,day,sherdog
c47c141378f00a2a,Desmond Green,1989-10-11,day,sherdog
7b8128823aec4bb1,Patrick Cummins,1980-11-16,day,sherdog
cb2feebb0b84e0c9,BJ Penn,1978-12-13,day,wikidata
5df8e0db9dcc365c,Talita Bernardo,1987-03-04,day,sherdog
10224c81cacb17c3,Elias Theodorou,1988-05-31,day,sherdog
11231ad808bf72f9,Arjan Bhullar,1986-05-13,day,sherdog
24981b3a986c70db,Mitch Gagnon,1984-10-10,day,sherdog
89a685298c552ac7,Dmitrii Smoliakov,1982-08-05,day,sherdog
fc1af0eefb2c234c,John Lineker,1990-06-12,day,sherdog
23d4b1c64fc89930,Jason Gonzalez,1990-02-28,day,sherdog
3219dec99ae9e6bb,Marcelo Golm,1992-09-15,day,sherdog
7932642b153f21f8,Sultan Aliev,1984-09-17,day,sherdog
03cec80834c88d99,Keita Nakamura,1984-05-22,day,sherdog
aff972203a540f31,Wilson Reis,1985-01-06,day,sherdog
7b27c5dbef7774f4,Curtis Millender,1987-12-01,day,sherdog
539db004e385d9b7,David Branch,1981-09-26,day,sherdog
9435ba8191d6d97c,Jessica Aguilar,1982-05-08,day,wikidata
b88fc06f70ef8b27,Ross Pearson,1984-09-26,day,wikidata
56f8abe47583153e,Justin Willis,1987-07-19,day,sherdog
df14605f1f55b2b0,Jesus Pinedo,1996-06-22,day,sherdog
1e698acf16fec794,Eric Shelton,1991-02-02,day,sherdog
471b728a3bcbdca3,Jordan Rinaldi,1987-09-25,day,sherdog
07970f57cc4cb11e,Tim Boetsch,1981-01-28,day,wikidata
639e203fd063d230,Zak Ottow,1986-12-22,day,sherdog
ab9907c95da2185e,Carlo Pedersoli Jr.,1993-06-08,day,sherdog
5793f9c3602bdea1,Cain Velasquez,1982-07-28,day,wikidata
37b7dde095729704,Myles Jury,1988-10-31,day,sherdog
39e0e926a4ebf523,Austin Arnett,1991-10-22,day,sherdog
1b8b8e5bcab8c270,Teruto Ishihara,1991-07-23,day,sherdog
d5d9b67c482dad94,David Teymur,1989-05-01,day,sherdog
060c96b72f13efdb,Bibulatov Magomed,1988-08-22,day,sherdog
cc8c0104bcad5cfe,Dustin Ortiz,1988-12-25,day,sherdog
e2b652afedcd1f5b,Dennis Bermudez,1986-12-13,day,sherdog
c8304578645a0300,Te Edwards,1990-09-11,day,sherdog
9e70e6292a495f92,Chad Mendes,1985-05-01,day,wikidata
0ae7d5ca872739f7,Cat Zingano,1982-07-01,day,sherdog
1aab5680493a2042,Adam Milstead,1987-07-03,day,sherdog
38ae5949773d73df,Chris de la Rocha,1979-05-15,day,sherdog
9cfb525b1d73d69f,Matthew Lopez,1987-01-21,day,sherdog
0bb6c2534abcf1e7,Chad Laprise,1986-07-23,day,sherdog
c0c1a09b5e1b46a3,Mark Hunt,1974-03-23,day,wikidata
d677e26394f63853,Yushin Okami,1981-07-21,day,wikidata
39da821538e62fdf,Ben Nguyen,1988-08-03,day,sherdog
7fa4de25ca76c987,Elias Garcia,1992-09-13,day,sherdog
92c57fa4c9d071a4,Mizuto Hirota,1981-05-05,day,sherdog
6bfdba3056a25c03,Alex Gorgees,1995-08-11,day,sherdog
9ec283acdb8c90cb,Bryan Caraway,1984-08-04,day,sherdog
bc690e1b8e4db483,Michel Batista,1984-04-20,day,wikidata
630de995e580e91b,Darrell Horcher,1987-07-28,day,sherdog
8b6277435b463072,Ricky Rainey,1983-06-29,day,sherdog
68f6531316d9c8e0,Rashad Coulter,1981-11-27,day,sherdog
cf81dba9e7c1436e,Yuta Sasaki,1989-10-07,day,sherdog
6349e94d40c441ae,Devin Powell,1988-03-01,day,sherdog
0f7f7b9ef234d271,John Gunther,1985-11-24,day,sherdog
0f7518cc5cd482fb,Joby Sanchez,1991-06-24,day,wikidata
2971bd696b960770,Jason Knight,1992-07-14,day,sherdog
1fab4ab88bdeec03,Adam Wieczorek,1992-02-05,day,sherdog
7fb594579e275877,Artem Lobov,1986-08-11,day,sherdog
fe999a676aff614d,Alex Garcia,1987-07-14,day,sherdog
9c3208d89cbe9368,Thibault Gouti,1987-02-27,day,sherdog
86c0d28de0278d5e,Gray Maynard,1979-05-09,day,wikidata
f7c42896293e4098,Ryan LaFlare,1983-10-01,day,sherdog
6f26d55c4081cede,Luis Henrique,1993-08-21,day,sherdog
df932d661b9328f2,Thales Leites,1981-09-06,day,wikidata
e3f33b952ffafd22,Hector Lombard,1978-02-02,day,wikidata
6d5cc26a3f7f3219,Alex Chambers,1978-10-28,day,sherdog
2aac40d37b384f15,CB Dollaway,1983-08-10,day,wikidata
28602e12873668e9,Kajan Johnson,1984-04-21,day,wikidata
df0fefed285ae0b4,Adam Yandiev,1988-07-07,day,sherdog
1deb81c25a131bd5,Jordan Johnson,1988-11-18,day,sherdog
328122439f0499f8,Terrion Ware,1986-03-31,day,sherdog
03ed5a0befc5fcdb,Craig White,1990-07-01,day,sherdog
a63f233ab499daec,Robert Sanchez,1986-03-05,day,sherdog
3955ba60efa70b99,Jarred Brooks,1993-05-02,day,sherdog
7abc9da625255f6e,Jake Ellenberger,1985-03-28,day,wikidata
9fe793b27f982c66,John Moraga,1984-03-20,day,wikidata
51f921dd3277b30f,Tim Williams,1986-07-03,day,sherdog
d816217cea80cc4a,Iuri Alcantara,1980-08-04,day,sherdog
917afb93e13b44ca,George Sullivan,1981-03-13,day,sherdog
39d6fd7007655d15,Kalindra Faria,1986-07-23,day,sherdog
ecb9d446bd30a867,Jon Tuck,1984-08-28,day,sherdog
017a519006b5edf7,Demetrious Johnson,1986-08-13,day,wikidata
b05b233d7059aedd,Jose Torres,1992-08-02,day,sherdog
3561dd9a1d49d1ea,Danielle Taylor,1989-10-25,day,sherdog
aef122b595c8e633,Eddie Alvarez,1984-01-11,day,wikidata
5193a0f230f0e22c,Jordan Mein,1989-10-10,day,sherdog
2591cd8ca2cfff0a,Vitor Miranda,1979-03-10,day,wikidata
45edab8a39c81be4,Jeremy Kimball,1991-03-01,day,sherdog
506e3ee0dc410af5,Damian Stasiak,1990-02-20,day,sherdog
2e037e78578df861,Sage Northcutt,1996-03-01,day,wikidata
ab101ec98d7449c6,Justin Scoggins,1992-05-02,day,sherdog
e14524270a6eb2c2,Gokhan Saki,1983-10-18,day,wikidata
4caee8c602c0baf1,Jamie Moyle,1989-03-17,day,sherdog
db6fb3e4448c3139,Barb Honchak,1979-08-30,day,sherdog
dd6970fa82ee654c,Richie Smullen,1991-08-17,day,sherdog
0dc395a269119171,Allan Zuniga,1992-04-04,day,sherdog
c0cf20918a1e0d8e,Tyler Diamond,1991-03-18,day,sherdog
adb29a86d181648c,Matt Bessette,1984-12-28,day,sherdog
47479ceadf2ca14b,Daichi Abe,1991-11-27,day,sherdog
3a73312f5fa44529,Felipe Arantes,1988-02-09,day,wikidata
b608b2114d2b6966,Rolando Dy,1991-08-11,day,sherdog
c4e12572a2116f34,Shinsho Anzai,1985-12-01,day,wikidata
091241352895a0fc,Viviane Pereira,1993-08-28,day,sherdog
73d6a1cbbd5ca76a,Naoki Inoue,1997-06-14,day,sherdog
e77ae1e109ec3221,Jenel Lausa,1988-08-01,day,sherdog
ad4d79f5df985bc2,Melinda Fabian,1987-06-25,day,sherdog
676cb2c23ec7fa8d,CM Punk,1978-10-26,day,wikidata
381b77cc316ca6ee,Rashad Evans,1979-09-25,day,wikidata
4e832c70f00c22df,Mike Santiago,1989-07-28,day,sherdog
3d497e7f0fd30cf7,Gleison Tibau,1983-07-10,day,sherdog
cc5d111cbd08c2ae,Mads Burnell,1994-03-06,day,sherdog
5f2780efb0d6a207,Daniel Kelly,1977-10-31,day,wikidata
eee2c24a46982135,Brad Scott,1989-06-22,day,sherdog
53e16d7281ee2a95,Diego Rivas,1991-11-11,day,sherdog
654002bc34b6572e,Henry Briones,1980-10-22,day,sherdog
6c111edf9540e7e1,Felipe Silva,1984-08-05,day,sherdog
83cf0a71bfe4ecc8,Vitor Belfort,1977-04-01,day,wikidata
ca172e6171b5c16a,Lyoto Machida,1978-05-30,day,wikidata
75fbec65de2c4022,Alberto Mina,1982-05-02,day,sherdog
6d9ea9e3e1caa253,James Bochnovic,1989-02-13,day,sherdog
f95c980798dc40e8,Luan Chagas,1993-06-17,day,sherdog
b5b50f5d42cd2cd1,Patrick Williams,1981-09-07,day,sherdog
4599b5344efcb99b,Bec Rawlings,1989-02-11,day,wikidata
bb112083e2e2307d,Tom Duquesnoy,1993-06-21,day,sherdog
b18c4850465e803a,Oliver Enkamp,1991-08-10,day,sherdog
0c65dee0313cc765,Mark Godbeer,1983-11-22,day,sherdog
2eaebaa5d3266263,Mike Pyle,1975-09-18,day,sherdog
f62accf98283cccd,Russell Doane,1986-08-13,day,sherdog
5bdf217aaf7c4770,Albert Morales,1991-05-25,day,sherdog
8f60a31a6231d3f2,Brian Camozzi,1991-06-24,day,sherdog
36c9f1d81a4cd691,Joshua Burkman,1980-10-04,day,sherdog
e2cce68cdae13df8,Cyril Asker,1985-12-24,day,sherdog
69682e5e528b1b1d,Damien Brown,1984-12-25,day,sherdog
80cf00ee1aa86151,Rob Wilkinson,1992-02-22,day,sherdog
c06c8c7c751e1641,Jeremy Kennedy,1992-09-16,day,sherdog
c67cfb974659b686,Joe Soto,1987-03-22,day,sherdog
d4093a5641314390,Godofredo Pepey,1987-07-02,day,sherdog
bee7df25108682d1,Juliana Lima,1982-03-15,day,sherdog
9b9ea13e4c7b1268,Francimar Barroso,1980-02-29,day,sherdog
16cfb6813c3d1a0e,Sabah Homasi,1988-10-19,day,sherdog
558c93337ed04a1e,Abel Trujillo,1983-09-18,day,sherdog
6bb71f2c5cb249a5,Oluwale Bamgbose,1987-08-04,day,sherdog
2595335cf9f4ccb6,Erick Silva,1984-06-21,day,sherdog
ba313f9c15d6e87b,Carls John De Tomas,1996-08-28,day,sherdog
f3e207a6fad4c372,Antonio Braga Neto,1987-10-29,day,sherdog
0c591076970de4d4,Angela Magana,1983-08-02,day,sherdog
e7b6268227d48032,Ryan Janes,1981-08-22,day,sherdog
cbd164d57bca43f8,Michael Bisping,1979-02-28,day,wikidata
a5198369c0b7891a,Bobby Nash,1990-03-26,day,sherdog
c037a767cc1ef76f,Kailin Curran,1991-04-11,day,sherdog
808f47a64c727146,Bojan Velickovic,1988-12-18,day,sherdog
54d19773dbde8d48,Ashkan Mokhtarian,1985-09-18,day,sherdog
8722f9f4edfb2d81,Will Brooks,1986-10-08,day,sherdog
3066694104acd63e,Anthony Hamilton,1980-04-14,day,sherdog
f7b2a7aa4db59b24,Nate Marquardt,1979-04-20,day,sherdog
ae98337e765a7540,Michel Quinones,1984-12-22,day,sherdog
ca913b69434d3774,Marcel Fortuna,1985-10-22,day,sherdog
3e3dc69971a47e5f,Georges St-Pierre,1981-05-19,day,wikidata
328aa12aa510b966,Johny Hendricks,1983-09-12,day,wikidata
8219a4a60f230e13,Hacran Dias,1984-05-16,day,sherdog
719e971c619e32c0,Christian Colombo,1980-01-07,day,sherdog
83b077347f2d55fa,Marcin Held,1992-01-18,day,sherdog
b1ca161d9081a318,Pearl Gonzalez,1986-08-12,day,sherdog
3d4d0e0f4b897d30,Marco Beltran,1986-05-18,day,sherdog
b362969dd9d44845,Takanori Gomi,1978-09-22,day,wikidata
c9309ef7c0bb931b,Henrique da Silva,1989-09-01,day,sherdog
84c111b0487abffa,Hyun Gyu Lim,1985-01-16,day,sherdog
be7ca0896a9b24a2,Azunna Anyanwu,1981-08-05,day,sherdog
4dd5f37ce220b771,Jason Saggo,1985-11-23,day,sherdog
6914f7e3c51f545d,Mitch Clarke,1985-11-24,day,sherdog
89b3a167881f8e40,Adriano Martins,1982-12-16,day,sherdog
5bf5e634025b2d4c,Bojan Mihajlovic,1980-03-30,day,sherdog
50ca8de2c6af86bd,Abdul-Kerim Edilov,1991-11-25,day,sherdog
6470cb184347ee74,Andrew Holbrook,1986-02-06,day,sherdog
be11b38a0308e67c,Hector Sandoval,1986-07-19,day,sherdog
cec0879515f488d1,Rafael Natal,1982-12-25,day,wikidata
a6880457573e9cfe,Damian Grabowski,1980-05-12,day,sherdog
b5f670b3107420b1,Frankie Perez,1989-05-11,day,sherdog
9e5ef683064f9dcc,Chris Wade,1987-09-30,day,wikidata
4ee16e3ec4f5f875,Neil Seery,1979-08-30,day,sherdog
3bd5f3713e2f04ae,Charlie Ward,1980-12-17,day,sherdog
ffd07aa9a1d853e5,Leslie Smith,1982-08-17,day,sherdog
cf3f2ea88b3ffbe5,Daniel Omielanczuk,1982-08-31,day,sherdog
1edc63b08c1058d6,Travis Browne,1982-07-17,day,wikidata
ec52f97e0892ba1c,Nick Roehrick,1987-07-06,day,sherdog
91ae4fd95536fb0e,Tom Gallicchio,1986-09-23,day,sherdog
8b8733f5d79916eb,Dennis Siver,1979-01-13,day,wikidata
863043b36d75dc26,Johnny Case,1989-06-28,day,sherdog
cd52d6f403b61647,Josh Stansbury,1984-11-19,day,sherdog
b9878142404f9e3d,Dong Hyun Kim,1981-11-17,day,wikidata
3c8c821cf5967642,Tarec Saffiedine,1986-09-06,day,wikidata
2bab9959c5c3681c,Kwan Ho Kwak,1989-06-18,day,sherdog
938d6139f4a0eb51,Dominique Steele,1988-01-25,day,wikidata
b0b4106fbaf9078b,Kiichi Kunimoto,1981-05-01,day,sherdog
d0643c25e44d149b,Jim Wallhead,1984-03-14,day,sherdog
26ae63367d222af1,Alex Nicholson,1990-05-02,day,sherdog
90efd09dcf44976c,Chris Camozzi,1986-11-20,day,wikidata
e5cd4ff6a44874e5,Reza Madadi,1978-06-20,day,sherdog
5b146e726bca71d0,Nicholas Musoke,1986-04-05,day,sherdog
6b2c7089023e54fc,Joe Proctor,1985-08-10,day,sherdog
d313529688db621a,Roy Nelson,1976-06-20,day,wikidata
ce3bb77d0a2403ef,Rashid Magomedov,1984-05-14,day,sherdog
b1d06ed438651ca1,Augusto Mendes,1983-03-03,day,sherdog
95fb81f2f0a38481,Nathan Coy,1978-07-24,day,sherdog
aa9862a4004f1fb0,Anthony Johnson,1984-03-06,day,wikidata
742fa0928eacb223,Gegard Mousasi,1985-08-01,day,wikidata
4bdab2ed8de06016,Patrick Cote,1980-02-29,day,wikidata
bfed4bc413a3efa1,Mike de la Torre,1986-09-22,day,sherdog
eedd17b17f17ffb8,Brad Pickett,1978-09-24,day,wikidata
bed9c053b4de1820,Scott Askham,1988-05-20,day,sherdog
235123f139816175,Rony Jason,1984-03-21,day,sherdog
ab5c622e7bbc7106,Garreth McLellan,1982-01-09,day,sherdog
cf2ad1574b363f26,Sam Sicilia,1986-02-01,day,sherdog
2108d19a3a417032,Alex Ricci,1982-07-21,day,sherdog
ea79ea1007210907,Reginaldo Vieira,1982-11-26,day,sherdog
dffe747fd4dbf3a0,Phillipe Nover,1984-02-03,day,sherdog
73d94285465f4100,Roan Carneiro,1978-06-02,day,sherdog
50ccc3b715fcc437,Michinori Tanaka,1990-10-04,day,sherdog
e04431032c654b57,Daniel Jolly,1984-09-03,day,sherdog
504c543e16ce624d,JC Cottrell,1989-11-04,day,sherdog
01671847968cab02,Viktor Pesta,1990-07-15,day,sherdog
51915c3ed303577a,Jocelyn Jones-Lybarger,1985-10-04,day,sherdog
89a28d856ea449d0,Ronda Rousey,1987-02-01,day,wikidata
c5cb40a63a95f4b5,Brandon Thatch,1985-07-11,day,sherdog
4bbefabef0c2c707,Cole Miller,1984-04-26,day,sherdog
cd1e10c0d8d0fb10,James Moontasri,1988-04-10,day,sherdog
e327c936e6dd5a5e,Takeya Mizugaki,1983-12-16,day,sherdog
01cd6ac0675cc11d,Fredy Serrano,1979-09-22,day,sherdog
411db32b241c3df7,Tim Kennedy,1979-09-01,day,wikidata
7612011f2a5ce6cd,Valerie Letourneau,1983-04-29,day,wikidata
d2a831f6853a7cc2,Zach Makovsky,1983-04-19,day,sherdog
5109772a0e2f1594,Sean O'Connell,1983-09-02,day,wikidata
917f08ee170f2c4b,Joseph Gigliotti,1993-08-13,day,sherdog
21c45b34d65c2a32,Tiago dos Santos e Silva,1987-04-12,day,sherdog
485db931b8168bb1,Keith Berish,1985-11-14,day,sherdog
16a3914296cb06fa,Brendan O'Reilly,1987-06-24,day,wikidata
c2a7107883bf4b4a,Elvis Mutapcic,1986-07-19,day,sherdog
2e4866128676d02c,Kyle Noke,1980-03-18,day,wikidata
1810cf4625b4df6d,Yusuke Kasuya,1989-11-16,day,sherdog
d733968929f9154f,Seo Hee Ham,1987-03-08,day,wikidata
4255dfd5be46fdaf,Richard Walsh,1988-12-01,day,sherdog
e033a92471543c1b,Jonathan Meunier,1987-08-04,day,sherdog
6207e59980389975,Geane Herrera,1990-05-27,day,sherdog
f25073893cf0ee80,Guangyou Ning,1981-12-15,day,sherdog
9d8277c0016dc302,Yao Zhikui,1991-02-07,day,sherdog
753c70453c13c712,Ryan Bader,1983-06-07,day,wikidata
435fa781c73cba68,Manvel Gamburyan,1981-05-08,day,wikidata
a5734219279b1c93,Magnus Cedenblad,1982-04-10,day,sherdog
245df6a248fcd79c,Ali Bagautinov,1985-06-12,day,sherdog
f4ff13e3303c6eeb,Milana Dudieva,1989-04-08,day,wikidata
0273470039e3daa2,Heather Clark,1980-09-19,day,sherdog
315511d55d9937a2,Erik Perez,1989-11-19,day,sherdog
8ff63c1f2d3dc6a1,Erick Montano,1985-11-19,day,sherdog
b113d835c988693a,Jason Novelli,1979-06-08,day,sherdog
2c8280d95c208420,Chris Avila,1993-01-16,day,sherdog
7bf30ff74fd47d17,Dan Henderson,1970-08-24,day,wikidata
f4ed932e3dd2e583,Albert Tumenov,1991-12-26,day,sherdog
58ca6b9e41be609c,Lukasz Sajewski,1990-11-27,day,sherdog
a3a37e0f5109511c,Tamdan McCrory,1986-11-05,day,sherdog
d2a73daccb248ca4,Cody East,1988-06-29,day,sherdog
c56ad53946e537e3,Kelly Faszholz,1984-04-09,day,sherdog
575677ef98189b21,Antonio Silva,1979-09-14,day,wikidata
37b156b9c3c4f167,Hector Urbina,1987-09-17,day,sherdog
5c3579a291341adc,Kenny Robertson,1984-02-14,day,sherdog
04797624ca8d16a3,Maximo Blanco,1983-10-16,day,sherdog
e5074741e1c5f516,Augusto Montano,1984-10-25,day,wikidata
b4748c86028b3836,Joey Gomez,1986-07-21,day,sherdog
a988230b4b29d271,Caio Magalhaes,1987-12-14,day,sherdog
8663cbf3302dc139,Sean Spencer,1987-06-25,day,sherdog
83e037669d5db7ef,Josh Barnett,1977-11-10,day,wikidata
42d148c32dc3b41d,Tae Hyun Bang,1983-04-15,day,wikidata
a221d749ff5821a1,Leandro Issa,1983-09-19,day,sherdog
eb7ccb941c644ad3,Leandro Silva,1985-11-11,day,sherdog
f4b48d25abc4ca82,Kevin Casey,1981-06-15,day,sherdog
3920a66ca4eec020,Shane Campbell,1987-01-21,day,sherdog
4ada257dbf441149,Rick Story,1984-08-28,day,sherdog
409ad03057035617,Elizabeth Phillips,1986-08-20,day,wikidata
717d98be19ae7f58,Lorenz Larkin,1986-09-03,day,wikidata
653fc746426321dc,Alberto Uda,1984-08-08,day,sherdog
21aea564f0fd4291,Horacio Gutierrez,1990-09-15,day,sherdog
6161a87b26c358a5,Tatsuya Kawajiri,1978-05-08,day,wikidata
477c7c7bbe4346f7,Francisco Rivera,1981-10-08,day,sherdog
4e1f2424863bdde2,Michael Graves,1991-01-08,day,sherdog
e40d56a59d9e6572,Cesar Arzamendia,1991-01-31,day,sherdog
7fd6b68d1b4c97ea,Jim Alers,1986-10-14,day,sherdog
07844b1f058aa299,Michael McDonald,1991-01-15,day,wikidata
77136edf051e6ab4,Josh Samman,1988-03-14,day,sherdog
18037d576f9db97f,Cristina Stanciu,1994-03-29,day,sherdog
af02d53ce4ac55b7,Cody Pfister,1990-07-12,day,sherdog
312f57f4eccf1353,Brock Lesnar,1977-07-12,day,wikidata
9314b420ff68909e,Enrique Marin,1986-09-02,day,sherdog
3b2f7e1432ef493f,Thiago Tavares,1984-11-08,day,sherdog
2f4db339b323caf8,Fernando Bruno,1982-02-24,day,sherdog
5ead55f41494e3cf,Cory Hendricks,1988-05-10,day,sherdog
ddcd9590b0e7253d,Anton Zafir,1987-05-10,day,sherdog
7775c1ddbba730d9,Mehdi Baghdad,1985-04-13,day,sherdog
266849cbd83fade5,Dileno Lopes,1984-09-26,day,sherdog
23b8d1779d57634f,Jerrod Sanders,1980-10-01,day,sherdog
95f7a9005da2b66f,Rory MacDonald,1989-07-22,day,wikidata
47f0d22c078e2db3,Steve Bosse,1981-07-29,day,wikidata
a760201d9ae05d28,Chris Beal,1985-08-06,day,sherdog
1cec89295459ca95,Yan Cabral,1983-05-13,day,sherdog
0b5eae146ebe7718,Dominic Waters,1989-04-11,day,sherdog
19def397bebff40a,Willie Gates,1987-01-21,day,sherdog
5c1c4fd58e33525c,Chris Kelades,1981-02-21,day,sherdog
d22a91a4f5937b0b,Clint Hester,1986-11-21,day,sherdog
f9eb7dca06798aed,Efrain Escudero,1986-01-15,day,sherdog
46c00d5b260c8277,Gabriel Gonzaga,1979-05-18,day,wikidata
d4b64362d801326a,Igor Pokrajac,1979-01-02,day,sherdog
0e8236aad6b19934,Ian Entwistle,1986-11-19,day,sherdog
f5deaec059b22b0f,Robert Whiteford,1983-04-12,day,sherdog
ff025760ee2390b7,Lucas Martins,1988-11-11,day,sherdog
75bb39d3e2bab897,Frank Mir,1979-05-24,day,wikidata
5dcf91b79fd2a39b,James Te Huna,1981-09-29,day,sherdog
52aeec9ea9a73612,Mark Eddiva,1986-02-16,day,sherdog
deb1614880dd7408,Rin Nakai,1986-10-22,day,wikidata
15272d780d84820f,Viscardi Andrade,1984-03-08,day,sherdog
4d963577c9eae3b6,Tom Lawlor,1983-05-15,day,sherdog
1e3f59a0c66134bb,Marcelo Guimaraes,1983-06-25,day,sherdog
d5783d0a17d6c3a4,Justin Salas,1982-03-13,day,sherdog
b47267483b6501f2,Mike Wilkinson,1987-09-15,day,sherdog
ef17554900be95fa,Chris Dempsey,1987-09-08,day,wikidata
a5e6f85ae7295e36,Yaotzin Meza,1981-02-04,day,sherdog
0821676917e56c8a,Norman Parke,1986-12-22,day,sherdog
caf4f441f487957f,Martin Svensson,1985-04-24,day,sherdog
6e639def947c165c,Joe Riggs,1982-09-23,day,sherdog
c513953d56643657,Daniel Sarafian,1982-08-21,day,sherdog
4870404b723de409,Jonavin Webb,1989-04-28,day,sherdog
78b62d8d2ec515b5,Jared Rosholt,1986-08-04,day,sherdog
92a86f438e102c00,Rafael Cavalcante,1980-04-04,day,wikidata
d090435da8616bb6,KJ Noons,1982-12-07,day,wikidata
34fd3c3350425545,Noad Lahat,1984-06-08,day,sherdog
65f4066d8066e672,Masio Fullen,1987-10-06,day,sherdog
81658aa64b45e47d,Matt Dwyer,1989-12-17,day,sherdog
ce075434889fa877,Levan Makashvili,1989-01-07,day,sherdog
8b868d0b95903b5d,Matt Mitrione,1978-07-15,day,wikidata
7ff2e0ac14df3f56,Daron Cruickshank,1985-06-11,day,wikidata
2aa2fb307b6f8442,Diego Brandao,1987-05-27,day,sherdog
f16b7bbb69468e88,Tony Sims,1985-10-14,day,sherdog
fa6472a5e0d5fd94,Masanori Kanehara,1982-11-18,day,sherdog
cd9e2be82e1b1adb,Sheldon Westcott,1984-08-20,day,sherdog
758490c1aeb2f790,Edgar Garcia,1984-02-22,day,sherdog
06b672385c837e67,Sarah Kaufman,1985-09-20,day,wikidata
346c91de7dae1269,Danny Castillo,1979-08-25,day,sherdog
4ea7426b40aaaa88,Hayder Hassan,1982-10-20,day,sherdog
bc9da3f87c936cdf,Konstantin Erokhin,1983-01-02,day,sherdog
e2219e3ad0581725,Mike Pierce,1980-09-01,day,sherdog
b6591f80485f9b55,Abner Lloveras,1982-09-04,day,sherdog
4a1d8e92a1aa5a11,John Howard,1983-03-01,day,sherdog
e56c2a8a579e0fc8,Andreas Stahl,1988-05-20,day,wikidata
090b8dd3814736fc,Emily Kagan,1981-07-14,day,sherdog
6e427a594e7f5699,Benson Henderson,1983-11-16,day,wikidata
54deb2ed2968d1e8,Yoshihiro Akiyama,1975-07-29,day,wikidata
99dfee0e4200ef07,Dongi Yang,1984-12-07,day,wikidata
d22df5586b3d6196,Yui Chul Nam,1981-07-16,day,sherdog
91ec11930968273c,Leo Kuntz,1983-10-03,day,sherdog
a7422010f7b46ab6,Scott Jorgensen,1982-09-17,day,wikidata
6576824d568741a6,Valmir Lazaro,1985-08-15,day,sherdog
f2bb216fca0b0c85,Akbarh Arreola,1983-01-14,day,wikidata
549dd84099b6efee,Anthony Perosh,1972-10-05,day,wikidata
1fa127063eb0edd1,Richie Vaculik,1983-06-19,day,sherdog
49700fe0278b7ac7,Danny Martinez,1985-06-14,day,sherdog
fc88f9cd51e7a9bf,Steve Montgomery,1990-12-19,day,sherdog
3e0a9c736172f980,Steve Kennedy,1983-03-07,day,sherdog
c1f70d6be6081b05,Piotr Hallmann,1987-08-25,day,sherdog
bfb0a3b89668fad5,Fabio Maldonado,1980-03-17,day,sherdog
d1b744c937baa008,Edimilson Souza,1984-10-17,day,sherdog
ab01e7358d897a97,Gasan Umalatov,1983-11-03,day,sherdog
bcdf208335575a2d,Paddy Holohan,1988-05-03,day,sherdog
6fae8a5608436ede,Jon Delos Reyes,1987-08-19,day,sherdog
88296f8142d8f2f0,Mickael Lebout,1987-08-16,day,sherdog
ea52ed55ad4528e1,Aisling Daly,1987-12-24,day,sherdog
3d8a992dfe938b93,Ericka Almeida,1989-03-05,day,sherdog
d37cbb12a3b51da9,Cathal Pendred,1987-09-02,day,sherdog
f909b611b6729f56,Bubba Bush,1985-07-24,day,sherdog
278e333fdf5ba540,Shawn Jordan,1984-10-21,day,sherdog
6c0e55873d17059c,Ruslan Magomedov,1986-11-26,day,sherdog
0f12ef646093e656,Francisco Trevino,1981-12-17,day,sherdog
e9f6f636bd8ba0cc,Chris Cariaso,1981-05-27,day,wikidata
d66292b80fcb14c4,Chico Camus,1985-01-26,day,sherdog
a98de66a5df1ec43,George Roop,1981-11-10,day,sherdog
5623b28162e5723f,Katsunori Kikuno,1981-10-30,day,sherdog
fc9e4186e4565818,Naoyuki Kotani,1981-12-08,day,sherdog
a01b279f5b648361,Roger Zapata,1986-05-09,day,sherdog
304b40b4ebba07c1,Clay Collard,1993-03-10,day,wikidata
13061034564bbd1d,Ron Stallings,1983-02-25,day,sherdog
cba823d24fd18689,Sam Stout,1984-04-23,day,wikidata
4459e91722ebbb4a,Yves Jabouin,1979-05-30,day,sherdog
c757493aee52b674,Elias Silverio,1986-09-22,day,sherdog
4186b1288aba95aa,Tom Watson,1982-07-13,day,sherdog
19075d43d5cafc51,Sirwan Kakai,1989-10-03,day,sherdog
ae058dde70a41877,Roman Salazar,1988-02-21,day,sherdog
994a82d1efc9c77c,Anthony Christodoulou,1987-07-30,day,sherdog
8ceaa6b70bff3652,Antonio Rodrigo Nogueira,1976-06-02,day,wikidata
a6a1b31d9da931bd,Soa Palelei,1977-07-12,day,sherdog
38c025c5dc73b8d3,Hugo Viana,1982-09-26,day,sherdog
df88607ac530ac2f,Ramsey Nijem,1988-04-01,day,sherdog
5089822235a3ef9c,Jessamyn Duke,1986-06-24,day,sherdog
c79fdd258cdbe522,Ivan Jorge,1980-11-07,day,wikidata
23284157baf7c7ae,Pawel Pawlak,1989-02-08,day,sherdog
a6bcbd0364bf364e,Leonardo Mafra,1989-04-25,day,sherdog
737288d4a874ac9b,Vaughan Lee,1982-10-15,day,wikidata
968cb6a647298248,Hans Stringer,1987-07-06,day,sherdog
d463672b24ffb411,Paul Redmond,1986-10-20,day,sherdog
ea89457a9132e6c7,Marcus Brimage,1985-04-06,day,sherdog
f6e8be24ed466b82,Josh Thomson,1978-09-21,day,wikidata
1bb0833e9548fa86,Igor Araujo,1980-12-06,day,sherdog
22a410ca147f3679,Ildemar Alcantara,1982-11-17,day,sherdog
15e2c0bd41ea6ea3,Andrew Craig,1986-01-15,day,sherdog
d6960e237cdafcc0,Dan Miller,1981-06-30,day,wikidata
367acee655615e57,Darrell Montague,1987-11-03,day,sherdog
d556c422d0b6d3b2,Mike Swick,1979-06-19,day,sherdog
e1800db08f273c0d,Yosdenis Cedeno,1985-02-12,day,sherdog
bf346fe15851cff7,Eddie Gordon,1983-07-22,day,sherdog
d14b39a7f011c1c9,Joe Merritt,1984-03-07,day,sherdog
81a04fdf9efd8123,Alan Omer,1988-09-14,day,sherdog
f72689d44e9c0c12,Niklas Backstrom,1989-08-22,day,sherdog
c8b719f91d6c633a,Antonio Dos Santos,1988-07-21,day,sherdog
90a9a63f40d34747,Brian Ebersole,1980-11-27,day,wikidata
57ca4a31a40df594,Justin Edwards,1983-01-26,day,sherdog
d64f7526f74a80c7,Ricardo Abreu,1984-04-27,day,sherdog
3a12010b300e4fa9,Leonardo Morales,1992-12-22,day,sherdog
6858337830a30e33,Ryan Jimmo,1981-11-27,day,wikidata
9d36d2194c0ef4a4,Wendell Oliveira Marques,1983-06-01,day,sherdog
8fa403a5346f1b13,Luiz Dutra,1982-05-06,day,sherdog
f0ad29b64322cb95,Josh Sampo,1984-07-24,day,sherdog
6876816fa2e5ba55,Constantinos Philippou,1979-11-29,day,wikidata
0dfabb64e139f121,Mark Munoz,1978-02-09,day,wikidata
d1e3254a83dd1103,Luke Barnatt,1988-04-13,day,sherdog
117b8a5c5ef3fb6a,Zhang Lipeng,1990-03-10,day,sherdog
0bf1b7c1eae14c75,Royston Wee,1986-11-15,day,sherdog
eecf602a8cfc699e,Roldan Sangcha'an,1990-12-04,day,sherdog
8cd040dfd399d7ea,Nolan Ticman,1988-05-17,day,sherdog
cb03fa3d2085a037,Hatsu Hioki,1983-07-18,day,wikidata
eb0a363b83ad35ad,Lisa Ellis,1982-11-15,day,sherdog
1a7027a0c72834f2,Dylan Andrews,1979-11-15,day,sherdog
7e835647628c96d3,Vik Grujic,1977-02-06,day,sherdog
f63571bbe054f49c,Alptekin Ozkilic,1986-03-27,day,sherdog
358d271636db2206,Quinton Jackson,1978-06-20,day,wikidata
10a92694258504ff,David Michaud,1988-11-10,day,sherdog
ad42e145788c6bd2,Chris Clements,1976-02-09,day,sherdog
9a5cdf9d3384e592,Jessica Rakoczy,1977-04-14,day,wikidata
fad9316a503a6b68,Jimy Hettes,1987-06-09,day,sherdog
b0207de5a5f37ca1,Mirko Filipovic,1974-09-10,day,wikidata
2b8a59709b8322d9,Seth Baczynski,1981-10-26,day,sherdog
9ec6ba3fc5326fec,Rocky Lee,1987-04-08,day,sherdog
50efd7a01655b3ca,Justin Jones,1980-02-14,day,sherdog
92e9b32c1b94a3b8,Josh Koscheck,1977-11-30,day,wikidata
6f2bceee45ef05b5,Shayna Baszler,1980-08-08,day,sherdog
479628608e5f178b,Cain Carrizosa,1986-07-22,day,sherdog
306c696a204bcb68,Jorge de Oliveira,1980-01-22,day,sherdog
503ef06d2e9c9491,Bentley Syler,1982-12-22,day,sherdog
cd0b01f9ab5dd24a,Roger Narvaez,1983-09-09,day,sherdog
65c6afd019ad662b,Josh Copeland,1982-10-20,day,sherdog
a91a3938ce911d73,Jake Lindsey,1986-06-21,day,wikidata
9af77fb20a5b057d,Larissa Pacheco,1994-09-07,day,sherdog
643df3f789c403ba,Norifumi Yamamoto,1977-03-15,day,wikidata
a0d0dd527ccf4197,Ruan Potts,1977-11-18,day,wikidata
9a3bbdd01caf5c40,William Macario,1991-07-01,day,sherdog
def70744048fbd93,Josh Shockley,1989-11-15,day,sherdog
1cca25df9c4191e6,Rodrigo de Lima,1991-03-03,day,sherdog
82baf61f23c26602,Ian McCall,1984-07-05,day,wikidata
b1ed19b3a988b284,Richardson Moreira,1984-03-31,day,sherdog
52219ec3fed060d5,Andy Enz,1991-08-15,day,sherdog
7c9aad8600d3f7c5,Phil Davis,1984-09-25,day,wikidata
9a075d5492858afb,Akira Corassani,1982-08-27,day,sherdog
bce38b07af99c14f,Andy Ogle,1989-02-16,day,sherdog
946b41789ca49ea1,Stanislav Nedkov,1981-09-12,day,sherdog
06a9a53545b3f685,Shane Howell,1983-11-28,day,sherdog
84f502f298af342a,Matt Van Buren,1986-06-12,day,sherdog
6b8a328c90770b69,Tateki Matsuda,1986-02-07,day,wikidata
75118feeba7ebddb,Louis Gaudinot,1984-08-28,day,sherdog
8a3b95df0f6df14a,Rodrigo Damm,1980-02-03,day,sherdog
ce09c41e8582cac3,Mats Nilsson,1983-12-05,day,sherdog
4e55300a56c41018,Alexis Dufresne,1990-08-31,day,sherdog
4ebddeccafdf677c,Mike Rhodes,1989-12-04,day,wikidata
4f7c66ac5eb9ed06,Tom Niinimaki,1982-07-25,day,wikidata
58849d870bc06a83,Jamie Varner,1984-12-10,day,sherdog
0861b92fdf607aef,Joe Ellenberger,1985-03-28,day,sherdog
853c36ca08e9f2a9,Garett Whiteley,1980-12-13,day,sherdog
a7aaab065032d87e,Dustin Kimura,1989-05-21,day,sherdog
f9ac4aac23f070ad,Brendan Schaub,1983-03-18,day,wikidata
811f6e68c70faac4,Matt Hobar,1987-01-07,day,sherdog
90bf6ff65bd94ad3,Isaac Vallie-Flagg,1978-04-08,day,sherdog
2aedcd7466e7e08e,Yves Edwards,1976-09-30,day,sherdog
64e120492fb83a6a,Juan Manuel Puig,1989-04-23,day,sherdog
cf977fa91007a150,Chris Heatherly,1987-11-24,day,sherdog
445c5e5f676a4ee8,Charlie Brenneman,1981-02-09,day,sherdog
6ee35fe3246a7280,Tim Gorman,1983-04-29,day,sherdog
7da2f5a1af29de66,Wagner Silva,1987-02-07,day,sherdog
b955dca766671aa8,Vagner Rocha,1982-06-06,day,sherdog
eaaf18f9ed65badc,Guto Inocente,1986-05-29,day,sherdog
5bb93d7b8bb2eb0a,Luke Zachrich,1981-12-19,day,sherdog
242489bb2f067120,Jumabieke Tuerxun,1986-04-17,day,sherdog
56b4f6719f3aaff9,Fabricio Camoes,1978-12-23,day,sherdog
718bef7d0bc34f00,Bruno Santos,1987-07-17,day,sherdog
6a7f3bf2315ba8c4,Anthony Njokuani,1980-03-01,day,sherdog
875b82895fffbefd,Tor Troeng,1983-01-25,day,sherdog
8d3af3806d24a1d8,Ernest Chavez,1983-06-27,day,sherdog
45c39652b708cec2,Amir Sadollah,1980-08-27,day,wikidata
1764c38a39e65d2f,Takenori Sato,1985-06-08,day,sherdog
b0d499dd5713bbd5,Kazuki Tokudome,1987-03-04,day,sherdog
759b9ffb9138c83c,Paulo Thiago,1981-01-25,day,wikidata
09dee4f147f0c96e,Johnny Bedford,1983-01-06,day,sherdog
a46d581bd0e5bd78,Francis Carmont,1981-10-11,day,wikidata
84ca2a490fe077ce,Cung Le,1972-05-25,day,wikidata
547e9f6345cea810,Danny Mitchell,1986-08-08,day,sherdog
8a5f5073f434f525,Roland Delorme,1983-12-18,day,sherdog
d707bae8652c1c5c,Anying Wang,1991-04-04,day,sherdog
bb8bff45d8ed7bab,Jack May,1981-04-14,day,sherdog
3f2720e40ca61474,Kyle Kingsbury,1982-03-22,day,sherdog
e66a4cf84871dd4b,Hernani Perpetuo,1985-05-24,day,sherdog
ede982bccfd2b0bb,Steven Siler,1987-02-15,day,sherdog
04af5e4dc982b57d,Phil Harris,1983-04-09,day,sherdog
59741062e95fad31,Cody Donovan,1981-02-20,day,sherdog
0f7a7a40fb56e55d,Pat Healy,1983-07-20,day,sherdog
f2430ec0d6000eba,Robert Drysdale,1981-10-05,day,sherdog
a175de96620d504a,Colton Smith,1987-08-14,day,sherdog
f3c2aa98b25b0774,Chris Indich,1987-04-22,day,sherdog
7e7e419f4d1ac741,Mike Easton,1984-01-25,day,sherdog
58399c5a01e08323,Jason High,1981-10-12,day,sherdog
07f90bcdee1cbe4e,Bobby Voelker,1979-04-26,day,sherdog
81c096351f4e4fae,Lance Benoist,1988-08-26,day,sherdog
b1352d61334b6791,Chris Holdsworth,1987-10-24,day,sherdog
1a0a441c4e80c154,Ben Wall,1989-03-25,day,sherdog
6514b98bc3bc0e04,Anthony Lapsley,1980-02-13,day,sherdog
abeb877f1c2b6c2c,Estevan Payan,1982-04-03,day,sherdog
cb3a82ac76933d4e,Mark Bocek,1981-10-24,day,sherdog
7ed8a54c7b3c1fb3,Ronny Markes,1988-04-21,day,sherdog
fcedc0deecf8b7fc,Thiago Perpetuo,1986-12-14,day,sherdog
1a1192efe1cea414,Jake Shields,1979-01-09,day,wikidata
17fbe040713af93c,Renee Forte,1987-03-27,day,sherdog
20004a10a233cbc9,Will Campuzano,1986-05-27,day,sherdog
f3df080ee81ca9d1,Melvin Guillard,1983-03-30,day,wikidata
2c410fc901282a27,Cyrille Diabate,1973-10-06,day,wikidata
baa2c5d160c99fbb,John Hathaway,1987-07-01,day,wikidata
bf4fa07a421ccb89,Ivan Menjivar,1982-05-30,day,sherdog
7f4fdb5646f48623,Nam Phan,1983-03-13,day,wikidata
8b86c65d84ab0d1b,TJ Waldburger,1988-04-25,day,sherdog
99a7b90619b31458,Rafaello Oliveira,1982-01-26,day,sherdog
77dace88a5af89ba,Cristiano Marcello,1977-12-03,day,sherdog
b6ca4ff213b79dba,Nick Catone,1981-09-01,day,sherdog
cdb3f9d45356124e,Ramiro Hernandez,1986-07-22,day,sherdog
002d290c18ddbfff,Mike Rio,1981-07-06,day,sherdog
446a7a714a1b3742,Brian Houston,1987-04-26,day,sherdog
1415e404902027fd,Shunichi Shimizu,1985-01-31,day,sherdog
cd43d1b5e3738a87,Quinn Mulhern,1984-09-20,day,sherdog
6b4ee2b316597cc1,Chris Leben,1980-07-21,day,wikidata
479113cde5506364,Mac Danzig,1980-01-02,day,wikidata
73211706dd128c8d,Cody McKenzie,1987-12-16,day,sherdog
4d0d40e8020ed197,Roger Bowling,1982-12-05,day,sherdog
23897484af7d99e5,Darren Uyenoyama,1979-10-15,day,sherdog
238251dae9d57051,Pat Barry,1979-07-07,day,wikidata
0562e7dccffbb28a,Julie Kedzie,1981-03-18,day,sherdog
5ab44bdfb61803a9,Nick Ring,1979-02-10,day,sherdog
28a6df2f9cc8da91,Chael Sonnen,1977-04-03,day,wikidata
4cad65ed919a7a69,Edwin Figueroa,1984-07-31,day,sherdog
470ff67892f89b68,Jose Maria,1982-01-04,day,sherdog
c6c959f8c7b2a9a4,Alessio Sakara,1981-09-02,day,wikidata
1b6f3ea9b9dd6b38,Rosi Sexton,1977-07-16,day,sherdog
3409e24ae34fc80b,Michael Kuiper,1989-06-07,day,wikidata
cbb5216cc327c613,George Sotiropoulos,1977-07-09,day,wikidata
1c58924bc59b40df,Adlan Amagov,1986-10-30,day,sherdog
bae005132988f62d,Jeremy Larsen,1984-05-18,day,sherdog
41739d86e0ca31ae,Dustin Pague,1987-08-05,day,sherdog
767237de53926f05,Thiago Silva,1982-11-12,day,wikidata
9f5d99319a73273c,Matt Hamill,1976-10-05,day,wikidata
7dfc8122d6a141eb,Joey Beltran,1981-12-09,day,sherdog
fbda58ff7e7ba55a,Rousimar Palhares,1980-02-20,day,wikidata
2a8f936210c42276,David Mitchell,1979-10-24,day,sherdog
46f2223adc5768e1,Iliarde Santos,1980-09-25,day,sherdog
7cc5aa6f1e1cd087,Mike Ricci,1986-03-18,day,sherdog
6bd1f7a3ebf0ba9d,Nandor Guelmino,1975-12-20,day,wikidata
a8ac839448363f28,Joao Zeferino,1986-01-15,day,sherdog
915e3a5c0f5a9151,Keith Wisniewski,1981-10-25,day,sherdog
bb7660440adb1652,Yuri Villefort,1991-03-23,day,sherdog
a013b529800e3141,Brandon Vera,1977-10-10,day,sherdog
4e961b8c512789b3,Pascal Krauss,1987-04-19,day,wikidata
35971dcbeebaae2e,Ryan Couture,1982-08-27,day,sherdog
9b061439562d11ea,Jared Hamman,1982-03-07,day,sherdog
6d417e55937e880d,Martin Kampmann,1982-04-17,day,wikidata
a5ab7bfdc87eb8c5,Brian Melancon,1982-05-28,day,sherdog
11663038ee928af5,Papy Abedi,1978-06-30,day,sherdog
589de151b2ce6f0f,James Head,1984-02-09,day,sherdog
5a216f6d8220d268,Ben Alloway,1981-02-19,day,sherdog
34c8d7cf5c829d4b,Mike Brown,1975-09-08,day,wikidata
c15935fcbd125fe0,Vinny Magalhaes,1984-07-02,day,wikidata
de2aa1aa93552fa3,Sheila Gaff,1989-12-29,day,sherdog
c82dac47278fcff0,Josh Clopton,1981-07-11,day,sherdog
55612b2a21532c50,Ednaldo Oliveira,1984-02-19,day,sherdog
48d32c0942f1bcc6,Bristol Marunde,1982-04-20,day,sherdog
5a1f958791b069ab,Aaron Riley,1980-12-09,day,sherdog
036247c5070d7e4b,John Albert,1986-10-13,day,sherdog
8a03aa1a899bd6ac,Roger Gracie,1981-09-26,day,wikidata
3319bd0335e47f8c,Dave Herman,1984-10-03,day,sherdog
0c0ee300eaf7f08e,Sean Pierson,1976-03-10,day,sherdog
74a986709bb28d8b,John Maguire,1983-05-19,day,sherdog
04b313193fa6abaa,Karlos Vemola,1985-07-01,day,sherdog
ca618f885c2bec6c,TJ Grant,1984-02-26,day,wikidata
074190be49d6c8a2,Nah-Shon Burrell,1990-02-05,day,sherdog
49ef35df05a142b0,Brian Bowles,1980-06-22,day,wikidata
74e218f6657fe9a0,John Cholish,1983-12-17,day,sherdog
0f523be83c4dedd7,Roger Hollett,1978-10-08,day,sherdog
94a939862c496c87,Azamat Gashimov,1990-04-07,day,sherdog
aef056398bda4e75,Alan Belcher,1984-04-24,day,wikidata
53976afd57399537,Cheick Kongo,1975-05-17,day,wikidata
6bd595f6a5d244ac,Leonard Garcia,1979-07-14,day,sherdog
ef3aab10544ec357,Clifford Starks,1981-04-25,day,sherdog
f53186f3dfc4e054,Jimmy Quinlan,1986-05-25,day,sherdog
a100c1dce2a48592,Bart Palaszewski,1983-05-30,day,wikidata
cb4edfc535c68698,Justin Lawrence,1990-05-15,day,sherdog
4166439d50b2e5f8,Pablo Garza,1983-09-16,day,wikidata
ddc06d620dd23c38,Chris Spang,1987-11-26,day,sherdog
14072d6aacd3212d,Besam Yousef,1985-03-25,day,sherdog
3af71dfd35a8851d,Colin Fletcher,1983-01-08,day,sherdog
34ae865392f6cff8,Antonio Carvalho,1979-05-30,day,sherdog
d31ea3a020c96cb7,Issei Tamura,1984-03-12,day,wikidata
3973238a799c403d,Reuben Duran,1983-07-02,day,sherdog
9a5c0ed7297948f0,Wanderlei Silva,1976-07-03,day,wikidata
a51f98cc3f3bf3a2,Brian Stann,1980-09-24,day,wikidata
4124eaf50ca32b70,Riki Fukuda,1981-01-06,day,sherdog
81ac0e78610fc113,Josh Neer,1983-03-24,day,sherdog
0ae72e4184efa03b,Lavar Johnson,1977-06-11,day,sherdog
38d057ff364bbdb9,Anton Kuivanen,1984-05-01,day,sherdog
b6ee83392e20f3b7,Matt Grice,1981-07-29,day,sherdog
5a77799d8c9e33e1,Caros Fodor,1984-01-07,day,sherdog
265bd3b9b36b3d7a,Brock Jardine,1985-07-10,day,sherdog
e99550b06c7f4c2a,Jon Manley,1986-07-07,day,sherdog
a625d4b249b4fe5c,Jorge Santiago,1980-10-09,day,sherdog
675dc20e508efca2,Che Mills,1982-09-29,day,sherdog
759168021c795803,Matthew Riddle,1986-01-14,day,wikidata
e828c3283ec0a8bd,Terry Etim,1986-01-11,day,sherdog
61ab80d64a6dc09e,Paul Sass,1988-08-04,day,wikidata
92a3b18ede87f0c9,Josh Grispi,1988-10-14,day,sherdog
694ac00133d9ba06,Motonobu Tezuka,1987-08-29,day,sherdog
169123529077071c,Ulysses Gomez,1983-05-25,day,wikidata
80c8002c0de84ab7,Jon Fitch,1978-02-24,day,wikidata
8607e416d789dd5f,Jay Hieron,1976-07-29,day,sherdog
b4313dd7d0490280,Jacob Volkmann,1980-09-05,day,sherdog
81b51f503dc6dfec,Mike Stumpf,1986-08-01,day,sherdog
6b34dc01aa0c25a3,Vladimir Matyushenko,1971-01-04,day,wikidata
406abb58ebfdb693,Mike Russow,1976-11-09,day,wikidata
e2b7a4bf168d7893,Simeon Thoresen,1984-03-14,day,sherdog
62c44701c775a109,Milton Vieira,1978-10-10,day,wikidata
96ae663a6098af2b,Diego Nunes,1982-11-30,day,wikidata
ec6c7e5b5b6d809b,Wagner Prado,1987-12-30,day,wikidata
d8e00e9df6faff76,CJ Keith,1986-08-09,day,sherdog
f383952c5bdc41b6,Byron Bloodworth,1983-08-16,day,sherdog
d584a1902ca4ea16,Shane del Rosario,1983-09-23,day,sherdog
c2e7c084fdc49463,Jonathan Brookins,1985-08-13,day,sherdog
52042de7a7067513,John Cofer,1984-04-29,day,sherdog
a2fb94e992028846,Jared Papazian,1988-02-01,day,sherdog
6f57fae77184f745,Nick Penner,1980-03-26,day,sherdog
6c924966048e0571,Henry Martinez,1983-08-07,day,sherdog
9b60e64d7f7c12e9,Marcus LeVesseur,1983-07-17,day,sherdog
cf563acd74e6a4d7,Mark Hominick,1982-03-22,day,wikidata
ff40dfcefd938242,Chad Griggs,1978-05-15,day,wikidata
b93c47af1b16a3c9,Rich Franklin,1974-10-05,day,wikidata
2f9daceab96f1482,Zhang Tiequan,1978-07-25,day,wikidata
b0b026faa5e96648,Jeff Hougland,1978-08-02,day,sherdog
34ab4ff4d27b2eec,Yasuhiro Urushitani,1976-09-08,day,sherdog
bbb017f81e8b89e3,Tom DeBlass,1982-05-14,day,sherdog
186dac21950edbf8,Stephan Bonnar,1977-04-04,day,wikidata
5eff1ce52a5531cc,Joey Gambino,1988-10-26,day,sherdog
71558d600f408820,Luiz Cane,1981-04-02,day,sherdog
737e502b11e925d1,Aaron Simpson,1974-07-20,day,sherdog
1cdd5b7b4823da9d,Carlo Prater,1981-06-25,day,sherdog
f0c75aab66316dfb,Shane Roller,1979-07-14,day,sherdog
b76a58889338d3c1,Dan Hardy,1982-05-17,day,wikidata
64fb82acb25bc56f,Duane Ludwig,1978-08-04,day,wikidata
d1508aead389c70f,DaMarques Johnson,1982-06-28,day,sherdog
1200313a48c7d45a,Jason Young,1986-06-28,day,sherdog
b05d754c2b2cefa3,Walel Watson,1984-07-16,day,sherdog
894da25b7d783ac4,Buddy Roberts,1982-10-17,day,sherdog
1198ebbb10fc6ff2,Tommy Hayden,1986-03-11,day,sherdog
8239100c6416e9e2,Ken Stone,1982-10-08,day,sherdog
cde5cdc8e3ac705e,Eiji Mitsuoka,1976-01-01,day,sherdog
3b7c49acc640bb00,Oli Thompson,1980-01-02,day,sherdog
e64350b7d62f5fd0,Michihiro Omigawa,1975-12-19,day,sherdog
f0b49b823ed431ad,Damacio Page,1982-09-30,day,sherdog
7ff4f5fda8979e3c,Josh Ferguson,1988-05-13,day,sherdog
b2b1082a749012c0,Dan Stittgen,1980-11-17,day,sherdog
287bd987f687eae5,Forrest Griffin,1979-07-01,day,wikidata
40612ac1e1a423f5,Tito Ortiz,1975-01-23,day,wikidata
f74c22396db6bf0c,John Alessio,1979-07-05,day,wikidata
707b602ef94bab00,Yoislandy Izquierdo,1984-01-09,day,sherdog
c80420e9d8906733,John Teixeira,1986-11-18,day,wikidata
8d4dabefead48d55,Spencer Fisher,1976-05-09,day,wikidata
81ba81ad5f5d2c53,Luis Ramos,1981-01-18,day,sherdog
4b704445cbb41057,Ricardo Funch,1980-08-14,day,sherdog
442cb3599f339005,Carlos Eduardo Rocha,1981-07-12,day,sherdog
1c389c1d147b5c7a,Bernardo Magalhaes,1981-08-04,day,sherdog
02868fd7beb122cf,Jake Hecht,1984-02-09,day,sherdog
51e6bf553ea286ed,Pat Schilling,1988-08-28,day,sherdog
cc8df8989ebdb513,Jason Miller,1980-12-24,day,wikidata
cdfc24c09c02cb2a,Jorge Lopez,1988-11-21,day,sherdog
1db74544103bcf30,Jason MacDonald,1975-06-03,day,sherdog
8823cf6c5e0b976e,Kamal Shalorus,1977-08-27,day,sherdog
c2189c9a53c87389,Jeff Curran,1977-09-02,day,sherdog
04b64278d328acb2,Alex Soto,1984-02-15,day,sherdog
bec5c5bcda49d162,Nick Denis,1983-10-11,day,sherdog
a0678b8066e86510,Mike Massenzio,1982-11-01,day,sherdog
4ff49a81c905157f,Miguel Torres,1981-01-18,day,wikidata
aa70effc1161ff7e,Eddie Yagin,1979-03-23,day,sherdog
bfc2acf76c6ac7fd,Eric Wisely,1984-07-25,day,sherdog
f7f357927a0e95d1,Aaron Rosa,1983-05-28,day,sherdog
0cc95f3d65ef1f09,Mackens Semerzier,1980-11-03,day,sherdog
5d4c92bff66911d0,Steve Cantwell,1986-12-08,day,sherdog
97200a58a53fca1d,Chris Cope,1983-03-05,day,sherdog
599b2ef68290b9cf,Jon Olav Einemo,1975-12-10,day,wikidata
321a2ab5cb5cb34e,Christian Morecraft,1986-09-08,day,wikidata
f49dcdb0cae73698,Jorge Rivera,1972-02-28,day,wikidata
dbfe75614f7ede35,Eric Schafer,1977-09-20,day,sherdog
64ed450be4c32da6,Daniel Roberts,1980-08-05,day,sherdog
229adb5166b797dd,Joseph Sandoval,1986-05-11,day,sherdog
239566c4fce299c4,Junior Assuncao,1981-06-24,day,sherdog
a1fe071d0fdf68cb,Claude Patrick,1980-06-14,day,sherdog
8268d3869cc5fc9b,Krzysztof Soszynski,1977-08-02,day,wikidata
1f6e8477f44ad104,Dennis Hallman,1975-12-02,day,sherdog
b3e9073d53f29cce,Rich Attonito,1977-06-16,day,sherdog
18f4133744e5137a,Stephen Bass,1982-11-14,day,sherdog
1463949150ba9d54,Dustin Neace,1986-09-12,day,sherdog
9f77aa7ddf8e6276,Jason Brilz,1975-07-07,day,sherdog
1f4a2a1ce7056d73,Nick Pace,1987-04-17,day,sherdog
85edff408fb9b7d3,Shamar Bailey,1982-09-22,day,sherdog
db59d055ceb0c24b,Clay Harvison,1980-09-25,day,sherdog
0ecbdaefd9e339fe,Cole Escovedo,1981-08-30,day,sherdog
22a48c7dd5b6602b,Paul Bradley,1983-06-13,day,sherdog
f7d472ab1980a0da,Matt Lucas,1973-12-27,day,sherdog
496d4ebf95509162,Edward Faaloloto,1985-07-15,day,sherdog
10cb9ebd56eb0d5d,Rob Broughton,1983-03-03,day,sherdog
7652c9c89c9f6225,Tyson Griffin,1984-04-20,day,wikidata
e4e359a0aa4e6d39,Eliot Marshall,1980-07-07,day,sherdog
2937187310468aa7,Danny Downes,1986-04-08,day,sherdog
ed4fa97291fe0c12,Kenny Florian,1976-05-26,day,wikidata
b2bd73930caf05dd,Matt Hughes,1973-10-13,day,wikidata
56d1c6d9ae1e2736,Ricardo Romero,1978-04-15,day,sherdog
4e8af8e4f88cc25b,Donny Walker,1980-01-04,day,sherdog
c48e6e670f0359e1,Mike Lullo,1979-07-24,day,sherdog
7b23fd06b901565c,Ian Loveland,1983-09-07,day,sherdog
b846daf927967a94,Chris Lytle,1974-08-18,day,wikidata
f18dbb31bcefc93e,Jason Reinhardt,1969-10-31,day,sherdog
afd169519300c165,Andre Winner,1981-11-09,day,sherdog
611ceb9a50616ff8,Joe Stevenson,1982-06-15,day,wikidata
a952cc6135340614,Shane Carwin,1975-01-04,day,wikidata
35004f1d2c0eeef8,Jesse Bongfeldt,1980-08-28,day,sherdog
d295785dd7ac9851,Tim Credeur,1977-07-09,day,wikidata
99e64687e13230f4,Ryan McGillivray,1986-09-27,day,sherdog
91e7312791604003,Kendall Grove,1982-11-12,day,sherdog
d489059c75720676,Randy Couture,1963-06-22,day,wikidata
35c44c29fabdc5ae,Charlie Valencia,1974-10-31,day,sherdog
0d5a2a3c7b1abf4c,Ryan Jensen,1977-09-20,day,sherdog
386696f3539d0325,Kyle Watson,1979-08-09,day,sherdog
bf39144e667faaa0,Jon Madsen,1980-02-12,day,sherdog
9f5cefba3b333fa0,Kris McCray,1981-09-24,day,sherdog
4a2ae4eba7910810,Sean McCorkle,1976-07-17,day,sherdog
68d0494d738dfe3d,Mario Miranda,1978-09-21,day,sherdog
79c1743e40bc61a7,Waylon Lowe,1980-10-31,day,sherdog
fe61ebf98b4ac9b5,Ricardo Almeida,1976-11-29,day,sherdog
8c9249669e4c7295,Kurt Pellegrino,1979-05-07,day,wikidata
dd77a096ed30451e,Rob Kimmons,1981-01-30,day,sherdog
5033b45cd274332c,Todd Brown,1976-12-13,day,sherdog
fac7689da2e7bba2,Chris Tuchscherer,1975-09-08,day,sherdog
0a4a41f2793fa658,Paul Kelly,1984-09-12,day,sherdog
abfecb7fc7786da4,Paul Taylor,1979-12-15,day,sherdog
3da958a1e818e9b1,Gabe Ruediger,1977-08-29,day,sherdog
2bfccf5ca9b94e96,Tim Hague,1983-05-09,day,wikidata
2688bd8cfc2d2998,Mike Guymon,1974-09-17,day,sherdog
585c56caa45ca724,Willamy Freire,1987-07-28,day,sherdog
8340786c8fc959b0,Amilcar Alves,1979-12-13,day,sherdog
ef803bac42e6a974,Marcus Davis,1973-08-24,day,wikidata
bc4f49e80fb2c46c,Phil Baroni,1976-04-16,day,wikidata
26767c5280c68257,Greg Soto,1986-06-03,day,sherdog
4c721aa373ec5009,Antonio McKee,1970-03-12,day,sherdog
cc14d3157404edc7,Joe Doerksen,1977-10-09,day,sherdog
b3b04484b9377c2c,Dustin Hazelett,1986-04-29,day,sherdog
dacc4e18ecae2a91,Pat Audinwood,1986-04-16,day,sherdog
da3d92fefa826739,Tyler Toner,1983-03-31,day,sherdog
dad38cf985c43617,Fredson Paixao,1979-05-13,day,sherdog
f901c7889f44a022,Gerald Harris,1979-11-19,day,sherdog
491be33ae50a6ed3,Brian Foster,1984-04-04,day,sherdog
4ceb248162eb2ef1,Karo Parisyan,1982-08-28,day,wikidata
c8582657f57f492f,Goran Reljic,1984-03-20,day,sherdog
d9e2cb24afac3c04,Nick Osipczak,1984-12-30,day,sherdog
fd16474727b655b3,Seth Petruzelli,1979-12-03,day,sherdog
7a282caac2fd21f7,Gilbert Yvel,1976-06-30,day,wikidata
dce753ce49abddbf,James Wilks,1978-04-05,day,sherdog
5e561206c782b18c,Vinicius Queiroz,1983-08-29,day,wikidata
d839143b4468288e,Mark Holst,1985-08-14,day,sherdog
b92c4943d32db3d3,James McSweeney,1980-10-24,day,sherdog
7d11df982ae0267d,Matt Serra,1974-06-02,day,wikidata
e8f4fe9dd8a061ed,Sean Sherk,1973-08-05,day,wikidata
d2d1f724083b8f4b,Steve Lopez,1984-07-30,day,sherdog
7bb7537ffb105909,John Gunderson,1979-01-05,day,sherdog
93f00a03fa44fb1e,Tomasz Drwal,1982-01-22,day,wikidata
dc3fbd168bba6fb2,Forrest Petz,1975-09-22,day,sherdog
10536b1a04ab67c8,James Toney,1968-08-24,day,wikidata
c5209dcbc67051ae,John Salter,1985-03-21,day,sherdog
6f8ed7dbd7c5df7e,Rodney Wallace,1981-11-21,day,sherdog
8e68628967b9920b,James Irvin,1978-09-12,day,sherdog
484c83dce0ec8054,Steve Steinbeiss,1981-05-05,day,sherdog
e4eedec09eb93cb1,Keith Jardine,1975-10-31,day,wikidata
90ab2280e6f730f0,Josh Bryant,1980-04-23,day,sherdog
e82d9eed17fb4b14,Chuck Liddell,1969-12-17,day,wikidata
f966a99d0791c7b4,David Loiseau,1979-12-17,day,wikidata
c87b88ab025f17eb,Jesse Lennox,1982-03-10,day,sherdog
5a281ecf2377f825,Dan Lauzon,1988-03-30,day,sherdog
0bd00ae8b3539d59,Joe Brammer,1983-08-30,day,sherdog
1f71ea0e370d2b45,Jesse Forbes,1984-10-24,day,sherdog
2d883239d6a909a4,Paul Daley,1983-02-21,day,wikidata
648681e769190015,Kevin Ferguson,1974-02-08,day,wikidata
42fc1a6d327c7a94,Jonathan Goulet,1979-07-13,day,sherdog
13cc53e6e9057c87,Yoshiyuki Yoshida,1974-05-10,day,sherdog
0e1583638d7465ef,Renzo Gracie,1967-03-11,day,wikidata
79d9a83760535761,Brad Blackburn,1977-05-25,day,sherdog
06594882edcdbd64,Matt Veach,1981-05-31,day,sherdog
922abb12f676eae9,Mostapha Al-Turk,1973-07-14,day,sherdog
c6c9976cdbc48b02,Nate Quarry,1972-03-18,day,sherdog
82f9a9026c50c694,Ronys Torres,1986-08-13,day,sherdog
c920244eb65831d7,Rob Emerson,1981-07-30,day,sherdog
8952bf8b15d94b02,Caol Uno,1975-05-08,day,wikidata
867ead327f2b9b0d,Lucio Linhares,1973-11-08,day,wikidata
1e45716ba21dd991,Rory Markham,1982-03-25,day,sherdog
8ea4a79e681edfac,Paul Buentello,1974-01-16,day,sherdog
0288ecddd7032852,Shannon Gugerty,1981-12-30,day,sherdog
aabe54dfc86a25a8,Chase Gormley,1983-08-11,day,sherdog
aa6cc497bf0d7fed,Mark Coleman,1964-12-20,day,wikidata
37f3f34cf57d0194,Frank Trigg,1972-05-07,day,sherdog
a404f9759e008969,Justin Buchholz,1983-08-22,day,sherdog
849571af07ca8e30,Rolles Gracie,1978-07-14,day,sherdog
39270190e20c9e84,Kyle Bradley,1982-08-19,day,sherdog
b80602c582137cc1,Wilson Gouveia,1978-10-03,day,sherdog
37a64b4fce96980f,Shane Nelson,1983-11-30,day,sherdog
9fa664166ac556c3,Kevin Burns,1980-03-03,day,sherdog
95e54695de4b7c8f,Houston Alexander,1972-03-22,day,wikidata
a0cc96195b64aa09,Darrill Schoonover,1985-06-18,day,sherdog
7ac6a415d3f79f90,Justin Wren,1987-04-27,day,wikidata
ea3aa65260809983,Jake Rosholt,1982-09-02,day,sherdog
14cafec198ecd13d,Brock Larson,1977-08-23,day,sherdog
e533f1d6f08c6544,Jason Dent,1980-06-12,day,sherdog
44b0d8a8cfaed5fc,Denis Kang,1977-09-17,day,wikidata
8cdf08e5b0619387,Antoni Hardonk,1976-02-05,day,wikidata
f4f5d820727d0111,Razak Al-Hassan,1982-05-14,day,sherdog
acd1e1af435d1cd7,Hermes Franca,1974-08-26,day,wikidata
c39da331ae1fb5c6,Drew McFedries,1978-07-27,day,sherdog
e07bd7ac97d249dc,Roger Huerta,1983-05-20,day,sherdog
276449943d118f05,Chris Wilson,1977-06-07,day,sherdog
c0b25d6da4ada1a3,Justin McCully,1976-02-18,day,sherdog
737294bf3cb63b33,Marcus Aurelio,1973-08-18,day,sherdog
8dc68849a49d22de,Jake O'Brien,1984-09-25,day,sherdog
783c63d6e7d15285,Mike Ciesnolevicz,1979-10-28,day,sherdog
1874eb38cd2d9566,Frank Lester,1984-06-10,day,sherdog
a99c2aeeaf679094,Dale Hartt,1979-04-04,day,sherdog
a12af6a3519429fd,Denis Stojnic,1980-02-02,day,sherdog
0093db45b442209a,Xavier Foupa-Pokam,1982-03-07,day,sherdog
194fe7babbcf3a1b,Andre Gusmao,1977-05-19,day,sherdog
3562015073af54ef,Brandon Wolff,1975-10-18,day,sherdog
82f6e457486ac939,David Kaplan,1979-11-16,day,sherdog
24493a2ea8f998c9,David Bielkheden,1979-06-06,day,sherdog
41fbfa5393ce853c,Ryo Chonan,1976-10-08,day,wikidata
18907581352ffcfd,Carmelo Marrero,1981-01-26,day,sherdog
1486c737d0e4913c,Junie Browning,1985-05-12,day,sherdog
b082f2220ebdaea3,Matt Horwich,1978-02-10,day,sherdog
0ecc9d0067ae3d11,Nissen Osterneck,1981-05-01,day,sherdog
8e222c8214b6cdc5,Joe Vedepo,1983-01-01,day,sherdog
cff146ae7747d62f,Tim McKenzie,1981-07-21,day,sherdog
6391ee518b78255e,Pete Sell,1982-08-25,day,sherdog
f370e66c852108d5,Jason Day,1979-03-18,day,sherdog
f2bf0b6ffa5f14d5,Brian Cobb,1980-09-03,day,sherdog
b2fc233c6163bbe4,Per Eklund,1980-11-12,day,wikidata
06da25dae5f2f433,Neil Grove,1971-08-01,day,sherdog
694aa324f51e960b,Troy Mandaloniz,1980-02-01,day,sherdog
f7cce87c4f21f6ee,Luigi Fioravanti,1981-01-22,day,sherdog
eaf8a6968f99d6bb,Rich Clementi,1976-03-31,day,sherdog
ac7a358d3cf8d275,Steve Bruno,1981-11-03,day,sherdog
e8515da60f4f5943,Akihiro Gono,1974-10-07,day,sherdog
d93f006ec6e9145f,Christian Wellisch,1975-09-13,day,sherdog
ccf8057589cffc27,Matt Arroyo,1982-09-01,day,sherdog
2e593daaba8d55f5,Jeremy Horn,1975-08-25,day,wikidata
f480d9b31c5aa2a8,Alexandre Barros,1976-09-19,day,sherdog
0c086ac382aa5033,Antonio Mendes,1981-04-19,day,sherdog
b0c9cf5181e5857f,Nate Mohr,1983-03-03,day,sherdog
db9f7577ba1b9965,Dean Lister,1976-02-13,day,wikidata
e2799e233be63110,Mike Wessel,1977-12-02,day,sherdog
50349f9e303c0269,Reese Andy,1973-03-31,day,sherdog
c05a3ec39191b2b3,Dan Evensen,1974-06-01,day,wikidata
e56887e9af62853c,Nate Loughran,1980-07-28,day,sherdog
95fc7260a85f7dd0,Brodie Farber,1980-07-05,day,sherdog
9eb0ee637dbef2a2,Johnny Rees,1982-10-21,day,sherdog
b771cf11cf363bc4,Corey Hill,1978-10-03,day,sherdog
1d7788c8cfab25ca,Eddie Sanchez,1982-04-11,day,sherdog
a5a1bcf819a2f447,Josh Hendricks,1976-08-28,day,sherdog
abbe2a06da09a6b3,Jorge Gurgel,1977-01-25,day,wikidata
15dff9503eea5c24,Alvin Robinson,1982-07-16,day,sherdog
13493e7ddf9dcbcd,Ryan Thomas,1984-11-05,day,sherdog
c8eb50b5832a35b5,Rameau Thierry Sokoudjou,1984-04-18,day,wikidata
8843945d29ed9494,Jess Liaudin,1973-12-21,day,wikidata
9820ab70f70ae916,David Baron,1973-02-15,day,wikidata
e6df9774cd62ced9,Samy Schiavo,1975-12-24,day,wikidata
1602dea3a19b8a97,Brad Morris,1979-11-01,day,sherdog
9f738949ffdc8bf9,Jason Lambert,1977-09-23,day,sherdog
08cfd60676e55931,Heath Herring,1978-03-02,day,wikidata
7120dbf8ef6a1675,Luke Cummo,1980-04-27,day,sherdog
d165b8ec914dc7b4,James Giboo,1978-06-01,day,sherdog
29dfb6725f595e2c,Evan Tanner,1971-02-11,day,wikidata
0131e0d0ad4b68d0,Marvin Eastman,1969-06-28,day,wikidata
48881df60777cdec,Rob Yundt,1980-05-05,day,sherdog
85d28e10f8fe5bec,Ivan Salaverry,1971-01-11,day,sherdog
66ad11fbedaa4ce0,Kazuhiro Nakamura,1979-07-16,day,wikidata
9a1d5f892a1abb27,Jason Tan,1981-12-17,day,sherdog
6ccd85a4b3ce9d19,Travis Lutter,1973-05-12,day,sherdog
d145e546aa123fd4,Kalib Starnes,1975-01-06,day,sherdog
127f3f945fe8b1a0,Charles McCarthy,1980-08-06,day,sherdog
6547deacdbeae1c3,Kuniyoshi Hironaka,1976-06-17,day,sherdog
aa0d2c0745f0d508,Din Thomas,1976-09-28,day,sherdog
c436d219cb3e582a,Roman Mitichyan,1978-04-09,day,sherdog
d23df0f253222046,Tommy Speer,1984-08-20,day,wikidata
0d47c9fb72301e92,John Halverson,1972-09-08,day,sherdog
5de2a1006b967033,Tim Sylvia,1976-03-05,day,wikidata
578aab5787995193,David Heath,1976-10-02,day,sherdog
7615eda5fb1ff2f7,Terry Martin,1980-10-10,day,sherdog
1fade4b95a3ad5de,Alberto Crane,1976-07-14,day,sherdog
717b647f695eb42c,Joe Veres,1977-11-09,day,sherdog
3619442b3c88d575,Colin Robinson,1968-11-27,day,sherdog
44106d33ef9dda82,Jordan Radev,1976-03-04,day,sherdog
72aaef152ff358b9,Tony DeSouza,1974-07-26,day,wikidata
4570a1712494d823,Doug Evans,1980-10-10,day,sherdog
c87386fd44e85078,Luke Caudillo,1980-11-30,day,sherdog
7e513502794c8f2e,Jason Black,1972-08-15,day,wikidata
253d4fd684f95920,Diego Saraiva,1982-04-23,day,sherdog
2240f01830a91da0,Scott Junk,1978-12-17,day,sherdog
86dad05e6b1aac7c,Edilberto de Oliveira,1982-11-22,day,sherdog
f58651330295281f,Anthony Torres,1978-07-31,day,sherdog
2fc86142db9d0175,Renato Sobral,1975-09-07,day,wikidata
aa9c2ca695b67177,Mike Nickels,1971-12-13,day,sherdog
2ff8ecc5813cbd7a,Jason Gilliam,1972-10-31,day,sherdog
5c0749735c30bee5,Jens Pulver,1974-12-06,day,wikidata
f5e205c3777f3818,Andy Wang,1977-05-28,day,sherdog
e6eab00a250ce9fb,Allen Berube,1974-08-25,day,sherdog
1db6632c3739c8d7,Brian Geraghty,1980-11-04,day,sherdog
c0fc7855e7ba54ac,Hector Ramirez,1976-03-28,day,sherdog
59e3791a88159f84,Rory Singer,1976-05-28,day,sherdog
05b65d9b94ccb172,Scott Smith,1979-05-21,day,sherdog
f21872c3e006f708,Pete Spratt,1971-01-09,day,sherdog
4723c4de0a20b3d1,Chad Reiner,1981-06-29,day,sherdog
95ec85b9a3b8883b,Sean Salmon,1977-11-09,day,sherdog
188737e890dce912,Elvis Sinosic,1971-02-13,day,wikidata
f57b7e1b7a9f0c6f,Assuerio Silva,1974-06-18,day,sherdog
a96dd89392e45167,Victor Valimaki,1981-12-17,day,sherdog
d521a9d69a4cd2bf,Brad Imes,1978-05-06,day,sherdog
0fa1f85e79263eb2,Josh Haynes,1977-07-30,day,sherdog
9a5028a50b86a927,Dokonjonosuke Mishima,1972-04-19,day,sherdog
b23a2fbea6fc9cfc,Drew Fickett,1979-12-24,day,sherdog
26753faf6252be32,Sam Hoger,1980-06-28,day,sherdog
8c42217b2df7a6fe,Chris Price,1982-11-09,day,sherdog
bbbb5f92c066bbd5,Ross Pointon,1978-02-18,day,sherdog
9e9b8dc13cdbff42,Marcio Cruz,1978-04-24,day,wikidata
265c6ba38a6bea09,Jeff Joslin,1975-04-30,day,sherdog
3fd1a33078cc9246,Shonie Carter,1972-05-03,day,wikidata
71f56a4c96711691,Dave Menne,1974-07-29,day,wikidata
844bfe5c0548e094,Logan Clark,1985-02-16,day,sherdog
0ec7333ce7bcf593,Steve Byrnes,1979-08-26,day,sherdog
8a8be87c2723bb08,Jeff Monson,1971-01-18,day,wikidata
7ab70998420fb252,Edwin DeWees,1982-08-07,day,sherdog
d4dc28c91a3ebb60,Jeremy Jackson,1982-09-19,day,sherdog
bc2e9301514adade,Gideon Ray,1973-05-27,day,sherdog
44942e526557f00c,Ken Shamrock,1964-02-11,day,wikidata
a9f1e50e8695c37b,Crafton Wallace,1972-04-15,day,sherdog
826982cdcfca84d8,Danny Abbadi,1983-07-03,day,sherdog
91ac00eb111bd41e,Rob MacDonald,1978-09-05,day,sherdog
9a331ffc2f554829,Wes Combs,1973-06-18,day,sherdog
20d255ecdb33b817,Jason Von Flue,1975-08-01,day,sherdog
32c9522cd6f01851,Kristof Midoux,1972-07-30,day,sherdog
91270561aac360d4,Dan Christison,1972-04-26,day,sherdog
1edfe620b66b866e,Gilbert Aldana,1977-08-25,day,sherdog
630e9611cf44412d,Branden Lee Hinkle,1973-07-29,day,sherdog
efcba8c692e29a32,Kristian Rothaermel,1972-01-31,day,sherdog
286257469698708b,Justin Levens,1980-04-18,day,wikidata
5d4cb385ef1e1e3f,Solomon Hutcherson,1972-08-13,day,sherdog
355ab49f0689b39a,Royce Gracie,1966-12-12,day,wikidata
f04e23de18c5a77c,Fabiano Scherner,1972-06-30,day,sherdog
a7d83904826bc07d,Nick Thompson,1981-06-23,day,wikidata
e010423975675918,David Terrell,1978-01-09,day,sherdog
97fd3ed36529120a,Derrick Noble,1978-08-14,day,sherdog
a90156affb61e812,Ansar Chalangov,1979-10-30,day,sherdog
a8845b0d070de54f,Trevor Prangley,1972-08-24,day,wikidata
8d4070f777485cdd,Icho Larenas,1982-12-03,day,sherdog
ab4588e83a43ab0e,Justin Eilers,1978-06-28,day,sherdog
b211efcb9af00e8e,Mike van Arsdale,1965-06-20,day,sherdog
dc0016c4ee58289e,Alex Karalexis,1977-09-20,day,sherdog
08a4339520d9b713,Kevin Jordan,1970-12-31,day,sherdog
a3bcb202a4e21fc2,Jeff Newton,1966-12-11,day,sherdog
60cffa5f23018976,Kit Cope,1977-03-17,day,sherdog
e2ba5073126b715d,Kerry Schall,1971-08-09,day,sherdog
51212d1f07da2e2e,Ron Faircloth,1971-08-16,day,sherdog
dffb24ac2eec4204,Tra Telligman,1965-02-07,day,wikidata
8f05de8a22c7f6ba,Brian Gassaway,1972-08-07,day,sherdog
7725e8c0dd8eb142,Matt Lindland,1970-05-17,day,wikidata
8188c98adcaba490,Bill Mahood,1967-02-01,day,sherdog
a98e08b2147e26e5,Koji Oishi,1977-05-31,day,sherdog
d02b8ba81e2dc643,Travis Wiuff,1978-03-15,day,wikidata
c5d11d860d041710,Jason Thacker,1975-08-18,day,sherdog
6fe879e9990b430b,Chris Sanford,1968-03-12,day,wikidata
80d60b8c9dfe8b0c,Lodune Sincaid,1973-05-07,day,sherdog
6961ca4d8fefdb39,Alex Schoenauer,1976-05-05,day,sherdog
1e676d4ee9e43629,Josh Rafferty,1981-01-06,day,sherdog
2156e4524364f7c2,Mike Kyle,1980-03-31,day,sherdog
f23958aa4ccc7491,Renato Verissimo,1973-08-03,day,sherdog
d18a8ca30fec34d5,Tony Fryklund,1971-03-26,day,wikidata
58e56cf555ef3909,Vernon White,1971-12-03,day,wikidata
01d4ed2a8b222ebe,Ronald Jhun,1970-09-21,day,sherdog
9f18559d7bb99750,Kimo Leopoldo,1968-01-04,day,wikidata
0d97ee0a2b405e46,Curtis Stout,1973-11-07,day,sherdog
a566ab83a3523cf8,Tiki Ghosn,1977-02-09,day,sherdog
ce9b91cd83484edb,Wesley Correira,1978-11-11,day,sherdog
dda9bec87e4756aa,Wes Sims,1979-10-12,day,wikidata
c2c7d67653a364e1,Jonathan Wiezorek,1979-02-10,day,sherdog
00bf375a277f773b,Wade Shipp,1975-02-09,day,sherdog
59beeac79c44b320,Genki Sudo,1978-03-08,day,wikidata
9a7afa468c117369,Carlos Newton,1976-08-17,day,wikidata
24b8453ebfd1abaa,Lee Murray,1977-11-12,day,wikidata
c3354ca538952510,Falaniko Vitale,1974-07-14,day,sherdog
b757dff81d651f14,David Abbott,1965-04-26,day,wikidata
d38049999f432764,Pedro Rizzo,1974-05-03,day,wikidata
04d06251fd84db9a,Ricco Rodriguez,1977-08-19,day,wikidata
edcfc589b82ed25e,Keith Rockel,1965-08-28,day,sherdog
9d8aaac375a93632,Nick Agallar,1979-01-13,day,sherdog
331d51d0365fbe04,Gan McGee,1976-11-20,day,sherdog
31b8a26fd1cf66f5,Dave Strasser,1969-07-13,day,sherdog
85259ff15a4256ae,Gerald Strebendt,1979-03-01,day,sherdog
cf90e2c0cd3a7e76,Ian Freeman,1970-12-31,day,sherdog
ecbee9ffbf2f4e3c,Eddie Ruiz,1967-06-10,day,sherdog
19164a60dd87b4c0,Romie Aram,1977-12-02,day,sherdog
5e57c20997460532,Sean Alvarez,1971-07-14,day,sherdog
84c4441be234c80c,Mark Weir,1967-09-19,day,sherdog
ed84890337908834,Alexandre Dantas,1979-01-03,day,sherdog
dc09397386804f7e,Gil Castillo,1965-10-21,day,sherdog
a8cc42cc9886b1b7,Phillip Miller,1979-02-20,day,sherdog
12d285111a8c7d9a,Benji Radach,1979-04-05,day,sherdog
052de29c49ffccbb,Eugene Jackson,1966-09-23,day,sherdog
2e0d8fd7f2fca534,Chris Haseman,1969-06-02,day,sherdog
656692cf9635eb01,Nick Serra,1978-03-27,day,sherdog
6bd1950bd1b718bb,Zach Light,1974-02-06,day,sherdog
b47b9c95b278faf7,Steve Berger,1973-05-20,day,sherdog
5f8e3e08e90b23d7,Rodrigo Ruas,1977-10-06,day,sherdog
80d8328c705761d1,Murilo Bustamante,1966-07-30,day,wikidata
5038857be52629b9,Amar Suloev,1976-01-07,day,wikidata
2f1fbc2bd6de77d9,Andrei Semenov,1977-06-17,day,sherdog
1305cdcfcb205185,Hayato Sakurai,1975-08-24,day,wikidata
3cdca0c0fa76341b,Pat Miletich,1966-03-09,day,wikidata
fb8f469d4c386fa4,Pete Williams,1975-07-10,day,sherdog
c84fb2e9db592a95,Kelly Dullanty,1977-07-04,day,sherdog
5402a0a4e11a6813,Jutaro Nakao,1970-11-30,day,sherdog
7d04b5b8f64139d3,Kevin Randleman,1971-08-10,day,wikidata
737ff3e4e61a7d52,Chris Brennan,1971-10-12,day,sherdog
cf8251dca1212160,Bobby Hoffman,1966-10-28,day,sherdog
00ec09680e8ba710,Homer Moore,1971-11-12,day,sherdog
2b61ff8dd7ec1825,Roberto Traven,1968-09-16,day,sherdog
bea28cb0a7cfa3d8,Fabiano Iha,1970-07-28,day,sherdog
513026b79b532216,Semmy Schilt,1973-10-27,day,wikidata
9c6e628282bba41d,Yuki Kondo,1975-07-17,day,wikidata
97ebf501a8e6f7da,Phil Johns,1969-12-31,day,sherdog
caa1f3f8ab1b4585,Kenichi Yamamoto,1976-07-11,day,sherdog
0686f6bca076b4ea,Yoji Anjo,1969-12-31,day,sherdog
cfa35fb65101b67f,Daiju Takase,1978-04-20,day,wikidata
5afd2445175ea405,Lance Gibson,1970-11-20,day,sherdog
f058482fa10f328a,Maurice Smith,1961-12-13,day,wikidata
33b43a20e1bd22ec,Aaron Brink,1974-11-12,day,sherdog
2299078570f14b8d,John Lewis,1969-07-16,day,sherdog
20f827af55a418f7,Mark Hughes,1973-10-13,day,sherdog
cc493f3eb5b9a1a4,Dan Severn,1958-06-08,day,wikidata
87ac809ea766d308,Laverne Clark,1973-12-02,day,sherdog
d4e7a0bcbb7c18d7,Tedd Williams,1969-12-19,day,sherdog
6fe93e117186c430,Tim Lajcik,1965-06-21,day,sherdog
b01bd4976d857ec8,CJ Fernandes,1977-11-13,day,sherdog
93bbab33e0c53fb1,David Dodd,1973-09-22,day,sherdog
22d1db20d8c3e814,Amaury Bitetti,1969-04-14,day,sherdog
98e8c0a8c7cdd75f,Marcelo Aguiar,1969-01-20,day,sherdog
f4b6d62b875b8ac7,Nate Schroeder,1973-06-02,day,sherdog
6573f2fb171fbdd2,Ron Waterman,1965-11-23,day,sherdog
bec053c0a1282d6c,Ikuhisa Minowa,1976-01-12,day,wikidata
bf3b4a5f80455c1e,Joe Slick,1977-10-17,day,sherdog
00277456aae6fb7b,Jermaine Andre,1973-07-16,day,sherdog
da1c2b52c11b568d,Katsuhisa Fujii,1972-08-15,day,sherdog
9ffa3b7c33288953,Jason DeLucia,1969-07-24,day,sherdog
22fe7fa0f9676d3c,Frank Shamrock,1972-12-08,day,wikidata
40acd2ff6a677e72,Jason Godsey,1964-01-01,day,sherdog
4ff8f5a47a8043ec,Brad Kohler,1964-05-26,day,sherdog
76af84085f5ecc6c,Paul Jones,1963-02-10,day,sherdog
3ecb8f16e55dba36,Marco Ruas,1961-01-23,day,wikidata
49ba0e8c91983725,Andre Pederneiras,1967-03-22,day,sherdog
a9f5a35571e9e274,Royce Alger,1965-03-06,day,wikidata
a15ab587d8691f6f,Andre Roberts,1965-02-24,day,sherdog
eea9b108dcdcc779,Travis Fulton,1977-05-29,day,wikidata
25b3bef60034ca70,Bas Rutten,1965-02-24,day,wikidata
4c253d11bd83253e,Guy Mezger,1968-01-01,day,sherdog
4dd09787344596a9,Gary Goodridge,1966-01-17,day,wikidata
0c603cfd98e2841b,Jerry Bohlander,1974-02-12,day,wikidata
3b1959e0324182c2,Mikey Burnett,1974-04-12,day,sherdog
41ab1ef4a4cf6c9b,Townsend Saunders,1967-04-20,day,wikidata
549a0e3c8d5b56f1,Hugo Duarte,1968-08-09,day,wikidata
a30def9df6a04c4b,Harry Moskowitz,1968-07-16,day,sherdog
11981173ae1ff39f,Igor Zinoviev,1966-05-23,day,sherdog
b2e2aeb12a7fca98,Kevin Jackson,1964-11-22,day,wikidata
8e102b206c7fad33,Kazushi Sakuraba,1968-07-14,day,wikidata
50719a1c09cb0cda,Joe Charles,1958-07-16,day,sherdog
901b31354c4a6885,Mark Kerr,1968-12-21,day,wikidata
41f84b2aa711eedb,Dave Beneteau,1968-07-16,day,sherdog
6cd9ac94ac3c4d4f,Carlos Barreto,1968-07-22,day,wikidata
01709e122602b35d,Dan Bobish,1970-01-26,day,sherdog
136c810df4337cff,Brian Johnston,1968-07-28,day,sherdog
d841c91f418b2e1a,Moti Horenstein,1964-03-23,day,sherdog
15136eeb48ba2b62,Joe Moreira,1961-07-03,day,sherdog
f86e9e42d5b5f3bf,Tony Halme,1963-01-06,day,wikidata
1800b348dccaa0d4,Enson Inoue,1967-04-15,day,wikidata
d7d1d9d5c5f554aa,Scott Ferrozzo,1965-04-26,day,sherdog
6a226162ef1efb05,Nick Sanzo,1963-01-16,day,sherdog
9e36933ae52683b9,Don Frye,1965-11-23,day,wikidata
cf72fdfece028678,Mark Hall,1961-03-03,day,sherdog
7fb6023072170fc1,Paul Varelans,1969-09-17,day,sherdog
2f79b0c943753b28,Cal Worsham,1963-06-11,day,sherdog
f57a233ec7585dd6,Sam Adkins,1965-04-26,day,sherdog
0904ae249ff2c1ee,Koji Kitao,1963-08-12,day,wikidata
b8fcb0ab380ad520,Zane Frazier,1966-07-16,day,wikidata
418c34747793bb23,Oleg Taktarov,1967-08-26,day,wikidata
4f490e01ed8b3d6f,Keith Hackney,1958-04-15,day,sherdog
bd3369ea8af1fcb7,Steve Jennum,1963-09-23,day,sherdog
58b1b31ed7d18555,Scott Bessac,1965-10-05,day,sherdog
d915c4f52338fa11,Remco Pardoel,1969-05-13,day,wikidata
c1c7b5a04c87da3b,Anthony Macias,1969-07-16,day,sherdog
81443dd1a36b0b96,Patrick Smith,1963-08-28,day,sherdog
8356c85f3cb46e69,Todd Medina,1970-04-30,day,sherdog
78b9cb9830d89448,Joe Son,1970-11-22,day,wikidata
fee9bad1a2806d7c,Emmanuel Yarborough,1964-09-05,day,wikidata
ecc1a642a032189e,Orlando Wiet,1965-10-24,day,sherdog