fmId,name,proDebutDate,proRecord,fmCombatAge
203432,A.J. Agazarm,2019-01-26,3-2-0,
161593,A.J. Cunningham,2018-08-18,11-5-0,
106614,A.J. Dobson,2016-06-25,7-3-0,
189457,A.J. Fletcher,2019-05-11,10-5-0,
42710,A.J. Matthews,2007-03-31,9-9-0,
145313,A.J. McKee,2015-04-10,25-2-0,37
156014,A.J. Nichols,2017-04-14,7-2-1,
126013,A.J. Robb,2017-07-08,6-6-0,0
91547,A.J. Siscoe,2015-04-18,3-4-0,
195354,A.T. McCowin,2018-08-25,9-6-1,42
97466,Aalon Cruz,2013-11-08,11-5-0,
86744,Aaron Aby,2013-06-01,19-11-1,50
199627,Aaron Armijo,2019-08-23,0-1-0,
248340,Aaron Beltran,2024-06-22,4-2-0,
111579,Aaron Bush,2016-04-02,5-2-0,
173992,Aaron Chalmers,2017-05-12,5-2-0,
189120,Aaron Chambers,2018-08-25,5-3-0,
3288,Aaron Davis,2007-05-05,10-7-0,
48703,Aaron Derrow,2009-05-09,14-11-0,
196556,Aaron Garza,2018-07-06,1-3-0,
80183,Aaron Gomez,2014-09-06,4-4-0,
153583,Aaron Hughes,2021-04-02,6-9-0,
112202,Aaron Jeffery,2014-10-11,17-6-0,41
119362,Aaron Johnson,2015-06-12,7-5-0,
118741,Aaron Khalid,2013-04-21,10-7-1,
165637,Aaron La Farge,2017-06-10,5-4-0,
140022,Aaron Laleye,2017-06-03,3-7-0,
199750,Aaron Lee,2015-02-21,0-3-0,
281161,Aaron McDaniel,2024-12-14,1-2-0,
200942,Aaron McDonald,2023-08-12,4-4-0,
104874,Aaron McKenzie,2015-09-26,12-2-1,40
3789,Aaron Miller,2007-08-11,15-10-0,
248405,Aaron Patterson,2021-10-30,1-1-0,
245677,Aaron Peterson,2023-04-07,2-1-0,0
187308,Aaron Phillips,2018-09-19,9-10-0,42
171972,Aaron Pico,2017-06-24,14-5-0,35
211537,Aaron Reese,2019-09-07,2-3-0,
91436,Aaron Reeves,2014-01-31,7-2-0,
177002,Aaron Rodriguez,2017-07-14,0-1-0,
27030,Aaron Rosa,2005-11-05,18-7-0,
162142,Aaron Tau,2019-03-30,11-1-0,33
144519,Aaron Towns,2025-04-19,1-1-0,
169380,Aaron Ulroan,2016-06-11,3-7-0,
161595,Aaron Vickers,2017-06-10,4-5-0,
164488,Aaron Walker,2022-11-19,1-2-0,
253799,Aaron Ward,2024-10-25,5-2-0,
146905,Aaron Webb,2017-07-08,4-5-0,
201818,Aarti Khatri,2019-03-31,7-1-0,30
178847,Aasin Liberato,2022-04-23,1-1-0,
196867,Abanoub Fares,2022-07-22,0-1-0,
223537,Abbas Abasov,2022-11-05,6-1-0,28
167365,Abbas Khan,2020-11-05,9-5-0,37
233714,Abdallah Mohamed,2020-09-25,5-2-0,0
261922,Abdamizonda Saidkhumoyun,2022-06-18,0-1-0,
178500,Abdel Rahmane Driai,2017-06-17,9-4-0,
212599,Abdelah Er-Ramy,2019-06-28,7-2-0,
225449,Abdelghani Saber,2019-11-29,13-3-1,
235753,Abdelhak Amhidra,2021-01-22,1-2-0,
316051,Abdelilah Azzouzi,2024-12-13,0-1-0,
247215,Abdelkrim Zouad,2021-10-02,8-2-0,0
137887,Abdelmoumen Mssaate,2014-10-04,8-5-0,35
274835,Abdelrahman Alhyasat,2023-02-26,5-0-0,0
279359,Abdelwahab Masharki,2021-11-26,3-5-1,
270345,Abderrahman Errachidy,2022-09-02,5-2-0,24
151388,Abdi Farah,2016-07-09,4-5-0,
177838,Abdiel Caballero,2017-07-22,0-4-0,
298220,Abdikabyl Kaldar,2021-11-27,6-5-0,
155017,Abdisalam Kubanychbek,2015-11-11,24-3-0,38
204653,Abdou Kadirr Sowe,2019-05-19,4-6-0,
167661,Abdoul Abdouraguimov,2016-11-26,20-1-0,33
116835,Abdul Azim Badakhshi,2013-06-07,15-5-0,0
171694,Abdul Elwahab Saeed,2015-07-31,7-9-1,
154001,Abdul Hussein,2016-11-26,16-2-0,30
141787,Abdul Kader Souane,2014-12-15,1-2-1,
150534,Abdul Kamara,2019-02-23,11-2-0,0
199844,Abdul Karim Badakhshi,2018-04-12,8-4-0,31
108328,Abdul Muneer,2012-12-07,6-3-0,
87619,Abdul-Aziz Abdulvakhabov,2011-09-26,22-2-0,43
103420,Abdul-Kareem Al-Selwady,2012-09-07,16-4-0,37
129261,Abdul-Rakhman Dudaev,2012-03-18,34-10-0,0
248301,Abdul-Rakhman Yakhyaev,2021-11-12,10-0-0,25
182197,Abdula Aliev,2017-07-22,11-1-0,
151467,Abdulatip Magomedov,2014-08-10,10-2-0,
236099,Abdulaziz Datsilaev,2020-12-19,5-2-0,26
155661,Abdulla Al Bousheiri,2016-05-26,12-6-0,0
244909,Abdulla Aldabal,2021-09-03,2-0-0,
210313,Abdulla Alyaqoob,2021-03-18,5-0-0,
346386,Abdulla Safaralizoda,2019-06-29,0-1-0,
185705,Abdullah Al-Qahtani,2018-04-05,10-2-0,
156418,Abdullah Mohammad Ali,2016-01-25,3-3-0,
154367,Abdullah Saidov,2015-11-21,0-2-0,
282292,Abdullah Sultani,2023-08-26,4-3-0,25
243736,Abdullo Khodzhaev,2021-06-05,8-1-0,26
270600,Abdulmalik Malikov,2022-09-25,3-1-0,
181787,Abdulmanap Magomedov,2020-09-17,5-2-0,
84908,Abdulmutalib Gairbekov,2011-07-16,20-4-1,0
244906,Abdulrahman Thaer Taha,2021-09-03,1-1-0,
88593,Abdulsupyan Alikhanov,2010-10-24,13-3-0,
219599,Abdurahman Nasrutdinov,2021-03-06,5-1-0,0
196562,Abdurakhman Alimagomedov,2016-07-25,14-1-0,29
199467,Abdurakhman Gafurov,2018-07-20,7-4-0,31
267003,Abdurakhman Umirzakov,2022-08-10,7-3-0,0
167564,Abdurakhmon Fazilov,2016-08-10,6-1-0,
158768,Abdusamad Sangov,2013-04-24,18-4-1,
15741,Abe Pitrowski,2008-02-29,6-3-0,
88744,Abel Brites,2011-10-29,13-9-0,
217415,Abigail Montes,2019-09-27,4-5-0,
172892,Abner Ferreira Rodrigues,2017-12-17,4-3-0,
186367,Abner Hernandez,2018-04-06,0-1-0,
23664,Abner Lloveras,2004-08-22,22-17-1,67
236292,Abolfazl Mehrazaran,2021-01-08,5-3-0,
274834,Abood AlQaisi,2023-02-26,2-2-0,
157208,Aboubakar Tounkara,2016-02-26,12-7-0,45
274585,Aboubakeur Houari,2022-12-22,2-3-0,
126051,Abraham Arellano,2015-08-01,4-5-0,
144122,Abraham Ayala,2023-09-29,2-1-1,
231192,Abraham Bably,2021-12-04,8-3-0,31
179837,Abraham Canavati,2015-03-27,11-7-0,34
244516,Abraham Charles,2023-09-15,2-2-0,
264930,Abraham Del Toro,2025-01-10,3-2-0,0
221866,Abraham Racho,2021-10-23,4-1-0,0
101129,Abraham Vaesau,2017-01-07,6-3-0,
193573,Abram Sellers,2019-05-18,6-5-0,
198308,Abril Anguiano,2019-02-22,7-5-0,30
225818,Abrobek Madaminbekov,2020-02-07,1-1-0,
208830,Abu-Muslim Alikhanov,2019-05-01,8-1-0,30
338735,Abudourexiti Sikandaer,2025-09-19,1-0-0,
315175,Abulimiti Abudoureheman,2023-08-26,5-1-0,22
61970,Abus Magomedov,2010-02-26,29-7-1,41
203903,Abusupiyan Alikhanov,2022-10-22,1-0-0,
112054,Acacio dos Santos,2013-08-10,17-6-0,41
70138,Achilles Estremadura,2015-05-30,8-1-0,
270460,Achterson Rumainum,2022-11-26,0-1-0,
78121,Acoidan Duque,2009-11-07,22-5-0,0
134309,Adailton Pereira,2014-05-01,1-2-0,
163800,Adalto Soares de Oliveira Neto,2016-08-06,6-2-1,
96926,Adam Acquaviva,2014-02-28,6-4-0,
205170,Adam Amado,2021-09-16,3-4-0,32
140025,Adam Amarasinghe,2017-10-14,7-3-0,
8922,Adam Antolin,2008-02-01,15-6-0,
88093,Adam Assenza,2011-10-14,19-10-1,48
146879,Adam Borics,2014-08-01,20-4-0,39
82026,Adam Boussif,2012-10-28,11-7-0,
128270,Adam Bramhald,2015-12-05,15-3-0,32
87478,Adam Cella,2011-09-16,10-10-0,
119293,Adam Cook,2013-11-30,7-3-0,
154920,Adam De Freitas,2019-06-15,2-3-0,
151291,Adam Fugitt,2016-10-08,10-6-0,43
271604,Adam Garcia,2022-10-27,2-5-0,
132774,Adam Gustab,2014-05-17,6-5-0,
148089,Adam Horvath,2015-05-30,13-10-0,
173864,Adam Kehr,2020-02-08,6-4-0,
181538,Adam Keresh,2016-12-20,5-1-0,
183726,Adam Laguna,2017-11-04,8-2-0,
240383,Adam Livingston,2022-09-10,7-1-0,24
24611,Adam Maciejewski,2003-10-12,13-7-1,
38698,Adam Martinez,2015-01-09,9-7-0,
203786,Adam Meskini,2019-01-26,11-3-0,33
177402,Adam Mink,2017-09-01,0-1-0,
111418,Adam Ortiz,2022-05-14,5-4-0,
200791,Adam Palasz,2018-10-12,11-5-0,0
123607,Adam Piccolotti,2013-11-02,15-6-0,
269279,Adam Poulin,2025-03-22,2-2-0,
128394,Adam Proctor,2014-11-29,12-2-0,
60683,Adam Quitt,2009-04-25,1-5-0,
43125,Adam Sepulveda,2007-04-28,4-3-0,
19300,Adam Sindelar,2008-05-25,8-12-0,
80114,Adam Smith,2012-08-19,11-12-0,
77496,Adam Stroup,2012-02-24,14-5-0,
100968,Adam Townsend,2012-07-14,19-8-0,
66428,Adam Vigil,2017-02-18,12-2-0,37
153643,Adam Wamsley,2018-10-06,4-4-0,
41630,Adam Ward,2008-04-09,18-13-0,
121924,Adam Wilson,2017-11-18,5-3-0,
219249,Adamu Isah,2022-04-08,5-2-0,31
170252,Adan Adame,2019-08-31,2-1-0,
159944,Adarius Diamond,2026-05-31,0-1-0,
128685,Adel Altamimi,2014-10-30,8-7-0,
218939,Adel Ibrahim,2020-11-07,3-2-0,
305988,Adelibayi Bahezhuli,2024-06-24,5-1-0,0
308847,Adem Khalilov,2024-09-01,1-2-0,
78148,Adem Mujakic,2011-01-22,12-18-0,
208079,Adham Mohamed,2015-12-18,11-7-0,33
104505,Adi Alic,2012-10-20,9-4-0,
189729,Adi Paryanto,2016-04-02,5-3-0,
282177,Adigozel Guliyev,2023-05-14,3-1-0,28
123813,Adil Benjilany,2015-09-25,6-3-0,
248110,Adil Kaya,2021-07-03,0-1-0,
214798,Adil Tleugazin,2019-08-24,1-1-0,
233950,Adilet Kubanychbek Uulu,2020-08-31,0-2-0,
207991,Adilet Nurmatov,2019-02-10,15-3-0,32
147392,Adilson Ramos Silva,2015-05-23,10-10-0,49
294195,Adilson Souza,2023-12-08,0-2-0,
89842,Adin Duenas,2013-08-24,6-2-0,
202686,Adis Taalaybek,2018-06-22,9-7-2,35
162438,Adland Benson,2022-04-23,6-5-0,
122612,Adli Edwards,2016-10-29,9-3-0,
107787,Adonilton Matos,2012-03-17,27-14-0,52
137871,Adrian Biniecki,2014-11-07,0-4-0,
218194,Adrian Garcia,2019-02-16,10-4-1,33
209864,Adrian Gralak,2019-12-13,6-4-0,
160254,Adrian Guzman,2017-03-10,6-4-0,
106637,Adrian Hadribeaj,2014-06-21,13-2-0,
164478,Adrian Haly,2019-09-07,3-5-0,
211679,Adrian Hamerski,2021-06-04,4-3-0,
121588,Adrian Kepa,2013-10-05,12-11-0,0
177221,Adrian Luna Martinetti,2014-10-25,17-2-0,34
268942,Adrian Martinez,2024-08-31,0-2-0,
224319,Adrian Munoz,2025-02-21,0-1-0,
135288,Adrian Najera,2017-10-07,2-1-0,
201434,Adrian Quevedo,2022-02-19,7-4-0,30
257163,Adrian Segovia,2025-03-22,2-1-0,
151958,Adrian Thomas,2017-04-01,2-2-0,
88422,Adrian Yanez,2014-03-14,18-6-1,39
136772,Adriano Capitulino,2013-12-07,9-5-0,
89831,Adriano Carlos Gonsalves,2010-11-27,8-3-0,
297128,Adriano Conceicao,2023-12-15,1-2-0,
21870,Adriano Martins,2004-03-07,29-13-0,
86808,Adriano Moraes,2011-09-04,22-6-0,48
119025,Adriano Rodrigues de Oliveira,2013-05-15,18-7-1,
237027,Adriele Castro,2022-07-23,3-3-0,26
21489,Adrienna Jenkins,2004-01-16,19-6-0,
223283,Adryan Grundy,2023-07-14,3-2-0,
238373,Aeneas Renfrow,2024-06-22,0-1-0,
338743,Aererpo Aererpo,2025-09-19,0-1-0,
104713,Aga Niedzwiedz,2012-10-26,10-1-0,
275484,Agata Lucas,2023-03-17,4-1-0,
231990,Agil Akhmedov,2020-08-21,5-4-0,0
124903,Agilan Thani,2013-12-07,16-12-0,39
115382,Ago Huskic,2015-06-19,9-7-0,
66477,Agshin Babaev,2007-07-08,23-12-0,
73834,Agustin Delarmino,2009-06-20,8-5-0,
153152,Agy Sardari,2014-05-04,21-6-0,41
118117,Ahmad Al Darmaki,2013-03-07,2-6-0,
174655,Ahmad Halimson,2017-05-27,8-4-1,0
141788,Ahmad Makki,2014-12-15,2-3-1,
188959,Ahmad Sohail Hassanzada,2016-04-08,11-3-0,
189730,Ahmad Sopiyan,2018-05-11,7-7-0,
138161,Ahmed Amir,2011-01-24,12-5-1,
102509,Ahmed Faress,2011-01-24,22-9-0,42
156280,Ahmed Labban,2014-11-30,13-7-0,0
247622,Ahmed Omarov,2021-11-06,0-1-0,
131080,Ahmed Saeb,2013-02-15,5-8-0,
143064,Ahmed Sami,2013-11-09,12-5-0,35
185115,Ahmed Sherif,2023-03-19,0-1-0,
242057,Ahmed Shishani,2024-01-21,0-1-0,
233633,Ahmed Tarek,2022-07-22,7-2-0,28
152466,Ahmed Tijani Shehu,2020-09-25,0-1-0,
102096,Ahmed Vila,2012-08-03,12-8-1,39
189725,Ahmed White,2018-05-12,0-1-0,
126540,Ahmet Kayretli,2013-10-26,13-6-0,42
248098,Ahmet Rasim Pala,2021-07-03,8-7-0,41
231046,Ahmet Simsek,2020-01-18,6-4-0,
204616,Ahouzi Kouame,2020-08-01,1-5-0,
87819,Ahsan Abdullah,2012-08-03,9-12-0,
166895,Ai Shimizu,2016-11-13,7-1-0,
158223,Aibek Nurseit,2016-03-05,8-3-1,
115386,Aidan Aguilera,2014-04-26,10-8-0,
136781,Aidan James,2017-04-30,5-3-0,
76104,Aidan Stephen,2016-05-28,12-6-0,38
193780,Aiden Ingram,2022-07-15,4-1-0,28
121923,Aiden Lee,2015-04-25,15-11-0,39
108146,Aiemann Zahabi,2012-11-30,14-3-0,42
221155,Aieza Ramos Bertolso,2023-05-27,7-0-0,25
96899,Aigun Akhmedov,2012-01-30,23-5-0,
338738,Ainiwaer Ailiyaer,2025-09-19,2-1-0,0
233147,Aira Koga,2021-07-18,7-3-1,
178688,Aireon Tavarres,2022-05-07,7-5-0,0
239009,Airu Okumura,2024-10-20,2-2-0,
204583,Aitana Alvarez,2020-10-10,10-9-0,36
230713,Aito Tanimura,2020-06-27,1-4-0,
245770,Aivaz Aidinov,2021-06-26,8-2-0,
283693,Aizezi Damolamu,2023-07-25,8-8-0,
338739,Aizimujiang Sailikenuer,2025-09-19,0-1-0,
235883,Akbar Baktybek Uulu,2020-08-31,3-3-0,
248320,Akbarjon Islomboev,2020-10-18,11-2-0,29
166301,Akeela Al-Hameed,2018-01-13,0-1-0,
182014,Akeem Lewis,2018-10-06,3-1-0,30
141355,Akenbieke Ayijiake,2014-09-18,20-23-1,
159535,Akhliddin Mirzadavlatov,2015-12-24,13-2-1,
206048,Akhmed Akhriev,2018-09-23,7-0-0,
180993,Akhmed Fararzha,2017-07-08,8-2-0,
184708,Akhmed Magomedov,2017-04-22,11-2-0,32
157044,Akhmed Musakaev,2016-02-21,12-4-0,
148362,Akhmed Shervaniev,2014-11-02,16-1-1,
127699,Akihiko Noda,2023-06-18,0-2-0,
114041,Akihiko Sugai,2016-11-06,8-6-3,
1204,Akihiro Gono,1994-04-23,38-24-8,88
118777,Akihiro Izumi,2013-09-01,6-6-0,
14711,Akihiro Murayama,2003-10-25,25-15-9,68
275533,Akio Goto,2023-05-28,0-3-1,
126886,Akira Enomoto,2015-05-30,9-9-0,
297824,Akira Hirata,2024-02-25,2-3-0,
65109,Akira Okada,2010-04-24,19-11-4,
125868,Akira Takano,2014-06-28,7-2-2,
255215,Akitaka Uto,2022-04-24,7-4-0,26
25002,Akiyo Nishiura,2004-10-03,14-10-1,
147331,Akonne Wanliss,2018-06-28,8-3-0,
293203,Akram Nasri,2023-11-03,4-1-0,
175606,Aktore Batyrbekov,2017-05-20,7-3-0,
104028,Akuri Ronda,2015-10-04,6-7-1,
143061,Al Hassan Abo Ali,2013-11-09,8-7-0,
153565,Al Matavao,2015-03-04,15-7-0,37
176900,Al Savea,2018-06-23,4-0-0,
302120,Aladdin Valiev,2024-04-20,5-2-1,0
263504,Alain Majorique,2023-05-26,6-2-0,37
128084,Alan Almeida,2012-12-08,2-5-0,
160187,Alan Alves Vieira,2016-04-10,3-7-0,
47821,Alan Arzeno,2009-02-14,7-10-0,
233771,Alan Balaev,2020-10-24,2-1-0,
214948,Alan Benson,2019-03-23,1-3-0,
145361,Alan Brykalski,2019-03-09,2-3-0,
126069,Alan Cantu,2013-06-15,10-10-0,0
17640,Alan Carlos,2007-06-03,13-12-0,
179844,Alan Castro,2017-07-15,6-7-0,34
179847,Alan Fernando Perez,2017-07-15,4-2-0,
162473,Alan Gabriel,2000-12-06,13-11-0,34
161618,Alan Hartley,2016-06-17,5-5-0,
3659,Alan Omer,2006-10-14,25-5-0,
189332,Alan Ribeiro,2018-12-21,5-3-0,27
231326,Alan Salamov,2021-03-23,8-0-0,26
154809,Alan Sebastian,2014-10-24,1-0-0,
181297,Alan Silva,2017-11-04,21-14-1,49
172891,Alan Vieira,2017-07-08,3-5-0,
151109,Alan Villalba,2015-07-18,22-9-0,37
65509,Alan Yamaniha,2009-11-22,22-11-4,
251321,Alana Cook,2022-01-15,6-2-0,0
245113,Alana McLaughlin,2021-09-10,1-0-0,
203861,Alandria Rosales,2021-05-14,3-4-0,
184782,Alannah Arnett,2021-04-02,0-2-0,
172388,Albaraa Atmeh,2021-08-15,5-2-0,29
88917,Albert Duraev,2011-09-28,16-5-0,
172934,Albert Gonzales,2018-12-07,3-8-0,
214696,Albert Kocerba,2018-11-17,4-2-0,
188866,Albert Mallakurbanov,2017-07-02,7-2-0,
128883,Albert Morales,2015-01-16,19-11-1,46
86497,Albert Tadevosyan,2014-04-06,15-4-1,38
77669,Albert Tapia,2014-01-23,5-8-0,
128246,Alberth Dias,2012-11-30,6-6-0,
181602,Alberto Blas,2017-11-17,3-4-0,
79312,Alberto Emiliano Pereira,2011-02-27,13-4-0,
127487,Alberto Garcia,2021-10-02,3-2-0,
5956,Alberto Martinez Jr.,2007-07-21,5-3-0,
246869,Alberto Mendez,2021-08-28,0-2-0,
175560,Alberto Montes,2012-08-25,12-2-0,32
134870,Alberto Orellano,2013-05-30,9-5-0,
192768,Alberto Pasos,2018-06-09,5-6-0,
190247,Alberto Rodriguez,2019-09-20,5-3-0,
2249,Alberto Rodriguez,2001-08-18,9-6-0,
174811,Alberto Trujillo,2017-09-03,9-6-0,
29161,Albino Negrao,2008-08-28,9-11-1,
111413,Alcides Nunes,2012-08-25,8-2-0,
188586,Aldair Romero,2016-12-10,1-3-0,
149433,Alden Coria,2019-08-23,13-3-0,32
188206,Aldo Abad,2018-05-05,1-0-0,
116280,Aldo Ariel Villalba,2010-06-11,6-9-0,
140646,Aldo Pereira,2014-11-22,13-11-2,40
173507,Aleandro Caetano,2012-01-21,23-9-1,
107866,Alec Hooben,2013-06-14,5-5-0,
111864,Alec Williams,2013-08-03,7-3-0,
161064,Aleczander Castilhos,2016-06-11,3-3-0,
264049,Aledre Bracey,2023-04-13,2-8-0,
261487,Alefe Monteiro dos Santos,2022-04-28,3-2-0,
208384,Alejandra Fernandez,2021-12-09,4-2-0,0
134648,Alejandra Lara,2011-12-10,12-10-0,40
174124,Alejandra Orozco,2017-05-04,3-8-0,
134680,Alejandro Abomohor,2012-06-25,8-5-0,
18043,Alejandro Baez,2008-04-19,11-13-1,
179846,Alejandro Chino Castillo,2017-07-15,0-2-0,
147439,Alejandro Corrales,2019-05-04,9-4-0,38
231224,Alejandro Cristerna,2014-10-24,0-0-1,
126053,Alejandro Flores,2013-10-05,25-4-0,40
223925,Alejandro Garza,2014-11-29,0-2-0,
193281,Alejandro Gavidia,2019-04-12,7-5-0,40
160343,Alejandro Gonzalez,2016-06-17,7-4-0,
241979,Alejandro Gutierrez,2023-03-11,4-2-0,0
126056,Alejandro Luna,2013-06-15,1-2-0,
150533,Alejandro Martinez,2013-05-29,13-6-1,
25341,Alejandro Perez,2005-07-17,25-9-1,
137168,Alejandro Salazar,2014-09-20,0-3-0,
186715,Alejandro Sanchez,2018-03-31,16-5-0,38
43055,Alejandro Solano Rodriguez,2005-12-02,29-16-0,
115664,Alejandro Solorzano,2013-03-23,8-6-0,
102703,Alejandro Velasquez,2011-10-28,5-5-0,
102200,Alejo Sosa,2011-10-15,11-11-1,
162327,Aleksa Camur,2017-09-16,6-3-0,
133779,Aleksandar Ilic,2014-06-14,18-8-0,43
87364,Aleksandar Rakas,2011-02-20,17-9-0,
88896,Aleksandar Rakic,2011-10-15,15-6-0,39
34535,Aleksandar Stefanovic,2006-06-18,7-9-0,
143687,Aleksandar Terzic,2015-03-07,9-4-0,
119114,Aleksander Doskalchuk,2013-07-05,10-4-0,
210458,Aleksander Keca,2021-02-27,1-1-0,
140428,Aleksander Krupenkin,2014-11-08,7-41-0,
156575,Aleksandr Chizov,2016-02-06,13-4-0,30
274334,Aleksandr Ivashkin,2024-12-13,5-0-0,22
267483,Aleksandra Savicheva,2022-09-23,8-2-0,28
154030,Aleksandra Toncheva,2017-04-16,7-6-1,38
115521,Alen Amedovski,2012-11-25,8-4-0,
152115,Alesha Zappitella,2016-10-15,9-4-0,
195486,Alessandra Pajuelo,2018-12-22,2-2-0,
90982,Alessandro Botti,2010-04-18,19-16-0,
155102,Alessandro Costa,2015-12-05,17-5-0,36
104225,Alessandro Gambulino,2012-10-20,13-5-0,
103706,Alessandro Macedo,2009-05-09,11-6-0,39
261311,Alessandro Pantoja,2021-12-04,11-7-0,36
210724,Alessandro Soares,2019-04-21,9-2-0,34
267799,Alessio Ksouri,2025-04-19,2-0-0,
11343,Alessio Sakara,2002-06-21,22-13-0,
295509,Alex Alejendre,2025-09-12,0-1-0,
128687,Alex Arredondo,2015-05-30,4-6-0,
190081,Alex Aschenbrenner,2018-05-16,12-8-0,0
232345,Alex Bertinazzi,2020-09-05,7-3-0,0
64577,Alex Black,2010-11-05,11-7-0,
145365,Alex Bodnar,2019-03-02,4-3-0,
39955,Alex Caceres,2008-11-06,21-15-0,
246393,Alex Carrillo,2023-06-23,0-5-0,
206285,Alex Conceicao,2018-05-20,4-10-0,
91706,Alex Contreras,2011-04-08,3-3-0,
189883,Alex Coover,2021-11-24,9-4-0,30
202665,Alex De La Cruz,2022-08-06,3-2-0,
162920,Alex Foster,2025-02-07,5-2-0,24
117452,Alex Gilpin,2015-01-31,15-5-0,
272673,Alex Hutyra,2024-11-30,5-0-0,21
118684,Alex Lohore,2014-12-08,26-12-0,55
218515,Alex Macias,2019-11-01,1-2-0,
185937,Alex Marro,2023-01-07,2-2-0,
115782,Alex Martinez,2016-12-09,10-6-0,
225939,Alex Martinez,2023-05-19,3-1-0,0
143386,Alex McGowan,2016-10-01,11-8-0,41
80147,Alex Montagnani,2011-06-18,11-4-1,
115894,Alex Morgan,2013-05-11,18-7-0,41
151550,Alex Munoz,2015-09-12,7-2-0,
119037,Alex Myers,2017-04-15,3-2-0,
4127,Alex Nacfur,1998-03-29,7-4-0,
108160,Alex Nicholson,2014-02-08,19-14-0,53
73226,Alex OToole,2011-12-10,4-4-1,
100880,Alex Oliveira,2011-12-10,26-19-1,57
159790,Alex Pereira,2015-10-24,13-4-0,44
24370,Alex Perez,2011-05-06,26-10-0,41
172832,Alex Polizzi,2018-07-28,11-7-0,43
165768,Alex Potts,2016-03-19,2-1-0,
210109,Alex Rego,2023-02-17,4-5-0,
129215,Alex Riggs,2017-11-04,7-6-0,
297403,Alex Rios,2025-08-30,1-1-0,
116803,Alex Sandro Alves,2013-05-25,12-4-0,
87298,Alex Silva,2011-09-24,12-9-0,
89785,Alex Silva,2011-11-29,1-2-0,
135284,Alex Thompson,2017-05-06,2-1-0,
88693,Alex Thorne,2011-10-18,5-6-0,
134881,Alex Torres,2012-10-05,12-7-0,
149498,Alex Trinidad,2016-04-02,6-4-0,
238699,Alex Tzinavos,2021-04-17,0-2-0,
185491,Alex Valentino Arteaga,2015-12-18,5-7-0,0
144160,Alex Velasco,2015-03-07,8-6-0,
104815,Alex Wettstein,2023-07-16,0-1-0,
188209,Alex Yunga,2018-05-05,0-1-0,
125250,Alex da Silva Coelho,2014-01-18,26-6-0,36
153303,Alexa Conners,2016-05-07,8-6-0,40
178772,Alexander Bezkorovayny,2017-08-27,14-2-0,
163671,Alexander Djukic,2014-04-06,8-7-0,0
94544,Alexander Hernandez,2012-10-20,18-9-0,45
128346,Alexander Jacobsen,2014-03-22,9-5-0,
90733,Alexander Keshtov,2009-03-04,10-1-0,
192370,Alexander Lew Kuen Shiun,2023-11-25,2-0-0,
127287,Alexander Lopez,2017-02-26,3-2-0,
185750,Alexander Maslov,2017-10-28,12-1-0,
193125,Alexander Mikael Viana,2018-04-14,14-6-0,37
68050,Alexander Nesterov,2010-05-06,2-4-0,
171280,Alexander Nikulin,2016-11-10,3-0-0,
174818,Alexander Osetrov,2017-02-23,15-6-1,36
140424,Alexander Panasyuk,2014-11-08,13-12-1,
144502,Alexander Podlesniy,2015-03-05,23-8-2,0
97505,Alexander Poppeck,2013-11-02,21-6-0,39
169037,Alexander Romanov,2016-11-19,22-4-0,39
191672,Alexander Sanchez,2016-11-12,4-4-0,
40198,Alexander Sarnavskiy,2008-12-12,44-9-0,51
132643,Alexander Sasha Pirev,2014-05-30,6-5-1,
207640,Alexander Schenk,2021-09-25,9-5-0,29
26365,Alexander Shlemenko,2004-02-19,68-17-1,66
149712,Alexander Soldatkin,2015-08-01,18-4-0,36
255579,Alexander St. Charles,2024-06-22,1-1-0,
96455,Alexander Volkanovski,2012-05-19,28-4-0,48
39344,Alexander Volkov,2009-04-19,40-11-0,51
155815,Alexander Zaitsev,2015-11-08,0-4-0,
73924,Alexandr Shabliy,2010-10-22,25-4-0,39
183787,Alexandra Ballou,2018-10-12,2-2-0,
265934,Alexandra Carlson,2024-01-27,1-3-0,
243767,Alexandra Lawal,2025-05-16,0-1-0,
1410,Alexandre Barros,1999-04-27,27-13-0,66
29506,Alexandre Bezerra,2008-07-19,22-7-0,
262315,Alexandre Carole,2022-05-22,4-3-0,0
114671,Alexandre Cirne,2012-09-01,13-8-0,50
305040,Alexandre Duarte,2024-07-06,0-1-0,
214061,Alexandre Guerra,2019-07-27,5-3-0,0
5215,Alexandre Pantoja,2007-07-21,30-6-0,46
124621,Alexandre Ribeiro,2013-04-27,22-15-3,57
262312,Alexandre Rodrigues,2022-02-19,5-4-0,
132410,Alexandre Silva,2014-05-24,9-5-0,
234365,Alexandre dos Santos Junior,2020-12-19,8-5-0,35
203979,Alexandru Chitoran,2015-12-11,4-2-0,
213724,Alexei Pergande,2022-04-01,8-0-0,25
77335,Alexey Aranzaev,2010-10-23,2-1-0,
283705,Alexey Budrin,2023-07-31,10-2-0,0
224151,Alexey Krutoy,2017-07-30,0-1-0,
223504,Alexey Meshkov,2019-12-09,10-5-0,33
74213,Alexey Nevzorov,2010-08-19,12-4-0,
76078,Alexey Polpudnikov,2010-12-04,36-13-1,50
137074,Alexey Shurkevich,2014-09-07,19-6-0,42
153218,Alexey Trofimov,2013-11-24,2-1-0,
84704,Alexey Valivakhin,2010-11-06,17-18-0,
173713,Alexey Zhuravlev,2016-11-26,5-2-0,
190657,Alexia Thainara,2018-06-09,15-1-0,31
199255,Alexis Campos,2019-09-07,5-0-0,
191628,Alexis Dos Santos,2018-05-12,5-13-0,
184444,Alexis Fontes,2018-03-03,8-5-0,0
70823,Alexis Patino Pinos,2010-02-13,0-6-0,
120992,Alexsander Pereira,2010-09-10,8-9-0,
167765,Alexsandro da Silva Vieira,2017-06-10,2-2-0,
119337,Alfie Davis,2014-02-01,20-7-1,44
202502,Alfonso Leyva,2020-09-04,9-3-0,35
111818,Alfred Jones,2014-10-11,3-4-0,
115401,Alfred Khashakyan,2013-05-18,11-5-0,
73189,Alfred Walker,2012-03-24,14-8-0,
239498,Alfredo Garcia,2023-09-30,0-2-0,
162350,Alfredo Lopez,2015-03-27,2-4-0,
169161,Alfredo Muaiad,2018-08-04,10-9-0,43
197308,Alfrego Ruelas,2018-08-25,7-9-0,
235875,Ali Abbas,2023-07-15,2-2-0,
145312,Ali Abdulkhalikov,2013-09-14,17-4-0,39
145946,Ali AlQaisi,2015-05-25,16-10-0,48
83304,Ali Bagautinov,2009-12-19,22-7-0,
181869,Ali Belekov,2018-11-11,0-1-0,
154193,Ali Dusenov,2015-10-03,4-3-0,
205288,Ali Elkhatib,2018-10-05,7-1-0,0
169451,Ali Guliev,2016-12-31,9-1-0,27
263051,Ali Gunduz,2022-06-25,6-1-0,0
159012,Ali Isaev,2016-04-29,9-0-1,
174357,Ali Iskender Aliyev,2017-05-14,10-1-0,28
199150,Ali Kabdulla,2018-09-30,9-3-1,
189211,Ali Mashrapov,2016-08-07,17-15-0,50
139958,Ali Motamed,2016-04-23,7-6-0,
178934,Ali Omar,2018-10-27,5-4-0,
161129,Ali Taleb,2019-08-31,12-3-0,31
187529,Ali Yazbeck,2022-11-26,5-1-1,0
121519,Ali Zebian,2018-11-10,10-7-0,38
152718,Aliaskhab Khizriev,2014-05-27,15-0-0,
243524,Alibek Gadzhammatov,2021-07-24,6-1-0,25
173085,Alibek Suleimanov,2017-04-14,7-0-0,
64378,Alibeth Milliron,2018-04-28,3-3-0,
220027,Alibi Idiris,2019-11-02,11-1-0,33
241278,Alice Ngom Falone,2021-05-15,3-4-0,
124088,Alice Yauger,2013-11-23,4-6-0,
219584,Alik Lorenz,2021-05-08,7-2-0,30
155600,Alikhon Khasanov,2015-04-04,14-7-1,
154356,Alimardan Abdykarov,2015-11-21,24-10-1,42
295558,Alina Dalaslan,2025-03-08,6-0-0,26
239845,Aline David,2024-02-09,3-1-1,27
269329,Aline Pereira,2022-11-18,3-2-0,
103641,Aline Sattelmayer,2012-05-19,12-17-0,
275275,Alinson Ochoa,2021-09-17,6-4-0,29
262804,Alisa Saveleva,2022-06-24,5-0-0,22
182922,Alish Smith,2021-07-09,4-5-0,
160303,Alisher Abdulloev,2012-01-20,9-3-0,
164222,Alisher Gabdullin,2015-07-28,15-4-0,
50469,Alison Vicente,2008-04-26,27-26-0,83
257007,Alisson Meira,2022-04-09,8-1-0,
164506,Alisson Murilo,2020-11-13,13-3-0,29
107789,Aliston Cordeiro Aguiar,2012-06-02,8-11-0,
198258,Alitzel Mariscal,2018-10-26,2-4-0,
268783,Alius Delarosa,2024-11-10,4-0-0,27
271231,Alivia Bierley,2024-05-12,5-1-0,26
302310,Alix Fisher,2024-04-27,2-0-0,
67768,Aljamain Sterling,2011-04-22,26-5-0,46
147697,Allan Begosso,2014-09-20,10-5-1,36
85768,Allan Moziel,2011-08-13,14-8-1,
89783,Allan Nascimento,2011-11-29,22-7-0,
269358,Allan Oliveira,2022-11-04,0-2-0,
225763,Allan St-Gelais,2020-09-24,1-1-0,
99878,Allen Gabriel Silva,2012-06-16,5-4-0,
278914,Allen Holloway,2025-03-23,3-0-0,22
200611,Allen Silhanek,2024-01-19,0-2-0,
60134,Alline Serio,2010-01-24,9-9-0,
61760,Ally McCrae,2010-10-10,0-2-0,
196560,Alma Cespedes,2018-07-06,2-3-0,
164293,Almanbet Abdyvasy,2016-08-07,13-8-0,
166761,Almog Shay,2016-11-10,2-3-0,
136449,Alonso Sanchez,2019-03-15,3-1-0,
203110,Alonzo Leisholm Jr.,2017-04-15,4-2-0,
9542,Alonzo Martinez,2003-03-15,47-24-1,66
153834,Alonzo Menifield,2015-11-20,18-6-1,46
212786,Alonzo Turner,2023-03-24,7-2-0,32
268263,Alperen Karabulut,2022-08-28,10-6-0,
303006,Alpha Yero Mansare,2026-04-03,0-1-0,
230213,Alphonse Viny Bessala,2020-06-12,2-4-0,
219610,Altin Zenuni,2019-10-05,6-0-0,0
131412,Alton Cunningham,2017-04-22,10-4-0,
176544,Altynbek Arykbaev,2017-04-16,4-4-0,
346932,Alu Hyodo,2026-06-01,1-0-0,
138663,Aluisio Ferreira,2012-02-17,0-1-0,
44552,Alvaro Herrera,2008-11-26,9-7-0,
162964,Alvaro Prado,2017-01-14,8-5-0,
317778,Alves Demolidor,2024-12-30,0-1-0,
244280,Alvi Dasuyev,2024-05-31,9-0-0,0
35171,Alvin Cacdac,2006-06-03,17-13-0,
258172,Alvin Hines,2023-01-21,7-2-0,34
209998,Alvin Welch,2022-09-16,6-2-0,32
157056,Alym Isabaev,2016-02-26,1-3-1,
154132,Alyse Anderson,2015-11-21,6-4-0,
127912,Alyssa Garcia,2014-10-10,5-6-0,
202433,Alyssa Linduska,2022-05-11,1-0-0,
46568,Amanda Bell,2013-01-05,8-8-0,
211299,Amanda Leve,2021-08-19,2-0-0,
123288,Amanda Lovato,2014-01-31,3-9-0,
238381,Amanda Macioce,2022-11-18,2-1-0,
184400,Amanda Serrano,2018-04-13,2-0-1,
101578,Amanda Torres,2012-05-12,9-10-0,
286670,Amanda Vargas,2023-09-02,5-6-0,30
262183,Amari Sengsavanh,2022-12-10,8-1-0,0
59622,Amartuvshin Khuukhenkhuu,2010-01-11,12-6-0,
193680,Ambar De La Herran,2021-05-14,0-1-0,
105383,Amber Brown,2012-11-10,7-7-0,
236565,Amber Danielson-Smith,2021-02-19,0-1-0,
131586,Amber Leibrock,2015-07-09,7-6-0,
325874,Amber Sherbutt-Clark,2025-04-05,0-1-0,
155264,Amber Terrell,2023-01-07,4-5-0,
214386,Ameer Basheer,2019-04-04,0-2-0,
212608,Amena Hadaya,2022-11-19,6-4-0,0
220882,Americo Garcia,2025-05-10,2-2-0,
315915,Amichupan Taygibov,2024-12-06,2-0-0,0
336824,Amil Tutic,2025-11-23,2-1-0,0
140447,Amin Ayoub,2014-11-29,24-6-0,41
156456,Amioz Boyd,2010-11-12,0-2-0,
51999,Amir Albazi,2009-08-22,17-3-0,37
90695,Amir Dadovic,2012-12-15,3-5-0,
159279,Amir Elzhurkaev,2016-04-29,11-3-0,34
196268,Amir Fazli,2018-08-17,7-4-0,0
238815,Amir Hossein Alipour,2020-02-10,6-1-0,28
161161,Amir Malekpour,2019-04-27,8-3-0,37
223457,Amir Saeedkia,2019-08-16,6-4-0,38
172729,Amiran Gogoladze,2014-10-19,18-3-0,31
172561,Amirchan Saidjalolov,2017-04-29,0-3-0,
206975,Amirkhan Buchaev,2019-02-24,2-1-0,
246401,Ammari Diedrick,2021-08-21,6-5-0,0
195775,Amru Magomedov,2020-07-11,10-0-0,26
136419,Amy Coleman,2015-01-31,2-2-0,
96421,Amy Montenegro,2013-05-11,8-4-0,
200967,An Tuan Ho,2022-02-11,8-2-0,26
305368,Ana Clara Santos,2024-11-22,1-0-0,
162673,Ana Costa Monteiro,2016-08-07,1-5-0,
131074,Ana Julaton,2014-05-02,2-4-0,
185427,Ana Martinez,2015-06-30,9-4-0,35
184133,Ana Palacios,2018-01-30,10-4-1,
200809,Ana Vitoria Sampaio,2024-09-20,2-3-0,
222205,Anali Lopez Hernandez,2019-12-07,0-2-0,
259640,Ananias Mulumba,2022-04-16,10-3-0,28
223235,Anar Huseynov,2019-09-01,3-6-0,
79109,Anas Siraj Mounir,2013-05-25,10-2-0,
166856,Anastasia Bruce,2016-09-24,0-4-0,
156835,Anastasia Feofanova,2015-12-05,9-4-1,
121056,Anastasia Yankova,2013-10-04,5-1-0,
244070,Anastasiya Korzh,2021-04-17,2-4-0,
152705,Anatoliy Kondratyev,2015-09-12,13-4-0,34
175278,Anatoly Malykhin,2016-09-17,15-1-0,39
153011,Anatoly Tarasenko,2015-10-03,15-6-0,39
56827,Anatoly Tokov,2009-11-03,32-5-0,
201594,Ander Sanchez,2022-04-01,3-3-0,
321067,Anderson Cleiton Dos Santos Marques,2024-07-26,5-2-0,26
264963,Anderson Da Silva Lima,2022-08-20,4-2-0,0
112920,Anderson Ferreira,2012-03-31,20-7-0,
23259,Anderson Melo,2004-09-26,11-10-0,
261479,Anderson Xavier,2022-05-28,7-2-0,28
75000,Anderson de Queiroz Diniz,2007-08-25,21-9-0,
81559,Anderson dos Santos de Souza,2010-06-11,3-10-0,
93269,Anderson dos Santos,2011-09-14,25-14-0,59
100840,Andre Amaral Azevedo,2012-08-15,13-13-0,46
121194,Andre Barquero,2015-11-05,10-3-0,34
38917,Andre Batista,2008-04-05,4-2-0,
125449,Andre Bernardo,2013-12-13,8-6-0,
80560,Andre Borges,2011-03-19,15-7-0,41
150092,Andre Ewell,2015-08-15,18-10-0,
143273,Andre Fialho,2014-07-27,17-10-0,48
59405,Andre Fili,2009-12-12,25-14-0,54
79608,Andre Goncalves,2014-11-22,4-1-1,
112245,Andre Hall,2017-04-01,4-2-0,
89218,Andre Harrison,2011-11-18,22-4-1,47
86984,Andre Leocadio,2008-09-20,6-2-0,
148599,Andre Lima,2022-10-08,11-1-0,29
103163,Andre Lourenco,2012-03-24,5-6-0,
163000,Andre Miranda,2016-07-30,16-6-0,45
265511,Andre Monroe,2025-11-26,1-2-0,
83938,Andre Muniz,2009-04-03,24-8-0,50
155347,Andre Petroski,2018-10-05,13-6-0,44
117609,Andre Ricardo,2013-07-13,16-7-3,41
132866,Andre Small,2019-10-04,2-6-0,
70160,Andre Soukhamthath,2011-09-10,14-10-0,
225788,Andre Vieira,2020-01-19,9-5-0,43
123246,Andre Walker,2013-07-13,6-3-0,
158437,Andrea Amaro,2018-09-29,7-4-0,0
158481,Andrea Fusi,2015-02-21,9-8-0,
122823,Andrea Lee,2014-09-19,13-11-0,
301352,Andrea Madruga,2026-07-17,0-1-0,
183986,Andrea Meneses,2020-10-10,8-3-0,32
167426,Andrea Soraluz,2016-11-23,3-5-0,
187449,Andreas Gustafsson,2019-01-27,12-3-0,37
66484,Andreas Michailidis,2009-05-31,16-9-0,
154837,Andreas Siegmund Grzywa,2015-05-02,0-11-0,
58114,Andreas Stahl,2009-12-12,17-6-0,
108525,Andrei Barbarosa,2012-12-15,6-7-0,
187199,Andrej Kalasnik,2018-02-23,13-6-0,0
127144,Andres Alcantar,2014-11-22,4-1-0,
66575,Andres Jeudi,2010-05-15,7-7-0,
134862,Andres Leal,2011-04-30,18-13-0,48
259310,Andres Lugo,2023-04-14,0-1-0,
173020,Andres Luna Martinetti,2014-10-25,17-1-0,33
111005,Andres Murray,2017-04-29,7-12-0,
128556,Andres Ponce,2015-03-28,4-10-1,
78518,Andres Quintana,2011-02-11,19-5-0,
153587,Andres Rodriguez,2018-06-29,4-2-0,
169681,Andres Roldan,2016-10-15,3-4-0,
178622,Andres Sharon Portocarrero Pineda,2017-03-18,0-5-0,
116115,Andres Velasquez,2017-10-21,0-1-0,
169649,Andressa Romero,2017-10-07,8-5-1,39
148906,Andreu Mendoza,2018-08-25,2-1-0,
163219,Andrew Chatman,2018-03-23,0-1-0,
97660,Andrew Claborn,2021-03-19,0-1-0,
154535,Andrew Coyne,2017-11-11,7-3-0,0
89896,Andrew Cruz,2015-03-13,10-6-0,0
43437,Andrew Fisher,2007-04-15,20-10-1,54
208332,Andrew Huckeby,2022-07-23,5-2-0,
146722,Andrew Johnson,2018-04-28,2-1-1,
32023,Andrew Kapel,2008-09-05,16-7-0,
180686,Andrew Kauzlaric,2019-06-28,1-2-0,
152295,Andrew Kimzey,2016-07-30,3-2-0,
116120,Andrew Lagdaan,2014-11-08,4-4-0,
102574,Andrew Lazo,2013-02-22,10-8-0,
83929,Andrew Lipp,2014-06-28,1-4-0,
125645,Andrew Mills,2013-12-21,10-7-0,0
158008,Andrew Murphy,2016-09-10,1-3-0,
84645,Andrew Natividad,2011-06-17,13-13-0,
84098,Andrew Osborne,2011-04-28,8-11-0,
102302,Andrew Parker,2011-09-03,7-2-0,
49608,Andrew Perez,2010-06-19,10-11-0,
154537,Andrew Richardson,2018-03-31,4-1-0,
97575,Andrew Salas,2015-08-15,6-6-0,
98391,Andrew Sanchez,2012-08-18,13-9-0,53
211395,Andrew Slater,2021-05-16,1-3-0,
94401,Andrew Sosa,2014-01-18,4-16-1,
250511,Andrew Stewart,2023-12-15,6-2-0,32
209836,Andrew Sturdivant,2022-11-11,2-2-0,
97343,Andrew Tenneson,2014-03-29,8-1-0,
256129,Andrew Triolo,2022-04-08,0-2-0,
58910,Andrew Whitney,2010-09-25,16-11-0,
40016,Andrew Yates,2011-04-15,12-4-0,
198460,Andrews Rodriguez,2018-10-13,1-1-0,
178733,Andrey Augusto,2017-09-16,17-10-1,46
175721,Andrey Bragovskiy,2015-02-22,8-5-0,
188265,Andrey Chelbaev,2017-10-05,5-5-0,33
152704,Andrey Ivanov,2015-02-28,4-0-0,
75957,Andrey Koreshkov,2010-10-23,31-6-0,45
44199,Andrey Lezhnev,2008-08-22,20-11-0,
214903,Andrey Lukonin,2019-08-11,0-2-0,
176141,Andrey Silva,2017-06-10,6-3-0,31
133122,Andrey Slavuta,2012-09-25,0-2-0,
149628,Andrey Syrovatkin,2015-05-23,2-4-0,
227320,Andreyna Raquel Rocha,2020-03-07,6-5-0,
171271,Andrian Murug,2023-04-22,6-4-1,
248785,Andris Assuncao,2021-11-20,1-2-0,
5206,Andrius Hubaldo,2005-03-05,12-10-0,
213012,Andru Davis-Henry,2021-06-04,0-8-0,
35604,Andy Aiello,2002-08-23,7-3-0,
45136,Andy Main,2009-04-17,12-4-1,
58182,Andy Manzolo,2009-12-12,27-11-0,
14164,Andy Murad,2003-08-10,16-3-0,
66027,Andy Nguyen,2015-08-15,8-13-0,
181673,Andy Perez,2018-04-06,0-2-0,
273130,Andy Sakai,2024-01-21,2-2-0,
188207,Andy Salinas,2018-05-05,0-1-0,
128440,Andy Varela,2015-08-08,1-2-0,
264104,Andy Waters,2024-07-13,4-3-0,
57054,Andy Young,2011-02-12,11-15-0,
272889,Anelya Toktogonova,2022-12-23,6-2-1,22
184855,Angad Bisht,2018-02-11,10-4-0,33
93588,Ange Loosa,2013-04-13,10-5-0,37
234601,Angel Alvarez,2020-12-17,11-3-0,38
226563,Angel Atoigue,2022-07-08,2-1-0,
112285,Angel Cruz,2013-02-22,8-5-0,
39077,Angel DeAnda,2008-11-02,18-7-0,
155232,Angel Figueroa,2013-06-01,3-2-0,
171968,Angel Gonzalez,2017-03-30,1-2-0,
191678,Angel Moncayo,2018-05-05,1-0-0,
288268,Angel Olvera,2013-06-15,3-1-0,
161641,Angel Origel,2012-11-29,6-5-0,
91165,Angel Pacheco,2013-06-29,8-4-0,36
178785,Angel Rodriguez,2017-07-15,16-17-0,59
137605,Angel Torres,2016-10-15,2-1-0,
223311,Angelo Lomboni,2019-12-07,7-3-2,
184790,Angelo Rivera Jr.,2021-12-12,6-2-0,
186998,Angelo Robles,2022-06-25,6-1-0,0
145434,Angelo Rubino,2013-11-02,10-4-0,
150541,Angelo Trevino,2015-06-27,11-4-0,
164598,Angelo Trujillo,2021-09-12,1-5-0,
197052,Anita Bekus,2018-09-22,7-6-0,
303368,Aniulaluo Aniulaluo,2024-04-28,3-1-0,
147566,Anjela Pink,2016-04-16,0-6-0,
172183,Anna Melisano,2023-04-01,6-2-0,29
193556,Anna Somers,2021-01-30,2-3-0,
210373,Annabel Kelly,2023-11-17,4-2-0,
107831,Anne Karoline Nascimento,2012-12-07,8-9-0,
203114,Annette Nichols,2019-11-15,3-2-0,
197038,Annie Thatcher,2020-03-14,3-3-0,
303668,Ansar Khamzaev,2024-05-31,6-0-0,20
46082,Anselmo Luis Luna Jr.,2009-02-20,20-12-0,
13211,Antanas Jazbutis,2003-01-31,20-29-0,
77435,Ante Delija,2011-01-22,26-8-0,49
72170,Antenor Pereira,2008-11-13,5-8-0,
121015,Anthony Adams,2016-02-20,9-4-0,
125762,Anthony Aguilar,2018-11-09,1-1-0,
19608,Anthony Avila,2008-05-18,18-6-0,
92722,Anthony Baccam,2012-03-02,12-7-0,
55569,Anthony Birchak,2009-07-04,16-9-0,
164846,Anthony Canzano,2017-12-15,7-2-0,
163872,Anthony Castrejon,2016-08-19,1-2-0,
286955,Anthony Chung,2026-01-18,1-0-0,
240206,Anthony DeLorenzo,2021-04-30,2-0-0,
197327,Anthony Dilemme,2022-05-20,8-1-0,0
93740,Anthony Dizy,2012-03-24,17-5-0,43
129039,Anthony Do,2015-08-22,9-8-0,39
118515,Anthony Drilich,2017-05-27,10-3-0,35
111307,Anthony Engelen,2013-01-26,8-7-0,
197842,Anthony Figueroa II,2018-09-29,9-1-0,0
37495,Anthony Figueroa,2006-11-04,11-8-1,
117924,Anthony Garrett,2016-07-08,6-10-0,
54379,Anthony Giacchina,2015-08-14,2-2-0,
285589,Anthony Guarascio,2023-10-28,3-3-0,32
88873,Anthony Hernandez,2014-09-13,15-3-0,35
177006,Anthony Huynh,2017-07-14,1-0-0,
130182,Anthony Ivy,2015-08-28,15-8-0,43
248669,Anthony Jagel,2023-09-30,3-2-0,
165324,Anthony Jimenez,2017-12-03,5-6-1,
272903,Anthony Johnson,2025-08-17,3-0-0,0
35529,Anthony Johnson,2006-08-18,23-6-0,
214350,Anthony Kalani,2018-08-11,5-1-0,
102230,Anthony Manacio IV,2012-06-16,0-3-0,
146001,Anthony Martinez,2017-03-10,3-3-0,
298003,Anthony Montalvo,2025-06-14,2-0-0,
283344,Anthony Morel,2023-07-28,7-2-0,0
34617,Anthony Morrison,2004-03-13,20-12-0,
265883,Anthony Offiaeli,2025-08-09,1-0-0,
152242,Anthony Parham,2017-03-10,4-2-1,0
6809,Anthony Pettis,2007-01-27,25-14-0,
185490,Anthony Pineda,2015-12-18,1-1-0,
242112,Anthony Ramos,2022-08-13,4-3-0,
82546,Anthony Rocco Martin,2012-01-07,18-6-0,
158356,Anthony Romero,2017-11-18,12-3-0,
101021,Anthony Rozema,2015-08-15,5-4-0,
12874,Anthony Ruiz,2003-02-16,34-26-0,
317820,Anthony Rutkowski,2024-02-23,0-1-0,
264642,Anthony Strapp,2024-06-09,2-2-0,
135333,Anthony Taylor,2015-12-04,7-5-0,
210398,Anthony Toro,2022-10-22,5-4-0,0
111869,Anthony Valenzuela,2022-06-03,3-7-0,
240379,Anthony Wint,2023-04-14,6-0-0,30
149717,Anthony Wright,2015-06-20,4-2-0,
88150,Anthony Yost,2017-01-27,2-3-0,
230581,Anthony Zeidan,2021-04-11,6-6-0,
110927,Antoine Gallinaro,2012-11-09,7-5-0,
245692,Antoine Tureaud,2023-04-14,1-0-0,
71243,Anton Berzin,2010-07-16,5-2-0,
145017,Anton Chernega,2014-11-28,9-6-0,
226342,Anton Franjic,2018-06-09,3-4-0,
26768,Anton Kuivanen,2006-01-14,26-13-0,
148060,Anton Larsson,2015-11-27,3-12-0,
200570,Anton Lazebnov,2018-11-15,5-8-0,
165019,Anton Turkalj,2018-12-10,8-4-0,
264942,Anton Yanchev,2022-07-29,5-0-0,0
88474,Anton Zafir,2012-06-01,8-4-0,
103229,Antonia Silvaneide,2012-11-01,9-5-0,0
46255,Antonina Shevchenko,2002-04-15,10-4-0,
269684,Antonio Andrade,2025-07-18,3-0-0,0
135318,Antonio Arroyo,2014-07-17,12-6-0,39
257518,Antonio Bushev,2022-04-02,3-3-0,
120135,Antonio Carlos Jr.,2013-07-20,19-6-0,43
4060,Antonio Carlos,2007-05-23,0-4-0,
58895,Antonio Castillo Jr.,2010-12-11,15-22-0,
33686,Antonio Duarte,2006-04-01,25-7-0,
202792,Antonio Felipe da Conceicao dos Santos,2018-12-08,3-4-0,
182781,Antonio Figueiredo,2024-06-09,5-1-0,0
85819,Antonio Henrique Santos de Miranda,2011-07-17,11-19-1,
191301,Antonio Hernandez,2018-05-08,2-2-0,
111865,Antonio Jones,2015-06-13,9-4-0,
217416,Antonio Junior,2019-09-27,0-1-0,
161057,Antonio Luiz Gomes Soares,2016-04-08,10-9-0,
242940,Antonio Marcos,2020-09-27,5-3-0,34
84287,Antonio Marcos,2011-06-25,16-10-0,
162461,Antonio Marquez,2017-06-16,4-1-0,
507,Antonio McKee,1999-10-13,30-6-2,
124753,Antonio Monteiro,2013-06-29,18-5-1,38
185196,Antonio Moscoso,2018-02-23,1-5-0,
239855,Antonio Noda,2021-10-15,1-1-0,
182278,Antonio Paulo Aguiar,2017-12-01,1-3-0,
118758,Antonio Paulo Branjao,2012-03-31,4-1-0,
102698,Antonio Ramirez,2012-01-15,14-13-0,0
209516,Antonio Santana,2022-09-30,3-1-0,
242933,Antonio Souza,2021-07-24,2-0-0,
73074,Antonio Suarez,2010-07-15,16-9-0,44
109169,Antonio Trocoli,2013-01-19,13-7-0,40
121727,Antonio da Silva,2013-04-27,4-5-0,
46792,Antonio dos Santos Jr.,2009-05-16,9-4-0,
45752,Antun Racic,2009-04-25,30-13-1,52
138806,Antwan Phillips,2021-03-06,3-1-0,
304726,Antwion McCollough,2024-05-03,0-1-0,
292802,Anugrah Simamora,2023-11-25,0-1-0,
237600,Anvar Boynazarov,2020-12-12,7-6-0,36
184489,Anvarbek Daniyalbekov,2018-01-19,13-1-0,31
154705,Anzor Abdulkhozjaev,2015-11-29,13-2-0,
199262,Anzor Elgaraev,2017-12-28,3-3-0,
218215,Aoi Kuriyama,2019-12-22,9-8-1,
188130,Apollo Gomes,2018-04-14,12-2-0,28
137113,Apostolos Geropoulos,2014-09-13,5-3-0,
271384,Arashi Okada,2024-05-19,6-2-0,25
343209,Arashi Yamanobe,2026-02-11,2-0-0,23
92949,Arata Ueki,2014-04-27,8-16-1,
150399,Arben Escayo,2015-08-27,6-8-0,
235627,Arbi Emiev,2020-09-05,2-3-0,
87363,Arbi Mezhidov,2011-09-25,19-7-0,41
220008,Archie Colgan,2021-03-19,13-1-0,32
162071,Archie Fultze,2018-03-28,0-4-0,
72634,Arda Adas,2012-01-29,11-7-0,
132185,Aren Akopyan,2013-12-01,20-3-1,37
96958,Argemiro Delmandes,2011-10-29,18-11-0,0
235899,Argen Kalibekov,2020-08-31,1-1-0,
180111,Argen Maratbek Uulu,2017-02-05,19-14-0,41
246485,Argenis Castro,2023-10-13,0-1-0,
226941,Arhan Ergashev,2018-11-25,0-1-0,
333231,Arian Sadikovic,2024-11-02,2-0-0,
210766,Ariana Melendez,2021-03-27,5-3-0,32
122086,Ariane Lipski da Silva,2013-11-03,18-12-0,48
194991,Aric Mercado,2020-07-25,7-6-0,
202965,Aridriano Oliveira,2018-04-14,11-2-2,27
277233,Ariel Hotchkins,2024-12-15,3-1-0,0
133026,Ariel Juarez,2015-12-04,3-5-0,
152980,Ariel Oliveros,2015-10-24,8-14-0,
214446,Arijan Topallaj,2021-07-31,10-2-1,28
140724,Arip Yakubov,2014-11-22,6-2-0,
260603,Aris Arguello,2023-08-18,0-3-0,
243944,Arisa Matsuda,2022-08-28,8-1-0,31
178365,Aristeo Pacheco,2017-09-02,1-0-0,
216492,Aristides Vinicius Dias,2019-09-07,12-3-1,30
94373,Ariston Franca,2010-11-28,13-11-0,47
17559,Arivaldo Lima da Silva,2007-05-12,19-12-0,
227737,Arkadiusz Palkowski,2020-09-12,7-4-0,38
128154,Arkaitz Ramos,2012-12-22,9-6-0,
196739,Arlan Faurillo,2016-09-10,5-6-0,
114189,Arlene Blencowe,2013-04-13,16-10-0,
143644,Arman Popal,2015-02-28,5-4-0,
156278,Arman Tsarukyan,2015-09-25,23-3-0,35
202073,Armand Herczeg,2023-07-28,6-3-0,27
211651,Armando Gjetja,2021-03-27,9-7-0,37
64481,Armando Servin,2011-12-03,4-6-0,
49138,Armando Sixel,2010-11-07,9-7-0,
118993,Armando Villarreal,2016-09-16,5-2-0,
225327,Armando Zuniga,2022-12-18,3-4-0,
198468,Armen Petrosyan,2018-10-12,10-7-0,39
150308,Armus Guyton,2018-02-02,8-9-0,36
172558,Arnan Chaiyasan,2017-04-23,0-1-0,
94462,Arnold Allen,2012-04-07,21-4-0,40
78281,Arnold Berdon,2014-11-02,7-3-0,
146321,Arnold Jimenez,2015-02-28,12-5-0,36
88346,Arnold Quero,2011-10-15,15-8-0,
302724,Arofat Toirova,2024-04-28,3-2-0,
335378,Arouna Ntosengeh,2025-09-07,0-1-0,
166957,Arpan Gurung,2021-07-02,0-1-0,
155308,Arsen Batyrov,2015-12-30,3-5-0,
155303,Arsen Nersesyan,2015-12-30,32-22-1,58
109112,Arsen Taigibov,2012-10-25,15-3-1,
252592,Arslan Bilalov,2022-01-29,6-0-0,0
127043,Arslan Otchiyev,2018-06-15,4-3-0,
314863,Arslon Elmurodov,2025-12-21,1-1-0,
101811,Art Hernandez,2014-11-06,4-8-0,
93894,Artak Nazaryan,2012-03-25,19-11-0,
108927,Artak Petrosyan,2015-11-14,5-4-0,
170913,Artem Belakh,2015-06-20,12-3-0,34
231980,Artem Buloychik,2020-09-17,10-12-0,
219976,Artem Kazartsev,2017-09-27,0-2-0,
327816,Artem Kim,2025-04-04,0-2-0,
237401,Artem Lukyanov,2020-10-08,5-3-0,
281714,Artem Vakhitov,2023-06-11,3-1-0,
231280,Artem Zemlyakov,2020-08-06,4-1-1,
53768,Artenas Young,2010-03-20,10-14-0,
67763,Arthur Estrazulas,2010-06-05,14-5-0,
167226,Arthur Lima,2016-11-26,11-3-2,
146043,Arthur Lopes,2015-03-30,6-3-0,33
255443,Arthur Mamute,2022-03-06,3-2-0,
187988,Arthur Martins,2018-04-28,5-3-0,
317819,Arthur Sorsor,2024-02-23,1-0-0,
124473,Arthur Walcott Ceesay,2016-12-02,4-9-0,
205614,Arthur de Barros Vieira Rocha,2018-09-29,4-1-0,
136988,Artur Aliev,2015-02-21,8-2-1,
170182,Artur Arutyunyan,2017-02-24,11-5-0,32
82318,Artur Gomes,2011-04-30,0-2-0,
26686,Artur Guseinov,2005-10-01,29-13-1,
278102,Artur Minev,2023-07-08,7-1-0,0
149076,Artur Mirzakhanyan,2015-07-05,0-2-0,
144416,Artur Pronin,2014-08-23,20-9-0,47
125173,Artur Sviridov,2013-12-15,7-4-1,
51890,Arturo Chavez,2009-11-21,8-9-0,
6490,Arturo Contreras,2005-12-03,13-13-0,
128826,Arturo Guzman,2016-07-16,2-3-0,
48771,Arturo Rivas,2009-05-28,7-2-0,45
234168,Arturo Vergara,2022-02-19,6-2-0,31
34468,Arunas Andriuskevicus,2006-06-10,15-5-0,
159390,Arut Pogosjan,2015-04-25,10-4-0,
129502,Ary Farias,2014-04-12,14-6-0,44
52802,Ary Santos,2009-04-03,16-8-0,
170282,Aryion Young,2020-02-29,7-4-0,
228878,Asa Ten Pow,2021-09-17,2-0-0,
314918,Asadbek Ravshanov,2025-10-19,2-1-0,
204165,Asael Adjoudj,2020-02-22,11-1-0,29
251937,Asaf Chopurov,2023-09-09,11-0-0,25
171963,Asef Askar,2017-03-31,2-0-1,
231620,Ashby Thomas,2020-02-29,1-1-0,
190269,Ashiek Ajim,2019-05-31,10-5-0,0
17075,Ashkan Morvari,2008-03-29,17-9-0,
13832,Ashleigh Grimshaw,2003-02-09,20-13-1,
210764,Ashley Barrett,2024-08-09,3-2-0,26
67428,Ashley Cummins,2011-11-18,7-7-0,
92184,Ashley Deen,2015-01-17,9-7-0,43
159688,Ashley Gibson,2016-03-26,3-17-0,
68740,Ashley Gooch,2010-06-19,10-6-0,
78194,Ashley Griffiths,2013-02-16,4-12-0,
129212,Ashley Hancock Samples,2017-03-25,0-4-0,
113092,Ashley Nichols,2013-03-28,7-4-0,
108499,Ashley Reece,2015-03-28,10-3-0,39
228253,Ashley Thiner,2024-09-07,3-0-0,
31707,Ashley Yoder,2014-02-01,9-11-0,48
147984,Ashton Caniglia,2019-11-22,8-10-0,
225521,Ashton Charlton,2021-10-29,9-4-0,0
194735,Ashton Kirby,2020-06-20,3-2-0,
143669,Askar Askar,2015-11-14,14-4-0,
122916,Askar Askarov,2013-07-07,15-1-1,
207999,Askar Bedelov,2019-02-10,3-2-0,
143755,Askar Mozharov,2013-05-17,20-13-0,
114557,Aslan Gunoyev,2012-11-25,4-1-0,
88927,Aslan Toktarbaev,2009-05-10,11-4-0,
119199,Aspen Ladd,2015-02-27,12-5-0,
181543,Assaf Batan,2017-11-16,1-0-0,
252213,Assem Ghanem,2022-03-04,7-0-0,
157381,Asu Almabayev,2013-06-01,24-3-0,38
198412,Asuka Tsubaki,2018-10-11,8-7-0,32
203307,Asvad Akhmatov,2017-08-22,12-7-0,34
177288,Asylbek Rustambek uulu,2017-04-15,7-2-0,0
237314,Asyljan Tasket,2017-05-27,11-4-0,32
165940,Asylzhan Bakhytzhanuly,2015-11-11,19-7-1,47
201556,Ata Atdayev,2020-06-18,7-0-0,28
230212,Atabek Abdimitalipov,2017-02-26,5-2-0,
7323,Atanas Djambazov,2007-05-12,25-6-0,
241276,Ateba Abega Gautier,2021-05-15,11-1-0,25
130051,Athanasios Herkeletzis,2014-03-23,3-2-0,
104116,Atif Mohammad Khadim,2012-11-02,1-4-0,
82308,Atiq Jihad,2011-04-30,9-7-0,
159678,Atsuhito Nagai,2015-12-06,7-7-0,
234916,Atsumu Utsunomiya,2020-01-19,1-3-0,
124944,Atsunori Suzuki,2014-12-21,3-6-0,
238968,Atsushi Fujitani,2020-11-29,3-3-2,
41273,Atsushi Makigaya,2004-12-26,10-33-6,
258230,Atsushi Ohtani,2022-09-19,0-3-0,
15350,Atsushi Ueda,2007-05-06,17-23-7,
277328,Atsuya Kanbe,2023-05-21,8-2-0,28
76424,Attila Korkmaz,2010-12-18,16-12-0,49
19636,Attila Vegh,2008-03-29,33-11-2,54
121173,Audrey Kerouche,2013-03-09,9-8-0,
99134,Audrey Perkins,2016-02-13,1-1-0,
161319,Audrey Wolfe,2018-01-06,4-1-1,
146983,Augusto Matias,2015-05-14,9-3-0,
128683,Augusto Mendes,2014-04-05,6-3-0,
89398,Augusto Sakai,2011-10-15,17-8-1,46
153896,Augustus DAngelo,2015-11-13,3-6-0,
217463,Aureo Cruz,2022-10-06,3-1-0,
172155,Austen Lane,2017-04-01,13-8-0,49
57793,Austin Arnett,2012-08-11,19-7-0,
182779,Austin Avera,2017-12-16,1-0-0,
225525,Austin Bashi,2020-11-11,14-2-0,28
255782,Austin Clayton,2023-07-29,5-1-0,27
198447,Austin Clem,2018-10-13,7-6-0,
201995,Austin Green,2021-10-02,5-3-0,0
326211,Austin Heinz,2026-05-31,1-0-0,
144383,Austin Hubbard,2015-08-05,16-11-0,47
119619,Austin Jones,2015-07-24,16-12-0,50
4085,Austin Judge,2006-10-14,18-9-1,51
165761,Austin Lingo,2017-07-14,9-4-0,
169263,Austin Liu,2019-08-02,0-3-0,
179111,Austin Lutchen,2019-06-28,5-4-0,
114844,Austin McCray,2015-02-28,2-4-0,
240477,Austin Miller,2025-09-20,3-0-0,26
304957,Austin OConnor,2024-06-09,1-0-0,
199517,Austin Robinson,2021-12-10,4-2-0,
253350,Austin Ross,2023-03-24,2-2-0,
153606,Austin Russell,2019-11-29,4-3-0,33
103210,Austin Ryan,2013-09-06,6-1-0,
150511,Austin Smith,2019-05-04,1-2-0,
214933,Austin Soileau,2024-06-22,2-3-0,
40269,Austin Springer,2007-09-15,12-4-0,
247180,Austin Tadlock,2022-12-03,1-2-0,
231947,Austin Trotman,2020-10-03,4-1-0,
91428,Austin Tweedy,2013-02-08,11-5-0,
151289,Austin Vanderford,2017-03-11,13-3-0,39
272910,Austin Waterman,2023-10-27,0-1-0,
151789,Austin Wilson,2017-06-02,0-1-0,
172581,Austin Wilson,2017-05-05,5-3-0,
95205,Austin Wourms,2018-05-19,7-6-0,
97518,Auttumn Norton,2019-08-09,4-3-0,33
217404,Ava Knight,2019-09-28,1-1-0,
270718,Avazbek Kholmirzaev,2022-04-12,16-2-0,28
154961,Avery Brooks,2017-06-10,3-0-0,
189287,Avery Wilson,2022-03-27,3-0-0,
200569,Aviv Gozali,2018-11-15,6-1-0,
302174,Avry Mutschler,2025-04-19,0-2-0,
223721,Awan Aqib,2022-02-13,8-3-1,31
246833,Axel Diaz,2021-05-29,2-3-0,
198257,Axel Osuna,2018-10-26,9-3-0,31
181777,Axel Sola,2021-03-25,12-1-1,32
230392,Aya Murakami,2020-10-31,10-4-0,36
130768,Ayaka Miura,2014-05-18,16-7-0,44
233136,Ayaka Watanabe,2020-12-19,4-3-0,30
181789,Ayan Tursyn,2022-06-11,8-2-0,33
282149,Ayane Hirata,2023-08-20,5-4-0,
302130,Ayane Wada,2024-07-28,2-1-0,
203867,Aydemir Kazbekov,2018-12-02,14-2-0,30
258292,Ayinda Octave,2022-05-10,7-2-0,30
342585,Ayissi Bessala,2026-01-31,3-0-0,0
235986,Ayman Galal,2021-01-29,4-2-0,
305866,Aymane Benhayoune,2024-07-28,0-1-0,
110925,Aymard Guih,2012-12-02,19-15-1,52
270848,Aymene Souane,2022-12-12,0-1-0,
226522,Ayoub Nacer,2022-10-29,4-2-0,27
151752,Aysia Cortez,2024-09-07,3-1-0,0
118620,Ayton De Paepe,2015-09-19,15-6-0,38
146972,Ayub Gaziev,2012-11-17,11-6-0,
24806,Ayumi Saito,2005-04-30,8-8-0,
255675,Ayumu Kan,2022-03-03,6-2-1,26
235762,Ayumu Yamamoto,2020-12-18,6-3-0,27
335755,Ayumuga Ayumuga,2024-08-09,4-3-0,
163881,Azamat Bekoev,2015-09-27,20-5-0,36
208001,Azamat Karabekov,2018-09-22,10-6-0,
138566,Azamat Kerefov,2014-07-04,17-1-0,
61426,Azamat Murzakanov,2010-02-13,16-1-0,37
103562,Azamat Mustafaev,2012-10-07,8-9-0,
90368,Azamat Pshukov,2011-12-10,14-4-0,40
235307,Azamat Shergaziev,2020-08-31,0-2-0,
264813,Azamat Tamaev,2022-06-26,2-0-0,
175605,Azat Maksum,2017-05-20,15-3-0,35
235889,Azatbek Erkinbek Uulu,2020-02-01,3-7-0,
125844,Azi Thomas,2013-06-22,9-5-1,
153949,Aziz Dauliatov,2016-11-12,6-6-0,
163917,Azizbek Satybaldiev,2015-08-30,21-8-0,
286831,Azizbek Temirov,2023-08-18,6-2-0,28
157970,Azjavkhlan Baatar,2012-12-09,9-11-0,36
180300,Azouz Anwar,2018-07-28,11-8-0,0
69754,Azunna Anyanwu,2010-10-29,15-6-0,
19320,B.J. Bland,2007-09-15,15-12-0,
225324,B.J. Miller,2021-06-25,0-2-0,
152513,B.J. Young,2017-08-05,5-3-0,
190162,Baasandorj Batchuluun,2018-06-30,0-1-0,
114762,Baasankhuu Damnlanpurev,2011-05-08,7-2-1,
270520,Babacar Niang,2022-11-05,4-2-0,
213798,Babar Ali,2022-02-06,10-3-0,26
340594,Bachuki Tchikaidze,2025-12-06,2-1-0,
92336,Bacillo Mefi Monterroso,2015-09-12,6-6-0,
206919,Badmatsyren Dorzhiev,2019-04-19,9-1-0,33
185147,Badr Medkouri,2018-03-17,9-3-0,0
258602,Badreddine Attif,2023-05-14,6-1-0,30
181907,Badreddine Diani,2016-12-28,11-4-0,0
248480,Badri Focxverashvili,2021-08-22,6-1-0,29
331067,Baerzhabieke Hazhimulate,2024-05-31,3-1-0,
72103,Bagandov Murada,2010-09-04,0-1-0,
224204,Bagdos Olzhabay,2019-04-04,17-6-0,36
243236,Bagylan Zhakansha,2021-07-31,7-2-0,0
196074,Bagysh Zharmamatov,2018-07-28,9-3-0,
237642,Bahatebole Batebolati,2018-12-15,10-2-1,31
120598,Baheibieke WuLalibieke,2013-08-24,0-2-0,
241463,Bahez Khoshnaw,2021-06-18,1-3-0,
235392,Bahromjon Mashrapov,2019-08-17,7-4-0,
262884,Bai La,2022-07-24,3-5-0,
240320,Bailey Schoenfelder,2021-05-21,5-2-0,
145076,Bair Shtepin,2015-03-19,12-8-0,0
103297,Bairam Shammadov,2012-09-26,10-6-0,0
236104,Baisangur Susurkaev,2019-12-22,12-0-0,25
341341,Bakhtibek Egamberdiyev,2025-12-21,0-1-0,
165945,Bakhtiyar Nesipbek,2016-10-22,10-5-1,
154567,Bakhtiyar Toychubaev,2014-02-16,18-5-0,
234927,Bakhtovar Yunusov,2020-07-11,11-1-1,29
291806,Baki Sahin,2023-06-25,1-1-0,
235891,Baktiyar Kydymanov,2020-08-31,0-1-0,
235885,Baktybek Barsbek Uulu,2016-08-27,2-0-0,
264334,Baktygul Kurmanbekova,2022-07-29,7-4-0,25
179786,Bakytbek Duishobaev,2017-09-08,10-9-1,45
254022,Bakytbek uulu Nuristan,2021-12-25,6-4-0,
234994,Banzaragch Enkhjargal,2019-06-22,5-7-0,
328855,Baofa Wang,2024-08-09,1-0-0,
314913,Barakatullo Asadulloev,2026-05-31,1-0-0,0
208222,Baranok Mehmet Egemen,2019-05-01,1-2-0,
158459,Barbara Acioly,2016-01-09,5-3-0,
253959,Bartek Skowyra,2023-08-18,7-5-0,0
132462,Bartira Rodrigues,2022-01-15,2-3-0,
161868,Bartosz Szewczyk,2021-02-20,9-5-1,34
190460,Basir Saraliev,2018-04-29,11-1-0,28
103979,Bassil Hafez,2016-01-09,9-5-1,
225544,Bat-Ulzii Ganzorig,2019-01-26,1-3-0,
87131,Batgerel Danaa,2011-10-30,11-5-0,
182655,Batsumberel Dagvadorj,2014-12-06,9-2-0,
176778,Batsuren Davaajamts,2017-07-07,7-7-0,
159764,Batukhan Baysuev,2016-05-10,7-4-0,
141269,Baurzhan Kuanyshbayev,2014-12-23,18-8-0,0
247206,Baysangur Makaev,2021-10-02,8-2-0,28
221107,Beatriz Consuli Diniz,2021-04-22,7-1-0,28
303903,Beatriz Mesquita,2024-06-15,8-0-0,33
192527,Beau Samaniego,2019-10-18,8-3-0,0
88026,Bec Rawlings,2011-10-15,8-9-0,
304415,Bedirhan Kabak,2025-11-29,2-0-0,0
73182,Beibit Nazarov,2008-04-19,16-4-0,
306114,Bekah Irwin,2024-07-21,2-1-0,
278817,Bekhzod Abdurakhimov,2017-10-28,7-1-0,
153465,Bekhzod Usmonov,2016-07-02,11-5-0,
213611,Beknazar Kushtarbek Uulu,2019-03-10,10-2-0,
235300,Bekten Zheenbekov,2018-09-20,6-3-0,
210885,Bekten Zhekshenbek,2019-03-03,3-2-0,
226997,Bektur Keneshbek Uulu,2020-08-31,4-2-0,
173753,Bektursyn Syrym,2016-12-03,5-4-0,
194447,Bekzat Almakhan,2018-07-28,13-4-0,32
184414,Bekzat Saparov,2017-09-30,6-3-0,
99960,Belal Muhammad,2012-08-18,24-6-0,50
210028,Belek Aliev,2015-02-22,18-14-0,
37301,Ben Beebe,2006-10-13,7-5-0,
219979,Ben Cohen,2019-11-15,1-0-0,
190014,Ben Coyle,2020-10-30,7-5-0,0
54997,Ben DeLeon,2008-03-29,0-7-0,
115259,Ben Edwards,2017-06-17,3-1-0,
52296,Ben Egli,2013-11-02,14-5-0,
171083,Ben Ellis,2019-04-27,4-4-0,0
71773,Ben Forsyth,2016-02-20,2-3-0,
196853,Ben Fowler,2021-02-06,3-3-0,
199386,Ben Goodwin,2021-11-11,0-4-0,
100343,Ben Halder,2018-06-22,7-6-0,42
38348,Ben Henderson,2006-11-18,30-13-0,63
119616,Ben Lugo,2016-04-23,5-7-0,
173280,Ben Moa,2017-07-28,5-2-0,
58843,Ben Neumann,2009-08-07,13-6-0,
14150,Ben Nguyen,2006-12-02,16-9-0,
121816,Ben Parrish,2016-11-05,7-5-0,
161863,Ben Reeve,2016-05-07,0-16-0,
85974,Ben Reiter,2011-06-23,17-3-1,
86740,Ben Royle,2017-07-01,8-3-0,
161094,Ben Schauer,2022-05-14,3-0-0,
62898,Ben Schneider,2009-12-06,3-28-1,
111133,Ben Sosoli,2013-02-02,8-3-0,
212781,Ben Tynan,2022-03-05,6-1-0,31
98537,Ben VomBaur,2012-06-23,4-1-0,
168139,Ben Willeford,2021-11-14,7-0-0,34
206476,Ben Woolliss,2023-05-20,4-0-0,
57379,Beneil Dariush,2009-11-20,23-8-1,52
262188,Benita van Rooij,2023-09-09,7-2-0,0
108989,Benito Lopez,2014-04-04,10-2-0,
84544,Benito Tavares Cavalcante,2011-07-02,8-5-0,
175058,Benjamin Allen,2017-06-10,1-4-0,
161912,Benjamin Bennett,2018-06-09,8-1-0,31
101871,Benjamin Brander,2012-09-08,14-9-0,
159718,Benjamin Hiracheta,2018-12-15,0-1-0,
258149,Benjamin Orozco,2023-05-20,6-2-0,30
234368,Benjamin Sehic,2020-11-07,7-8-0,39
69943,Benjamin Smith,2012-01-20,15-5-0,
110273,Benjamin Vasquez,2015-06-05,3-4-1,
68482,Benjamin Wilhelm,2018-08-03,5-2-0,
263129,Benjamin Wunder,2024-11-02,3-2-0,
98292,Benji Gomez,2013-10-25,9-18-0,
232735,Benny Bajrami,2020-02-15,6-4-0,
47206,Benny Madrid,2009-04-18,10-3-0,
90395,Benny Pineda,2011-11-19,1-1-0,
149294,Beno Adamia,2015-06-14,12-9-2,46
205208,Benoit St. Denis,2019-02-16,17-4-0,32
137225,Bernard Thomas,2014-09-20,5-2-0,
160846,Bernardo Sopai,2016-06-11,13-3-0,28
153953,Bevan OMalley,2015-11-07,4-3-0,
153509,Bevon Lewis,2015-10-29,9-6-0,41
102870,Bhabajeet Choudhury,2012-10-12,8-5-0,
88930,Bharat Khandare,2009-02-22,6-4-0,
213813,Bianca Antman,2020-08-01,1-0-0,
302047,Bianca Basilio,2026-01-23,2-0-0,28
116748,Bianca Daimoni,2013-05-25,8-4-0,
122435,Bianca Sattelmayer,2013-10-19,14-13-0,42
237943,Bichi Zakaria,2021-03-18,3-2-0,
180358,Bidzina Gavashelishvili,2015-04-26,15-5-0,32
237955,Biekenuer Zhahaer,2019-04-20,13-4-0,0
251703,Bilal Alikhadzhiev,2021-07-24,6-3-0,31
252957,Bilal Hasan,2022-12-16,8-0-0,25
257843,Bilal Kai Haga,2022-02-27,7-6-0,34
186923,Bilal Tipsaev,2019-05-04,8-2-1,29
135807,Bilal Williams,2014-08-07,9-7-0,
79414,Bill Algeo,2012-06-01,18-9-0,
289744,Bill Lewis,2025-10-10,1-1-0,
152515,Bill Markle,2022-09-09,4-4-0,
112536,Billy Brand,2013-05-18,7-4-0,33
193523,Billy Combs,2018-11-02,0-8-0,
172579,Billy Elekana,2021-05-14,10-2-0,32
74495,Billy Giovanella,2012-06-15,9-9-0,
188030,Billy Goff,2019-01-05,9-5-0,31
110882,Billy Molina,2012-03-30,5-4-0,
69641,Billy Quarantillo,2013-02-15,18-8-0,46
211539,Billy Ray Valdez,2022-12-16,4-3-0,32
179651,Billy Swanson,2018-11-02,4-3-0,
272336,Billy Van Dyke,2025-10-18,2-1-0,
41212,Billy Zimmerman,2009-02-06,11-6-0,
163878,Bin Xie,2016-07-01,15-6-0,33
93256,Binh Son Le,2013-06-01,5-5-0,
178135,Biqie Qiu,2016-09-28,7-4-0,
244069,Birthony Katarina Nansen,2021-04-17,1-3-0,
50494,Blagoy Ivanov,2007-10-13,19-7-0,
264069,Blagoy Lachev,2022-07-08,3-2-0,
77478,Blaine ODriscoll,2015-10-17,9-5-0,
96220,Blaine Shutt,2013-12-14,8-6-0,
3078,Blair Tugman,2007-06-09,11-7-0,
138307,Blake Bilder,2018-02-24,8-2-1,
258596,Blake Mitchell,2026-02-06,1-1-0,
205680,Blake Perry,2022-04-22,2-2-0,
167020,Blake Smith,2016-11-11,11-4-0,38
137035,Blake Troop,2014-08-23,9-6-0,
110504,Blake Wells,2018-03-09,0-1-0,
256511,Blanca Medina,2022-05-27,2-3-0,26
175066,Blayne Richards,2019-05-04,10-4-0,36
146820,Blazej Majdan,2015-05-09,6-5-0,
173173,Blue Vasquez,2022-08-21,1-0-0,
195979,Bo Hyun Park,2018-09-06,9-3-0,30
247572,Bo Nickal,2022-06-03,9-1-0,29
21137,Bobby Brents,2003-03-08,17-8-0,
190288,Bobby Casale,2022-03-04,2-1-0,
69899,Bobby Cooper,2010-02-19,14-8-0,
112625,Bobby Downs,2014-08-22,5-4-0,
87548,Bobby King,2016-04-29,12-7-0,
164834,Bobby Lee,2015-11-06,15-10-0,39
124772,Bobby Malcolm,2018-12-14,0-2-0,
128472,Bobby Moffett,2013-06-22,17-6-0,
77234,Bobby Nash,2014-08-15,12-5-0,
130959,Bobby Pallett,2017-06-17,7-3-0,
177089,Bobby Seronio III,2021-09-18,6-2-0,28
52937,Bobby Taylor,2009-07-17,6-12-0,
33071,Bobby Voelker,2006-02-11,34-15-0,
253691,Bobby Winther,2023-09-08,4-1-0,29
142133,Bobur Kurbanov,2014-12-25,13-7-0,
248113,Boburjon Rakhmatillaev,2021-07-03,0-1-0,
127739,Bogdan Grad,2019-02-02,16-4-0,35
162293,Bogdan Guskov,2015-12-20,18-4-1,35
286983,Bohdan Danylko,2023-08-12,7-1-0,27
102829,Bohdan Holovatyi,2012-09-15,3-4-0,
129682,Boimah Karmo,2016-03-12,9-6-0,
198417,Bojan Asak,2018-09-23,0-5-0,
3829,Bojan Kosednar,2007-08-11,13-17-0,62
78579,Bojan Velickovic,2010-08-28,25-13-2,52
168287,Bokang Masunyane,2016-12-09,11-4-0,36
185358,Bolaji Oki,2018-03-17,10-4-0,34
189759,Boqie Zheng,2014-07-19,32-16-0,0
264167,Borena Tsertsvadze,2021-07-17,6-2-0,0
168613,Boris Fedorov,2016-12-17,8-3-0,
178546,Boris Garcia Anton,2018-12-22,2-2-0,
208303,Boris Novachkov,2019-04-27,0-4-0,
162338,Borislav Nikolic,2016-05-28,17-2-0,36
113997,Boston Salmon,2014-01-24,8-4-0,
211224,Boule Godogo,2021-07-03,5-2-0,0
204611,Bourama Camara,2019-02-09,8-6-0,33
204186,Bozhidar Ivanov,2024-10-19,3-0-0,0
2243,Bozigit Ataev,2000-05-21,23-5-1,
128349,Brad Evans,2014-02-15,3-18-0,
67979,Brad Katona,2014-10-03,14-5-0,
23678,Brad Pickett,2004-08-14,26-14-0,
173994,Brad Robison,2017-10-07,5-4-0,
46764,Brad Wheeler,2009-03-28,19-18-0,
208431,Braden Aupuni Pagaoa,2016-09-24,5-6-0,0
321585,Braden Peterson,2025-04-26,2-5-0,
135946,Braden Smith,2015-06-20,11-5-0,
63187,Bradley Desir,2011-10-22,10-8-0,
205200,Bradley Swanepoel,2019-08-10,7-2-0,0
177383,Bradley Toth,2019-05-24,1-1-0,
172273,Brady Hiestand,2018-08-25,8-2-0,
118837,Brady Huang,2016-11-12,15-5-0,38
193919,Brady Minner,2020-09-26,11-7-0,39
193732,Brahyam Zurcher,2021-04-09,11-1-0,30
183283,Braian Gonzalez,2017-09-09,16-3-1,33
207939,Brakenden Freeman,2022-10-22,3-4-0,
189604,Branden Brisbo,2022-04-22,2-2-0,
149670,Brandi Narvaez,2015-10-23,1-3-0,
252959,Brandon Altomare,2022-10-14,4-3-0,
89385,Brandon Apfel,2014-05-31,6-4-0,
152286,Brandon Bailey,2017-02-17,5-6-0,
18099,Brandon Bell,2008-04-26,11-14-0,
35264,Brandon Bender,2006-08-04,12-2-0,
205194,Brandon Calton,2020-06-20,2-2-0,
254071,Brandon Carrillo,2022-02-26,3-5-0,
135841,Brandon Davis,2018-10-13,2-2-0,
191836,Brandon Escobar,2024-09-13,0-1-0,
241680,Brandon Evans,2022-11-18,3-2-0,
85280,Brandon Faumui,2014-08-09,5-4-0,
60254,Brandon Fleming,2012-03-30,7-4-0,
18778,Brandon Girtz,2008-04-25,17-10-0,49
309380,Brandon Glass,2017-03-18,0-1-0,
262882,Brandon Gonzalez,2022-07-08,7-3-0,27
127778,Brandon Grimmett,2015-01-31,1-16-0,
218701,Brandon Gutierrez,2023-01-29,0-2-0,
279115,Brandon Guy,2023-03-25,0-4-0,
41931,Brandon Hastings,2009-02-28,6-4-0,
103688,Brandon Hester,2015-03-21,4-2-0,
261369,Brandon Holmes,2023-12-02,6-1-0,29
136906,Brandon Jenkins,2013-07-13,18-12-0,47
42878,Brandon Johnson,2007-02-24,3-4-0,
123729,Brandon Laroco,2016-08-20,6-4-0,
162960,Brandon Lewis,2016-07-22,7-4-0,31
190072,Brandon Lopez,2020-02-15,10-7-0,42
55633,Brandon McMahan,2012-01-27,7-9-0,
203767,Brandon Medina,2019-06-14,0-1-0,
258882,Brandon Meneses,2022-07-16,1-2-0,
174081,Brandon Moran,2021-09-16,5-0-0,
82307,Brandon Moreno,2011-04-30,23-10-2,49
164232,Brandon Murphy,2021-09-16,1-0-0,
60884,Brandon Nunn,2019-02-02,6-6-1,
197016,Brandon Olson,2018-07-21,5-8-0,
166670,Brandon Pate,2019-06-29,0-2-0,
92743,Brandon Phillips,2013-08-17,7-6-0,
38948,Brandon Pieper,2006-08-05,10-15-0,
141961,Brandon Polcare,2015-01-03,2-2-0,
86448,Brandon Ricetti,2013-03-03,9-2-0,
86030,Brandon Royval,2012-08-17,18-9-0,42
77030,Brandon Seyler,2013-01-19,8-8-1,
143196,Brandon Shavers,2016-05-14,6-5-0,
39888,Brandon Suber,2010-10-09,8-9-0,
268140,Brandon Taylor,2025-12-14,1-1-0,
134835,Brandon Trujillo,2016-12-03,1-7-0,
91220,Brandon Warne,2013-01-26,1-4-0,
135779,Brandon gaitor,2018-03-24,5-6-0,
150966,Brandt Cogill,2016-03-05,4-3-0,
168082,Brandt Cooper,2021-03-26,2-3-0,
170470,Branislav Zuzak,2018-06-30,8-3-0,29
172463,Branko Busick,2017-04-21,8-6-0,37
122124,Brant Moore,2017-08-04,9-2-0,
148872,Brayden Graham,2017-05-20,1-3-0,
200518,Braydon Akeo,2018-11-10,5-4-0,
192563,Brayton Young,2026-03-13,1-0-0,
221151,Brena Cardozo,2020-03-01,12-6-0,40
125148,Brenda Enriquez,2017-09-15,1-5-0,
193904,Brenda Gottig,2018-07-28,9-2-0,34
148934,Brendan Allen,2015-08-22,27-7-0,43
157792,Brendan Lesar,2016-03-05,3-4-0,
44424,Brendan Loughnane,2010-06-26,29-6-0,
158973,Brendon Marotte,2018-02-02,8-3-0,
153604,Brendson Ribeiro,2015-07-10,17-11-0,40
212281,Brennan McKisick,2021-05-22,5-2-0,
39986,Brennan Ward,2008-02-23,17-9-0,
144700,Brenner Alberth Barreto,2015-01-10,8-1-0,
251983,Breno Yuri Santos,2023-03-17,6-1-0,0
242932,Brenon Andrade,2021-07-24,0-1-0,
56509,Brenson Hansen,2010-06-04,6-3-0,
219566,Brent Campbell,2024-07-12,2-0-0,
58782,Brent Primus,2010-09-24,16-6-0,47
81196,Brentin Mumford,2011-04-09,11-10-0,0
256130,Brett Bye,2026-05-02,1-0-0,27
68828,Brett Healy,2011-03-13,2-10-0,
92294,Brett Johns,2012-06-30,21-6-0,43
163660,Brett Martin,2016-03-26,12-1-0,34
74160,Brett Martinez,2008-02-16,7-5-0,
165725,Brett Pastore,2022-01-21,8-4-0,36
152991,Brexton Everett,2015-06-20,3-8-0,
171404,Brian Akins,2016-12-02,3-7-0,
173140,Brian Del Rosario,2017-08-19,5-5-0,
63541,Brian Grinnell,2010-06-19,12-12-0,55
26198,Brian Heden,2005-08-20,32-17-0,
98630,Brian Hooi,2013-10-12,23-14-0,50
27119,Brian Imes,2008-07-11,8-13-0,
216179,Brian Jackson,2019-09-06,1-13-0,
272175,Brian James,2025-05-25,0-2-0,
54372,Brian Kelleher,2011-03-11,24-16-0,
254049,Brian Manning,2024-09-21,6-1-0,30
61114,Brian Marino,2009-06-05,6-1-0,
323799,Brian McFadden,2025-01-18,2-1-0,
172602,Brian Mitchell,2019-05-11,7-2-0,
65693,Brian Moore,2011-02-12,16-10-0,
66594,Brian Ortega,2010-04-25,16-5-0,44
171526,Brian Peterson,2017-03-11,3-2-0,
43364,Brian Rogers,2008-02-18,15-9-0,51
99707,Brian Sparrow,2013-06-07,2-1-0,
180390,Brice Picaud,2017-09-23,16-10-0,45
19349,Brice Ritani-Coe,2008-06-20,4-5-0,
222030,British Boloyoang,2019-12-07,3-2-0,
148464,Brittany Camozzi,2018-01-27,1-4-0,
174625,Brittney Cloudy,2018-07-21,6-6-0,
96259,Brittney Elkin,2014-01-25,3-7-0,
168177,Brittney Victoria Grizzelle,2018-02-17,3-3-0,
246477,Briven Sullivan,2025-07-25,2-0-0,23
198806,Brock Dias,2020-02-28,5-2-0,0
196651,Brock Smith,2017-06-17,4-2-0,
333035,Brodyx Gilman,2025-08-09,0-1-0,
91965,Brogan Anderson,2012-02-18,16-5-0,
136848,Brogan Walker,2014-10-24,7-5-0,40
54489,Brok Weaver,2013-08-17,17-6-0,
225966,Bronson Bzorgi,2020-10-03,1-0-0,
111363,Bronson Mohika,2015-04-03,1-1-0,
174428,Brooke Kenrick,2017-11-25,1-1-0,
147653,Brooke Mayo,2017-02-18,0-3-0,
281659,Brooks Black,2023-06-16,1-1-0,
103400,Brooksie Bayard,2014-03-28,1-2-0,
59889,Bruce Boyington,2009-06-20,19-15-0,55
97160,Bruce Richards,2014-05-24,0-7-0,
23921,Bruce Sessman,1998-01-15,0-5-0,
162845,Bruce Soares Xavier Martins,2019-09-28,2-3-0,
99330,Bruce Souto,2012-06-29,16-7-0,42
136445,Bruce Whitehead,2023-01-15,7-2-0,0
139638,Bruna Brasil,2014-11-08,11-7-1,42
139875,Bruna Ellen,2015-03-28,7-5-0,
121644,Bruna Vargas,2013-10-19,4-5-0,
214006,Brunno Ferreira,2019-04-06,15-4-0,35
140926,Bruno Assis,2015-07-11,13-7-0,
67797,Bruno Azevedo,2008-11-13,21-5-0,
71070,Bruno Cannetti,2009-09-27,11-9-0,45
76366,Bruno Cappelozza,2010-12-11,17-7-0,41
213044,Bruno Carvalho,2018-11-10,5-4-0,
74646,Bruno Casillas,2019-04-27,6-8-0,
142799,Bruno Conti,2014-04-11,14-10-0,
23849,Bruno Dias,2006-03-19,19-12-0,
187731,Bruno Fontes,2018-04-29,9-1-0,31
134031,Bruno Henrique Da Silva,2013-12-29,19-4-0,38
76367,Bruno Leandro Soares Lobato,2008-07-25,42-28-3,71
120356,Bruno Lopes,2013-08-10,14-4-0,40
102564,Bruno Machado,2014-08-23,2-2-0,
4122,Bruno Machado Azeredo,2007-09-01,19-9-0,44
178724,Bruno Malfacine,2017-08-27,3-0-0,
58274,Bruno Mesquita,2013-11-01,12-4-1,
97028,Bruno Miranda,2011-04-02,17-6-0,
47506,Bruno Moreno,2009-05-30,0-1-0,
89777,Bruno Oliveira,2011-11-26,9-3-0,
96342,Bruno Pereira da Silva,2012-02-11,11-7-1,
143003,Bruno Quintanilha,2015-02-21,5-5-0,
132060,Bruno Roverso,2014-05-17,19-13-0,50
151338,Bruno Santos,2017-04-08,15-6-0,36
49191,Bruno Santos,2007-12-01,19-5-1,
104938,Bruno Silva,2011-02-06,15-10-2,49
67764,Bruno Silva,2010-06-05,23-13-0,
163231,Bruno Souza,2016-07-01,16-4-0,38
179842,Bruno Suarez Pacheco,2017-07-15,0-2-0,
75548,Bruno Suema,2010-11-27,13-5-0,
312071,Bruno Suzano,2024-04-13,1-2-0,
197765,Bruno de Teixeira Abreu,2018-04-28,3-4-0,
190101,Bryan Arreaga,2015-09-05,3-3-0,
172192,Bryan Battle,2019-07-13,13-3-0,34
172836,Bryan Bautista,2018-07-28,4-1-0,
25698,Bryan Caraway,2005-09-16,22-9-0,
87041,Bryan Creighton,2012-07-01,11-9-0,
117377,Bryan McDowell,2019-10-19,8-10-0,39
77892,Bryan Nuro,2013-03-09,13-8-0,
189433,Bryant Bullock,2018-09-22,2-2-0,
148912,Bryant Shell,2016-06-24,0-7-0,
77828,Bryce Edminister,2017-11-10,3-4-0,
191064,Bryce Gamboa,2021-03-13,2-1-0,
247105,Bryce Layme,2024-08-16,1-1-0,
94690,Bryce Logan,2014-03-29,13-10-0,49
240322,Bryce Meredith,2021-05-21,8-1-0,31
124212,Bryce Mitchell,2015-01-24,19-3-0,35
250433,Bryce Woerner,2025-05-03,3-1-0,22
255606,Bryen Dao,2022-03-25,4-3-0,
168079,Brynn Heathcock,2023-03-25,3-7-0,
120979,Bryony Tyrell,2015-11-21,4-6-1,
163081,Brysen Bolahao,2018-12-14,2-3-0,
152882,Bubba Cruz,2019-10-19,2-2-0,
87270,Bubba Jenkins,2011-12-02,21-9-0,
83085,Buck Pineau,2015-05-09,1-6-0,
338736,Busha Hailai,2025-07-26,3-1-0,0
277161,Busurman Zhumagul,2024-06-14,5-0-0,0
143874,Busurmankul Abdibait,2015-02-12,15-5-1,
159588,Byron Stevens,2016-06-24,2-1-0,
265837,Byron Wells,2026-05-17,0-1-0,
72606,C.J. Hamilton,2013-01-19,16-10-0,
244810,C.J. LaFragola,2023-06-16,3-4-0,
129733,C.J. Soliven,2014-06-28,2-2-0,
73574,C.J. Vergara,2012-11-17,12-7-1,
323786,Cacie Craford,2017-12-16,0-1-0,
86831,Cain Carrizosa,2011-06-17,11-5-0,
124689,Cain Lugar,2017-03-25,4-3-0,
88624,Caio Alencar,2011-10-29,12-5-0,
80589,Caio Bittencourt,2008-06-20,18-11-0,43
142194,Caio Borralho,2014-12-13,18-2-0,38
187777,Caio Fernandes,2018-05-12,5-4-0,
142272,Caio Gregorio,2014-12-19,7-4-0,
178127,Caio Machado,2017-02-18,13-5-1,36
97543,Caio Machado,2011-11-11,17-10-0,
53353,Caio Magalhaes,2009-08-27,10-7-0,
115546,Caio Rocha Uruguai,2013-05-10,8-5-0,
161112,Caiona Batista,2016-05-14,18-9-0,38
328838,Cairang Laque,2023-12-22,2-1-0,
150980,Caitlin Sammons,2019-02-15,3-2-0,
173031,Caleb Crump,2019-01-19,8-6-1,
102306,Caleb Hall,2018-04-14,4-1-0,
189328,Caleb Hall,2019-10-26,4-7-0,
194729,Caleb Jensen,2022-01-14,1-3-0,
85772,Caleb Lally,2012-03-24,6-6-0,
118278,Caleb Merth,2018-04-27,1-1-0,
172421,Caleb Miller,2016-06-11,1-8-0,
190143,Caleb Miller,2019-05-18,1-1-0,
190498,Caleb Moctezuma,2016-08-26,10-9-0,39
88185,Caleb Williams,2012-09-29,9-7-0,
173691,Calen Born,2017-03-11,7-1-0,
123439,Calie Cutler,2014-05-31,7-9-0,
79110,Callum Ellenor,2012-05-20,8-3-0,
73325,Callum Murrie,2016-10-01,5-3-0,
158448,Calob Ramirez,2020-01-17,2-5-0,
155247,Calvin Diaz,2019-05-24,4-2-0,
128675,Calvin Glover,2019-04-26,0-13-0,
114553,Calvin Grube,2017-08-25,2-1-0,
201234,Calvin Harbaugh,2019-12-14,8-7-0,
3998,Calvin Kattar,2007-06-23,23-10-0,50
161090,Calyn Hull,2017-06-24,6-2-0,
214424,Cam Teague,2023-03-04,11-2-0,30
247232,Camden Fontenot,2024-06-09,0-1-0,
221267,Cameron Ansel,2019-11-09,0-3-0,
202927,Cameron Cash,2022-05-06,3-4-0,
195413,Cameron Church,2019-04-05,4-1-0,
67829,Cameron Else,2012-10-06,11-7-0,42
100177,Cameron Graves,2015-10-09,14-11-0,49
209293,Cameron Kinzig,2021-02-27,5-0-0,
136971,Cameron Meintjes,2014-10-02,6-2-0,
160530,Cameron Miller,2016-06-03,4-4-0,
135170,Cameron Olson,2014-07-26,9-5-0,
235785,Cameron Presher,2023-08-26,2-1-0,
167495,Cameron Rowston,2016-11-26,15-3-0,33
205062,Cameron Saaiman,2019-12-14,9-3-0,
205960,Cameron Sandoval,2023-10-14,7-0-0,26
253125,Cameron Scalio,2023-09-01,1-2-0,
214937,Cameron Smotherman,2021-03-06,12-8-0,37
95350,Cameron Underhill,2017-06-10,2-3-0,
178634,Cameron Veales,2024-04-21,1-2-0,
165997,Cameron Williamson,2022-10-22,5-5-0,
178606,Camila Rivarola,2018-03-10,4-4-1,
146417,Camilo Mejia,2019-05-10,1-0-0,
169682,Camilo Petkoff,2016-10-15,1-2-0,
188211,Camilo Restrepo,2018-05-05,1-0-0,
151809,Can Aslaner,2015-09-19,8-4-0,
60500,Canaan Grigsby,2012-11-02,8-8-0,
162728,Canaan Kawaihae,2016-09-24,10-4-0,34
256265,Canon Swanson,2023-12-16,6-1-1,23
281,Caol Uno,1996-10-04,35-24-5,88
175252,Caolan Loughran,2019-09-07,11-4-0,34
172948,Cara Greenwell,2023-05-07,3-2-0,27
117445,Carey Perkins,2020-01-10,0-1-0,
23343,Carina Damm,2004-10-16,23-16-0,
44250,Carl Booth,2014-03-28,10-6-0,
58192,Carl Deaton,2011-09-03,17-7-0,
222549,Carl Jones,2020-08-22,6-1-0,0
31547,Carl Noon,2007-11-10,7-3-0,
43243,Carl Seumanutafa,2007-03-22,14-15-0,
52813,Carl Wittstock,2014-01-11,10-7-0,
218857,Carlene Chandler,2021-08-27,2-4-0,
237259,Carli Judice,2022-10-15,6-2-0,28
132642,Carlo Pedersoli Jr.,2014-05-30,14-5-0,
12740,Carlo Prater,2002-11-01,35-25-1,
189384,Carlo Ricci,2017-07-22,3-5-0,
128611,Carlos Abreu,2013-09-14,10-5-0,
117166,Carlos Andre,2013-06-08,4-6-0,
216986,Carlos Andres Bermudez,2018-09-29,4-2-0,
154725,Carlos Apodaca,2016-07-30,2-3-1,
233382,Carlos Arana,2019-03-31,7-4-0,
124563,Carlos Augusto,2012-07-12,22-9-0,44
180538,Carlos Barrientos,2017-05-27,2-4-0,
89457,Carlos Bazan,2009-04-18,17-9-0,48
159881,Carlos Briseno,2013-11-16,14-4-0,
171178,Carlos Calderon,2020-12-12,10-4-0,33
87691,Carlos Canada,2011-08-18,12-16-0,54
94436,Carlos Candelario,2015-01-03,8-3-0,
300194,Carlos Carlin,2016-08-19,2-0-0,
183777,Carlos Cavalcante,2017-02-11,10-3-0,26
153672,Carlos Cordoba Fonseca,2018-11-15,3-4-0,0
42016,Carlos DeSoto,2009-03-07,0-3-0,
115931,Carlos Eduardo,2013-05-18,15-6-1,
224229,Carlos Eduardo Silva,2019-10-26,0-1-0,
178239,Carlos Eduardo Souza Custodio,2017-05-13,5-3-0,
149835,Carlos Eduardo Viana Gomes,2015-04-11,10-49-0,
129176,Carlos Eduardo de Azevedo,2013-11-09,20-33-2,
195441,Carlos Elizarraraz,2022-05-21,6-8-1,
173276,Carlos Espinosa,2017-04-21,6-10-0,
189435,Carlos Figueroa,2018-10-06,3-8-0,
192560,Carlos Garnett Jr.,2018-06-30,5-5-0,
193087,Carlos Graca,2018-07-07,4-3-0,
102734,Carlos Guerra,2012-01-29,3-8-0,
108043,Carlos Hernandez,2017-04-22,1-3-0,
134216,Carlos Hernandez,2017-01-21,10-5-0,35
136940,Carlos Huachin,2013-04-17,14-8-2,
62512,Carlos Ivan Monzon,2009-10-23,0-3-0,
60461,Carlos Jimenez,2021-05-16,6-5-0,
100389,Carlos Leal,2012-10-06,23-7-0,39
138875,Carlos Lozoya,2014-10-11,10-5-0,
123885,Carlos Marques,2012-05-12,9-7-0,36
154806,Carlos Marquez,2014-10-24,8-10-0,
241046,Carlos Martinez,2026-06-26,1-0-0,
32685,Carlos Martinez,2007-11-01,5-5-0,
137641,Carlos Mascorro,2014-08-09,5-5-0,
177334,Carlos Matos,2017-05-26,11-4-0,
149335,Carlos Melara,2016-09-10,4-4-0,
254569,Carlos Montemayor,2019-08-23,1-0-0,
139553,Carlos Mota,2016-07-31,8-3-0,32
71785,Carlos Ochoa,2010-09-04,4-7-0,
212613,Carlos Orlando Belloso Valdez,2013-11-30,10-9-0,40
244905,Carlos Petruzzella,2021-09-04,15-1-0,29
93495,Carlos Prates,2012-03-17,24-7-0,40
154298,Carlos Puente Jr.,2014-04-05,7-10-1,42
226836,Carlos Reyes,2019-11-22,4-4-0,
102737,Carlos Rivera,2011-11-11,15-9-0,
187662,Carlos Rivera,2023-04-21,4-1-0,29
19803,Carlos Rivera,2008-06-07,2-4-0,
185366,Carlos Rodriguez Jr.,2018-04-06,0-1-0,
280530,Carlos Satiro,2023-05-26,3-5-0,0
248720,Carlos Sena,2021-10-30,4-2-0,
121556,Carlos Silva,2012-12-08,13-5-1,36
202009,Carlos Silva,2018-11-29,3-2-0,
120309,Carlos Soares,2013-08-25,16-4-0,37
114270,Carlos Sousa Almeida,2013-04-13,1-1-0,
210445,Carlos Tardio,2019-05-11,12-3-0,28
165846,Carlos Tenorio,2015-12-18,2-9-0,
231685,Carlos Toro,2021-12-10,0-4-0,
149663,Carlos Trinidad,2020-12-18,2-0-0,
86471,Carlos Ulberg,2011-08-26,14-1-0,36
112244,Carlos Vera,2014-11-30,12-4-0,
181802,Carlos Veras,2019-11-23,6-2-0,29
258102,Carlos dos Santos,2022-04-30,0-2-0,
147245,Carls John de Tomas,2012-09-28,9-5-0,
87789,Carlston Harris,2011-10-08,19-8-0,49
60776,Carlton Little Sr.,2012-06-23,6-10-0,
137560,Carlton Minus,2014-05-21,15-6-0,36
219999,Carlton Terrance,2021-10-29,4-5-0,
156483,Carmela James,2017-01-27,0-4-0,
188506,Carmen Milagros,2019-01-19,0-1-0,
287133,Carol Foro,2023-08-19,10-1-0,30
238360,Carol Kerr,2021-03-27,1-2-0,
122426,Carolina Jimenez,2013-04-08,8-4-0,
155914,Caroline Gallardo,2015-11-07,9-4-0,
161054,Caroline Yariwake da Cruz,2016-04-08,8-5-0,
61231,Carolyn Biskup-Roe,2014-05-31,3-9-0,
111425,Carrington Banks,2012-08-18,10-2-0,
113678,Carson Hardman,2017-01-07,12-5-0,
166392,Carsyn Nash,2023-06-17,3-0-0,32
206852,Carter Beekman,2023-04-22,4-2-0,
245441,Carter Cox,2026-04-25,1-0-0,
165986,Casey Goulet,2017-11-10,1-8-0,
74163,Casey Johnson,2011-02-26,4-5-0,
143625,Casey Jones,2017-04-28,10-9-0,
153455,Casey Kenney,2014-12-20,16-4-1,
247330,Casey Norton,2022-04-01,7-2-0,29
137553,Casey ONeill,2019-04-05,11-2-0,31
7100,Casey Ryan,2007-12-15,9-4-0,
111870,Casey Ware,2024-02-23,0-1-0,
114163,Cass Bell,2018-05-12,9-3-0,
148603,Cassio Arduini,2015-07-04,4-1-0,
134565,Cassio Junior,2014-07-05,10-1-1,30
116508,Castle Williams,2014-06-19,4-3-0,
20059,Cat Zingano,2008-06-13,14-5-0,
151902,Cauata Samuel,2015-06-14,6-4-0,
245483,Cecilie Maria Bolander,2022-12-10,4-2-0,0
249110,Cedric Doumbe,2021-11-01,6-1-0,
121481,Cedric Doyle,2012-03-24,10-7-1,
175517,Cedric Gunnison,2019-10-19,7-3-0,
173272,Cedric Katambwa,2021-12-03,4-2-0,35
261328,Cedric Manhoef,2023-03-18,0-2-0,
119492,Cedric Terrell Savage,2017-10-07,3-2-0,
212445,Ceileigh Niedermayr,2021-05-08,3-3-0,34
220545,Celil Ustun,2021-07-03,0-1-0,
46748,Celine Haga,2009-05-16,15-18-0,
149108,Celine Provost,2015-07-04,0-2-0,
217422,Celito Nascimento,2019-09-14,4-4-0,
273740,Cem Kuyumcuoglu,2023-02-11,0-1-0,
173425,Cemey dos Santos,2017-03-10,8-9-0,
177223,Cerapio Garcia,2017-07-19,1-5-0,
166213,Cergio Chavez,2021-10-15,0-2-0,
156838,Cesar Almeida,2016-02-13,7-3-0,38
89081,Cesar Arzamendia,2010-06-11,9-6-0,
123517,Cesar Balmaceda,2016-08-06,6-2-0,
220313,Cesar Bennett,2019-11-08,0-1-0,
49167,Cesar Briones,2015-10-03,1-3-0,
178367,Cesar Corona,2014-11-10,3-1-0,
138045,Cesar Gonzalez,2016-11-19,4-6-0,
150786,Cesar Gutierrez,2018-04-28,2-9-0,
169264,Cesar Hernandez-Arauz,2019-11-02,6-6-0,
300182,Cesar Montoya,2016-08-19,0-2-0,
134865,Cesar Moreno,2011-06-18,2-5-0,
43183,Cezar Ferreira,2007-04-29,14-11-0,
134286,Cezary Oleksiejczuk,2018-03-23,17-3-0,31
134035,Cezly Collard,2021-05-14,3-3-0,
55913,Chabane Chaibeddra,2009-10-31,14-4-0,40
64658,Chad Anheliger,2010-12-10,13-8-0,
34655,Chad Curry,2012-09-29,9-2-0,
25289,Chad Dietmeyer,2005-07-09,8-3-0,
193233,Chad Finnerty,2019-06-15,3-5-0,
24594,Chad George,2005-04-02,18-8-0,
74533,Chad Griffiths,2010-10-30,7-0-0,
155496,Chad Hanekom,2015-12-12,11-4-0,0
156139,Chad Johnson,2017-12-02,6-4-0,
83463,Chad Kelly,2013-01-26,5-6-0,
30500,Chad Mendes,2008-09-26,18-5-0,
228954,Chad Ritter,2023-04-20,1-3-0,
190148,Chadricc Kindle,2024-02-23,0-3-0,
10097,Chael Sonnen,1997-05-10,31-17-1,
92476,Chaitanya Gavali,2012-03-11,6-9-0,
149963,Chaka Worthy,2018-05-19,5-8-0,
61969,Chakir Haj Haddou,2010-02-26,8-2-0,
195411,Chamy Delva,2019-12-07,7-2-0,38
28162,Chan Sung Jung,2007-06-24,17-8-0,
68273,Chance Beck,2011-08-06,11-10-0,0
102243,Chance Chin,2019-01-18,0-1-0,
225938,Chance Ikei,2023-05-19,7-1-0,0
120325,Chance Rencountre,2013-03-08,17-5-0,
87596,Chance Thackston,2015-03-20,3-1-0,
111495,Chancey Wilson,2017-04-01,2-7-0,
148634,Chandler Cole,2016-08-13,10-4-0,
176058,Chang Ho Lee,2017-01-21,11-2-0,34
200245,Chang Hwan Hwang,2018-11-03,2-5-0,
250360,Changy Khan,2021-12-04,0-1-0,
117033,Chante Stafford,2019-04-17,1-2-0,
177417,Chantel Coates,2018-12-15,3-3-0,
178333,Chao Wang,2015-08-07,1-5-0,
165712,Charalampos Grigoriou,2014-10-05,8-5-0,
161940,Charbel Diab,2017-09-03,6-2-0,
149552,Charisa Sigala,2015-11-28,4-2-0,
196767,Charles Alex,2020-08-21,4-3-0,
70049,Charles Cheeks III,2011-09-24,15-10-0,
256776,Charles Clark,2023-09-30,0-5-0,
215329,Charles Decca,2019-08-23,5-3-1,
176321,Charles Johnson,2016-06-03,19-9-0,46
184703,Charles Jones,2019-03-30,1-3-0,
153249,Charles Jourdain,2016-05-21,18-8-1,40
16466,Charles Oliveira,2008-03-15,37-11-0,52
136361,Charles Radtke,2012-11-17,12-5-0,42
72603,Charles Rosa,2012-08-24,19-9-0,48
110974,Charles Spoolstra,2018-05-25,1-1-1,
165762,Charles Williams,2017-04-14,4-7-0,
316991,Charles Woods,2025-08-22,3-0-0,0
82207,Charles-Henri Tchoungui,2011-04-23,10-12-1,
104957,Charlie Alaniz,2012-10-26,11-4-0,
111490,Charlie Alexander,2016-11-05,9-4-0,
5554,Charlie Brown,2007-01-13,12-9-0,
190271,Charlie Campbell,2019-05-31,9-3-0,32
294448,Charlie Cleveland,2025-02-01,6-1-0,27
213353,Charlie Durham,2019-07-12,0-4-0,
102239,Charlie Gallant,2011-12-23,5-9-0,
153317,Charlie Johnson,2015-05-20,7-2-0,
59482,Charlie Leary,2010-02-13,17-15-1,
216430,Charlie Milner,2019-03-02,7-6-0,
85497,Charlie Ontiveros,2012-07-13,11-9-0,
130313,Charlie Ward,2015-03-21,10-7-0,
260823,Charlotte Craig,2024-12-06,0-1-0,
186470,Charlotte McIntyre,2019-11-23,1-0-0,
194835,Charlsey Brenin Maner,2025-05-16,3-0-0,27
200531,Charly Aragon,2018-10-13,0-1-0,
206184,Charra Phon,2021-09-17,0-1-0,
100057,Chas Dunhour,2017-03-25,1-1-0,
99790,Chase Eastham,2016-09-16,2-6-0,
100266,Chase Gamble,2015-08-20,7-10-0,
138692,Chase Gibson,2014-12-04,14-8-0,
172208,Chase Hooper,2017-10-07,17-5-1,33
248298,Chase Mann,2023-06-24,8-1-0,29
104987,Chase Morton,2012-12-01,6-5-0,
69947,Chase Waldon,2010-04-30,11-3-0,
187307,Chase Wender,2019-01-19,3-1-0,
225249,Chase Whitmer,2022-06-02,4-3-0,0
255966,Chasen Blair,2022-04-02,7-4-0,30
136961,Chato Wiest,2021-08-14,1-6-0,
136503,Chauncey Foxworth,2015-08-22,21-10-0,
260298,Chaz Polson,2023-10-27,1-3-0,
142207,Chazz Walton,2015-01-24,5-1-0,
2174,Cheick Kongo,2001-06-10,31-12-2,
122787,Chel Erwin-Davis,2013-10-26,5-3-0,
120588,Chel-c Bailey,2013-11-30,3-0-0,
183805,Chelsea Chandler,2018-03-24,7-4-0,34
203977,Chelsea Chelsea,2019-01-27,1-0-0,
136038,Chelsea Conner,2017-08-05,4-3-0,
206288,Chelsea Hackett,2019-05-25,5-3-1,27
178057,Chelsea LaGrasse,2017-12-31,3-4-0,
283586,Chenggan Zhang,2023-05-24,7-6-0,
259182,Chengjin Wei,2015-09-13,2-4-0,
125659,Cheri Muraski,2016-10-08,5-2-0,
267873,Cherif Ba Pape,2022-09-10,1-4-0,
177592,Chermen Kobesov,2017-07-29,8-2-0,
109226,Cheya Saleem,2016-07-09,3-2-0,
236907,Cheyanne Bowers,2022-10-14,8-3-0,33
124454,Cheyanne Vlismas,2018-03-09,7-3-0,
135248,Cheyden Leialoha,2015-08-01,12-3-0,35
91797,Chi Lewis-Parry,2012-02-04,9-0-2,
173815,Chiara Penco,2017-05-13,11-5-0,35
119657,Chibwikem Onyenegecha,2015-03-07,7-1-0,
41428,Chico Camus,2009-02-14,20-8-0,
5945,Chidi Njokuani,2007-11-03,25-12-0,54
166914,Chihaya Yoneyama,2016-11-27,9-2-1,
238759,Chihiro Sawada,2021-05-16,12-1-1,31
160635,Chihiro Suzuki,2017-02-05,13-7-0,
47409,Chikara Shimabukuro,2010-03-28,15-20-4,58
343212,Chikaya Suzuki,2026-02-11,2-0-0,24
34477,Chino Duran,2006-06-09,8-11-0,
24919,Chinzo Machida,2005-05-21,5-3-0,
283757,Chisei Yohena,2023-09-24,4-4-0,
237667,Chiyo Takamoto,2023-04-30,3-4-3,25
126402,Chris Avila,2014-01-18,8-10-0,41
4332,Chris Bachmeier,2007-08-11,11-2-0,
45570,Chris Barnett,2009-04-25,23-10-0,51
77002,Chris Birchler,2011-09-09,7-4-0,
215792,Chris Bond,2021-01-09,3-0-0,
254599,Chris Brant,2023-01-06,8-2-0,29
116316,Chris Brown,2017-12-01,13-5-0,43
75039,Chris Bungard,2013-11-22,22-11-0,44
35101,Chris Camozzi,2006-07-15,27-15-0,
34363,Chris Cariaso,2006-05-13,17-9-0,
243242,Chris Choo,2024-04-20,4-4-0,
861,Chris Cisneros,2005-03-05,20-13-0,
153361,Chris Collins,2017-03-03,4-3-0,
244891,Chris Conners,2026-01-17,1-1-0,
176501,Chris Cortez,2018-03-31,2-2-0,
3035,Chris Culley,2007-06-08,20-16-0,
48220,Chris Curtis,2009-06-27,32-13-0,59
192652,Chris Daniel,2017-11-19,9-6-1,40
97570,Chris Daukaus,2013-10-19,12-8-0,
81389,Chris Dempsey,2012-02-17,11-7-0,
163410,Chris Disonell,2018-05-04,6-8-0,
76108,Chris Duncan,2018-04-07,15-3-0,34
184339,Chris Fattig,2024-04-21,0-1-0,
5837,Chris Foster,2008-03-29,12-6-0,
60931,Chris Gutierrez,2013-06-15,22-7-2,47
64109,Chris Haney,2010-11-06,4-11-0,
143925,Chris Harris,2015-03-14,11-5-0,
156051,Chris Hatley Jr.,2017-12-16,13-10-1,40
259701,Chris Hayes,2026-03-27,1-0-0,
163259,Chris Hernandez,2021-08-07,2-1-0,
71662,Chris Herrera,2012-11-17,3-5-1,
110460,Chris Honeycutt,2013-01-26,16-10-0,50
139824,Chris Inocencio,2017-08-05,3-6-0,
102938,Chris Johnson,2012-10-24,3-13-0,
135167,Chris Johnson,2014-02-08,12-18-0,55
5992,Chris Jones,2008-07-18,10-5-0,
52255,Chris Kelades,2009-05-09,15-5-0,
35585,Chris Kuntschik,2006-07-14,6-8-0,
197093,Chris Kwiatkowski,2022-09-09,3-1-0,31
152249,Chris Lewis,2016-06-17,4-5-0,
81203,Chris Lokteff,2011-04-09,12-3-0,
277712,Chris Longo,2024-09-14,0-1-0,
32101,Chris Lozano,2009-06-06,10-5-0,
111401,Chris McKinney,2017-09-16,1-3-0,
186072,Chris Mecate,2020-03-07,13-3-0,34
204472,Chris Mixan,2020-10-17,7-4-0,29
130926,Chris Mullins,2016-03-12,4-3-0,
145146,Chris Ocon,2017-11-04,8-4-0,
110581,Chris Padilla,2014-03-22,17-6-1,35
68329,Chris Pecero,2010-06-05,14-15-0,
45827,Chris Pham,2009-05-09,5-7-0,
122788,Chris Piriz,2013-10-26,8-7-0,
216984,Chris Quiroz,2023-09-30,6-2-0,31
158436,Chris Rojas,2019-09-28,1-1-0,
152017,Chris Rollins,2015-06-06,12-11-1,45
81640,Chris Roman,2012-09-08,3-4-0,
61655,Chris Rose,2015-04-25,0-4-0,
216995,Chris Saenz,2019-01-12,0-2-0,
35729,Chris Salinas,2007-08-25,2-1-0,
94391,Chris Sherley Rios,2021-07-17,0-5-0,
298357,Chris Shimada,2024-03-31,0-1-0,
143558,Chris Soliz,2019-01-25,0-2-0,
151961,Chris Sorrell,2017-12-09,2-5-0,
232917,Chris Trefon,2021-08-18,1-1-0,
164191,Chris Vasil,2017-02-17,8-5-0,37
268933,Chris Velarde,2024-11-22,3-2-0,32
81433,Chris Wade,2011-11-18,23-10-0,
200103,Chris Wolff,2018-11-02,2-1-0,
66061,Chris Wright,2010-02-05,8-8-1,
143967,Chrisoula Koukouvetakis,2019-09-06,3-2-0,
91172,Christian Aguilera,2013-10-25,14-8-0,
256280,Christian Alexander,2022-03-12,3-2-0,
171544,Christian Avalos,2018-11-09,9-1-0,0
208372,Christian Bobe,2024-12-13,4-1-0,27
108575,Christian Cardona,2015-10-17,0-3-0,
180446,Christian Carr,2022-08-06,5-3-0,28
179840,Christian Cerda,2015-07-04,7-9-0,
176398,Christian Davis Lopez Montante,2017-06-30,0-2-0,
75567,Christian Draxler,2010-11-21,18-9-0,46
172425,Christian Echols,2020-10-03,8-4-0,29
52444,Christian Eckerlin,2009-09-12,19-8-0,48
182528,Christian Edwards,2019-07-12,8-5-0,31
100367,Christian Espinosa,2014-05-03,3-5-0,
225661,Christian Esquilin,2024-06-14,2-1-0,
242106,Christian Gavilanez,2024-03-16,1-2-0,
171226,Christian Giovannie,2017-02-26,4-4-0,
185001,Christian Gonzalez,2018-03-16,2-2-0,
186707,Christian Hermosillo,2019-08-02,1-1-0,
257943,Christian Hightower,2024-11-09,1-2-0,
180497,Christian Jungwirth,2017-07-30,16-9-0,48
104504,Christian Leonard,2012-10-20,9-9-0,
152842,Christian Leroy Duncan,2020-09-26,15-2-0,33
140095,Christian Lira,2016-09-10,4-4-0,
171109,Christian Lohsen,2017-02-24,12-2-0,33
204564,Christian Mach,2019-02-23,10-5-0,0
240388,Christian McAuley,2022-09-09,6-0-0,
188027,Christian Medina,2017-05-13,0-2-0,
225936,Christian Natividad,2020-07-17,9-0-0,0
203387,Christian Porter,2023-04-08,3-2-0,
198556,Christian Rodriguez,2019-05-11,13-4-0,32
102334,Christian Rotola,2012-05-26,7-1-0,
34581,Christian Sanchez,2006-06-23,1-15-0,
242246,Christian Strong,2021-07-25,9-1-0,0
202262,Christian Tebbett,2022-06-25,4-4-0,
242817,Christian Turner,2022-04-01,10-3-0,26
240207,Christian Tyler-Foster,2021-04-30,0-1-0,
177540,Christian Villela,2017-07-21,1-1-0,
187592,Christian Ynastrilla,2017-11-19,14-5-0,37
99511,Christiano Frohlich,2012-06-09,11-8-0,44
74569,Christiano Marques,2010-11-06,12-4-0,
142418,Christien Savoie,2015-02-28,10-3-1,37
50203,Christina Marks,2009-05-30,8-12-0,
182945,Christina Ricker,2017-06-16,5-9-0,
142057,Christina Stelliou,2015-01-18,6-4-0,
93934,Christine Ferea,2017-01-14,1-2-0,
94841,Christine Stanley,2012-04-13,5-3-1,
129680,Christofer Ramirez,2013-10-19,8-7-0,
74690,Christofer Silva,2009-09-26,4-3-0,
240929,Christopher Alvidrez,2022-06-03,7-1-0,29
165015,Christopher Bajo,2021-05-29,6-4-0,0
219998,Christopher Boasso,2018-09-22,4-5-0,
248619,Christopher Collins,2024-08-24,1-1-0,
295556,Christopher Conway,2025-05-02,1-2-0,
167440,Christopher Cuadra,2018-03-02,3-3-0,
272776,Christopher Ewert,2022-12-17,8-2-0,32
198942,Christopher Gonzalez,2018-10-20,9-4-0,37
269053,Christopher Lalone,2025-06-28,4-1-0,0
160773,Christopher Lavant,2019-12-07,0-10-0,
54079,Christopher Mario Beal,2009-07-03,11-8-0,
187657,Christopher McElroy,2019-10-27,0-5-0,
155246,Christopher Miller,2019-01-25,2-6-0,
81383,Christopher Ortega,2011-04-08,4-10-0,
101699,Christopher Plasencia,2012-08-04,4-5-0,
72583,Christopher Ray Lopez,2013-02-01,9-2-0,
203771,Christopher Reyes,2019-01-26,0-1-0,
163314,Christopher Rico Torres,2015-05-09,1-1-0,
178501,Christos Nicolaou,2017-10-14,2-2-0,
220956,Christos Tsirimokos,2020-02-22,7-1-0,29
186078,Christy Tyquiengco,2022-05-06,2-2-0,
156658,Chrysangelo Moraes,2015-10-10,6-4-0,
196998,Chuck Campbell,2018-09-29,10-4-0,0
168813,Chuhayifu Huyixibai,2015-12-20,23-12-1,
109033,Chuka Willis,2014-08-16,17-7-0,41
156802,Cian Cowley,2017-05-12,7-6-0,37
125433,Cian Erraught,2016-06-17,1-2-0,
125047,Ciaran Clarke,2019-09-27,10-1-0,32
176631,Ciaran Mulholland,2019-11-09,4-3-0,
250078,Cihad Akipa,2021-11-27,12-2-0,32
41014,Cindy Dandois,2009-01-24,17-7-0,
266865,Cintia Natiely Alves,2020-10-24,0-3-0,
47109,Ciro Rodrigues,2006-11-30,24-14-0,57
193933,Ciryl Gane,2018-08-02,14-2-0,39
165431,Claire Guthrie,2019-10-04,5-3-0,
181970,Claire Lopez,2017-11-25,8-9-0,39
175007,Clara Ricignuolo,2017-01-29,4-4-0,
120762,Clarence Brown,2016-09-16,3-26-0,
71037,Clarence Jordan,2012-09-08,11-8-1,
309127,Clauber Jose de Souza,2024-08-17,2-2-0,
201132,Claude Wilcox,2019-09-28,1-2-0,
217460,Claudia Baril,2020-03-08,1-2-0,
198410,Claudia Diaz,2018-10-11,1-6-0,
189265,Claudia Leite,2016-07-23,11-3-0,
224838,Claudia Pizarro,2023-06-10,2-1-0,
277521,Claudia Villalobos,2022-10-30,3-1-0,28
205165,Claudia Zamora,2019-09-27,5-5-0,
213124,Claudiene Ferreira Alves,2019-07-11,6-8-1,
3388,Claudiere Freitas,2007-07-07,19-24-0,
147560,Claudio Coutinho,2015-04-19,3-2-0,
62881,Claudio Ledesma,2009-11-07,16-10-0,
193964,Claudio Maestre,2018-07-27,4-3-0,
303788,Claudio Meireles,2024-06-21,5-0-0,22
202526,Claudio Nardo,2018-10-20,9-5-0,34
83989,Claudio Quintana Nadal,2011-06-04,10-4-0,
172025,Claudio Ribeiro,2017-02-10,13-6-0,39
101910,Claudio Rocha,2012-08-11,21-19-0,90
302052,Claudionor Rosa da Silva Junior,2024-05-02,0-3-0,
80576,Clay Collard,2011-03-26,25-15-0,
38926,Clay Harvison,2007-01-19,15-9-0,
93742,Clay Uddley,2019-03-23,1-3-1,
114577,Clay Wimer,2014-05-16,8-4-0,
92080,Clayton Brown,2017-02-11,3-4-0,
152926,Clayton Carpenter,2019-08-24,8-3-0,31
275565,Clayton Lee,2026-05-22,1-0-0,
199768,Clayton Matza,2018-10-27,2-3-0,
156005,Clayton York,2017-03-11,5-2-0,
813,Cleber Luciano,1998-11-21,16-7-0,
121169,Cleber Sousa Silva,2013-09-14,25-19-1,68
137054,Clecio Gomes da Silva,2014-09-20,6-5-0,41
210201,Cleilson Da Silva Pinto,2019-05-04,8-5-2,
213123,Cleison Felipe Baia Alves,2019-07-11,9-2-0,
87400,Cleiton Silva,2011-08-13,16-5-0,42
171884,Cleiver Fernandes,2017-10-22,9-3-0,33
199303,Clemente Soto Junior,2018-09-08,7-4-0,31
145142,Clesio Silva,2015-03-28,11-7-0,35
100644,Cleuber Cabral,2011-12-11,19-6-0,
127809,Cleveland Mclean,2014-02-01,17-12-0,
125079,Clever Souza,2017-06-10,3-4-0,
135582,Cleverson Silva,2013-07-20,21-13-0,60
143496,Cleyton Nunes,2015-02-21,1-3-0,
39255,Cliff Wright,2008-09-27,12-21-0,
58070,Clint Anderson,2011-11-19,11-9-0,
82187,Clinton Williams,2013-02-08,9-6-0,
119510,Clovis Hancock,2016-02-19,2-3-0,
221396,Clyde Brunswijk,2019-11-23,7-2-0,
55306,Codale Ford,2010-01-16,13-13-0,
187952,Cody Brundage,2019-04-27,12-10-0,40
81189,Cody Carrillo,2011-02-25,18-25-0,66
191151,Cody Chovancek,2021-11-20,9-0-0,28
190156,Cody Davis,2020-12-12,10-4-0,35
158918,Cody Durden,2016-03-25,18-11-1,44
19491,Cody East,2008-05-31,16-8-0,49
150104,Cody Freeman,2017-06-10,12-8-0,0
32024,Cody Fuller,2008-10-11,10-9-0,
50887,Cody Garbrandt,2012-12-29,15-8-0,45
31200,Cody Gibson,2008-07-27,21-13-0,51
43588,Cody Goodale,2009-02-28,8-6-0,
190369,Cody Haddon,2020-10-10,9-1-0,28
122731,Cody Herbert,2019-08-03,4-4-0,
135360,Cody Hier,2017-03-31,2-2-0,
248337,Cody Jerabek,2022-09-16,1-1-0,
164030,Cody Jones,2015-10-24,10-3-0,
69078,Cody King,2017-07-15,1-3-0,
48239,Cody Land,2010-11-19,16-12-0,
194148,Cody Law,2020-10-29,9-2-0,
54830,Cody Lincoln,2009-02-07,5-3-0,
198565,Cody Linne,2021-03-27,9-3-0,
166427,Cody Matthews,2019-11-14,4-5-0,
241945,Cody McClanahan,2022-11-25,2-2-0,
241665,Cody Noel,2025-08-30,3-1-0,
136425,Cody Owens,2017-04-28,3-0-0,
78063,Cody Peterson,2013-01-18,6-4-0,
158727,Cody Porter,2025-11-07,1-1-0,
243820,Cody Randall,2023-12-08,1-1-0,
165636,Cody Rondeau,2022-02-18,1-1-0,
230375,Cody Salazar,2021-09-12,0-4-0,
182803,Cody Schieve,2018-11-17,1-15-0,
63065,Cody Stamann,2011-11-19,22-8-1,47
112322,Cody Vidal,2015-08-22,1-2-0,
73575,Cody Walker,2012-11-17,9-8-0,
77994,Cody Wilson,2011-07-15,10-6-0,
142065,Cody Yohn,2016-04-15,4-1-0,
185940,Cody Zappone,2019-05-31,4-3-0,
103401,Colbey Northcutt,2017-06-23,2-1-0,
142644,Colby Fletcher,2015-01-22,1-3-0,
196829,Cole Alaxanian,2023-03-04,6-2-0,35
246380,Cole Barnard,2023-07-15,4-1-0,0
69790,Cole Davids,2010-05-08,9-4-0,
214635,Cole Faust,2023-12-09,4-2-0,0
177158,Cole Ferrell,2016-11-05,12-2-0,
175412,Cole Griego,2021-08-28,0-5-0,
190103,Cole Jordan,2019-08-23,0-3-0,
124976,Cole Smith,2016-02-20,7-3-0,
29879,Cole Williams,2008-09-13,11-3-0,
176333,Colin Parr,2018-09-07,2-4-0,
66718,Colin Wright,2012-11-16,9-7-0,
243899,Coline Biron,2017-01-22,2-4-0,
50368,Colleen Schneider,2010-03-19,11-8-0,
187070,Collin Anglin,2017-09-23,10-7-0,40
118473,Collin Huckbody,2017-03-18,16-8-0,38
126979,Collin Lubberts,2017-09-01,8-4-0,34
177378,Colton Hamm,2019-11-23,6-5-0,
186279,Colton Herrera,2021-09-18,1-2-0,
210419,Colton Kielbasa,2021-10-10,8-6-1,35
218700,Colton Loud,2022-10-22,7-1-0,0
89208,Coner Hignett,2014-08-22,9-7-0,
267109,Cong Wang,2022-07-09,10-1-0,34
278119,Conner Owens,2025-03-23,0-1-0,
112679,Connor Barry,2015-09-18,7-3-0,
200460,Connor Dixon,2019-08-24,2-1-0,
86840,Connor Matthews,2019-08-24,8-4-0,36
266708,Connor Penka,2023-01-13,0-1-0,
171871,Constantin Blanita,2020-02-22,1-0-0,
298111,Constantin Cretu,2024-02-10,0-2-1,
181407,Constantin Gnusarev,2017-11-04,4-1-1,
251929,Coopar Royal,2022-11-05,7-2-0,28
64697,Cooper Gibson,2010-02-19,10-2-0,
134277,Corey Anderson,2013-03-29,20-6-0,48
141797,Corey Browning,2015-01-31,5-4-0,
128188,Corey Conway,2018-10-19,0-1-0,
116615,Corey Davis,2016-12-09,5-4-0,
287215,Corey Flores,2026-05-31,1-0-0,
138256,Corey Fry,2021-07-10,6-4-0,0
184786,Corey Jackson,2017-09-09,6-3-0,
75636,Corey Johnson,2018-05-25,0-1-0,
57411,Corey Nelson,2009-06-28,19-8-2,
201667,Corey Norman,2024-02-23,2-0-0,
128199,Corey Samuels,2018-01-18,4-4-0,
152481,Corey Turner,2017-06-17,1-2-0,
4415,Corina Herrera,2007-09-16,4-5-1,
169789,Corinne Laframboise,2017-01-28,8-5-0,
235400,Cornel Thompson,2020-11-22,12-3-0,34
148879,Cornelia Holm,2017-10-14,6-6-0,
151633,Corneliu Lascar Rotaru,2016-02-27,13-9-0,0
215328,Cornelius Savage,2019-09-07,1-0-0,
300507,Cornell Beacham Jr.,2025-05-17,4-1-0,0
273438,Cornellius Aritonang,2022-12-03,4-1-0,
130342,Corrie Ward,2015-03-06,0-4-0,
104964,Corrin Eaton,2012-11-03,10-6-0,
202588,Corry Mccoy,2022-04-24,0-1-0,
151282,Cort Wahle,2016-01-30,6-6-0,
151281,Cortavious Romious,2018-06-30,9-4-0,
49466,Cortez Coleman,2008-11-29,14-9-0,
145669,Corvan Allen,2015-04-11,9-3-0,35
92495,Cory Galloway,2012-03-09,11-10-0,
90798,Cory Hendricks,2014-11-08,9-6-0,
137505,Cory McKenna,2018-03-03,8-4-0,
102246,Cory Sandhagen,2015-05-30,18-7-0,44
59484,Cory Tait,2010-10-01,11-7-0,
115484,Cosmin Tutu,2013-05-04,11-8-0,
124713,Costello Van Steenis,2014-04-05,18-3-0,37
190734,Coty Scott Milhausen,2021-12-10,4-5-0,
156098,Courtney King,2017-06-23,4-3-0,
70910,Craig Callaghan,2010-08-14,9-6-0,
113151,Craig Campbell,2013-09-14,4-3-0,
117447,Craig Eckelberg,2014-01-31,10-7-0,
79609,Craig Edwards,2017-08-19,7-4-0,
154591,Craig Fairley,2017-01-27,3-5-0,
101961,Craig Fruth,2013-06-01,9-6-0,
151144,Craig Grove,2016-11-04,5-4-0,
71867,Craig McIntosh,2014-11-08,3-6-1,
132096,Craig Plaskett,2016-04-22,4-3-0,
17194,Craig Reishus,2008-03-27,4-6-1,
79412,Craig Turner,2010-11-20,7-1-1,
48156,Craig White,2009-11-07,14-12-0,
37272,Craig Wilkerson,2006-10-07,7-5-0,
189322,Craig Willingham,2022-11-10,2-3-0,
156004,Cris Lencioni,2017-02-25,11-3-0,
155357,Cris Macfer Ferreira Macedo,2013-10-26,4-5-1,
78800,Crisanto Pitpitunge,2009-03-07,9-7-0,
187004,Cristhian Rivas,2016-10-14,15-4-1,36
128005,Cristian Barraza,2014-02-16,10-9-0,38
151108,Cristian Dipp,2015-07-18,10-27-0,
240376,Cristian Ferreira de Azevedo,2021-05-01,6-2-1,
166723,Cristian Jose Herrera,2016-02-14,17-9-0,
214938,Cristian Lopez,2019-08-23,2-16-0,
169670,Cristian Perez,2019-02-08,14-2-0,28
130864,Cristian Quinonez,2013-08-02,19-5-0,37
172109,Cristian Rodrigo Roldan,2017-03-25,6-5-0,
119630,Cristian Rodriguez,2013-08-10,5-3-0,
152519,Cristian Santos,2018-03-31,1-3-0,
229097,Cristian Soares,2021-07-30,7-1-0,25
101736,Cristian Torres,2012-08-25,19-16-0,56
183100,Cristian Valencia Gomez,2018-03-25,7-5-0,
26381,Cristiane Justino,2005-05-17,29-2-0,45
139225,Cristiano Cruz,2014-04-25,17-16-0,48
161442,Cristiano Franca,2018-06-09,8-5-1,
135065,Cristiano Souza,2014-08-23,10-2-0,
242375,Cristina Brador,2023-08-18,3-2-0,
89129,Cristina Crist,2018-08-10,2-4-0,
241522,Cristobal Ibanez,2024-11-03,0-2-0,
194986,Cristobal Renteria,2021-06-20,5-4-0,34
170487,Criszaida Adames,2019-09-01,5-2-0,
108411,Cromwell Stewart,2013-10-18,2-3-1,
254913,Cruz Garcia,2023-09-30,5-1-0,24
193492,Crystal Van Wyk,2020-09-12,1-3-0,
141878,Csaba Hocz,2015-08-16,7-3-0,
54589,Cully Butterfield,2009-05-02,14-9-0,
134803,Curtis Blaydes,2014-05-31,19-6-0,46
150826,Curtis Dodge,2015-08-15,1-1-0,
112079,Curtis Millender,2013-02-28,22-13-0,52
144436,Cynthia Arceo,2017-03-18,5-3-1,
336823,Cyrus Jimenez,2025-11-09,0-1-0,
67363,Czar Sklavos,2010-03-26,13-5-0,
244107,DAnte Arnett,2021-09-18,0-2-0,
54486,DJuan Owens,2010-12-10,18-17-1,
20721,D.J. Fuentes,2008-02-16,13-12-0,
16445,D.J. Linderman,2008-06-20,23-20-0,
197088,DaJuan Robinson,2018-04-14,0-7-0,
169417,DaMon Blackshear,2016-03-26,17-8-1,42
179993,Daan Duijs,2017-06-10,10-4-0,0
101181,Dahlen Wilson,2018-09-29,8-6-0,41
119999,Daiana Torquato,2013-10-05,10-6-0,
174013,Daiane Cardoso,2017-05-06,11-4-1,35
123184,Daiane Firmino,2013-11-10,10-5-0,
14452,Daichi Fujiwara,2003-10-04,12-4-1,
265411,Daichi Kamiya,2022-10-10,9-1-0,28
59744,Daichi Kitakata,2010-03-22,20-14-1,53
247646,Daichi Mizuta,2021-12-05,5-2-1,25
127694,Daichi Nishimura,2014-07-06,6-10-6,
97393,Daichi Takenaka,2012-06-17,17-4-1,40
113972,Daiji Tsuge,2017-11-19,0-2-0,
144938,Daiju Takashima,2014-12-28,1-4-1,
298343,Daiki Arata,2024-02-25,6-1-0,23
136469,Daiki Asahina,2014-08-31,2-8-4,
323810,Daiki Fukumoto,2025-04-27,3-2-0,
83771,Daiki Gojima,2011-06-11,12-11-2,51
24244,Daiki Hata,2004-10-15,23-15-6,
258269,Daiki Mine,2022-05-22,2-4-0,
204915,Daiki Nishimura,2019-04-14,2-4-0,
264727,Daiki Saito,2025-08-31,0-2-0,
343207,Daiki Shimada,2026-02-11,1-1-0,
112362,Daiki Tsubota,2013-03-24,13-13-3,51
96497,Daiki Yuki,2012-05-20,13-9-5,43
235722,Daikwon Fuse,2022-06-03,2-1-0,
298277,Daimon Yamanaka,2024-02-18,1-4-0,
163941,Daiqwon Buckley,2021-12-10,4-1-0,
186080,Daishaun Middleton,2019-01-19,0-4-0,
293674,Daishin Nakamura,2024-02-25,4-3-0,27
94260,Daisuke Akamatsu,2012-04-01,4-5-1,
111474,Daisuke Arikawa,2013-04-07,2-7-1,
198083,Daisuke Hirose,2018-09-30,1-1-0,
4157,Daisuke Hoshino,2007-05-13,12-13-1,
154390,Daisuke Kuroishi,2015-12-06,9-13-0,
94323,Daisuke Maekawa,2012-04-30,5-7-3,
247645,Daisuke Sadanaga,2021-12-05,0-3-0,
158209,Daisuke Suzuki,2017-02-24,1-2-1,
35703,Daisuke Yamaji,2006-08-19,2-1-0,
149729,Dakota Bush,2016-01-15,16-4-0,36
48684,Dakota Cochrane,2009-11-13,35-12-0,
210362,Dakota Ditcheva,2021-04-10,16-0-0,29
193587,Dakota Hope,2019-01-12,11-2-0,33
203083,Dakota Jones,2022-08-26,1-4-0,
289417,Dakota Smith,2022-07-29,4-4-0,
160151,Dakota Zimmerman,2018-09-29,1-1-0,
201312,Dallas Blake Manspile,2022-03-26,3-4-0,
239786,Dallas Dodd,2024-03-24,3-2-0,
161939,Dallas Jennings,2017-01-21,4-4-0,
113191,Dallys Gama,2013-03-23,7-6-0,39
98377,Dalton Goddard,2015-01-24,3-5-0,
216467,Dalton Goins,2021-09-03,8-6-0,
185644,Dalton Rosta,2019-03-29,11-4-0,36
24090,Damacio Page,2005-02-05,20-10-0,
304725,Damani Burns,2024-05-03,4-0-0,0
278137,Damaris Olivares,2022-10-07,4-2-0,
298871,Damian Deleon,2026-01-30,0-1-0,
142169,Damian Frankiewicz,2015-01-10,9-4-0,
101960,Damian Norris,2012-04-13,10-3-0,
198208,Damian Ostep,2018-10-06,3-4-0,
281138,Damian Pinas,2022-08-06,10-1-0,23
179814,Damiao Neto,2017-09-09,0-1-0,
279599,Damien Anderson,2023-11-05,5-1-0,29
264595,Damien Blotzke,2026-03-27,0-1-0,
311833,Damien Herrera,2026-02-20,1-2-0,
89557,Damien Lapilus,2011-11-26,21-16-2,64
75425,Damion Hill,2011-10-07,13-10-0,
203888,Damion Nelson,2021-07-17,9-6-0,40
279126,Damion Oranday,2024-05-12,3-2-0,
123527,Damion Shehan,2014-01-24,3-3-0,
159297,Damir Ferhatbegovic,2016-02-27,6-3-1,
202700,Damir Marlen Uulu,2018-11-25,0-2-0,
226337,Damir Tolenov,2020-02-22,12-1-0,31
89548,Damo Weeden,2011-11-19,10-7-0,
194832,Damon Bell,2022-06-25,1-1-0,
164649,Damon Donald,2023-09-09,4-2-0,0
102623,Damon Jackson,2012-09-22,23-9-1,48
174390,Damon Morosko,2021-08-06,0-0-1,
158533,Damon Wilson,2018-02-17,9-4-0,34
144987,Damonte Robinson,2016-05-07,7-1-1,
178705,Dan Argueta,2019-05-03,9-4-0,
124350,Dan Collins,2019-04-20,5-0-0,
70161,Dan Cormier,2012-08-24,10-10-1,
104435,Dan Dubuque,2015-06-19,9-5-0,
45026,Dan Hooker,2009-03-07,24-14-0,51
34553,Dan Hornbuckle,2006-02-18,26-9-0,
129730,Dan Huber,2013-11-23,4-6-0,
116900,Dan Ige,2014-06-14,19-11-0,47
148337,Dan Kneil,2017-09-09,2-3-0,
79220,Dan Konecke,2010-08-14,10-15-1,
53193,Dan Moret,2012-02-18,16-9-0,
187402,Dan Moriarty,2021-08-27,3-2-0,
128378,Dan Randall,2016-06-10,1-1-0,
37371,Dan Sokolowski,2006-07-15,3-18-0,
31880,Dan Spohn,2009-11-25,19-9-1,
27929,Dan Vinni,2008-08-09,21-19-1,
197811,Dana Zighelboim Grau,2018-05-05,5-3-0,
89852,Danasabe Mohammed,2013-02-02,6-4-0,
18205,Dane Sayers,2008-04-26,12-4-0,
203095,Daniel Aggrey,2024-04-21,0-3-0,
279855,Daniel Araujo,2023-05-13,9-1-0,25
84944,Daniel Araujo,2011-07-08,4-4-0,
208488,Daniel Arriaga,2022-06-11,0-10-0,
264336,Daniel Ayala,2022-07-16,0-4-0,
201036,Daniel Bainbridge,2023-05-07,4-2-0,
115258,Daniel Barez,2012-11-10,17-8-0,43
208845,Daniel Boehle,2021-04-02,4-4-0,
177799,Daniel Brunclik,2017-06-25,7-8-1,
113535,Daniel Carey,2016-09-24,7-7-0,
121925,Daniel Cassell,2016-02-13,4-4-1,
287252,Daniel Castro,2025-12-13,0-1-0,
107932,Daniel Compton,2017-05-06,8-4-0,
180872,Daniel Conceicao,2018-04-28,5-4-0,
119332,Daniel Crawford,2013-08-03,10-3-0,
242949,Daniel De La Cruz,2022-08-12,4-2-0,31
82004,Daniel Dittrich,2011-04-23,6-6-0,
127334,Daniel Dustin Moore,2015-12-04,0-2-0,
242141,Daniel Fernandez,2021-07-02,2-2-0,
157677,Daniel Frunza,2016-03-19,9-4-0,33
192046,Daniel Gabriel,2019-11-09,0-1-0,
91331,Daniel Gadley,2018-05-05,4-2-0,
85342,Daniel Gallemore,2011-07-29,7-6-0,
205268,Daniel Gonzales,2021-07-24,4-4-0,
173640,Daniel Gonzalez,2017-04-22,3-2-0,
207637,Daniel Gonzalez,2019-11-08,2-3-0,
273859,Daniel Haase,2022-09-24,0-1-0,
148441,Daniel Hoffpauir,2015-08-15,3-1-0,
215045,Daniel Holt,2024-12-21,4-1-0,22
115836,Daniel Hortegas,2013-05-11,4-5-1,
204499,Daniel Hromek,2019-02-02,6-5-0,
30297,Daniel Jacobucci,2021-02-12,0-1-0,
122155,Daniel James,2014-03-14,16-8-1,51
214947,Daniel James Allen,2019-03-23,5-0-0,
161778,Daniel Jefferson,2018-09-29,2-3-0,
85468,Daniel Jolly,2011-07-30,6-5-0,
124525,Daniel Kolasinski,2013-11-30,6-4-0,32
171568,Daniel Lacerda,2017-03-18,14-7-0,37
241570,Daniel Leyva,2020-07-24,7-6-0,
231136,Daniel Ligocki,2020-03-06,5-3-0,29
25881,Daniel Luiz Siqueira,2005-10-01,6-11-0,
26856,Daniel Madrid,2006-01-21,18-7-0,
251615,Daniel Mahoney,2023-06-16,0-1-0,
148785,Daniel Makin,2015-05-23,10-18-0,0
150410,Daniel Marcos,2015-09-11,18-1-0,37
113399,Daniel Matos,2015-07-24,6-5-0,35
150347,Daniel McElhaney,2016-03-12,10-3-0,35
165262,Daniel Melo,2016-06-03,10-6-0,
207145,Daniel Morrison,2022-05-06,7-3-0,28
195616,Daniel Olajiga,2021-01-29,5-3-0,31
183834,Daniel Ortiz,2011-04-02,0-5-0,
300172,Daniel Ortiz,2013-06-15,0-1-0,
131065,Daniel Oseguera,2018-05-12,1-2-0,
200527,Daniel Palomares,2018-11-03,2-2-0,
153125,Daniel Park,2023-04-13,4-1-0,
187880,Daniel Peet,2019-11-09,1-1-0,
42354,Daniel Pineda,2007-04-13,28-17-0,
102699,Daniel Quevedo Angeles,2011-10-28,4-8-0,
188214,Daniel Recalde,2018-05-05,1-0-0,
113816,Daniel Reis,2013-05-18,8-2-0,
85962,Daniel Requeijo,2010-10-09,22-7-0,
179839,Daniel Rico,2017-07-15,6-6-0,
128788,Daniel Rincon,2014-02-15,2-5-0,
121383,Daniel Rodriguez,2015-06-14,20-6-0,45
245034,Daniel Rojas,2021-07-10,6-1-0,
245873,Daniel Rojas,2021-11-14,0-1-0,
43150,Daniel Salas,2007-04-21,20-9-1,49
213109,Daniel Sanchez,2021-03-27,9-3-0,38
35532,Daniel Sarafian,2006-08-11,11-6-0,
192168,Daniel Schordje,2023-03-10,11-1-1,36
256476,Daniel Schwindt,2021-06-19,9-5-0,34
113302,Daniel Skibinski,2013-03-23,23-12-0,52
235445,Daniel Skvor,2020-12-30,11-4-0,37
137624,Daniel Soto,2013-08-31,6-8-1,
104410,Daniel Souza Pereira,2012-10-20,9-4-0,
40706,Daniel Stittgen,2009-01-23,12-9-0,
50743,Daniel Straus,2009-02-07,26-10-0,
74720,Daniel Swain,2010-11-06,20-11-1,
87530,Daniel Toledo,2011-09-10,13-12-0,
97277,Daniel Torres,2012-05-31,15-7-0,
266725,Daniel Vargas,2024-02-03,0-1-0,
160338,Daniel Vega,2016-04-16,13-10-1,
121546,Daniel Virginio,2013-06-01,8-3-0,
10526,Daniel Weichel,2002-05-12,43-15-0,63
195410,Daniel Wyatt,2021-04-17,6-1-0,31
167076,Daniel Zellhuber,2016-09-24,15-4-0,31
207443,Daniela Espinosa,2019-04-26,0-1-0,
220972,Daniela Hernandez,2021-03-19,5-1-0,
145446,Daniele Miceli,2013-04-28,14-7-0,46
122370,Daniele Scatizzi,2013-10-12,14-8-0,40
237132,Daniella Antonelli,2021-02-21,6-3-0,
238574,Daniella Shutov,2021-03-20,0-1-0,
147548,Danielle Hindley,2017-08-12,4-3-0,
223745,Danielle Misteli,2022-03-05,4-5-0,
109324,Danielle Taylor,2014-03-06,11-9-0,
193228,Danielle Wynn,2020-10-22,2-6-0,
222782,Daniil Donchenko,2019-12-07,14-2-0,29
297248,Daniil Rogov,2025-04-19,2-1-0,
72857,Danijel Kokora,2010-08-28,21-16-0,
176696,Danijel Spoljaric,2017-04-22,9-9-0,
303775,Danil Shishkov,2024-03-09,1-3-0,
146561,Danila Prikaza,2013-05-16,18-8-2,0
130242,Danilo Adreani,2014-02-22,13-5-0,37
112443,Danilo Belluardo,2014-06-07,13-7-0,43
134438,Danilo Marques,2014-03-29,15-6-0,
178966,Danilo Suzart,2018-02-24,10-3-0,36
156659,Danilo da Silva Morais,2015-04-11,6-5-1,
120276,Danilo de Souza Martins,2010-10-16,11-37-1,95
139187,Daniyar Abdibaev,2014-10-07,9-3-0,
167436,Danni McCormack,2019-09-27,9-2-0,
213726,Danny Barlow,2021-10-29,9-2-0,31
155256,Danny Bennett,2024-11-03,0-1-0,
205328,Danny Collazo,2020-09-25,2-0-0,
43918,Danny Davis Jr.,2009-03-14,13-14-1,
181436,Danny Durnavich,2017-11-11,1-3-1,
68214,Danny Holmes,2011-12-10,4-5-0,
144479,Danny Kingad,2014-11-20,15-6-0,37
86829,Danny Mainus,2011-09-10,3-5-0,
34671,Danny Martinez,2006-06-03,21-9-0,
54893,Danny Missin,2012-10-28,10-15-0,
129617,Danny Orr,2015-04-25,4-0-0,
98695,Danny Ramirez,2015-03-14,7-9-0,
197094,Danny Rodriguez,2018-12-14,1-2-0,
193531,Danny Sabatello,2018-07-21,19-4-1,39
202226,Danny Silva,2019-05-25,11-2-0,32
51317,Danny Somers,2014-11-22,3-0-0,
160596,Dansheel Moodley,2016-06-17,8-5-0,
63066,Dante Brown,2018-02-09,6-5-0,37
162454,Dante Schiro,2018-07-28,13-6-0,38
72698,Danver dos Santos Cruz,2017-04-15,5-2-0,
54638,Danyel Pilo,2008-10-15,10-2-2,
72470,Danyelle Williams,2011-10-07,8-8-1,
231517,Danyelle Wolf,2020-09-15,1-1-0,
277760,Danylo Kartavyi,2023-04-23,2-0-1,0
245055,Danylo Voievodkin,2021-08-28,7-1-0,24
161786,Darian Weeks,2019-02-16,9-5-0,38
187653,Darien Robinson,2022-03-19,9-3-0,0
47280,Darin Oler,2009-05-02,4-6-0,
222043,Darina Mazdyuk,2019-02-02,4-2-0,
164746,Dario Bellandi,2019-03-01,9-2-0,0
184267,Dario Palazzo,2023-07-29,1-1-0,
174917,Darion Abbey,2019-02-15,9-5-0,37
98978,Darius Estell,2017-04-29,7-6-0,
196595,Darius Mafi,2019-12-07,5-2-0,
255601,Darius Miller,2023-03-24,1-3-0,
220486,Darkhan Skakov,2019-04-27,6-8-0,
173786,Darkhanbek Ergeshev,2017-03-26,13-2-0,0
72689,Darko Banovic,2010-09-05,21-9-0,44
99540,Darko Stosic,2012-06-23,23-8-0,43
310522,Darley Souza,2024-07-07,3-2-0,0
191149,Darnell White Jr.,2019-10-30,1-5-0,
54395,Daron Cruickshank,2009-10-10,23-14-0,
121503,Daron McCant,2016-07-30,5-2-0,
187621,Darragh Kelly,2022-02-25,9-1-0,28
150351,Darrell Denslow,2015-08-22,0-2-0,
48027,Darrell Horcher,2010-09-10,14-8-0,48
20341,Darrell Montague,2008-06-20,13-5-0,
7120,Darrell Wood,2007-09-29,1-8-0,
42880,Darren Elkins,2007-01-24,29-13-0,61
172830,Darren Gibbs,2016-06-25,4-16-0,
85565,Darren Mima,2012-06-30,11-9-0,
122555,Darren OGorman,2014-11-01,6-6-0,
61770,Darren Smith Jr.,2010-02-21,25-14-0,56
82227,Darren Snow,2012-10-25,5-3-0,
184925,Darren Whitney,2021-10-29,6-6-0,
91920,Darrick Minner,2012-10-13,27-15-0,47
100252,Darrion Caldwell,2012-09-14,15-7-0,
143790,Darrius Flowers,2017-03-03,13-8-1,36
152560,Darryal Griffin,2017-05-19,0-1-0,
133091,Darryl Booker,2022-11-12,2-1-0,
289596,Darryl King Walker,2025-08-23,2-1-0,32
200530,Darwin Jimenez,2018-10-13,0-1-0,
266034,Darwin Pena,2024-10-18,1-1-0,
119365,Daryl Golding,2015-06-12,8-2-0,
118549,Daryl Wilson,2015-09-11,8-4-0,
168473,Dashawn Boatwright,2015-11-07,3-3-0,
201341,Dastan Amangeldy,2020-11-07,11-1-0,0
186951,Dastan Omurzakov,2017-09-30,3-0-1,
129353,Daud Shaikhaev,2014-03-09,18-5-1,0
270533,Dauda Rajabu,2022-11-05,4-2-0,
168023,Daudgadzhi Ibragimov,2015-04-10,3-2-1,
243752,Daulet Karimulla,2023-10-28,3-1-0,0
88116,Davaun McKoy,2011-10-15,0-4-0,
5601,Dave Jansen,2007-09-22,20-4-0,
209330,Dave Latoria,2019-05-11,0-0-0,
95469,Dave Marfone,2012-04-20,5-3-0,
12142,Dave Vitkay,2002-12-13,18-13-1,
16729,Davey Grant,2008-11-29,18-8-0,46
202674,Davi Almeida,2018-08-11,8-4-0,32
178402,Davi Bittencourt,2017-08-12,18-5-0,
218642,Davi Furtado Sagara,2019-04-06,0-1-0,
154462,Davi Lameu,2015-12-06,3-1-0,
193789,Davi Young,2021-03-27,5-6-0,
103594,Daviante Jones,2017-09-09,1-6-0,
181535,David Abisror,2017-11-16,1-0-0,
101386,David Acosta,2014-06-13,5-2-0,
181838,David Aguilar,2017-11-22,3-1-0,
243758,David Allakhverdiev,2021-06-05,7-1-0,0
72412,David Armas,2011-07-22,9-21-0,
63857,David Baxter,2015-07-25,4-2-1,
105430,David Bear,2012-11-10,9-2-0,
262670,David Bergida,2024-06-22,5-3-1,0
104979,David Butt,2013-02-23,8-12-0,
251932,David Camacho,2023-10-13,1-0-0,
221423,David Ciuclea,2021-05-15,2-2-0,
224985,David Clark,2021-08-28,4-4-0,
187482,David Conte,2017-10-07,1-1-0,
91176,David Duran,2013-08-09,8-8-0,
68647,David Dvorak,2010-06-06,22-7-0,40
99710,David Espino,2016-01-30,3-3-0,
148876,David Evans,2019-05-10,5-3-0,
245605,David Evenson,2025-03-08,2-2-0,
269705,David Forster,2022-12-03,5-4-0,
235203,David Frank Garcia,2019-06-21,0-1-0,
142244,David Garcia,2015-04-25,5-4-1,
207226,David Gladfelter,2021-03-13,7-6-0,37
176672,David Habran Valle Davila,2016-02-14,1-2-0,
155822,David Hansen,2024-02-23,1-0-0,
189013,David Hosek,2018-04-27,13-9-1,41
168354,David Jacobsson,2016-10-22,13-4-0,
218106,David Johannes,2022-05-06,0-2-0,
74809,David Jordan,2012-04-27,7-5-0,
179691,David Juliano,2019-02-16,3-5-0,
171970,David Khalsa,2017-05-12,3-7-0,
75836,David Kozma,2010-12-05,34-15-0,57
152868,David Lewis,2017-11-04,2-6-0,
227331,David Luna,2020-03-06,0-1-0,
275953,David Macias,2024-02-10,6-0-0,28
172781,David Maldonado,2017-04-08,0-2-0,
219975,David Malka,2019-11-15,2-4-0,
159878,David Martinez,2016-02-20,14-1-0,30
166949,David Martinez,2018-09-08,17-6-0,41
174984,David Martinik,2017-05-13,7-8-0,
142222,David McKinney,2022-06-25,6-7-0,
198464,David Meskhoradze,2018-10-13,2-2-0,
270868,David Mgoyan,2022-11-28,9-1-0,23
199002,David Michael Durao,2019-07-20,1-3-0,
54450,David Michaud,2009-04-25,18-6-0,
130185,David Miramontes,2015-09-12,4-10-0,
110227,David Moon,2014-11-07,11-8-0,
145159,David Mora,2015-03-21,10-7-0,37
153559,David Morales Lijeron,2009-04-18,8-0-0,
171499,David Moreno,2016-11-19,1-0-0,
128937,David Mundell,2014-02-28,10-5-0,
213857,David Music,2024-06-14,0-1-0,
185360,David Nascimento,2014-09-29,9-7-0,
75200,David Nuzzo,2010-11-19,11-2-0,
203359,David Pacheco,2019-01-26,1-1-0,
257697,David Piechaczek,2023-05-27,5-2-0,29
267146,David Puente,2026-02-06,1-1-0,
100005,David Raimundo Arcangela Silva,2011-08-06,7-12-0,
170967,David Rangel,2017-02-24,0-2-0,
243033,David Reza,2023-08-20,2-1-0,
28202,David Rickels,2010-02-13,22-6-0,
154966,David Rivera,2018-09-08,3-1-0,
173641,David Rivera,2010-08-28,0-4-0,
200102,David Robins,2018-11-02,7-2-1,
196813,David Romano,2021-09-16,1-1-0,
179843,David Ruiz,2017-07-15,5-3-0,
86134,David Salazar,2012-11-17,3-12-0,
127946,David Secaida,2022-12-09,1-1-0,
186082,David Simpson,2019-05-10,0-2-0,
51188,David Sokolovsky,2008-12-13,4-6-0,
164133,David Solorzano,2019-08-10,6-1-0,
52355,David Suter Jr.,2015-01-31,1-5-0,
173021,David Tamayo,2017-04-08,1-5-0,
113633,David Waters,2015-09-05,6-5-0,
165405,David White,2017-12-09,2-4-0,
253871,David Wright,2023-02-10,6-3-0,32
74514,David Zawada,2010-11-07,20-13-0,52
189692,David Zelner,2021-07-24,5-7-0,
156784,David-Tonatiuh Crol,2015-10-31,11-11-0,38
226931,Davide Bufalino,2020-01-25,0-1-0,
142843,Davide Gregorio La Torre,2016-06-25,5-6-0,
245656,Davide Scarano,2021-07-24,7-4-0,31
139172,Davie McLaughlin,2016-11-26,2-2-0,
219434,Davion Franklin,2020-02-21,6-3-0,
214664,Davion Trotter,2023-02-04,2-1-0,0
194371,Davison Valente,2019-10-19,3-5-0,
264651,Davit Lortkipanidze,2023-07-07,9-0-0,26
249566,Davlat Khozhiev,2021-10-27,6-5-0,
220548,Davlet Karataev,2021-07-25,9-2-0,0
196102,Davon Duncan,2018-09-01,7-3-0,29
80846,Davy Gallon,2011-01-08,24-10-2,51
222915,Dawid Adrian Jarowienko,2024-10-12,3-1-0,
140274,Dawid Gralka,2014-12-13,6-3-0,
146813,Dawid Kareta,2017-05-13,5-5-0,36
148290,Dawid Panfil,2017-12-09,4-5-0,
129103,Dawid Zan,2017-12-02,2-1-0,
132677,Dawond Pickney,2013-05-18,18-16-0,
31089,Dayana Silva,2009-12-12,10-9-0,
103793,Dayane Cristine,2022-07-15,1-1-0,
66388,Dayane Mestrinha,2009-10-24,3-13-0,
149911,Dayvison Silva,2015-08-08,8-8-0,
77395,DeAnna Bennett,2012-02-24,14-10-1,51
177547,DeMarcus Kemp,2017-07-22,1-4-0,
179873,DeMarcus Simmons,2017-10-06,0-3-0,
161299,DeWayne Diggs,2016-06-24,4-5-0,
234338,DeWitt Dixon,2021-11-20,5-2-0,0
178953,Dean Barry,2017-09-16,4-2-0,
62138,Dean Garnett,2010-12-04,15-4-1,42
143643,Dean Hancock,2015-02-27,4-5-0,
271921,Dean Sherry,2024-11-22,1-1-0,
62763,Dean Trueman,2011-06-05,10-10-0,
165755,Deandre Anderson,2018-04-21,6-7-0,31
190059,Deborah Kouzmin,2018-05-19,2-1-0,
57403,Decky Dalton,2009-11-07,11-5-0,
119639,Declan McAleenan,2015-12-05,9-6-1,
283576,Dedan Banma,2022-07-09,7-3-0,
156335,Dedrek Sanders,2016-01-06,11-5-0,40
171867,Dee Begley,2019-09-20,4-8-0,
101055,Deiveson Figueiredo,2012-02-17,25-7-1,47
293029,Deividas Zamba,2023-11-18,3-0-1,0
292594,Dejan Ovuka,2024-11-30,2-1-0,0
133080,Dejdamrong Sor Amnuaysirichoke,2014-06-14,12-7-0,
115975,Dejon Daniels,2017-05-06,1-4-0,
640,Del Hawkins,2000-05-17,22-17-0,
134404,Delan Monte,2014-08-28,12-6-0,35
108968,Delfin Nawen,2012-12-15,6-2-0,
119853,Delfino Benitez,2017-07-22,4-8-0,
306550,Delian Alishahi,2024-08-24,5-0-0,27
215013,Delton Kaufmann,2025-10-25,2-0-0,
171947,Delyan Georgiev,2021-11-20,4-1-0,0
135291,Demarcus Brown,2015-09-19,6-11-0,
136182,Demarques Jackson,2013-08-03,13-8-0,
77778,Demarte Pena,2011-02-03,16-4-0,45
241282,Demba Seck,2021-05-15,11-3-0,34
315794,Demetri Nictas,2025-09-19,0-1-1,
45428,Demetrious Johnson,2009-08-15,25-4-1,
191313,Demetrius Plaza,2019-02-16,1-1-0,
117917,Demetrius Wilson,2015-10-23,6-3-0,
246290,Demezode Agba,2022-02-25,0-1-0,
194993,Demison Rodrigues,2018-08-11,10-3-0,26
102103,Demoreo Dennis,2012-09-15,9-7-0,44
196615,Deni Arif Fadhillah,2016-10-08,7-3-0,0
114803,Denilson Matos,2010-08-06,16-8-0,
112069,Denilson Neves de Oliveira,2013-02-23,17-12-0,
199974,Denis Farkas,2018-11-10,3-6-0,
249854,Denis Frimpong,2023-02-24,10-4-0,36
74124,Denis Goltsov,2010-08-19,37-9-0,49
244973,Denis Gondzala,2022-09-17,2-12-0,
123615,Denis Maher,2013-10-05,13-3-0,34
117118,Denis Oliveira,2012-12-09,23-7-0,
170883,Denis Palancica,2015-12-05,10-4-0,33
163198,Denis Tiuliulin,2013-04-24,10-10-0,
105481,Denis Tripsansky,2015-10-30,5-5-1,
237655,Denise Gomes,2017-09-09,12-3-0,30
153295,Denise Kielholtz,2015-10-31,9-6-0,41
248276,Deniz Ilbay,2021-12-04,9-3-0,32
26845,Dennis Anderson,2006-01-13,12-9-0,
87639,Dennis Bryant,2012-01-28,5-2-0,
190266,Dennis Buzukja,2018-10-13,12-7-0,34
54438,Dennis Dombrow,2010-10-16,9-6-0,
189450,Dennis Hughes Jr.,2019-05-25,7-5-0,
47910,Dennis Linton,2010-07-10,10-4-1,0
125668,Denver Songaben,2013-12-14,1-3-0,
182505,Denzel Freeman,2017-12-15,7-2-0,34
195954,Denzel Rosaroso,2024-06-16,0-1-0,
112058,Deon Clash,2019-04-04,1-1-0,
91614,Dequan Townsend,2012-02-18,28-13-0,
169766,Deran Martinez,2022-06-17,1-2-0,
85604,Derek Anderson,2011-08-06,17-4-0,
245938,Derek Benoit,2023-04-01,6-4-0,
137039,Derek Brenon,2014-09-26,6-2-0,
41122,Derek Campos,2009-01-10,20-16-0,57
117909,Derek Holly,2013-06-29,5-8-1,
54051,Derek Smith,2009-04-03,10-9-0,
48274,Derek Varin,2011-08-13,6-5-0,
174158,Derek Wilson,2017-10-13,3-4-0,
163822,Derick Garcia Borges,2019-01-20,11-4-0,34
205985,Derik Overstreet,2021-08-28,2-3-0,
126344,Derion Chapman,2014-10-30,7-13-1,
171913,Deron Winn,2017-03-18,7-3-0,
112243,Derrick Adkins,2015-01-10,10-6-0,
151715,Derrick Ageday,2016-11-04,6-13-0,
94081,Derrick Brown,2014-06-20,6-5-0,
27612,Derrick Krantz,2008-07-18,26-12-0,
60462,Derrick Lewis,2010-04-09,29-14-0,66
113680,Derrick Mandell,2013-03-29,9-5-0,
201256,Derrick Patterson,2022-08-19,2-4-0,
71397,Derrick Weaver,2013-05-18,7-8-0,
293507,Deshaun Gray,2024-11-16,3-1-0,
190532,Desiree Yanez,2018-03-10,7-6-0,39
90748,Desmond Green,2012-04-01,24-8-0,
146531,Desmond Moore,2014-06-07,7-5-0,
173204,Desmond Torres,2017-04-08,7-3-0,
158400,Devante Sewell,2016-11-11,13-10-0,41
64069,Deven Fisher,2007-06-30,5-9-0,
222949,Deven Paulsen,2019-11-20,6-10-0,
74356,Devin Clark,2013-08-04,14-10-0,45
130203,Devin Cowan,2014-03-29,4-5-0,
151797,Devin Goodale,2018-04-22,5-0-0,
330414,Devin Lee,2025-06-25,1-0-0,
260299,Devin McGinley,2026-06-26,0-1-0,
137301,Devin Miller,2017-10-21,5-3-0,
65485,Devin Powell,2012-04-27,10-5-0,
160044,Devin Smyth,2016-05-14,12-5-0,34
63751,Devin Turner,2011-04-23,3-5-0,
176313,Devon Brock,2018-01-20,12-7-0,
126920,Devon Chavez,2017-08-03,0-2-0,
202441,Devon Dixon,2020-08-28,8-3-1,32
209999,Devon Jackson,2021-12-19,6-3-0,32
211975,Devon Lozej,2021-08-15,9-3-0,35
282286,Devon McDonald,2025-04-11,3-2-0,
108571,Devon Seitz,2020-01-25,2-5-0,
192136,Devon Simons,2024-02-23,4-0-0,29
158124,Devondrick Bankston,2019-09-28,0-1-0,
115379,Devoniere Jackson,2014-06-21,7-9-0,
91072,Devonte Smith,2015-09-26,11-4-0,
136785,Devorious Tubbs,2015-03-20,4-4-0,
152131,Dewis Junior,2015-08-08,6-17-0,
256841,Dey McIntosh,2024-08-31,5-3-0,
212456,Deyan Galinov,2022-04-02,6-1-0,0
263910,Dhia Meguellati,2020-01-10,3-1-0,
136499,Dhouglas Ribeiro,2015-12-13,16-15-0,50
158688,DiMarcco Hutchison,2016-04-16,7-6-0,33
235982,Diamond Long,2021-07-30,0-3-0,
184585,Diana Avsaragova,2017-12-29,6-2-0,
172526,Diana Felipe,2017-03-25,2-2-0,
190144,Diana Mendoza,2021-06-25,2-1-0,
222255,Diana Morales,2019-12-08,0-1-0,
133478,Diana Reyes,2014-04-15,6-6-0,
200861,Diana Sanchez,2022-10-07,1-2-0,
192336,Diara Culpepper,2021-09-18,3-2-0,
153399,Dias Yerengaipov,2015-08-29,19-3-0,35
282059,Diavantae Reddick,2025-08-22,3-0-0,26
287181,Didier Toure,2023-09-07,0-1-0,
243364,Diego Aleman,2024-05-31,3-2-0,29
34114,Diego Arturo Huerto Jauregui,2002-02-24,18-6-2,
142460,Diego Baltazar,2015-01-24,4-8-0,
205400,Diego Bandu,2020-03-14,7-2-0,0
86794,Diego Barbosa,2011-09-03,7-4-0,
174160,Diego Bautista,2018-08-11,0-2-0,
125507,Diego Bianchini,2015-04-11,10-3-0,32
166060,Diego Calderon,2018-04-27,6-2-1,
122693,Diego Dias,2013-07-20,20-7-0,42
135134,Diego Domingos de Almeida,2014-07-19,6-2-0,
116084,Diego Freitas,2013-05-11,1-3-0,
26550,Diego Gasparetto,2009-11-07,5-3-0,
157538,Diego Gomez Manzur,2016-03-12,13-1-0,27
11978,Diego Gonzalez,2002-11-30,20-15-0,
34987,Diego Herzog,2003-11-29,4-3-1,
102023,Diego Lopes,2012-09-08,28-8-0,41
185281,Diego Morillo,2016-10-14,8-4-0,33
99061,Diego Ortis,2011-12-11,10-5-0,
108756,Diego Paiva,2012-03-24,12-6-0,37
103143,Diego Pereira Borges,2012-06-23,6-4-0,
122490,Diego Pichilingue,2014-07-11,3-8-0,
70111,Diego Ribeiro,2010-07-17,10-3-0,
131008,Diego Silva,2012-03-17,17-9-0,
193651,Diego Silva,2021-05-28,13-7-0,33
220532,Diego Vazquez,2022-03-25,3-2-0,
257499,Dieye Papa Badara,2023-06-16,2-4-0,
341217,Dilafruz Ergasheva,2025-12-21,0-1-0,
212068,Dilano Taylor,2019-02-16,14-5-0,37
15806,Dileno Lopes,2007-07-04,21-9-0,
48864,Dillard Pegg,2011-08-20,6-6-0,
152549,Dillion Cox,2019-06-14,6-6-0,
239394,Dillion Winemiller,2021-11-19,2-3-0,
185674,Dillon Danis,2018-04-28,2-0-0,
95928,Dillon Tolbert,2015-02-28,6-10-0,
165717,Dilmurod Movlonov,2016-10-08,2-1-0,
235882,Dilshod Fakirov,2020-08-31,1-1-0,
191737,Dilshod Zaripov,2019-09-14,4-2-0,
209513,Dimas Chapa,2022-12-02,4-4-0,
306549,Dimitar Kalchev,2024-08-24,0-1-0,
91998,Dimitar Kostov,2012-02-11,17-10-0,
67917,Dimitre Ivy,2010-11-06,14-11-0,48
235237,Dimitri Bolkvadze,2019-12-22,9-4-0,30
182924,Dimitri Fogg,2018-12-08,0-4-0,
266927,Dimitri Jioev,2022-04-11,7-0-0,0
189173,Dimitris Moirotsos,2023-04-30,1-3-0,
207980,Dina Osman,2022-10-28,4-1-0,29
125665,Dindo Camansa,2013-12-14,4-8-0,
282147,Dinesh Nain,2023-08-20,7-2-0,30
169063,Diney Souza,2017-05-06,11-5-0,0
70923,Dinis Paiva,2011-06-10,14-9-0,43
138364,Dinislam Kamavov,2013-07-05,13-3-2,
72734,Dino Bagattin,2009-04-26,13-10-0,
49242,Dino Gambatesa,2008-11-09,11-10-0,
192716,Diogo Justino,2018-06-29,0-2-0,
178716,Diogo Silva,2018-04-07,16-10-0,44
125361,Diogo Sotero,2013-12-20,16-8-0,38
200309,Dion Rubio,2021-08-28,4-3-0,
180873,Dione Barbosa,2018-07-07,10-4-0,37
194968,Diones da Silva,2018-08-11,1-4-0,
43606,Dionisio Ramirez,2009-02-06,9-5-0,
343194,Dionnis Romero,2026-04-12,0-1-0,
45439,Dirlei Broenstrup,2009-04-18,17-14-0,60
184408,Diyar Nurgozhay,2017-12-15,12-2-0,30
203459,Djamal Rustem,2019-01-26,6-1-0,
80523,Djamil Chan,2010-10-03,16-10-0,45
130572,Djorden Santos,2015-03-21,11-3-0,32
243791,Djulia Ariana,2021-12-18,5-3-0,0
164704,Djulustan Akimov,2015-11-06,2-3-0,
138859,Dmitrijs Homjakovs,2014-11-22,4-1-0,
120938,Dmitriy Derevyanko,2013-09-14,0-5-0,
191792,Dmitriy Krivulets,2016-02-26,12-12-0,
103414,Dmitry Gerasimov,2013-05-18,9-7-0,
100547,Dmitry Orlov,2012-06-29,17-10-0,
167270,Dmytrii Hrytsenko,2016-11-19,12-1-0,30
167066,Dmytro Vlasiuk,2016-05-20,6-8-0,
135336,Do Gyeom Lee,2014-07-20,11-9-0,47
299961,Domen Drnovsek,2024-04-20,3-2-0,36
207740,Domen Vergles,2026-06-06,0-1-0,
48644,Domingo Pilarte,2009-07-12,8-3-0,
143281,Domingos Barros,2014-07-27,8-1-0,
334469,Dominic Avangelista,2025-09-27,0-2-0,
62304,Dominic Clark,2010-01-10,15-13-0,
144321,Dominic Garcia,2016-02-12,6-5-0,
132390,Dominic Jones,2017-04-29,2-3-0,
143826,Dominic Martin,2017-07-15,5-2-0,
93655,Dominic Mazzotta,2013-01-26,15-3-0,
16157,Dominic McConnell,2007-12-01,8-11-0,
82081,Dominic Montoya,2014-01-18,7-2-0,
279932,Dominic Savoca,2025-12-13,1-0-0,
91573,Dominic Schober,2011-09-24,17-15-0,52
166913,Dominic Sumner,2016-11-19,2-5-0,
176446,Dominic Tim,2019-06-07,0-1-0,
99795,Dominic Wiltz,2019-11-09,0-3-0,
24039,Dominick Cruz,2005-01-29,24-4-0,
187888,Dominick Perez,2018-11-03,1-4-1,
121385,Dominick Reyes,2014-12-04,16-5-0,42
175218,Dominico Salas,2019-09-06,2-2-0,
105479,Dominik Engel,2013-03-08,6-11-0,
231256,Dominik Toporcer,2022-10-08,4-5-0,
218848,Dominique Herrera,2024-02-23,4-2-0,
125842,Dominique Wooding,2015-08-01,10-7-1,36
264313,Dominykas Norkus,2023-09-09,6-1-0,0
192345,Don Doyle,2020-07-25,6-1-0,
61193,Don Shainis,2010-01-09,16-9-0,44
104281,Donald Bush,2015-05-15,11-5-0,
35259,Donald Sanchez,2005-12-10,31-20-0,
81184,Donavon Frelow,2014-03-06,6-5-0,
230716,Donavon Hedrick,2021-04-17,6-2-0,28
265838,Donevin Manuel,2023-12-03,1-4-1,
206445,Dong Joo Lim,2019-03-23,4-8-1,
84724,Donnie Ballou,2016-10-15,8-7-0,
202250,Donovan Beard,2020-11-13,8-6-0,41
104791,Donovan Desmae,2012-11-25,20-11-0,49
166377,Dontale Mayes,2016-02-06,11-10-0,
278471,Donte Johnson,2024-08-17,8-0-0,26
203379,Donzeill Marshall,2022-03-26,2-4-0,
57497,Doo Ho Choi,2009-11-29,17-4-1,40
160823,Doo Seok Oh,2016-04-16,5-9-0,
149700,Dorian Ramos,2021-07-02,10-4-0,36
73981,Doteki Ogawa,2010-10-17,13-9-2,46
277860,Douglas Andrew,2022-11-13,3-1-0,0
275485,Douglas Gelado,2023-03-17,0-1-0,
231194,Douglas Lapa,2020-07-25,6-0-0,26
35113,Douglas Lima,2006-07-14,33-12-0,
295733,Douglas Machado,2024-12-13,1-2-0,
165338,Douglas McFresh,2013-03-30,5-3-0,
224225,Douglas Ribeiro de Souza,2019-10-26,0-1-0,
89825,Douglas Silva de Andrade,2007-05-11,29-7-0,49
227443,Douglas Silva,2019-12-07,5-3-0,28
269326,Douglas Silva,2022-09-30,2-1-0,
304006,Douglas Silva,2024-06-08,5-1-0,21
126632,Douglas Usher,2012-08-18,14-6-0,
93897,Dovletdzhan Yagshimuradov,2012-03-25,26-9-1,48
178086,Dragos Zubco,2015-11-21,3-2-0,
219817,Drake Lopez,2022-02-06,4-8-0,
149667,Drako Rodriguez,2017-07-15,9-4-0,34
163622,Dre Miley,2016-08-13,11-8-0,41
177136,Dreon Martin,2015-08-01,1-8-0,
78913,Drew Lipton,2011-10-12,6-31-0,
122445,Drex Zamboanga,2011-11-29,13-7-0,
121477,Dricus Du Plessis,2013-07-25,24-3-0,38
81957,Duane Johnson,2016-04-01,6-4-0,
43042,Duane van Helvoirt,2007-04-22,22-8-0,47
113523,Duda Sales,2012-10-13,9-4-0,
306335,Duishan Yesibosen,2024-08-10,3-1-0,
132610,Dukvaha Astamirov,2014-05-25,6-4-0,
74322,Dulani Perry,2016-01-22,4-2-0,
203891,Dulce Adaly Hernandez Pina,2019-02-08,0-1-0,
206784,Dulce Garcia,2019-04-12,2-1-0,
134879,Dumar Roa,2011-03-21,23-28-0,
169883,Dumitru Girlean,2018-11-04,8-3-0,32
167189,Duoji Banma,2016-03-12,15-3-0,
241558,Duoji Zeqiu,2021-05-26,9-1-0,0
253402,Dupree Stewart,2023-07-15,3-2-0,
151824,Dusko Todorovic,2015-09-19,13-7-0,38
86230,Dustin Barca,2011-08-27,4-0-0,
159313,Dustin Clements,2016-04-30,6-4-0,
166616,Dustin Collins-Miles,2016-11-04,1-1-0,
231658,Dustin Dipuma,2021-10-09,3-1-0,
75586,Dustin Jacoby,2010-11-27,22-10-1,48
94874,Dustin Joynson,2014-05-16,7-2-0,
87592,Dustin Kramer,2014-09-27,5-2-0,
58922,Dustin Ortiz,2010-02-20,20-9-0,
32048,Dustin Pague,2008-10-11,12-11-0,
158888,Dustin Parman,2017-08-25,1-2-0,
88181,Dustin Parrish,2014-04-04,11-5-1,
102618,Dustin Stoltzfus,2014-11-08,16-8-0,41
187780,Dustin Stusse,2018-04-28,1-1-0,
66198,Dustin Winter,2013-06-22,8-6-0,
241253,Dusty Shaffer,2024-01-27,4-4-0,32
70606,Dwayne Holman Jr.,2012-08-24,3-8-0,
208642,Dwight Brooks,2019-05-06,2-0-0,
42001,Dwight Gipson,2008-08-15,8-11-0,
70609,Dwight Grant,2011-05-21,11-6-0,
98810,Dwight Joseph,2014-12-13,16-3-0,42
154536,Dwight Maters,2023-04-14,3-2-0,
281396,Dwiki Rama Dewantara,2022-08-27,4-3-0,
243027,Dylan Aguilar-Silva,2024-02-18,3-5-0,
259536,Dylan Booker,2025-05-03,2-2-0,
247953,Dylan Brigman,2024-07-13,2-4-0,
235431,Dylan Budka,2022-01-21,10-5-0,33
95116,Dylan Cala,2015-10-24,6-3-0,
222277,Dylan Diebitz,2022-09-10,6-3-0,31
187661,Dylan King,2020-07-11,4-5-0,
133064,Dylan Lockard,2016-08-12,7-2-0,
134162,Dylan Logan,2016-12-04,5-5-0,
190281,Dylan Mantello,2019-09-13,9-5-0,35
140604,Dylan Mcloughlin,2016-02-20,4-1-0,
190775,Dylan OSullivan,2020-10-10,6-3-0,31
152361,Dylan Potter,2015-09-26,10-10-0,40
207320,Dylan Salvador,2019-04-26,6-2-0,
233420,Dylan Smerillo,2024-01-12,5-4-0,26
174614,Dylan Tiaaleaiga,2017-05-20,0-1-0,
92846,Dylan Tuke,2015-09-19,8-4-0,
236414,Dylan Willey,2021-12-10,2-1-0,
142736,Dyllan Nascimento,2015-06-07,0-13-0,
216845,Dzhabrail Aidamirov,2015-05-04,2-1-0,
307035,Dzhafar Nuraliev,2024-03-09,4-2-0,0
269065,Dzhamal Mavliudov,2024-02-10,6-1-0,0
165801,Dzhangir Nasibov,2013-04-24,7-6-0,
80074,E.J. Brooks,2010-07-10,14-6-0,
129780,Earl Small,2017-07-01,7-2-0,
121848,Earnest Walls,2017-04-14,2-21-0,
315772,Easton Edmond,2026-05-22,0-1-0,
128717,Eben Cox,2017-02-18,1-1-0,
148788,Ebrahim Hosseinpour,2015-07-04,8-8-0,
144377,Ed Abrasley,2015-05-30,0-3-0,
80548,Ed Arthur,2013-07-27,8-4-0,
47067,Ed Cline Jr.,2010-09-18,9-6-1,
43290,Ed Figueroa,2006-03-25,0-2-0,
166325,Ed Ruth,2016-11-04,8-3-0,
57258,Ed Smith,2010-08-07,6-12-0,
98335,Eddie Alvarez,2015-06-06,4-10-0,
159624,Eddie Brown,2016-09-24,5-2-0,
203438,Eddie Fraire,2019-06-21,9-5-0,0
167669,Eddie Haws,2016-11-05,0-2-0,
41209,Eddie Hoch,2009-02-06,11-6-0,
130771,Eddie Perez Bruno,2016-05-07,5-4-0,
158881,Eddie Torres,2018-09-08,4-2-0,
10158,Eddie Wineland,2003-04-12,24-16-1,
197326,Eddy George,2020-01-24,6-1-0,
287220,Eddy Lopez,2026-06-26,0-1-0,
159675,Eddy Torres,2019-05-17,5-1-0,
281624,Edens Charles,2025-07-19,2-1-0,
187720,Eder Calazans dos Santos,2018-04-21,0-1-0,
99806,Ederson Cristian Macedo,2011-06-11,11-9-0,
169660,Edgar Chairez,2016-12-03,14-6-0,36
106658,Edgar Delgado,2014-04-03,16-8-0,48
170248,Edgar Diaz Guzman,2016-05-13,7-5-0,39
62613,Edgar Diaz,2010-03-06,2-4-0,
112990,Edgar Escarrega,2013-03-16,13-6-1,43
55109,Edgar Garcia Cabello,2009-09-17,20-11-0,52
162460,Edgar Hernandez Rios,2014-03-15,2-2-0,
139565,Edgar Oliveira,2014-09-20,11-6-0,38
222526,Edgar Rafael Jaquez Pena,2021-11-27,5-3-0,
90854,Edgar Serna,2011-02-05,1-2-0,
201601,Edgard Torres,2022-10-16,4-2-0,24
66177,Edgars Skrivers,2010-05-06,17-6-0,
202956,Ediana Silva,2018-09-30,15-5-0,30
29813,Ediane Gomes,2007-08-16,11-4-0,
271918,Edilania Silva,2022-12-17,7-3-0,27
23840,Edilberto de Oliveira,2004-12-14,30-20-2,
121629,Edilceu Silva Alves,2013-03-17,15-5-0,
262909,Edilson Borges,2018-04-14,7-3-0,
153452,Edilson Souza da Silva,2015-10-24,6-6-0,
4134,Edilson Teixeira,2006-02-17,29-16-2,
104677,Edilson dos Santos Pires,2012-10-26,4-9-0,
58140,Edimilson Souza,2009-10-24,17-7-0,
244471,Edin Ramdedovic,2026-06-06,1-0-0,0
35144,Edinaldo Novaes,2011-10-21,12-7-0,
68746,Edir Terry,2010-06-25,9-4-0,
102544,Edison Lopes,2012-09-22,13-9-0,54
110391,Edivaldo Aires Maciel Junior,2012-12-19,11-3-0,
169549,Edivan Mineiro Santos,2016-07-16,22-8-0,43
320842,Ediz Tasci,2025-04-05,1-0-0,
171163,Edmen Shahbazyan,2017-02-25,16-6-0,36
117980,Edmilson Freitas,2012-03-03,10-7-1,
155116,Edmund Kwan,2023-11-11,5-1-0,0
162122,Edna Oliveira Ajala,2015-11-28,11-15-1,
141536,Ednaldo Junior Marques,2014-12-21,13-6-0,
139677,Ednilson Barros Santos,2014-12-19,14-7-1,0
209271,Edoardo Caiazza,2022-05-15,8-2-0,27
49254,Edson Barboza,2009-04-17,24-14-0,59
305783,Edson Fernandes,2023-12-16,6-0-0,31
127942,Edson Gomez,2015-08-15,6-2-0,
215811,Edson Machavane,2023-03-17,7-2-0,32
137953,Edson dos Anjos,2014-09-20,14-5-0,40
231481,Eduard Demenko,2020-08-10,4-7-0,
240331,Eduard Evdokimov,2021-05-23,6-4-0,0
41990,Eduard Heinz,2005-07-16,3-8-0,
192200,Eduard Kexel,2020-02-15,13-3-0,31
97788,Eduard Muravitskiy,2012-05-18,7-10-0,
247945,Eduarda Moura,2022-03-27,12-2-0,34
142456,Eduardo Acosta,2014-10-24,0-2-0,
183747,Eduardo Alencar,2014-04-26,4-3-0,
130867,Eduardo Alvarado,2014-05-17,11-10-0,44
155243,Eduardo Anaya,2019-06-29,5-5-0,
116545,Eduardo Bustillos,2013-05-24,5-5-0,
235633,Eduardo Castro,2019-08-31,15-7-0,31
278661,Eduardo Castro,2022-12-15,1-5-0,
42556,Eduardo Dantas,2007-03-24,23-8-0,
304004,Eduardo Fiuza Dutra,2024-06-08,7-0-0,21
115127,Eduardo Garvon,2013-04-27,17-6-1,35
200821,Eduardo Gonzalez-Ayala,2026-06-26,1-0-0,0
147812,Eduardo Henrique,2015-05-02,16-2-0,33
3679,Eduardo Lozano,2007-07-28,0-3-0,
153660,Eduardo Mora,2016-02-13,9-8-0,41
102735,Eduardo Morales,2011-09-30,9-4-0,
226340,Eduardo Neves,2019-12-20,9-4-0,26
249743,Eduardo Penha,2022-08-12,7-1-0,30
182059,Eduardo Perez,2017-11-18,4-1-0,
268124,Eduardo Quintero,2022-09-23,0-1-0,
113941,Eduardo Ramon,2012-06-10,26-11-0,48
227450,Eduardo Rodrigues,2020-03-14,1-2-0,
239374,Eduardo Tejada,2021-04-10,4-1-0,
143816,Eduardo Torres,2015-01-24,19-3-0,35
227303,Eduardo Velazquez,2020-02-29,0-2-0,
184183,Eduardo Weslley,2018-06-30,1-1-0,
224674,Edukondal Rao,2020-12-26,6-2-1,33
178618,Edward Lavallie,2024-05-18,2-4-0,
160574,Edward Massey,2016-06-04,10-9-0,40
102383,Edward Shupe,2018-08-17,0-1-0,
70731,Edward Thommes,2014-09-26,8-3-0,
183023,Edwin Alan Rodriguez,2016-08-19,1-3-0,
278990,Edwin Andres Gomez,2023-08-12,6-4-0,29
189133,Edwin Chavez,2019-09-28,7-5-0,0
199350,Edwin Cooper Jr.,2018-10-20,6-1-0,
198954,Edwin De Los Santos,2021-09-18,3-3-0,
223927,Edwin Elizondo,2015-03-13,1-0-0,
134880,Edwin Reyes,2013-07-26,1-4-0,
118437,Edwin Sarria,2013-06-21,5-5-0,
135921,Edwin Smart,2017-06-02,3-5-0,
161970,Eemil Kurhela,2022-03-05,9-4-0,0
316952,Efraim Ko,2026-01-31,0-0-1,
132870,Efren Escareno,2019-09-13,5-3-0,
168713,Efren Ramirez,2017-07-08,1-4-0,
240353,Egor Gorbachev,2021-05-28,0-3-0,
232319,Egor Khoroshilov,2020-09-26,3-6-0,
239737,Egor Kostyuchenko,2021-05-15,7-1-0,28
220709,Ehtesham Ansari,2019-08-26,5-3-0,0
293104,Eid Amer,2023-12-05,0-1-0,
1712,Eiji Ishikawa,2000-07-23,31-26-3,
193857,Eimar Hernandez,2021-05-29,7-2-0,
336349,Eisuke Kita,2025-11-09,0-2-0,
308694,Eitaro Ito,2026-04-26,0-0-1,
213260,Ekaterina Shakalova,2019-06-29,9-4-0,31
265419,Ekonian Andenet,2022-03-27,1-1-0,
147448,Elaine Leal,2015-02-27,10-8-0,
221158,Elaine Lopes,2020-07-25,6-2-0,
205488,Elbrus Tedeev,2018-11-11,6-1-0,27
81159,Eldar Eldarov,2009-08-08,14-1-0,
235888,Eldos Bekbolsun Uulu,2020-08-31,0-2-0,
171754,Eldos Kaliev,2016-02-14,0-1-0,
333150,Elene Loladze,2024-02-17,4-0-0,23
204411,Elgun Khanoghlanli,2019-01-05,5-1-0,
243087,Eli Alonso Perez,2021-06-18,6-5-0,
194558,Eli Aronov,2018-07-07,6-2-0,
186303,Eli Mefford,2021-08-14,4-5-0,
220219,Eliab Evangelista,2024-02-24,4-2-0,27
75361,Elias Alves da Silva,2010-11-20,27-13-0,46
189724,Elias Anderson,2018-05-12,0-2-0,
98466,Elias Boudegzdame,2012-04-05,21-9-0,42
258250,Elias Farah,2022-03-02,3-5-0,
72582,Elias Garcia,2013-12-07,11-2-0,35
274942,Elias Goley,2024-12-15,2-1-0,0
246135,Elias Jakobi,2021-10-02,4-1-0,0
95699,Elias Macaco,2012-04-21,0-1-0,
45347,Elias Mamadov,2009-03-09,1-1-1,
167046,Elias Mansour,2024-05-04,2-1-0,
170249,Elias Rodriguez,2016-07-16,5-2-0,
245871,Elias Rodriguez,2024-06-22,4-0-0,0
194655,Elias Santos,2019-11-30,11-6-0,0
132142,Elias Urbina,2014-05-16,5-3-0,31
76958,Eliazar Rodriguez,2011-07-23,8-8-0,
34030,Eliel dos Santos e Santos,2004-01-10,20-19-0,
293378,Elielton Dez Mil,2023-07-22,2-2-0,
223482,Eliezer Cristiano Rodrigues do Nascimento,2018-11-10,5-1-0,34
182857,Eliezer Kubanza,2021-11-03,9-1-0,28
165565,Eliezer Ortega,2016-08-19,5-1-0,
326109,Elijah Cotrell,2026-01-31,0-0-1,
136088,Elijah Harris,2017-06-02,6-12-0,
137689,Elijah Harris,2021-07-24,4-5-0,
160361,Elijah Humes,2021-07-24,1-1-0,
169365,Elijah Johns,2017-06-10,10-3-0,
150258,Elijah Leggett,2022-02-19,5-3-0,
241981,Elijah Smith,2022-08-21,10-1-0,24
244888,Elijah Woodroof,2025-05-17,3-3-0,
205618,Elijas Paknys,2019-06-08,2-2-0,
192196,Elin Oberg,2018-12-01,5-3-0,
142061,Elina Kallionidou,2014-12-28,10-6-0,34
178641,Elinelson Goncalves Freitas,2017-05-06,2-7-1,
180651,Elisandra Ferreira de Oliveira,2019-03-23,10-2-0,32
186077,Elise Reed,2019-10-25,8-5-0,37
104535,Elismar Lima,2012-09-22,35-16-0,58
176774,Elivaldo Lima Martins,2016-08-06,5-6-0,
238479,Elizabeth Mogollan,2021-04-09,2-5-0,37
85181,Elizabeth Phillips,2012-09-15,7-10-0,
221614,Elizabeth Rodriguez,2019-11-29,3-5-0,37
191804,Elizabeth Schroder,2020-01-25,4-5-0,
179686,Eljeria Portee,2018-07-20,8-12-1,40
203157,Elkhan Hasanov,2019-01-05,3-2-0,
92899,Elliot Jenkins,2013-09-08,5-4-0,
141176,Elmar Umarov,2017-08-18,4-2-0,
248106,Elmir Aliyev,2021-07-03,2-0-0,
209597,Elmir Jafarov,2018-12-15,6-9-0,45
103276,Elnur Veliev,2012-09-15,9-2-1,
257465,Elora Dana,2022-04-22,8-3-0,30
232175,Elorde Malanao Sandigon Jr,2019-11-10,6-2-0,
85952,Eloy Garza,2012-01-28,6-6-0,
235903,Elshat Usonbekov,2020-08-31,0-1-0,
286977,Elton Dedaj,2025-06-20,2-1-0,26
146876,Elves Oliveira,2013-08-10,6-11-0,
191067,Elvin Espinoza,2018-12-15,10-2-0,
241261,Elvin Romero,2024-03-02,5-2-0,26
93271,Elvis Guimaraes,2012-03-03,0-1-0,
242234,Elvis Lebron Quiles,2022-08-05,1-2-0,
152164,Elvis Shakhbazyan,2021-07-10,2-2-0,
117221,Elvis Silva,2012-05-05,15-9-0,47
244907,Emad Elhabily,2021-09-03,0-1-0,
192940,Eman Almudhaf,2021-09-03,5-0-0,
280874,Eman Hardy,2025-06-14,2-1-0,
197286,Emanuel Pugh,2021-05-28,0-4-0,
147381,Emanuele Sabatino,2019-12-07,6-3-0,33
283467,Emanuele Tetti,2023-07-29,4-1-0,30
140552,Emanuele Zaccaria,2016-03-19,7-3-0,33
118020,Emeka Ifekandu,2017-03-31,7-5-0,
161243,Emerson David Guerrero Garcia,2014-09-12,2-7-1,
63744,Emerson Domingo do Nascimento,2009-12-10,20-14-1,
196947,Emerson Oliveira Costa,2018-07-25,9-9-1,37
58289,Emerson Piscina,2009-07-11,0-2-0,
233282,Emerson Richard,2022-07-16,8-5-0,
21969,Emi Fujino,2004-03-20,31-16-1,68
176007,Emi Sato,2014-08-17,4-6-0,
329685,Emi Yasuda,2025-09-02,0-2-0,
136539,Emiko Raika,2014-09-12,14-12-1,
93042,Emil Hartsner,2012-03-03,7-2-0,
179654,Emilee King,2017-12-08,5-10-0,
243997,Emilia Czerwinska,2021-09-04,3-2-0,35
170763,Emiliano Calderon,2015-04-26,3-2-0,
218643,Emiliano Emerson Lima Duarte,2019-04-06,0-1-0,
197657,Emiliano Linares,2019-07-13,11-6-0,35
81131,Emiliano Sordi,2009-09-27,27-14-1,53
300273,Emilijus Kaganovicius,2025-03-22,3-0-0,0
4206,Emilio Chavez,2007-08-25,12-12-0,
160252,Emilio Horta,2017-08-11,2-2-0,
172765,Emilio Quissua,2021-05-22,8-0-0,28
188268,Emilio Trevino,2017-08-18,5-0-0,
92600,Emilio Vallecillo,2023-04-08,2-1-0,
177220,Emilio Vera,2017-07-19,0-4-0,
163262,Emilio Williams,2016-07-23,5-4-0,
151602,Emily Ducote,2015-09-19,15-9-0,
287632,Emily Martins,2023-09-15,5-1-0,21
225079,Emin Sharifov,2018-10-26,7-2-0,
235904,Emir Amangulov,2020-08-31,1-0-0,
232702,Emir-Can Al,2024-02-10,3-3-0,0
205813,Emmanuel Berumen,2018-05-05,4-5-0,
201687,Emmanuel Calhoune,2023-05-26,4-3-0,0
40285,Emmanuel Dawa,2005-07-02,11-9-0,48
86171,Emmanuel Rivera,2015-07-24,6-2-0,
153537,Emmanuel Rivero,2014-12-13,9-13-0,
16010,Emmanuel Sanchez,2011-11-19,24-12-0,51
255487,Emmanuel Travassos,2021-11-14,3-4-0,
161296,Emmanuel Verdier,2016-06-24,5-5-1,
81429,Emmanuel Walo,2011-12-10,14-6-1,
229869,Emmanuela Moliere,2021-02-19,1-0-0,
180015,Emmanueli Adzoh,2019-04-28,3-4-0,
248105,Emrah Ertargin,2021-07-03,3-2-0,
122232,Emrah Sonmez,2013-10-05,16-5-0,38
308362,Enderson Brasil,2024-07-20,5-2-0,24
207149,Endom Bikim Steve Durant,2021-05-15,4-2-0,0
127737,Endrit Brajshori,2016-04-24,6-2-0,0
208220,Enes Ersoy,2019-05-01,2-2-0,
182659,Enkhtur Bayartsogt,2017-06-04,7-6-0,
154826,Enrico Cortese,2015-12-19,7-3-0,
159638,Enrique Barragan,2015-04-18,5-3-0,
113002,Enrique Barzola,2012-12-12,23-10-2,50
96653,Enrique Diarte,2012-03-10,3-3-0,
126075,Enrique Gonzalez,2012-11-10,14-8-0,46
165329,Enrique Gonzalez,2016-06-25,13-4-0,
7250,Enrique Marin,2007-11-03,13-8-0,45
193479,Enrique Owens,2022-10-22,1-1-0,
169160,Enrique Pacheco,2017-04-22,10-3-0,35
181368,Ensar Akbayir,2017-10-28,1-4-0,
161274,Enzo Perez,2019-04-04,6-5-0,32
281771,Enzzo Bastos,2023-05-27,5-3-0,27
202074,Eoin McDonald,2024-11-02,3-1-0,
277646,Eqiyuebu,2023-02-24,9-4-0,24
197443,Erasyl Shukataev,2018-08-04,14-6-0,35
200949,Ercan Demircan,2018-10-27,3-1-0,
241467,Ercin Sirin,2021-06-19,0-3-0,
159743,Erendira Ordonez,2016-05-14,1-4-0,
291886,Erganat Sagatbek,2023-10-30,6-1-0,0
182938,Eric Alequin,2018-01-18,7-1-0,
79216,Eric Bedard,2011-02-26,6-8-0,
97088,Eric Calderon,2013-07-20,5-11-0,
174589,Eric Ellington,2017-01-28,7-2-0,
199717,Eric Fimbres,2021-12-03,3-2-0,
128310,Eric Grant,2015-03-20,6-5-0,
99468,Eric Guimaraes,2012-07-15,8-9-0,
91438,Eric Hendon,2014-03-21,3-4-0,
193204,Eric Hendricks,2019-08-30,0-3-0,
113674,Eric Iman,2013-09-27,9-8-0,
112627,Eric Kemper,2015-06-27,4-7-0,
20874,Eric Lunsford,2013-08-23,8-6-0,
151290,Eric McConico,2018-02-10,11-4-1,41
219614,Eric Nolan,2021-12-17,8-5-0,32
42356,Eric Olsen,2007-03-11,1-8-0,
58448,Eric Scallan,2009-05-09,19-7-0,0
88460,Eric Shelton,2013-07-20,21-9-0,48
66938,Eric Spicely,2013-02-01,13-9-0,
110775,Eric Thomas,2014-03-22,6-6-0,
5508,Eric Wisely,2006-12-21,34-9-1,
117681,Eric dos Santos,2013-06-15,9-4-1,
268203,Erica Valentin,2024-12-13,2-1-0,
136254,Erick Espitia,2014-08-30,1-5-0,
177912,Erick Garibay,2015-09-05,4-4-0,0
237664,Erick Gomes de Oliveira,2021-02-21,1-3-0,
127940,Erick Gonzalez,2015-01-09,14-8-0,
32656,Erick Montano,2008-10-18,10-8-0,
100001,Erick Montelongo,2011-11-11,10-12-2,
128027,Erick Murray,2017-07-15,5-4-0,
123892,Erick Prieto,2025-02-21,0-1-0,
94073,Erick Sanchez,2014-04-26,13-9-0,43
26912,Erick Silva,2005-06-04,20-11-0,
27608,Erick Urban,2008-06-28,5-6-0,
163360,Erick Villaluz Orellano,2016-08-19,1-5-0,
180361,Erick Visconde,2017-07-09,17-3-0,34
50466,Erick da Silva,2008-04-07,23-10-0,
269980,Eriglent Prizreni,2022-10-22,3-1-0,
251562,Erik Calvert,2024-01-27,6-3-0,25
104685,Erik Carlsson,2012-11-10,6-4-0,
208301,Erik Gunha,2019-04-27,0-0-1,
323671,Erik Lorenz,2024-11-30,1-3-0,
192654,Erik Mendez,2022-04-29,7-1-0,27
247548,Erik Neftaly Martinez,2018-08-02,6-9-0,
27603,Erik Perez,2008-05-03,22-9-0,45
162459,Erik Radleim,2015-11-07,7-8-0,
179468,Erik Sianov,2016-04-27,2-2-0,
157693,Erik Silva,2016-03-17,9-4-0,39
249442,Erik Villasmil,2019-05-31,4-3-0,
315352,Erika Gibo,2024-12-15,2-1-1,
302309,Erika Tomm,2024-05-04,0-1-0,
191822,Erin Blanchfield,2018-03-24,14-2-0,31
152390,Erin Harpe,2015-10-03,2-0-0,
23164,Erinaldo dos Santos Rodrigues,2004-09-11,9-7-0,
199775,Erique Owens,2021-06-24,4-0-0,
167248,Erisson Ferreira,2016-04-16,15-9-0,43
148124,Erivan Pereira,2015-06-11,19-3-0,41
116214,Erivelton Pontes,2013-04-19,0-1-0,
265319,Erkhan Zhumabaev,2022-09-10,6-1-1,0
157771,Erkin Darmenov,2015-11-11,13-8-0,
235700,Erkinbai Abdusalamov,2021-01-16,0-1-0,
188020,Erko Jun,2018-06-09,9-4-0,39
173504,Ernane Pimenta,2017-04-28,13-1-0,29
157883,Ernest James,2017-10-06,1-1-0,
206108,Ernesta Kareckaite,2019-03-16,6-2-1,30
84090,Ernesto Ancona,2010-08-27,3-2-0,
130866,Ernesto Galan,2014-05-17,3-3-0,
149842,Ernesto Ibarra,2018-02-16,11-2-0,32
161925,Ernesto Quiroga,2012-03-31,5-4-0,
220440,Ernesto Rodriguez,2021-02-13,11-2-0,30
227333,Ernesto Zarate,2020-03-11,2-5-0,
88223,Ernie Braca,2011-10-16,5-6-0,
181815,Ernie Juarez,2018-07-07,9-5-0,34
236882,Ernis Abdulakim Uulu,2020-09-06,9-4-0,
299900,Ershirley Kessy Pereira,2023-08-12,3-1-0,
154154,Erson Yamamoto,2015-12-31,7-8-0,33
110303,Ervani Rodrigo Melonio,2012-11-17,26-7-0,43
92463,Eryk Anders,2015-08-22,18-9-0,48
210678,Erzhan Zhanybekov,2018-12-20,5-7-0,
235900,Esen Baliev,2020-08-31,0-1-0,
236888,Eshbolot Mamatkarim Uulu,2018-06-22,8-1-0,
304265,Eshin Matsumoto,2024-09-01,1-1-2,
66623,Esias Gordo,2017-07-08,0-2-0,
143068,Eslam Abdul Baset Syaha,2014-12-05,16-4-0,37
191652,Eslam Mostafa,2019-08-02,6-3-0,31
274549,Esmira Mammadova,2025-01-10,0-1-0,
169369,Esteban Orozco,2022-02-19,5-3-0,37
155187,Esteban Ribovics,2015-12-12,15-3-0,33
150708,Estefani Almeida,2015-08-27,9-3-0,
243906,Estefania Rodriguez,2021-10-08,3-2-0,
295450,Esteferson da Silva,2024-03-23,0-4-0,
5145,Estevan Payan,2007-10-13,17-14-0,
330627,Ethan Aflleje,2026-05-31,1-0-0,
231728,Ethan Burmingham,2023-02-04,7-0-0,22
213136,Ethan Charlton,2021-10-02,3-0-0,
92263,Ethan Goss,2015-03-28,12-9-0,39
203124,Ethan Hughes,2021-02-27,3-2-0,
162197,Ethan Melisano,2022-11-18,2-1-0,
257608,Ethan Moore,2025-03-22,2-2-0,
253798,Ethan Pauley,2023-08-11,8-2-0,0
233300,Ethan Riley,2024-02-03,2-3-0,
171136,Ethan Thomas,2018-09-07,4-3-0,
302054,Ethiene Alayde de Brito Pereira,2024-05-02,1-1-0,
203047,Ethyn Ewing,2020-10-30,10-2-0,0
132792,Eugen Black-Dell,2016-01-23,11-9-0,0
128858,Eugene Aubry,2018-08-17,3-1-0,
147187,Eugene Cacho,2016-09-15,0-2-0,
152337,Eugene Correa,2017-03-25,6-3-0,
95335,Eugene Toquero,2011-10-14,8-7-0,
190558,Eun Ji Choi,2018-06-09,1-2-0,
87269,Eun Soo Kim,2011-09-25,9-8-0,43
214065,Eva Borodacova,2019-07-27,1-1-0,
171957,Eva Dourthe,2017-03-29,10-7-0,0
156266,Evaldo dos Santos,2015-12-12,18-7-0,36
69960,Evan Chmielski,2010-09-24,5-6-0,
60933,Evan Cutts,2011-04-23,18-7-0,
7330,Evan DeLong,2007-12-21,17-10-0,
181819,Evan Elder,2018-09-07,10-2-0,
214946,Evan Gubera,2019-03-23,0-2-0,
121392,Evan Woolsey,2014-04-05,1-3-0,
221420,Evaniel Johnson,2021-03-06,1-2-0,
126002,Evelin Gomes,2013-12-28,3-5-1,
232044,Evelyn Martins,2020-09-25,6-2-0,25
289673,Everet Desilets,2023-07-29,3-4-0,
76254,Everett Cummings,2012-02-26,15-1-0,
95360,Everett Sims,2014-10-24,4-1-0,
152235,Evers Anderson,2018-05-19,4-3-0,
227445,Everton Souza,2019-12-07,3-3-0,
166085,Evgeniy Brusentsov,2016-10-06,2-6-0,
119142,Evgeniy Egemberdiev,2013-07-07,13-5-0,
168585,Evgeniy Golub,2013-10-13,15-11-0,
126423,Evgeniy Goncharov,2012-08-22,23-3-0,45
307033,Evgeniy Markov,2024-06-29,6-0-0,0
201545,Evgeniy Morozov,2022-08-20,12-2-0,31
147239,Evgeniy Sulkin,2015-03-21,2-2-0,
155393,Evgeny Tabarovsky,2015-06-27,11-6-0,39
57548,Evian Rodriguez,2009-03-07,5-34-0,
154291,Ewelina Wozniak,2018-05-12,10-4-0,36
191592,Ewerton Polaquini,2019-06-28,10-8-1,38
295114,Ezayah Gomez Oropeza,2025-09-12,3-1-0,24
139139,Ezekiel Latu,2022-09-24,6-5-0,36
149226,Ezekiel Wily,2015-07-18,3-3-0,
213939,Ezequiel De Jesus Peralta,2024-07-06,7-1-0,29
269822,Ezra Elliott,2024-04-12,8-0-0,25
148213,Ezzoubair Bouarsa,2015-06-20,7-4-0,
159733,Fabacary Diatta,2016-05-14,10-1-0,31
178539,Fabia Sintes,2019-06-08,11-3-0,34
300171,Fabian Carlos,2013-06-15,1-0-0,
148617,Fabian Edwards,2017-05-19,16-5-0,41
40089,Fabian Galvan,2008-09-27,10-7-1,
233068,Fabian Nunez,2020-11-06,5-4-0,0
5149,Fabian Quintanar,2007-07-28,13-5-0,
200534,Fabian Silva Coral,2018-10-13,0-1-0,
90427,Fabiano Lima Monteiro Da Silva,2011-08-21,5-1-0,
114444,Fabio Aguiar,2012-09-14,20-6-0,48
64817,Fabio Bispo,2010-04-17,10-8-3,
150951,Fabio Chavez,2016-05-21,11-2-0,0
162775,Fabio Cherant,2018-02-02,7-5-0,
147813,Fabio Henrique Dourado,2015-05-02,15-2-0,36
34322,Fabio Maldonado,2000-09-22,29-18-0,
2176,Fabio Mello,2001-06-09,12-9-0,
180724,Fabio Moraes do Carmo,2017-10-07,7-2-0,
135180,Fabio Perpetua,2018-10-21,9-2-0,0
18141,Fabio Serrao,2008-03-29,11-8-0,
5205,Fabio Trindade,2007-10-13,5-5-0,
241315,Fabiola Nascimento,2023-12-15,3-1-0,
13274,Fabricio Batista,2003-04-02,5-11-0,
129608,Fabricio Franco,2014-04-09,8-6-0,
109071,Fabricio Jonas da Silva Martins,2012-12-15,26-8-1,46
88855,Fabricio Oliveira,2009-11-29,16-10-1,
95482,Fabricio Viegas Sarraff,2010-08-19,29-12-0,
79040,Fabricio de Assis Costa da Silva,2009-01-31,22-5-0,
268232,Fabrizia Ketlinn,2022-10-08,3-3-0,31
255221,Fadi Al Wakeil,2022-03-27,0-1-0,
200567,Fadi Haiyadre,2018-11-15,1-2-0,
91912,Fadi Shuman,2018-06-09,3-2-0,
220487,Fadil Pasalic,2019-06-15,0-1-0,
172523,Faeez Jacobs,2017-04-08,14-6-0,0
116936,Fagner Rakchal,2012-12-09,2-4-0,
166339,Fahriddin Mardiyev,2015-06-19,12-3-0,0
118871,Faith McMah,2013-04-28,6-5-0,
186530,Fajar Fajar,2017-05-06,5-3-0,
40754,Falco Neto Lopes,2008-11-30,11-12-0,
270199,Fallon Johnson,2024-06-28,0-1-0,
123291,Falon Ring,2017-08-12,0-1-0,
98168,Farbod Iran Nezhad,2012-11-30,12-4-1,39
83177,Fard Muhammad,2014-05-10,6-14-0,
169744,Farhad Hazratzada,2016-03-26,6-2-0,0
236152,Farhod Davlyatov,2021-01-27,8-5-0,
178697,Farid Alibabazade,2015-03-14,14-10-1,40
159073,Farid Basharat,2018-04-14,16-0-0,31
236612,Farida Ali Sayed,2019-08-05,1-3-0,
292324,Faridun Shokhnazarov,2023-11-11,4-3-0,
225819,Faris Asha Eldawimah,2020-02-07,3-1-0,
6800,Farkhad Sharipov,2007-11-11,17-8-0,
264841,Farman Hasanov,2022-07-03,6-0-0,30
252997,Fathy Elsony,2024-11-03,2-1-0,
111093,Fatih Aktas,2013-02-02,12-14-0,55
197100,Fatima Kline,2021-05-21,10-1-0,28
124202,Fatima Mallett,2015-10-23,2-5-0,
137408,Fatkhidin Sobirov,2013-10-25,17-5-1,
127131,Favian Gutierrez,2018-03-24,2-4-0,
188205,Favian Hurtado,2018-05-05,1-0-0,
237881,Fayang Wan,2020-06-19,8-2-0,0
136768,Federico Betancourt,2008-06-14,2-8-0,
130913,Federico David Olivera,2015-06-27,4-6-0,
158178,Federico Flores,2019-06-14,1-2-0,
148318,Fedor Babich,2015-08-01,7-9-0,
249195,Fedor Duric,2021-10-30,9-1-0,23
1486,Fedor Emelianenko,2000-05-21,40-7-0,
150016,Felicia Spencer,2015-09-12,9-3-0,
17519,Felipe Arantes,2008-04-13,18-10-1,
116423,Felipe Bunes,2011-11-11,14-9-0,42
120802,Felipe Colares,2013-07-20,11-4-0,
173356,Felipe Diaz,2017-07-13,5-2-0,35
100237,Felipe Douglas,2012-06-23,25-7-0,45
117332,Felipe Efrain,2013-07-04,18-6-0,
104589,Felipe Gheno,2012-11-17,11-5-0,36
213275,Felipe Guerreiro Silveira,2019-07-27,3-2-0,
273911,Felipe Guidani,2023-02-11,4-0-0,
150646,Felipe Lima,2015-08-08,14-2-0,31
187639,Felipe Martinez Donis,2019-09-14,6-6-0,
8350,Felipe Olivieri,2007-07-21,15-7-0,
136685,Felipe Pereira,2012-12-16,14-3-1,34
191631,Felipe Pereira,2018-03-17,10-2-0,33
30118,Felipe Portela,2008-09-20,10-2-0,
247238,Felipe Rocha,2024-07-21,2-1-0,
170320,Felipe Rodrigues Brito,2016-03-04,9-7-0,33
345696,Felipe Rosa,2026-03-21,4-0-0,0
113044,Felipe Silva,2013-03-09,9-5-0,
321088,Felipe Silva de Souza,2024-07-20,3-1-0,
279455,Felipe Soares de Silva,2023-05-12,1-1-0,
156019,Felipe Vargas,2015-11-14,5-4-0,
128807,Felipe Walace de Castro,2011-12-03,2-5-0,
216870,Felipe Zepeda,2018-05-04,1-1-0,
165745,Felipe da Silva Maia,2013-12-07,15-13-0,49
208248,Felipe dos Santos,2019-04-06,10-3-0,29
202935,Felisha Magallan,2019-04-27,1-1-0,
154485,Felix Klinkhammer,2018-03-18,11-0-0,0
329743,Feng Tang,2025-04-18,2-1-0,
270999,Feraidoon Alik Zai,2020-09-25,0-1-0,
174384,Feraris Golden Jr.,2019-12-07,3-6-0,
253893,Ferdaws Nayimi,2023-07-29,7-0-0,30
91621,Fernanda Araujo,2018-09-22,2-6-0,
303787,Fernanda Guersone,2024-06-21,2-1-0,
234198,Fernanda Larios,2019-06-09,7-3-0,28
280185,Fernanda Marrufo,2022-12-03,1-2-0,
288340,Fernanda Orellana,2023-09-23,3-0-0,
138529,Fernanda Priscila Barros Pinheiro,2014-05-31,3-4-0,
157547,Fernando Alvarado,2017-08-13,8-6-0,0
102754,Fernando Arevalo,2011-09-30,6-12-0,
137903,Fernando Batista,2014-10-03,11-10-0,54
254280,Fernando Bonatto,2022-02-19,7-3-0,0
40080,Fernando Borrego,2008-09-27,5-3-0,
5675,Fernando Bruno,2007-10-27,18-5-0,
187028,Fernando Calvo,2018-04-15,5-4-0,
156527,Fernando Colman,2015-11-14,10-4-1,33
184237,Fernando Filho,2018-11-10,7-5-0,32
96470,Fernando Flores,2014-12-27,14-13-0,55
123838,Fernando Gisley,2013-10-25,1-1-0,
14544,Fernando Gonzalez,2003-10-17,29-20-0,
167969,Fernando Gonzalez Trevino,2016-12-03,6-3-0,
86294,Fernando Gonzalez,2011-08-17,9-2-0,
257898,Fernando Inafuku,2021-07-24,8-8-0,
124619,Fernando Kleiton Silva de Souza,2011-12-16,11-8-2,
127028,Fernando Laurenco,2015-07-25,19-5-0,38
246364,Fernando Matsuki,2021-04-04,1-4-0,
171501,Fernando Nava,2016-11-19,0-1-0,
161634,Fernando Padilla,2015-04-18,16-6-0,
67791,Fernando Ribeiro,2010-06-05,9-5-0,
12748,Fernando Rodriguez,2003-01-30,4-10-1,
66854,Fernando Rodriguez,2010-05-27,2-1-0,
85840,Fernando Salas,2013-11-23,4-1-0,
278424,Fernando Valdes,2025-06-25,0-1-0,
139598,Fernando de Sousa Costa,2014-11-08,5-4-0,
115835,Fernando dos Santos,2011-12-03,11-3-0,
101804,Fernie Garcia,2015-11-07,10-5-0,
142352,Festus Ahorlu,2018-05-13,5-1-0,
186843,Fidel Gramiccia,2023-05-13,4-2-0,0
319133,Filip Gusa,2024-12-14,2-1-0,
60315,Filip Macek,2010-01-24,28-21-1,
279933,Filip Maric,2023-03-18,4-2-0,
130971,Filip Tomczak,2015-10-17,10-6-1,
171463,Filipe Esteves,2017-04-01,11-3-0,
103346,Filipe Jesus,2010-09-11,11-5-0,
241914,Filipe Zacaron,2021-06-19,9-5-0,
232751,Finn Griessmann,2023-05-06,1-3-0,
250438,Finn Martin,2025-10-10,2-0-0,
328668,Firdavs Fayziev,2025-05-18,0-1-0,
127899,Flavian Pilgrim,2017-01-28,5-1-0,
138434,Flavio Carvalho,2013-07-06,7-5-1,
122639,Flavio Henrique Mafra,2012-12-27,3-4-0,
102376,Flavio Rodrigo Magon,2012-03-10,24-20-0,64
5639,Flavio Serafim,2007-04-14,7-3-0,
113993,Flavio de Queiroz,2013-04-13,14-5-0,
217402,Flobater Fares,2025-06-12,4-0-0,0
253983,Flor Hernandez,2022-02-18,4-6-0,
237156,Flordinice Muniz,2021-03-13,3-2-0,
191386,Flore Hani,2018-06-09,7-4-0,
257595,Florentino Coronel,2021-12-28,3-3-0,
157470,Florentino Gilaranz,2018-02-09,4-3-0,
171270,Florian Doskja,2017-08-13,6-4-0,
237296,Florim Zendeli,2021-02-27,9-2-1,29
205287,Fouad Al Shami,2014-11-28,5-4-0,
86748,Fran Collins,2011-05-20,5-1-0,
209877,Francesco Mazzeo,2021-12-18,4-2-0,
160018,Francesco Nuzzi,2016-06-11,11-2-0,30
26606,Francimar Barroso,2005-05-16,27-7-1,54
74286,Francis Healy,2013-03-08,7-5-0,
159946,Francis Hernandez,2016-05-21,3-4-0,
188241,Francis Marshall,2019-11-09,10-3-0,30
124534,Francis Ngannou,2013-11-30,19-3-0,42
135230,Francisco Aspirilla,2014-07-04,16-16-1,
183733,Francisco Assis,2018-01-20,12-8-0,37
91758,Francisco Benitez,2011-03-25,5-17-0,
254979,Francisco Chagas Ataliba Junior,2021-11-20,2-3-0,
205898,Francisco Corisco,2018-12-22,0-2-0,
176482,Francisco Cortez,2016-09-17,2-3-0,
146946,Francisco Edson da Silva Lima,2014-11-15,1-4-0,
71080,Francisco Figueiredo,2009-10-16,13-6-1,
179780,Francisco Flavio,2017-07-29,8-3-0,29
126539,Francisco Isata,2013-10-26,12-6-0,
181102,Francisco Javier Arellano,2017-08-11,3-5-0,
155270,Francisco Obando,2020-02-23,5-3-0,
23841,Francisco Rivera,2008-06-14,16-12-0,53
181532,Francisco Silva,2017-11-16,0-1-0,
201005,Francisco Villanueva,2019-12-28,4-3-0,
102024,Francivaldo Arauvo,2012-09-08,0-1-0,
29589,Francivaldo Soares da Rocha,2008-03-29,7-5-0,
32708,Frank Baca,2008-10-25,16-5-0,
103778,Frank Bispo,2012-08-04,10-12-0,52
86412,Frank Buenafuente,2013-01-25,10-6-0,
255671,Frank Cardoso da Silva,2022-03-12,2-3-0,
53406,Frank Carrillo,2009-09-26,10-7-0,
170877,Frank Hernandez,2017-04-21,1-1-0,
192139,Frank Mazepa,2020-10-14,0-1-0,
154659,Frank Meno,2016-03-18,3-7-0,
2309,Frank Mir,2001-07-14,19-13-0,
199529,Frank Posko,2021-11-20,3-4-0,
224132,Frank Rayford,2023-02-04,3-2-0,
70166,Frank Sforza,2011-03-12,8-1-0,
138849,Frank Tate,2014-10-24,9-8-0,
116475,Frank Wells,2020-10-29,6-5-0,37
21968,Frank Young,2004-07-24,13-23-0,
246956,Frank da Silva Castro,2021-10-23,8-0-1,22
26110,Frankie Edgar,2005-07-10,24-11-1,
214337,Frankie Jones,2019-08-17,0-3-0,
56084,Frankie Saenz,2010-10-16,12-7-0,
259011,Frankie Sanchez Jr.,2022-06-03,1-0-0,
124216,Frankie Shughart,2019-09-28,1-4-0,
105332,Franklin Patterson,2013-04-13,6-6-0,
229026,Franklin Torres,2022-08-26,2-3-0,
117298,Frans Mlambo,2015-09-19,15-7-0,42
130709,Frantisek Fodor,2014-04-04,11-10-0,0
86288,Frantz Slioa,2011-08-17,6-1-0,
122964,Fred Freeman,2017-03-03,8-11-0,39
121320,Fred Moncaio,2013-08-23,6-4-0,
152543,Fred Zamora,2018-12-15,1-1-0,
223764,Freddie Rodriguez,2022-02-19,6-2-0,
61695,Freddy Arteaga,2010-08-27,7-8-0,
187016,Freddy Flores,2017-08-05,5-5-0,0
127310,Freddy Mendez,2018-09-28,0-1-0,
38850,Freddy Sandoval,2005-12-10,5-11-0,
254614,Freddy Vidal,2024-10-18,4-0-0,31
239457,Frederic Vosgrone,2021-05-30,5-0-0,0
153051,Frederik Dupras,2017-09-08,10-2-0,31
221099,Frieh Harahsheh,2021-03-25,2-0-1,
15311,Fuhito Hasegawa,2007-12-09,17-14-5,
249107,Fukie Watanabe,2021-12-19,2-1-1,
4084,Fumihiro Kitahara,2007-09-02,19-10-2,
274602,Fumika Watanabe,2023-03-26,3-1-0,
232507,Fumina Aoki,2020-10-25,0-1-0,
196010,Furkatbek Yokubov,2017-04-06,19-4-0,37
160659,Futoshi Nishina,2016-12-11,3-1-0,
347485,Fuuto Shimoyama,2026-06-28,0-1-0,
199623,Gabby Lopez Quintana,2021-06-19,1-1-0,
139844,Gabby Romero,2015-08-07,2-3-0,
214537,Gabe Piria,2023-03-03,1-2-0,
123301,Gabe Rodriguez,2015-06-06,1-7-0,
208965,Gaberial Brown,2022-08-27,5-4-0,29
126086,Gabino Reyes,2014-09-06,0-3-0,
333236,Gable Steveson,2025-09-12,4-0-0,24
95594,Gabor Boraros,2011-10-16,20-14-1,
263591,Gabriel Augusto,2024-12-13,0-3-0,
140968,Gabriel Bonfim,2014-12-13,20-1-0,31
192781,Gabriel Braga,2018-07-07,17-3-0,32
132700,Gabriel Bula,2012-07-07,12-6-0,
268125,Gabriel Calvario,2022-09-23,3-1-0,
96618,Gabriel Carrasco,2012-05-19,7-0-0,
178732,Gabriel Castro,2017-08-26,9-8-0,
107976,Gabriel Checco,2012-11-24,12-7-0,
222774,Gabriel Costa,2020-01-18,10-1-0,
263538,Gabriel Coutinho Pereira,2022-09-17,2-2-0,
183367,Gabriel Cruz,2017-05-06,1-1-0,
282476,Gabriel Dos Anjos,2023-06-30,3-3-0,0
182782,Gabriel Echavarry,2019-11-09,6-4-0,
245723,Gabriel Eurit,2024-09-14,2-1-0,24
201964,Gabriel Fermino,2018-11-10,3-3-0,
232063,Gabriel Fernandes,2020-10-10,7-4-0,0
192889,Gabriel Fuksz,2018-10-13,1-2-0,
241059,Gabriel Gideon,2021-06-04,0-2-0,
217094,Gabriel Gilthon,2018-09-15,6-5-0,
242478,Gabriel Gomes,2021-08-28,5-2-0,28
240447,Gabriel Gomez,2021-04-24,3-3-0,
145483,Gabriel Green,2016-04-07,12-5-0,37
121604,Gabriel Leite de Oliveira,2013-06-29,14-5-0,
58376,Gabriel Levan,2009-11-21,2-4-0,
332879,Gabriel Lovell,2025-11-08,0-1-0,
122685,Gabriel Macario,2013-10-26,8-10-0,
261396,Gabriel Mazzetti,2022-06-03,6-0-0,0
33588,Gabriel Miglioli,2006-04-08,9-9-0,
100193,Gabriel Miranda,2012-10-20,17-10-0,48
158648,Gabriel Morales,2016-02-20,4-5-0,
152758,Gabriel Mota,2017-09-09,6-8-0,
262552,Gabriel Oliveira,2022-05-13,0-2-0,
212165,Gabriel Ramos,2019-04-06,5-4-0,27
266009,Gabriel Ramos,2022-06-19,7-2-1,24
271783,Gabriel Ramos,2023-10-07,2-1-0,
137956,Gabriel Santos,2014-09-20,12-2-0,
91723,Gabriel Sayeg,2022-07-30,1-3-0,
112578,Gabriel Silva,2011-11-26,10-3-0,
232097,Gabriel Souza,2020-09-20,10-1-0,28
172326,Gabriel Taborda,2016-12-18,3-2-0,
112550,Gabriel Thimoteo,2013-03-16,7-7-0,
42022,Gabriel Torok,2008-06-21,6-10-1,
149838,Gabriel Valdez Mendoza,2015-08-07,5-2-0,
213002,Gabriel Varga,2019-07-12,1-1-0,
242934,Gabriel Vieira Ferreira,2021-07-24,0-2-0,
225949,Gabriel Villanueva,2015-08-01,3-1-0,
306925,Gabriel Vinicius,2024-07-27,8-0-0,26
234979,Gabriel Wanderley,2022-12-02,7-2-0,25
19231,Gabriel Wolff,2008-02-16,7-6-0,
350161,Gabriel do Nascimento Luis,2026-07-17,0-1-0,
127753,Gabriela Campo,2013-12-06,14-4-0,
269359,Gabriela Fujimoto,2022-11-04,7-1-0,24
160346,Gabriela Hernandez,2016-06-17,0-2-0,
163805,Gabriella Fernandes,2018-03-24,11-4-0,36
197163,Gabriella Gulfin,2018-09-21,6-8-0,38
248080,Gabrielle Campelo,2021-11-06,0-2-0,
99283,Gabrielle Holloway,2012-08-24,6-7-0,
317000,Gabrielle McComb,2025-01-10,4-0-0,27
187705,Gadzhi Abdulkadirov,2018-02-11,7-3-0,0
121131,Gadzhi Omargadzhiev,2013-09-21,17-4-0,39
122920,Gadzhi Rabadanov,2013-02-21,26-6-1,45
55978,Gadzhimurad Antigulov,2009-09-25,21-11-0,
204364,Gadzhimurad Gasanguseinov,2015-03-25,13-5-0,36
194113,Gadzhimurad Gasanov,2017-12-28,5-6-0,
132738,Gadzhimusa Gaziev,2013-11-16,10-6-0,
55189,Gaetano Pirrello,2009-10-17,17-7-1,38
239722,Gage Gill,2022-07-23,7-2-0,0
258499,Gage Harper,2025-05-25,1-2-0,
186307,Gage Mitchell,2023-11-04,3-3-0,
180429,Gage Saunders,2017-02-10,14-5-0,
304264,Gaia Fukuzato,2024-08-25,4-1-0,29
220899,Gaiya Uchida,2019-06-16,1-6-2,
158723,Galamirza Aivazov,2015-11-20,3-4-0,
331616,Galin Bekyarov,2024-08-24,0-1-0,
60671,Galore Bofando,2010-02-06,6-3-0,
272503,Gamid Khizriev,2022-11-27,7-0-0,0
221187,Gamlet Aslanov,2021-02-27,7-0-0,26
151465,Gamzat Magomedov,2014-02-22,8-2-0,
184458,Ganbat Bayasgalan,2015-11-28,4-1-0,
120597,Ganbayar Tumurkhuyag,2012-12-09,7-3-0,
175357,Ganzorig Erdenebaatar,2017-06-11,10-11-0,43
92148,Gareth Buirski,2011-12-03,9-6-0,
105184,Gareth de la Cruz,2012-10-28,7-5-0,
178194,Garrett Armfield,2018-08-18,10-5-0,
196426,Garrett Carlson,2022-04-23,6-5-0,30
177004,Garrett Foster,2023-04-07,0-4-0,
193236,Garrett Sharp,2021-01-09,3-3-0,
108163,Garrick James,2015-11-13,5-4-0,
149586,Gary Balletto Jr.,2015-08-14,11-3-0,
143638,Gary Konkol,2019-12-07,8-9-0,
85678,Gary Priestly,2016-11-12,2-4-2,
112559,Gary Sheppard,2012-10-13,1-4-0,
197179,Gasan Mamedov,2018-09-23,0-1-0,
118838,Gaston Bolanos,2017-02-18,9-5-0,35
97945,Gaston Manzur,2012-06-09,17-9-0,51
121256,Gaston Reyno,2013-08-03,9-2-0,
208713,Gauge Young,2020-12-11,11-3-0,29
192155,Gavin Agnew,2019-05-25,4-5-0,
118713,Gavin Hain,2017-05-20,1-1-0,
132669,Gavin Hughes,2015-07-25,11-5-0,
254364,Gavin Hughes,2023-05-20,0-1-0,
73291,Gavin Kelly,2011-05-28,8-6-0,
59205,Gavin Lofts,2023-04-15,3-3-0,
262577,Gavin Rice,2024-02-10,3-3-0,0
253347,Gavin Teasdale,2022-08-19,1-2-0,
80579,Gavin Tucker,2011-02-19,13-3-0,
241535,Gaxue De,2021-05-25,8-3-1,24
220965,Gazimurad Magomedov,2016-08-27,8-0-0,30
161957,Gedan Ni,2016-06-05,25-9-0,41
13436,Gegard Mousasi,2003-04-27,49-9-2,
156739,Geisa Veloso,2016-02-13,4-5-0,
144050,Geisym Derouiche,2015-03-07,9-6-0,34
78797,Geje Eustaquio,2011-02-19,14-9-0,
207903,Genadi Jorjoliani,2019-03-10,10-6-0,45
152418,Genah Fabian,2015-09-27,6-4-0,
160989,Genaro Valdez,2016-04-15,10-3-0,
189657,Genia Goodin,2019-06-07,2-0-0,
199133,Genier Penagos,2017-09-16,8-5-0,
118222,Genil Francisco,2013-07-05,12-11-0,
100489,Genison Lima Furtado,2011-04-16,15-12-0,
243895,Geno Morelli,2023-06-17,5-0-0,
208940,Geno Shvedov,2021-03-27,3-3-0,
101239,Genpei Hayashi,2013-01-12,13-13-1,47
240743,Genta Fukami,2022-05-15,4-2-0,
258167,Genta Shindo,2022-05-08,8-5-0,29
88024,Genzo Kubota,2011-08-20,5-4-2,
73564,Geoff Neal,2012-08-25,16-8-0,44
254341,Geoff Pavey,2025-04-19,3-3-0,
156704,Geoffrey Mellor,2019-05-18,4-5-0,
157652,Geoffrey Then,2016-04-01,2-2-0,
182515,Georg Bilogrevic,2019-02-23,8-5-0,34
259443,George Carpenter,2023-09-30,2-0-0,
125935,George Courtney,2016-11-27,3-3-0,
175089,George Frangie,2017-03-11,3-3-0,
123332,George Garcia,2014-03-06,9-6-0,
126114,George Hardwick,2017-08-19,15-4-0,35
254354,George Lo,2023-04-22,2-2-0,
198178,George Mangos,2023-03-04,9-1-0,23
130004,George Martinez,2018-11-03,4-4-0,
132848,George McManus,2017-03-11,5-6-0,0
34311,George Roop,2006-05-26,15-13-1,
93158,George Smith,2018-07-07,10-5-0,35
200920,George Staines,2023-08-12,10-0-0,27
136454,George Tokkos,2017-09-09,11-6-0,39
141785,Georges Bardawil,2014-12-15,6-3-0,
87882,Georges Eid,2011-09-30,11-6-0,40
149110,Georges Sasu,2015-07-04,4-3-0,
37300,Georgi Karakhanyan,2006-10-13,31-14-1,
313977,Georgi Petrov,2024-08-24,2-1-0,
190815,Georgie Medina,2022-04-29,3-1-0,
161332,Georgii Eivas,2016-06-18,11-7-0,
190141,Georgina Almeraz,2018-05-18,1-1-0,
267466,Georgiy Maissuradze,2022-09-10,6-3-0,39
104621,Geovani Cruz Cordeiro,2012-10-27,5-6-0,
255491,Geovanis Palacios,2022-03-06,8-0-0,
249744,Geovanny Salazar,2025-03-28,2-1-0,
193530,Geralbert Castillo,2018-07-21,6-4-0,
92645,Gerald Bailey,2013-07-27,2-4-0,
35766,Gerald Harris,2006-08-11,26-8-1,
156133,Gerald Scott,2017-01-07,5-1-0,
120278,Geraldo Coelho de Lima Neto,2011-04-23,18-8-0,45
164828,Geraldo Rosa Almonte,2016-08-12,3-5-0,
99332,Geraldo de Freitas Jr.,2012-05-26,15-8-0,42
219700,Gerard Burns,2022-03-05,7-2-0,30
161525,Gerardo Fanny,2015-10-04,14-5-0,34
188015,Gerardo Graniel,2018-04-21,15-6-0,39
221124,Gerardo Javier Bazaldua,2021-03-19,6-4-0,30
254915,Gerardo Quintana,2022-10-21,1-4-0,
155239,Gerardo Ramirez Meija,2013-06-01,0-3-0,
153343,Gergely Csibi,2015-05-30,4-4-0,
57421,Gerhard Voigt,2010-06-26,6-9-0,
226119,German Orpineda Ponce,2021-04-16,4-11-1,
236150,Gerrica Trias,2021-02-12,1-1-0,
196101,Gerrick Bontekoe,2017-04-28,5-6-0,
41693,Gerson Pereira de Jesus,2008-01-12,12-10-0,
60460,Gerzan Chaw,2010-11-12,5-9-0,
21735,Gesias Cavalcante,2004-02-27,22-12-1,
158203,Getumuji Wu,2015-09-13,8-9-0,
169350,Gexi Sanlang,2016-08-20,15-3-0,
98482,Gheorghe Gritko,2012-05-05,7-6-0,
251300,Gheorghe Grozav,2024-02-17,4-2-0,
170884,Gheorghe Lupu,2015-09-19,5-5-0,
117856,Gi Bum Moon,2013-06-30,14-9-0,44
182061,Giacomo Michelis,2018-06-30,9-1-0,32
193016,Gian Franco Cortez,2017-10-07,6-5-0,
283292,Gian Maurente,2023-08-12,9-2-0,24
167667,Gian Sarturi,2016-11-12,9-4-0,
104622,Gian Siqueira,2012-10-27,21-6-0,38
173411,Gianluca Rocca,2017-04-29,10-5-0,34
93952,Gianluca Scottoli,2011-04-09,9-5-0,
142425,Gianni Vazquez,2014-03-22,14-7-0,39
155621,Giannis Bachar,2016-01-17,9-4-0,36
205063,Gift Walker,2021-09-10,8-4-0,0
154715,Giga Chikadze,2015-12-18,15-6-0,43
162787,Gil Pinheiro,2015-11-14,0-4-0,
134678,Gilber Ordonez,2013-06-15,11-6-0,
11522,Gilbert Melendez,2002-10-18,22-8-0,
132363,Gilbert Nakatani,2019-07-06,9-4-0,35
114718,Gilbert Patrocinio,2013-04-21,13-7-1,39
66445,Gilbert Smith,2011-01-15,13-6-0,
248403,Gilbert Tamez,2021-10-30,1-1-0,
132141,Gilbert Urbina,2014-05-16,8-4-0,31
43684,Gilberto Aguilar,2009-02-26,20-19-2,
72169,Gilberto Dias,2007-05-26,30-8-2,
236876,Gilberto Melara,2023-07-28,4-2-0,0
126321,Gilberto Santos,2013-09-21,6-8-0,
144064,Gilberto Sousa,2015-03-28,11-6-0,35
82624,Gilberto dos Santos Pantoja,2004-03-06,16-5-1,
257256,Gillian Goh,2022-04-30,0-2-0,
147220,Gillian Noll,2018-11-17,3-3-0,
253716,Gilmar Filho,2022-02-13,3-0-0,
83399,Gilmar Silva Milhorance,2009-06-27,4-10-0,
83254,Gina Begley,2013-03-22,2-3-0,
238622,Giorgi Kankava,2021-03-24,3-6-0,
131938,Giorgi Kudukhashvili,2015-05-09,5-4-0,
166467,Giorgi Kvelidze,2011-02-20,11-8-0,
258835,Giorgi Kvirtchishvili,2024-04-12,1-1-0,
82500,Giorgio Belsanti,2011-05-07,6-8-1,
104177,Giorgio Pietrini,2012-02-19,16-5-1,
235710,Giovanna Canuto,2021-03-26,7-2-0,25
273525,Giovanna Inacio,2024-05-02,0-2-0,
244553,Giovanni Garcia,2021-08-07,9-0-0,
145536,Giovanni Melillo,2014-06-29,14-11-0,
46019,Giovanni Moljo,2009-02-20,11-24-1,
62628,Giovanni Sarran,2010-02-27,10-8-0,44
263407,Gisela Luna,2022-06-19,5-3-0,
246911,Gisselle Garcia Villanueva,2021-10-22,0-1-0,
252027,Giulliany Perea Vieira,2024-03-29,5-1-0,
159887,Gjoni Palokaj,2016-02-20,13-4-0,35
104614,Glaico Franca,2012-05-05,25-8-0,
121989,Glaucio Eliziario,2011-10-10,10-10-0,50
202388,Gleb Shadrin,2016-12-17,5-4-0,
172117,Gleicielen Faria,2017-05-27,2-2-0,
86505,Gleidson DeJesus,2011-08-19,7-3-0,
118578,Gleidson Marques,2013-07-19,1-2-0,
83773,Gleidson Moraes Cutis,2011-05-29,7-5-0,
11970,Gleison Tibau,1999-05-18,39-18-0,67
91446,Glen Baker,2015-11-07,4-3-0,
147808,Glen Pettigrew,2016-05-28,8-3-0,0
95334,Glen Ranillo,2012-02-18,4-5-0,
225926,Glendal Whitney,2024-02-10,4-1-0,32
105081,Glenn Irvine,2016-09-10,3-4-0,
168095,Glenn McVeigh,2020-08-01,2-4-1,
259260,Glody Matusiwa,2019-03-02,1-4-0,
90168,Gloria Bravo,2013-11-29,6-6-0,
163303,Gloria de Paula,2017-07-15,6-7-0,
123451,Glyan Alves,2012-08-11,13-5-0,
48449,Go Matsuo,2008-06-29,3-10-0,
127268,Go Minamide,2013-10-06,11-6-1,
264646,Gocha Shainidze,2022-09-02,10-0-0,24
97779,Goga Shamatava,2012-05-25,22-14-0,50
48829,Goiti Yamauchi,2010-10-16,31-7-0,40
115191,Gokhan Aksu,2013-04-28,15-6-1,36
192682,Gokhan Saricam,2014-05-10,12-2-0,36
243937,Goki Nakano,2021-09-12,5-3-0,27
162654,Goku Date,2021-12-12,0-4-0,
312783,Gonzalo Banda Vargas,2018-05-04,0-1-0,
162675,Gonzalo Loffler,2016-09-03,3-3-0,
71024,Gonzalo Ojeda,2010-05-27,3-2-0,
129361,Gonzalo Ponce,2016-04-21,5-7-0,
128564,Gordon Wigington,2021-04-02,0-2-0,
64099,Gota Yamashita,2010-04-03,15-13-1,
262047,Grace DiFrancesco,2023-11-17,1-2-0,
128607,Grachik Bozinyan,2012-05-05,12-6-0,
10019,Grady Hurley,2001-04-13,14-3-0,
191144,Graham Sheehan,2025-03-08,1-1-0,
97526,Grant Dawson,2014-08-29,24-3-1,38
172951,Grant Neal,2019-02-23,12-3-0,35
292181,Graziela Silva,2024-11-01,1-1-0,
55748,Greg Atzori,2010-11-20,15-13-0,
104270,Greg Fischer,2014-11-15,13-4-0,38
182932,Greg Hardy,2018-06-12,9-6-0,43
66667,Greg Hopkins,2019-06-07,5-2-0,
81575,Greg Penaloza,2011-04-16,4-6-0,
24222,Greg Rebello,2005-02-26,26-9-0,
36922,Greg Soto,2006-09-30,9-4-0,
260177,Greg Sun,2023-10-21,2-1-0,
191373,Greg Velasco,2021-05-29,6-2-0,
177340,Gregg Ellis,2017-07-21,8-6-0,
71669,Gregor Weibel,2010-09-04,16-5-1,
22630,Gregory Babene,2004-05-24,23-13-0,48
17644,Gregory Milliard,2008-04-18,13-8-0,
158207,Gregory Robinet,2016-02-04,8-5-0,0
136842,Gregory Rodrigues,2014-09-06,19-6-0,42
149718,Gregory Smith,2019-09-28,2-3-0,
146456,Griet Eeckhout,2015-08-23,7-4-1,
267243,Griffin Parriott,2022-09-16,3-2-0,
20411,Grzegorz Siwy,2008-04-12,13-5-0,
307256,Guangbao Du,2024-07-21,0-2-0,
6571,Guangyou Ning,2007-09-22,5-4-1,
240617,Guangzhen Li,2021-04-30,5-4-0,
71061,Guido Cannetti,2007-12-22,10-8-0,
221168,Guido Possidente,2021-12-11,3-1-0,
84542,Guido Santos,2011-07-02,17-5-1,38
218875,Guilherme Crossi,2022-02-11,0-3-0,
103639,Guilherme Doin,2010-07-29,14-12-0,50
29505,Guilherme Faria,2008-07-19,19-10-0,
19895,Guilherme Miranda,2008-04-26,18-9-0,
270953,Guilherme Pat,2022-11-26,6-2-0,33
162383,Guilherme Prescendo,2016-12-16,5-3-0,
148578,Guilherme Santos,2015-11-21,6-4-0,
82839,Guilherme Santos,2013-04-20,8-4-0,
90817,Guilherme Soares,2011-08-13,16-8-1,40
255225,Guilherme Uriel,2022-03-05,7-2-0,30
100097,Guilherme Vasconcelos,2012-07-27,10-6-0,
92719,Guilherme Viana,2012-03-04,9-4-0,41
245214,Guilherme Yuri Nakagawa,2024-09-29,3-5-0,33
185165,Guillermo Torres,2018-03-15,7-2-0,
158882,Gunner Coronado,2017-08-25,3-5-0,
159168,Gunther Kalunda,2017-07-08,7-6-0,38
248006,Guo Zhen Li,2021-11-13,1-1-0,
328854,Guohua Chen,2024-08-09,0-2-0,
204425,Guram Gochashvili,2019-01-19,5-1-0,0
112276,Guram Kutateladze,2010-05-15,14-5-0,38
155505,Guram Mestvirishvili,2016-03-04,2-2-0,33
63497,Gurdarshan Mangat,2011-05-28,17-3-0,
167968,Gurdeep Singh Shergill,2017-02-11,3-1-0,
149702,Gustavo Balart,2015-08-01,12-5-0,
105436,Gustavo Erak,2011-07-24,25-11-2,48
3992,Gustavo Falciroli,2007-05-26,17-6-2,
161894,Gustavo Gomez,2019-05-24,0-1-0,
226704,Gustavo Henrique,2019-12-20,6-3-0,
271541,Gustavo Henrique,2022-11-19,12-6-0,0
125737,Gustavo Kruger,2013-10-05,4-1-0,
99327,Gustavo Lopez,2012-07-14,16-10-1,49
217586,Gustavo Navarrete,2021-07-09,0-3-0,
270562,Gustavo Pintos,2022-05-21,10-1-0,35
284353,Gustavo Ribeiro,2023-09-02,7-2-0,29
185079,Gustavo Rocha,2018-07-21,5-3-0,29
220611,Gustavo Sousa,2019-10-26,6-2-0,26
178241,Gustavo Trujillo,2017-07-27,3-2-0,
229902,Gustavo Villamil,2020-05-29,7-2-0,
26512,Gustavo Wurlitzer,2002-12-07,27-33-0,
35650,Guto Inocente,2005-03-19,11-7-0,44
270701,Gwan Woo Lim,2022-07-09,5-2-0,26
141330,Habiti Tuerxunbieke,2014-08-05,20-14-0,
341497,Haci Akseker,2025-11-08,3-1-0,
241458,Hadi Omar Al Hussaini,2021-06-18,6-1-1,
246151,Hafeni Nafuka,2021-06-05,12-5-0,0
114798,Haider Farman,2013-04-20,7-3-0,
202017,Haider Khan,2021-07-10,10-2-0,0
246276,Haidy Ahmed,2022-02-26,3-2-0,
302308,Haifa Reso,2024-05-04,1-1-0,
182944,Hailey Cowan,2018-05-25,7-6-0,38
291401,Hailong Jia,2023-11-04,0-2-0,
38467,Haim Gozali,1998-01-01,15-7-0,
192480,Haitao Ti,2017-06-13,18-6-0,30
127905,Hakeem Dawodu,2014-02-21,14-4-1,40
95970,Hakon Foss,2012-05-05,10-9-0,
126873,Hakop Ter-Petrosyan,2016-06-09,2-1-0,
208223,Halil Amir,2016-04-24,12-3-0,34
192453,Halston Williams,2021-05-29,1-3-0,
187534,Hamid Sadid,2017-09-10,2-3-0,
67281,Hamilton Ash,2015-04-18,6-6-0,
162567,Hammer Morton,2021-11-11,4-2-0,
121011,Hamyrez Oliveira,2013-09-07,12-7-0,39
160860,Hamza Bougamza,2016-06-04,3-4-0,
232694,Hamza Dagderiven,2022-06-25,2-2-0,
104114,Hamza Kooheji,2012-11-02,15-4-0,39
59857,Hamza Salim,2016-05-07,8-7-0,
111591,Hamzah Marquis Brewster,2016-06-10,5-0-0,
219219,Hamzeh Trad,2024-09-28,3-2-0,0
151566,Hana Yamada,2015-11-23,2-5-0,
239137,Hanceau Dorvil Nava,2021-03-13,2-3-0,
110798,Handesson Ferreira,2013-01-16,22-7-1,49
294687,Hanfei Cheng,2023-02-26,7-4-0,0
284814,Hannah Brobyskov,2024-04-05,1-2-0,
104439,Hannah Cifers,2013-10-18,10-7-0,
150294,Hannah Goldy,2016-03-11,7-4-0,
172426,Hannah Guy,2019-03-09,4-3-0,
203802,Hannah Pearl Schmidt,2025-02-07,1-1-0,
231936,Hannah Rosario,2020-09-12,0-5-0,
268909,Hannette Staack,2022-10-28,3-1-0,
121476,Hanru Botha,2013-07-25,8-7-0,0
245737,Hansraj Samota,2021-07-24,8-3-0,29
156807,Haojie Li,2016-02-20,31-7-1,
335390,Haratio Austin,2026-04-25,0-1-0,
218980,Harda Karim,2023-02-26,5-4-0,32
153994,Hardeep Rai,2017-04-23,3-2-0,
204934,Haris Aksalic,2023-12-05,2-0-0,
170448,Haris Talundzic,2019-12-06,7-2-0,
114043,Harley Behan,2017-12-17,4-1-0,
48321,Harley Leimbach,2009-05-02,0-6-0,
101329,Harold Banario,2012-12-15,4-2-0,
166046,Harold Fernandez Balcazar,2016-10-22,0-5-0,
121893,Harold Hubbard,2013-09-16,2-3-0,
144434,Haron Orzumiev,2015-02-28,6-3-0,
188031,Harris Bonfiglio,2019-01-05,7-1-0,
241047,Harrison Layne,2021-12-02,2-4-0,
111586,Harrison Watkins,2025-05-17,0-1-0,
148286,Harry Davies,2017-05-06,6-19-0,
269896,Harry Germain,2022-08-26,0-2-0,
130957,Harry Hardwick,2015-04-04,13-5-1,38
167407,Harry Hunsucker,2015-09-26,7-6-0,
321288,Haruaki Motokawa,2025-02-11,3-0-0,21
251160,Haruka Hasegawa,2022-01-16,5-6-0,39
254946,Haruka Yoshinari,2021-04-25,2-6-1,
146591,Haruki Armoa Onishi,2015-05-09,4-5-0,
226250,Haruki Kawakita,2020-02-16,14-6-3,35
84643,Haruki Nakayama,2011-07-17,12-11-3,
338306,Haruki Touyama,2025-11-09,3-1-0,
278092,Harumasa Yachi,2023-06-04,4-0-0,
273895,Harun Kurt,2024-12-21,6-1-0,30
250080,Harun Uzun,2021-05-01,6-2-0,
15321,Haruo Ochi,2008-02-23,27-12-2,56
237476,Haruto Yokozeki,2020-12-13,0-1-1,
239396,Harvey Mardis,2023-09-09,1-2-0,
74252,Harvey Park,2014-11-01,12-3-0,
145250,Hasan Gulmez,2018-05-05,2-1-0,
146073,Hascen Neri Gelezi,2018-04-28,5-3-0,
76490,Hashem Arkhagha,2010-12-08,6-1-0,
177612,Hassan Fakhreddine,2017-07-29,3-0-0,
248380,Hassan Graham,2022-10-29,3-3-0,
246136,Hassan Kayani,2021-10-02,3-1-1,0
143077,Hassan Mandour,2015-02-20,10-7-0,41
196254,Hassan Shaaban,2022-06-04,4-2-0,26
87421,Hassan Talal,2016-09-05,5-3-0,0
132143,Hassen Rahat,2014-05-01,4-5-0,
180455,Hassna Gaber,2017-08-11,6-3-0,
135895,Hatef Moeil,2015-09-18,17-4-0,43
91891,Hatice Ozyurt,2004-10-24,1-7-1,
145504,Havier Pedroza,2017-02-04,0-2-0,
177307,Hayabusa Tagami,2017-07-16,1-2-0,
127892,Hayato Ishii,2014-07-27,18-8-3,43
258103,Hayato Ogawa,2022-05-01,3-3-2,
235553,Hayato Sasaki,2021-01-31,2-3-0,
101892,Hayato Suzuki,2012-10-19,21-1-2,
164469,Hayato Tanaka,2016-09-18,1-4-0,
250036,Hayden Briers,2024-11-10,4-0-0,0
141590,Hayk Gasparyan,2013-10-27,6-12-0,
172018,Hayley Turner,2017-11-11,2-2-0,
81306,Hayward Charles,2011-04-09,18-15-0,
168237,Heather Hardy,2017-06-24,2-2-0,
150256,Heber Castillo,2017-02-16,4-3-0,
165903,Hecher Sosa,2020-02-08,15-1-0,32
145564,Hector Fajardo,2018-10-06,8-7-0,42
191521,Hector Ferral,2016-04-15,7-3-0,
136741,Hector Garcia,2014-09-06,2-1-0,
178537,Hector Gonzalez,2014-07-04,5-7-2,
257327,Hector Iglesias,2022-04-15,4-5-0,38
213935,Hector Olazabal,2019-08-23,0-4-0,
252833,Hector Saenz,2021-12-19,12-2-0,32
28411,Hector Sandoval,2008-07-18,15-4-0,
305873,Hector Santiago,2024-07-20,5-1-0,32
90397,Hector Valenzuela,2011-11-19,6-14-0,
64490,Heder Araujo,2009-11-08,3-7-1,
123647,Heili Alateng,2013-10-20,17-10-2,
210033,Heimo Gregorio,2019-04-20,5-5-0,
131050,Heinrich Wassmer,2015-02-28,7-6-0,
153198,Helder Fernandes,2015-10-31,10-7-0,
116587,Helen Harper,2013-05-25,4-3-0,
172128,Helen Lucero,2019-09-06,1-5-0,
169435,Helen Peralta,2018-01-13,6-5-0,
241285,Helisson Cardoso,2021-05-29,5-1-0,23
172107,Heloisa Azevedo,2017-03-25,4-2-0,
129552,Hemerson de Souza,2014-05-01,8-6-0,41
90070,Henri Lintula,2016-09-03,14-3-0,36
94013,Henrique Gomes,2011-08-06,13-8-0,
164414,Henrique Madureira,2016-08-27,11-7-0,42
123671,Henrique Marques,2013-10-05,8-2-0,
303455,Henrique Melo,2024-04-06,2-3-0,
76040,Henrique Shiguemoto,2007-07-20,15-6-1,40
118347,Henrique Souza,2013-07-06,9-9-0,
136143,Henrique da Silva,2013-12-15,20-12-0,50
119583,Henry Barahona,2016-05-14,4-7-0,
133752,Henry Beltran,2022-10-14,1-2-0,
111411,Henry Cejudo,2013-03-02,16-6-0,
82234,Henry Corrales,2011-05-01,21-8-0,
56368,Henry Dehling,2011-01-12,6-6-0,
178366,Henry Guerra,2017-07-15,1-2-0,
116705,Henry Huff,2018-09-22,6-6-0,
258624,Henry Kirangwa,2022-04-24,1-3-0,
144041,Henry Moya,2012-03-03,10-5-1,
131431,Hera Tamati,2014-05-03,6-4-0,
197400,Heraldo Souza,2018-09-08,10-2-1,
180188,Herbe Merito Novelo,2017-08-16,2-1-0,
123835,Herbert Batista,2012-12-16,20-8-1,43
124408,Herbert Burns,2012-02-25,11-6-0,
203180,Herbert Rogers-Williams,2024-01-12,3-2-0,
241617,Herberth Rian,2021-05-29,10-4-0,
108305,Herbeth Sousa,2012-12-02,20-2-0,34
138847,Herdem Alacabek,2014-11-22,5-1-0,
91748,Heriberto Tovar,2011-03-25,8-8-1,
84290,Herica Tiburcio,2011-05-30,11-5-0,
16007,Herman Terrado,2008-03-08,15-7-1,
99290,Hermison Oliveira,2012-03-10,12-8-0,
161176,Hernan Sosa,2016-03-18,4-2-0,
8354,Hernani Perpetuo,2005-11-05,21-9-0,
202259,Hesdy Gerges,2018-12-01,0-2-0,
306857,Hibiki Tejima,2024-09-22,1-2-1,
129180,Hicham Rachid,2013-11-09,8-8-0,
166894,Hideaki Nakajima,2016-11-13,4-10-2,
64102,Hidekazu Fukushima,2010-04-03,16-9-1,
145622,Hidemasa Soga,2015-04-12,6-11-1,
274790,Hidenari Saijo,2023-04-16,6-3-0,31
2256,Hideo Tokoro,2000-09-29,36-34-2,95
78969,Hideto Okada,2011-02-26,7-14-6,
346348,Hideto Yamaguchi,2026-05-04,2-0-0,
298348,Hideya Narumi,2024-02-25,1-4-0,
125134,Hideyuki Okudaira,2013-12-22,1-2-1,
180258,Hikaru Aono,2017-12-03,14-8-0,38
241450,Hikaru Kamimura,2021-07-04,2-1-0,
258268,Hikaru Omori,2022-05-22,4-2-0,29
1701,Hikaru Sato,2000-02-27,24-26-4,
144595,Hikaru Yoshino,2015-11-29,15-6-0,39
147811,Hiki Paikea,2017-02-18,0-1-0,
152173,Hilarie Rose,2018-02-02,12-7-0,40
180175,Hilario Portales,2017-09-02,5-1-0,
246133,Hiram Furukawa,2018-04-28,2-5-0,
86570,Hiroaki Harukawa,2011-09-03,3-5-0,
20356,Hiroaki Ijima,2008-06-21,12-15-3,
251107,Hiroaki Mukuno,2021-12-04,2-4-1,
274601,Hirofumi Akiyoshi,2023-03-04,0-2-0,
241242,Hirokaze Makino,2021-05-30,5-7-0,32
340890,Hirokazu Chikuchi,2026-01-18,0-1-0,
28844,Hiroki Aoki,2008-03-23,17-14-2,
304262,Hiroki Imai,2025-02-11,0-5-0,
172550,Hiroki Kidowaki,2017-04-09,4-2-0,
112611,Hiroki Korogi,2013-02-24,5-2-0,
1811,Hiroki Nagaoka,2001-05-05,29-28-13,
195942,Hiroki Otani,2018-10-21,8-12-0,
154396,Hiroki Takaoka,2017-04-09,14-10-6,41
243948,Hiroki Uematsu,2021-07-18,6-5-1,34
114760,Hiroki Yamashita,2013-04-28,8-10-0,
36733,Hiromasa Ougikubo,2006-10-01,30-9-2,53
328673,Hiromi Asai,2025-06-22,1-2-1,
22918,Hiromitsu Miura,2004-07-25,13-8-0,
266942,Hironori Miyaguchi,2022-10-15,1-0-0,
238750,Hiroo Tsumaki,2021-04-18,1-1-0,
265220,Hiroshi Fujita,2022-09-25,3-2-0,22
142820,Hiroshi Mizushima,2016-10-16,1-3-1,
61950,Hiroshi Osato,2010-02-27,12-7-1,
81223,Hiroshi Roppongi,2011-04-10,6-15-2,
56305,Hiroshi Takahashi,2009-11-23,12-13-2,
170105,Hiroshi Yamazaki,2017-05-21,2-1-0,
16808,Hiroshige Tanaka,2008-03-28,13-10-0,55
230398,Hirotaka Nakada,2020-07-24,7-7-0,36
298529,Hiroto Inoue,2024-03-31,0-3-1,
298278,Hiroto Kishida,2024-02-18,6-3-0,27
274473,Hiroto Nei,2023-04-16,4-1-1,
143551,Hiroto Onishi,2015-05-17,1-6-0,
288808,Hiroto Shimizu,2023-10-15,8-1-0,27
91395,Hiroto Uesako,2010-04-18,17-12-0,
177677,Hiroya Kondo,2017-07-23,11-16-1,39
274592,Hiroya Takada,2023-03-04,2-1-0,
144606,Hiroya Yamaguchi,2025-09-07,0-1-0,
166179,Hiroyasu Sakurai,2018-08-05,4-3-0,
64101,Hiroyuki Mori,2010-04-03,4-6-1,
99825,Hiroyuki Oshiro,2012-08-05,12-6-3,45
303834,Hiroyuki Shibui,2024-06-30,3-1-0,
219455,Hiroyuki Shimizu,2021-10-17,1-6-0,
172458,Hiroyuki Sugiura,2018-05-20,0-3-0,
110730,Hiroyuki Takahashi,2013-02-23,2-6-0,
11614,Hiroyuki Tanaka,2002-10-27,10-8-3,
108944,Hiroyuki Tetsuka,2015-11-01,15-7-0,43
12954,Hisae Watanabe,2002-04-07,21-9-2,
111177,Hisaki Kato,2013-03-31,8-4-0,
179360,Hisashi Ezaki,2021-11-21,7-1-0,37
91511,Hisho Takeda,2013-04-07,5-7-1,
305047,Hitoshi Okamoto,2024-07-28,2-3-0,
89805,Ho Joon Kim,2011-12-03,1-6-1,
250284,Ho Shun Lin,2018-07-28,3-2-0,
65950,Ho Taek Oh,2014-01-18,9-5-1,35
183014,Hojat Khajevand,2017-12-02,10-6-0,0
271003,Holden Bedwell,2020-10-03,0-1-0,
170827,Holli Logan,2018-01-17,1-1-1,
103694,Holt Felkins,2017-02-02,3-2-0,32
328850,Hongbin Zhang,2024-08-09,0-1-0,
237902,Hongji Li,2020-04-26,8-6-0,0
275558,Honoka Shigeta,2023-04-30,4-2-0,
166167,Honor Kelesh,2016-09-23,4-1-0,
182001,Hope Chase,2018-12-22,7-3-0,28
227101,Hope Holmes,2023-08-10,3-3-0,
129779,Hopeton Stewart,2015-10-24,5-3-0,
134801,Horacio Gutierrez,2014-05-31,7-3-0,
152590,Horatius Ndidi Alonu,2012-05-05,13-4-1,
246202,Hotaka Ando,2023-09-24,2-2-0,
254676,Houston Scibek,2024-01-19,2-1-0,
41274,Hracho Darpinyan,2009-02-08,17-9-2,
244480,Hua Qi Tang,2021-07-24,1-2-0,
121362,Hudson Silva,2013-01-12,18-15-0,
69170,Hugh McKenna,2017-02-24,5-5-0,
185070,Hugh ODonnell,2018-03-09,0-2-0,
113764,Hugh Pulley,2013-04-05,10-9-0,44
127989,Hugo Aranda,2017-07-14,2-1-0,
143497,Hugo Barbosa,2015-02-21,6-3-0,
161432,Hugo Cunha,2017-12-15,8-3-0,
155288,Hugo Flores,2010-02-19,14-5-0,39
127135,Hugo Lujan,2016-08-20,3-6-0,
166291,Hugo Oyarzun,2017-01-29,10-5-0,37
176133,Hugo Paiva,2019-10-12,12-3-0,31
158710,Hugo Pereira,2015-05-31,6-4-0,
134653,Hugo Prada,2013-07-26,9-4-0,
263048,Hugo Vach,2022-06-25,8-1-0,27
66819,Hugo Viana,2010-05-26,8-4-0,
315168,Huibo Ding,2024-08-09,5-3-0,0
104264,Humberto Bandenay,2013-02-27,27-10-0,45
110487,Humberto Duarte,2019-10-11,6-7-0,
231223,Humberto Hernandez,2014-10-24,0-1-0,
272491,Humphrey Mulenga,2021-11-03,7-3-0,0
173161,Hunter Azure,2017-08-11,13-5-0,40
53923,Hunter Claggett,2007-09-22,2-4-0,
206495,Hunter Colvin,2019-06-21,3-0-0,
221480,Hunter Ewald,2019-12-20,1-0-0,
315189,Hunter Frazer,2025-08-02,2-2-0,
232815,Hunter James,2023-12-08,4-1-1,25
146641,Hunter Joffre,2018-05-25,0-0-1,
243854,Hunter Lee,2022-05-06,7-1-0,27
247174,Hunter Smith,2023-05-14,8-1-0,27
241264,Hunter Starner,2022-10-15,3-3-0,
155343,Huo You Ga Bu,2015-12-20,22-23-0,65
26815,Husam Mohamed,2006-01-21,6-7-0,
164331,Husein Kadimagomaev,2018-10-06,14-2-0,29
248111,Huseyin Safari,2021-07-03,2-1-0,
125981,Huseyn Aliyev,2013-12-27,14-5-1,
244384,Huseyn Tatalaev,2018-10-03,8-2-0,27
164318,Husiman Siwuhaer,2015-12-19,19-10-0,
273617,Hussain Al Kurdi,2024-12-13,3-0-0,0
196407,Hussain Bakhsh Safari,2016-06-03,7-4-0,
130193,Hussein Ayyad Abdulla,2014-03-07,8-5-0,
137399,Hussein Fakher,2013-02-15,11-4-0,
130190,Hussein Salem,2014-03-01,13-7-0,36
281264,Huy Hoang Phan,2022-09-17,2-7-0,
244938,Hyago Vieira Silva,2021-07-25,8-4-1,38
182057,Hyder Amil,2017-11-18,11-3-0,37
262959,Hye Yun Song,2023-08-27,0-1-0,
195646,Hyub Chan Oh,2017-10-27,2-1-0,
247991,Hyuga Miyagawa,2021-11-21,7-8-0,30
184625,Hyun Ji Jang,2018-02-26,5-4-0,
192259,Hyun Sung Park,2018-11-18,10-2-0,31
121567,Iago Ribeiro,2014-12-13,12-4-0,36
204404,Iago Silva do Nascimento,2018-11-29,11-7-0,38
152614,Iain Blade,2015-10-17,1-6-0,
152224,Iamik Furtado,2015-07-17,7-7-0,
192272,Ian Allston,2022-05-27,4-2-0,28
136919,Ian Butler,2014-09-13,8-6-0,
80306,Ian Cleary,2016-12-16,1-4-0,
173845,Ian Coughlan,2018-06-24,1-1-0,
242946,Ian Engbrock,2021-08-26,6-2-0,0
51106,Ian Entwistle,2010-07-31,9-5-0,
181716,Ian Garry,2019-02-16,17-1-0,33
141872,Ian Heinisch,2015-01-24,14-5-0,
133750,Ian Lawler,2014-06-20,7-5-0,
25700,Ian Loveland,2005-09-16,18-10-0,
10981,Ian McCall,2002-08-03,13-7-1,
261412,Ian Paul Lora,2022-06-02,3-1-0,
274789,Ian Russell,2025-08-16,2-1-0,
166617,Iasmim Casser,2017-11-18,6-0-0,27
205486,Ibeu Kibesa,2018-11-11,0-1-0,
170880,Ibo Aslan,2016-10-15,14-4-0,31
222011,Ibragim Ibragimov,2021-08-21,10-0-0,23
173725,Ibragim Mamaev,2017-04-14,3-1-0,
155177,Ibragim Navruzov,2015-12-20,5-1-1,
75264,Ibragim Tibilov,2010-11-21,17-9-0,
231193,Ibrahim Al-Faqih Hassan,2021-12-11,4-2-0,
83013,Ibrahim Elsawi,2011-05-19,6-9-0,
197989,Ibrahim Hassan,2015-02-20,3-5-0,
182482,Ibrahim Kallie,2018-07-28,1-3-0,
157197,Ibrahima Mane,2016-02-27,14-7-0,44
168715,Ibu Takamori,2016-12-17,1-3-0,
216833,Icaro Brito,2019-09-22,9-2-0,29
218640,Icaro Ricardo,2019-04-06,1-1-0,
151488,Ichiki Tanaka,2015-09-22,13-20-1,
96844,Idrees Wasi,2015-09-19,3-26-0,
126530,Idriss MRoivili,2014-03-01,3-5-0,
160434,Ignacio Bahamondes,2015-11-21,18-7-0,36
135441,Ignacio Capella,2014-05-17,9-3-0,0
192325,Ignacio Fernandez,2019-11-10,11-5-0,36
144748,Ignacio Galindez,2015-03-21,0-2-0,
300204,Ignacio Martinez Reyes,2016-08-19,0-1-0,
154530,Ignacio Ortiz,2018-05-12,2-3-1,
141871,Igor Biletskiy,2014-11-22,0-1-0,
242207,Igor Cavalcanti,2021-08-14,13-2-0,29
216096,Igor Danis,2019-09-14,0-2-0,
181574,Igor Fernandes Santos,2017-11-05,1-3-0,
224228,Igor Lima da Silva,2019-10-26,1-0-0,
197957,Igor Lukacovic,2020-09-08,3-7-0,
100549,Igor Palchenko,2012-06-29,0-1-0,
202859,Igor Pesterev,2018-12-21,0-2-0,
184377,Igor Sergio Gordo Siqueira,2017-11-04,11-4-0,34
206834,Igor Severino,2018-12-15,10-1-0,24
109156,Igor Soares,2012-12-15,6-8-0,
204157,Igor Taylon,2016-12-18,13-6-0,31
116608,Igor Wojtas,2013-05-11,13-9-0,39
159496,Igor Zhirkov,2016-03-27,14-9-0,
142435,Ihor Potieria,2015-01-31,25-8-0,
142833,Ik Hwan Jang,2015-02-01,8-5-0,
6024,Ikkei Nagamura,2007-11-11,15-11-2,64
149367,Ikram Aliskerov,2012-04-26,18-2-0,37
248,Ikuhisa Minowa,1996-03-30,64-45-8,
212996,Ikuma Tani,2020-02-23,7-5-0,
162599,Ikuya Akabane,2024-03-10,3-1-0,19
119451,Ilara Joanne,2013-08-08,13-11-0,42
209353,Ilay Barzilay,2022-08-05,8-1-0,26
235595,Iler Bakhtiyar Uulu,2020-12-13,11-4-0,0
168026,Ilhom Nazimov,2015-04-10,13-4-0,34
238677,Ilia Qarukhnishvili,2021-02-13,10-2-0,0
149195,Ilia Topuria,2015-04-04,17-1-0,30
246670,Ilian Bouafia,2021-07-01,8-1-0,29
31763,Iliarde Santos,2006-06-29,32-16-1,
216020,Ilias Bulaid,2019-09-27,9-0-0,31
119959,Ilias Sanoudakis,2013-08-17,13-3-0,40
129949,Ilima-Lei Macfarlane,2015-01-17,13-3-0,
271265,Ilnur Akhmetvaleev,2021-09-04,1-1-0,
191772,Ilya Gladkiy,2018-05-27,4-4-0,
261923,Ilya Kharitonov,2021-11-21,10-0-0,
224876,Ilya Lupinov,2019-04-12,2-4-0,
136162,Ilyar Askhanov,2014-06-14,14-6-0,
164061,Ilyaz Mamadaliyev,2021-01-23,8-4-0,30
190452,ImamShafi Aliev,2017-03-26,10-3-0,30
250054,Imam Akhmad Iskhakov,2021-12-11,3-2-0,0
190454,Imam-Shapi Mukhtarov,2017-10-05,12-2-0,0
235890,Imanali Almazbek Uulu,2020-08-31,1-1-0,
272702,Imanol Rodriguez,2022-11-04,7-0-0,25
184986,Imari Claude,2018-03-10,0-1-0,
202248,Impa Kasanganay,2019-01-25,20-7-0,44
208156,Imram Taysultanov,2019-04-27,6-2-0,
148364,Imran Bukuev,2015-05-16,18-5-0,38
188634,Imran Daurbekov,2018-01-27,4-1-0,0
190759,Imran Magaramov,2016-11-30,7-5-0,0
146726,In Jae La,2009-11-28,11-5-1,45
178346,In Su Hwang,2017-08-12,9-2-0,32
149947,Inaildo Santos,2015-04-11,9-3-0,
23243,Indalecio Tat Romero,2004-09-25,30-6-0,
199564,Inglesson de Lara,2018-11-17,10-4-0,34
241060,Ingrid Sewa,2021-06-04,0-2-0,
202850,Ingrid Silva,2018-10-25,9-5-0,32
186676,Inor Valladares,2017-10-07,10-8-0,42
92325,Ioannis Palaiologos,2012-02-19,20-15-1,
159149,Ion Grigore,2017-10-30,13-13-0,
54147,Ion Pascu,2008-10-31,27-10-1,53
155989,Ion Pop,2014-07-19,9-14-1,
168847,Ion Surdu,2016-04-15,18-8-0,38
219002,Ion Taburceanu,2019-10-26,7-3-0,
122749,Iony Razafiarison,2013-10-26,7-5-0,
39511,Ippei Takase,2011-11-20,6-6-1,
105235,Ira Lukowsky,2020-02-07,3-4-0,
196070,Irakli Kuchukhidze,2017-03-18,4-4-0,29
215327,Irapuaci Souza,2019-08-17,4-2-2,
93505,Irene Cabello,2012-10-12,9-7-0,
103733,Irfan Khan,2012-10-12,7-7-0,
195384,Irfan Mulabitinovic,2020-02-15,3-4-1,
205918,Irina Alekseeva,2019-03-09,5-4-0,37
234578,Irlanda Galindo,2019-05-25,1-3-0,
148880,Irman Smajic,2018-12-01,4-1-0,
126064,Irvin Amaya,2015-07-04,13-5-0,35
285599,Irvin Enriquez,2025-02-08,3-0-0,29
109008,Irvin Jones,2017-12-15,6-4-0,40
138539,Irvin Veloz,2011-09-17,4-6-0,
155616,Irving Hernandez,2015-12-04,4-4-0,
147163,Irvins Ayala,2018-03-23,4-2-0,
80494,Irwin Rivera,2014-11-07,12-7-0,
196700,Isa Dalipaj,2020-08-13,3-2-0,
175496,Isa Magomedov,2017-04-11,0-1-0,
209942,Isaac Baker,2019-04-17,4-5-0,
158729,Isaac Camarillo,2016-04-16,0-1-0,
86990,Isaac Cruzado,2019-11-08,0-1-0,
118874,Isaac Hopps,2014-09-26,4-4-0,
93164,Isaac Matamoros,2015-03-28,1-3-0,
200279,Isaac Moreno,2021-06-20,8-0-0,28
259643,Isaac Muluh,2022-01-22,6-1-0,30
100657,Isaac Pimentel,2012-09-29,19-10-0,
142426,Isaac Ruelas,2014-05-31,8-8-0,39
78619,Isaac Steele,2011-09-17,7-2-0,
167142,Isaac Teran,2016-09-10,5-1-0,
190220,Isaac Thomson,2020-12-11,9-3-0,26
136789,Isaac Toledo Dull,2014-09-12,7-4-0,44
148572,Isaac Vasquez,2024-07-12,1-4-0,
39688,Isaac Villanueva,2008-12-06,18-14-0,
148514,Isaac Villegas,2021-10-22,2-2-0,
233499,Isaack Watkins,2022-04-15,1-0-0,
264023,Isabella Araujo,2022-07-23,4-2-0,25
193446,Isac Silva Souza,2018-06-16,10-7-1,0
113160,Isai Cabrera,2018-03-09,2-1-0,
92335,Isaiah Batin-Gonzalez,2016-11-12,4-4-0,
59669,Isaiah Chapman,2012-02-18,9-4-0,
244602,Isaiah Diggs,2022-06-26,5-1-0,30
110430,Isaiah Edwards,2015-05-20,4-6-0,
248702,Isaiah Flores,2023-02-17,1-2-0,
132912,Isaiah Gutierrez,2014-05-10,8-3-0,
239963,Isaiah Hokit,2021-06-25,3-1-0,
191798,Isaiah Monroe,2020-08-12,3-3-0,
263797,Isaiah Pinson,2022-11-19,4-3-0,31
172928,Isaiah Rocha,2019-04-05,1-1-0,
117481,Isaiah Sackey-El,2022-05-14,4-1-0,
102970,Isaiah William,2018-04-14,5-4-0,
113065,Isaias Simoes,2013-11-10,10-6-0,
273993,Isana Morita,2023-04-02,8-1-0,24
127894,Isao Fukunaga,2016-11-13,1-2-1,
28828,Isao Kobayashi,2008-04-26,27-9-2,49
120426,Isaque Silva,2013-06-29,6-8-0,
231225,Isau Duenez,2014-06-14,0-2-0,
255570,Isay Garcia,2024-06-09,3-3-0,
248103,Isfak Seyid,2021-07-03,8-2-0,31
196766,Isiah Torres,2021-09-18,9-4-1,32
158760,Isidro Rodriguez,2016-04-16,5-1-0,
200683,Isis Verbeek,2018-11-16,5-2-0,
282568,Islam Agavov,2023-06-17,0-3-0,
196224,Islam Babatov,2018-02-25,9-6-0,
165683,Islam Dulatov,2019-09-07,12-1-0,27
152554,Islam Khapilaev,2015-05-29,10-6-0,36
151470,Islam Magomedov,2014-06-03,6-2-0,
205106,Islam Mahamajonov,2017-07-30,3-1-0,
78816,Islam Makhachev,2010-08-01,28-1-0,39
49788,Islam Mamedov,2009-06-27,23-3-1,
154931,Islam Mayrasultanov,2015-10-17,5-4-0,
100935,Islam Meshev,2011-07-16,14-9-0,46
272942,Islam Murtazaliyev,2025-02-07,1-1-0,
165957,Islam Omarov,2016-10-15,17-0-0,30
143043,Islam Reda,2013-05-03,15-1-0,35
194635,Islambek Baktybek Uulu,2017-10-07,8-2-0,
279452,Islem Masraf,2023-05-11,3-3-0,
86809,Ismael Bonfim,2011-08-13,20-7-0,37
204135,Ismael Zamora,2021-07-09,10-4-0,30
212023,Ismail Ataev,2019-03-24,0-2-0,
246611,Ismail Gamal,2020-12-12,6-3-0,
244391,Ismail Israilov,2019-07-20,5-3-0,28
213573,Ismail Khan,2022-02-13,12-1-0,27
132722,Ismail Naurdiev,2012-11-17,25-8-0,38
57140,Israel Adesanya,2012-03-24,24-6-0,48
129414,Israel Aquino,2015-03-28,2-4-0,
92332,Israel Delgado,2014-11-08,4-4-0,
213114,Israel Galvan,2020-08-15,10-3-0,29
242339,Israel Gonzalez,2021-11-13,4-3-0,
40083,Israel Guzman,2008-09-27,2-6-0,
255626,Israel Henry,2022-01-29,1-4-0,
322249,Israel Ortega,2026-05-31,0-1-0,
120189,Israelsson Severo,2012-02-14,3-5-1,
236664,Israil Gadzhiagaev,2020-10-08,9-1-0,0
325875,Issa Ajilat,2025-04-05,0-1-0,
161336,Issa Basem,2016-12-19,1-3-0,
139198,Issa Isakov,2014-10-31,13-5-0,40
137353,Issa Salem,2014-09-18,11-6-0,0
148495,Issac Hardman,2015-10-31,9-0-0,
54877,Issac Ware,2014-11-22,5-5-0,
274831,Issam Azelhad,2023-02-26,1-2-0,
185272,Issei Moriyama,2017-03-20,8-6-1,
20498,Issei Tamura,2008-06-26,15-12-0,
343206,Issei Tokita,2026-05-31,2-0-0,21
162545,Italo Cruz,2015-08-15,5-4-0,31
164523,Italo Gomes,2016-06-18,14-7-0,35
152221,Italo Goncalves,2016-04-30,5-5-0,
205788,Italo Nascimento,2019-02-23,0-2-0,
172776,Itamar Junior,2018-05-19,5-3-0,
220826,Itay Lipszyc,2019-11-15,2-1-0,
200563,Itay Tratner,2018-08-28,8-8-1,34
2216,Itchaku Murata,2000-11-18,8-14-1,
196812,Itso Babulaidze,2022-03-17,7-0-0,32
202877,Itsuki Hirata,2019-06-15,8-5-0,31
347486,Itsuki Miyamoto,2026-06-28,1-0-0,
155268,Itzel Esquivel,2017-02-17,4-3-0,
200566,Itzik Rubinov,2018-11-15,1-0-0,
220827,Itzik Yakobov,2019-11-15,0-2-0,
34029,Iuri Alcantara,2003-09-12,35-11-0,
129797,Iurie Bejenari,2014-03-22,6-3-0,
136266,Ivan Andrushchenko,2014-11-08,12-15-1,
196568,Ivan Anokhin,2018-09-08,1-4-0,
167470,Ivan Batinich,2016-11-12,5-3-0,
19638,Ivan Buchinger,2008-06-02,46-10-0,62
87857,Ivan Castillo,2011-10-01,25-18-0,56
148142,Ivan Erslan,2015-05-02,15-6-0,38
98854,Ivan Hernandez,2012-03-10,10-8-1,
329149,Ivan Ivashenko,2025-05-18,1-1-0,
223931,Ivan Jordi,2017-07-15,0-2-0,
283474,Ivan Klevets,2023-07-29,5-3-0,0
228688,Ivan Kulak,2020-03-14,8-1-0,
25608,Ivan Lopez,2002-09-08,14-6-1,
245504,Ivan Neves,2021-09-25,7-2-0,27
287846,Ivan Nunez,2023-09-16,0-1-0,
248493,Ivan Ortiz,2024-01-25,1-1-0,
179810,Ivan Ovchinnikov,2017-08-19,1-1-0,
48715,Ivan Perez,2009-06-13,13-10-0,48
131318,Ivan Rios,2018-03-31,2-1-0,
43118,Ivan Rodriguez,2006-10-15,13-16-0,
249830,Ivan Santos,2021-12-18,6-2-1,24
126061,Ivan Silva,2013-08-03,3-2-0,
232040,Ivan Slynko,2018-11-10,1-1-0,
181541,Ivan Solomatov,2017-08-05,0-3-0,
182684,Ivan Tena,2019-06-07,6-2-0,
156696,Ivan Tereschenko,2015-10-30,2-1-0,
198721,Ivan Valenzuela,2018-10-05,8-4-0,
153264,Ivan Vicic,2015-10-24,12-24-0,
45566,Ivana Coleman,2010-06-05,1-9-0,
214067,Ivana Haskova,2019-09-14,2-0-0,
211581,Ivana Petrovic,2021-07-24,8-4-0,35
187190,Ivanna Martinenghi,2015-04-04,0-3-0,
3112,Ivica Truscek,2007-05-19,46-40-0,79
237033,Iwo Baraniewski,2022-09-27,10-0-0,26
253507,Iyean Varela,2024-03-30,3-4-0,
117804,Izic Fernandez,2014-08-21,2-4-0,
139961,Izzeddine Al Derbani,2014-11-28,15-7-0,43
207866,Izzudeen Atmeh,2021-06-05,3-4-0,
84086,J.C. Llamas,2011-06-17,10-8-0,
26660,J.J. Ambrose,2005-11-12,36-11-1,49
92331,J.J. Okanovich,2015-05-30,8-3-0,
102888,J.J. Torres,2019-08-23,2-0-0,
146355,J.P. Buys,2015-07-11,9-6-0,
152022,J.P. Saint Louis,2015-10-03,12-5-0,0
130927,J.R. Coughran,2016-01-23,6-2-0,
116574,J.T. Donaldson,2015-05-09,6-7-1,
131919,J.W. Kiser,2018-05-05,6-5-0,
137052,Jaciel de Souza Lima,2014-09-20,6-9-0,
236490,Jacinta Austin,2021-03-12,9-2-0,34
129655,Jack Cartwright,2017-02-11,14-2-0,34
186651,Jack Comby,2017-09-16,3-2-0,
216487,Jack Congdon,2022-10-29,7-2-0,28
151951,Jack Della Maddalena,2016-03-12,18-4-0,34
282354,Jack Foote,2025-04-19,3-0-0,24
173704,Jack Freriks,2017-10-20,0-3-0,
90523,Jack Girard,2020-02-29,0-3-0,
61602,Jack Grant,2012-09-15,21-9-0,45
57774,Jack Guzman,2007-03-29,5-7-0,
102404,Jack Hartenstine,2017-09-16,1-1-0,
128289,Jack Holt,2016-10-01,4-3-0,
161617,Jack Jenkins,2016-06-17,14-4-0,36
208938,Jack Losowicki,2026-05-17,0-1-0,
222107,Jack Lyons,2019-12-01,4-3-0,
156093,Jack Maguire,2019-11-09,4-1-0,
86125,Jack May,2011-05-21,11-9-0,
93293,Jack Rolinski,2014-08-16,0-8-0,
102837,Jack Shore,2016-03-05,17-3-0,
252600,Jackie Cataline,2022-03-04,5-4-0,
148233,Jackie Gosh,2010-11-12,8-3-0,
214241,Jackie MacLean,2021-06-04,4-2-0,
201889,Jackson Cruz Barreto,2019-04-06,2-0-0,
313133,Jackson Glass,2025-02-21,4-0-0,18
120003,Jackson Loureiro,2015-03-28,15-7-1,39
219248,Jackson Mcvey,2023-01-13,7-2-0,26
225596,Jackson Nwokeoma,2024-04-20,1-6-0,
158104,Jackson Santa Cruz Filho,2014-11-08,8-4-0,
158256,Jackson Small,2017-03-04,5-3-0,
268292,Jackson Stanford,2025-04-05,3-1-0,27
164260,Jackson Velasco,2016-07-23,10-8-0,
59524,Jacky Brandon Bryant,2009-08-28,2-3-0,
213482,Jacob Berry,2022-06-04,3-5-0,
122567,Jacob Bohn,2014-04-26,14-15-0,55
199028,Jacob Bradley Williams,2021-12-19,1-3-0,
118545,Jacob Capelli,2013-05-18,7-11-0,
200557,Jacob Dorman,2018-09-15,1-4-0,
152190,Jacob Guerrero,2022-06-17,3-3-0,
185686,Jacob Heavlin,2019-10-04,5-3-0,
260475,Jacob Horton,2024-03-08,0-1-0,
166892,Jacob Kilburn,2016-11-05,8-8-0,
222962,Jacob Kreitel,2022-11-18,5-12-0,
100356,Jacob Landin,2017-06-10,0-3-0,
5168,Jacob McClintock,2007-05-12,10-3-0,
29640,Jacob Ortiz,2008-09-13,16-8-0,
290662,Jacob Quickenden,2023-11-04,1-0-0,
193491,Jacob Romano,2022-03-19,5-5-0,
150240,Jacob Romero,2017-04-22,3-5-0,
125803,Jacob Rosales,2015-08-27,16-10-0,42
244970,Jacob Scott,2023-04-08,9-1-0,26
82778,Jacob Silva,2014-11-14,14-11-0,46
175124,Jacob Small,2022-06-26,5-4-0,
143511,Jacob Thrall,2017-06-24,15-9-1,41
187078,Jacob Wiggins,2024-03-15,5-2-0,27
195240,Jacob Ycaro,2018-07-21,1-2-0,
126803,Jacob Zogg,2014-01-18,1-18-0,
252982,Jacobe Smith,2021-10-08,12-0-0,30
209405,Jacobi Jones,2021-03-26,9-4-0,32
211541,Jacobo Martos,2024-03-30,3-2-0,30
193673,Jacqueline Cavalcanti,2018-06-02,10-2-0,32
211225,Jacques Du Plessis,2021-11-06,5-2-0,0
211238,Jada Ketley,2019-07-27,3-3-0,
232104,Jade Jorand,2020-10-01,5-3-0,27
182548,Jade Ripley,2018-01-13,1-1-0,
289636,Jaden Mackinnon,2026-05-31,1-0-0,
241219,Jaden Mattox,2023-03-03,5-2-0,26
264062,Jaden Ortega,2023-05-19,6-0-0,23
168437,Jae Hyuk Bang,2016-09-11,16-10-0,39
33906,Jae Young Kim,2004-02-07,30-17-0,
204952,Jae Young Shin,2020-01-11,8-5-0,27
113958,Jafel Filho,2012-07-07,17-5-0,38
213333,Jagjeet Singh,2019-05-19,4-2-0,
147278,Jahongir Saidjamolov,2015-05-16,17-5-0,
252734,Jahrael Cromartie,2023-08-26,0-5-0,
182084,Jahreau Shepherd,2017-09-09,7-2-0,
166378,Jahsua Marsh,2016-06-04,7-8-0,
43331,Jai Bradney,2007-05-12,16-17-1,
132667,Jai Herbert,2015-03-28,14-6-1,43
269742,Jaida Harshman,2026-04-18,1-1-0,
103055,Jailton Almeida,2012-09-29,22-5-0,40
118435,Jaime Alvarez,2013-06-21,8-4-0,
205833,Jaime Arevalo Villalobos,2019-03-08,0-1-0,
250051,Jaime Cordero,2021-12-18,10-2-0,0
62021,Jaime Hernandez,2015-09-12,5-4-0,
124173,Jaime Medina,2015-01-24,4-3-0,
160251,Jaime Mora Munoz,2023-05-20,4-1-0,29
89850,Jaimelene Nievera,2014-11-08,7-5-0,
140793,Jair Farias,2014-09-13,12-1-0,34
236405,Jair Jesuino,2021-02-06,15-3-0,
218491,Jair Junior,2014-08-23,8-5-0,
126058,Jair Lozano,2022-04-29,0-1-0,
312779,Jair Ortiz,2018-05-04,0-1-0,
172535,Jair Perez,2018-05-18,11-3-0,31
178368,Jair Zapata,2017-09-02,1-1-0,
182386,Jairo Pacheco,2018-11-24,12-3-0,33
242620,Jake Bower,2023-04-23,5-3-0,
297418,Jake Bron,2023-10-03,6-3-0,21
275925,Jake Cena,2023-03-18,0-2-0,
128667,Jake Childers,2017-03-25,9-4-0,
258423,Jake Craig,2023-03-31,4-1-0,33
148618,Jake Hadley,2018-02-10,12-6-0,36
202788,Jake Hager,2019-01-26,3-0-0,
113886,Jake Heffernan,2016-01-15,9-4-0,
191748,Jake Hixenbaugh,2022-06-17,3-6-0,
251064,Jake Howard,2021-12-04,1-0-0,
105373,Jake Kozorosky,2017-02-17,5-4-0,
58078,Jake Lindsey,2010-06-19,15-11-0,
254360,Jake McHugh,2023-08-12,4-2-0,0
172101,Jake Melik,2023-03-25,2-0-0,
125866,Jake Roberts,2014-05-16,7-2-0,
111605,Jake Schilling,2019-07-13,2-3-0,
172212,Jake Sebastian,2018-02-24,6-4-0,
64261,Jake Smith,2014-07-12,7-4-0,
271218,Jake Valdes,2024-07-27,3-2-0,31
289623,Jake Woodley,2023-07-28,8-1-0,0
210652,Jakhongir Jumaev,2018-06-23,12-6-0,36
140153,Jakob Nedoh,2014-11-21,10-4-0,31
237715,Jakori Savage,2022-01-14,3-2-0,
218532,Jakshylyk Konurbaev,2019-08-10,6-5-0,
163210,Jakub Bahnik,2016-05-26,10-6-0,34
217618,Jakub Batfalsky,2022-04-22,10-2-0,26
103742,Jakub Bele,2012-10-07,6-9-0,
174094,Jakub Dohnal,2017-06-16,14-7-0,44
216543,Jakub Drozdowski,2022-09-24,5-2-0,25
169832,Jakub Dyk,2017-01-29,5-2-0,
164474,Jakub Kaszuba,2017-04-01,16-0-0,33
116481,Jakub Kowalewicz,2013-10-12,9-5-0,
181808,Jakub Tichota,2020-02-15,6-5-0,31
133000,Jakub Wiklacz,2014-06-08,18-3-2,36
83901,Jalal Al Daja,2014-05-30,11-9-0,
121809,Jaleel Willis,2014-04-12,17-7-0,41
252680,Jalen Jackson,2022-01-08,0-4-0,
129725,Jaleon Reid,2017-03-18,4-2-0,
166643,Jalin Fuller,2019-01-25,10-4-0,37
127368,Jalin Turner,2016-02-20,15-9-0,39
187069,Jamahal Hill,2017-09-30,13-4-0,40
191879,Jamahl Tatum,2021-02-27,6-4-0,0
156921,Jamal Davis,2021-07-10,6-11-0,
120875,Jamal Johnson,2017-05-13,4-10-0,
115575,Jamal Parks,2013-04-27,5-1-0,
124780,Jamal Pogues,2016-07-30,12-6-0,36
86336,Jamall Emmers,2012-10-06,22-8-0,46
127672,Jamario Mulder,2016-08-20,2-4-0,
117303,Jamelle Jones,2013-10-26,15-8-0,
138887,James Adcock,2014-11-01,7-5-0,
92079,James Austen Heidlage,2012-05-12,9-5-0,
131164,James Barnes,2014-04-05,14-5-0,
46785,James Bateman,2009-05-16,7-5-0,
159635,James Bennett,2016-10-15,5-3-0,
95028,James Bishop,2015-03-22,5-2-0,
87547,James Blair,2014-01-25,5-2-0,
113387,James Bochnovic,2014-08-09,10-5-0,
54864,James Brum,2009-06-19,18-6-0,
129942,James Cannon,2014-03-22,9-11-0,49
97182,James Carvalho,2009-08-08,3-2-0,
252800,James Caswell,2022-04-15,3-1-0,
134515,James Clarke,2017-01-13,11-4-0,
153919,James Conway,2017-12-15,3-4-0,
175065,James Cowan,2017-08-19,2-3-0,
129657,James Darkes,2014-03-29,0-6-0,
150751,James Dunn,2017-08-05,5-7-0,
137580,James Dysard,2016-11-05,0-4-0,
239414,James Ford,2024-01-21,4-1-0,27
79613,James Gallagher,2015-10-17,13-4-0,32
157249,James Gonzalez,2016-03-04,11-8-0,
84506,James Gonzalez,2012-10-06,1-14-0,
45686,James Grant Murrin,2013-11-15,5-6-0,
249321,James Guidry,2023-02-16,4-3-0,
216164,James Hatcher,2019-12-13,0-1-0,
187590,James Hay,2018-04-26,3-3-0,
140212,James Hendin,2018-12-15,10-4-0,32
189989,James Herd,2017-09-16,6-5-0,
143900,James Llontop,2017-04-29,18-9-0,37
179695,James Lyons,2021-04-01,2-2-0,
119955,James Mancini,2013-08-17,6-5-0,
203835,James Martin,2023-10-14,5-1-0,31
91160,James McBride,2018-10-26,2-6-0,
111800,James McErlean,2013-09-22,7-5-0,
64979,James Mulheron,2012-10-13,11-4-0,
112785,James Munoz,2021-05-21,0-4-0,
119842,James Nakashima,2015-01-09,15-4-0,43
136180,James Neville,2013-07-13,2-4-0,
225951,James Paullada,2020-02-21,0-0-1,
114077,James Pfeiffer,2016-12-17,5-4-0,
139845,James Pleasant,2021-08-26,8-1-0,32
145508,James Porter,2018-12-07,5-8-0,
58405,James Porter,2011-02-19,8-6-0,
127650,James Pou,2014-09-20,3-1-0,
193224,James Power,2021-04-10,8-2-0,0
158916,James Quigg,2016-02-20,4-3-0,
132557,James Roland Waller,2016-05-20,3-7-0,
248620,James Romero,2024-06-22,3-2-0,29
35769,James Terry,2006-08-12,20-11-0,
12694,James Thompson,2003-01-25,20-17-0,
163290,James Vake,2016-08-27,6-2-0,32
56004,James Wallace,2015-02-21,10-4-0,
79494,James Warren,2012-08-25,6-6-0,
156960,James Webb,2017-02-18,12-5-1,
220978,James Wilson,2018-08-11,4-2-0,
174622,Jamese Taylor III,2019-07-12,1-3-0,
166384,Jamey Simmons,2017-10-28,8-4-0,
170492,Jamey-Lyn Horth,2018-03-17,9-3-0,39
103457,Jamie Colleen Miller,2013-02-02,5-4-0,
128406,Jamie Driver,2015-10-03,2-4-0,
225952,Jamie Edenden,2022-03-19,6-2-1,
193219,Jamie Faulding,2019-07-13,1-1-0,
69054,Jamie Hay,2019-09-14,3-2-0,
176473,Jamie Kelly,2017-09-30,4-3-0,
56999,Jamie Lee,2012-10-16,6-4-0,
332442,Jamie McGowan,2025-09-27,2-0-0,0
121813,Jamie Milanowski,2016-06-04,3-4-0,
69624,Jamie Mullarkey,2013-10-26,18-9-0,45
199091,Jamie Naasz,2021-08-14,2-1-1,
74162,Jamie Pickett,2011-09-24,13-11-0,
79593,Jamie Powell,2015-02-21,6-3-0,
218739,Jamie Power,2019-09-14,0-7-0,
105421,Jamie Richardson,2014-03-22,11-11-0,
136453,Jamie Sloane,2014-10-11,10-5-0,
62349,Jamie Stephenson,2012-08-04,4-3-0,
160678,Jamie Thorton,2016-06-04,6-6-0,
142690,Jamil Ibragimov,2015-01-31,2-2-0,
274335,Jan Berus,2023-10-28,7-2-0,25
6004,Jan Blachowicz,2007-02-25,29-12-2,58
133510,Jan Gottvald,2014-06-06,10-3-0,
154159,Jan Hudak,2015-10-23,3-5-0,
145020,Jan Janka,2015-03-27,8-6-0,
220361,Jan Krawarik,2019-06-15,2-3-0,
145201,Jan Lysak,2015-07-05,0-30-0,
113329,Jan Malach,2013-02-15,19-17-0,0
117634,Jan Siroky,2013-12-21,13-21-0,
197787,Jan Stanovsky,2023-02-18,8-3-0,29
155936,Jan Velic,2018-07-11,0-3-0,
189338,Janaina Silva,2019-08-31,5-3-0,35
111665,Janaisa Morandin,2013-06-15,10-5-0,
130636,Janay Harding,2014-04-12,6-9-0,
204158,Janderson Barreto,2019-01-26,9-1-0,
281066,Janet Garcia,2023-05-28,6-0-0,34
74823,Janito Bayot,2010-11-13,1-2-0,
30139,Janne Elonen-Kulmala,2005-10-22,18-14-1,
121055,Jansey Silva,2017-08-05,8-3-0,
235897,Janybek Abdykadir Uulu,2020-08-31,1-0-0,
231741,Jaqueline Amorim,2020-09-04,11-2-0,32
142480,Jaqueline Ferreira,2014-12-06,12-11-0,
110673,Jaquis Williams,2013-09-28,7-16-0,
208047,Jared Almazan,2017-05-01,1-4-0,
206502,Jared Braun,2023-07-16,4-2-0,0
214608,Jared Brown,2022-08-05,0-1-0,
80751,Jared Cannonier,2011-06-19,18-10-0,54
309168,Jared Ferrera,2024-10-25,0-2-0,
172804,Jared Foust,2017-04-19,2-2-0,
179071,Jared Fryoux,2022-06-26,4-1-0,
142161,Jared Gooden,2015-08-08,23-12-0,46
75818,Jared Gordon,2011-02-05,21-9-0,52
194989,Jared McLoughlin,2017-12-08,9-11-0,35
19661,Jared Papazian,2008-06-06,20-14-0,
108005,Jared Revel,2014-11-07,13-4-0,
282554,Jared Rivera,2024-12-13,2-0-0,34
79032,Jared Rosholt,2011-02-26,20-8-0,
164029,Jared Scoggins,2015-10-24,10-3-0,
124784,Jared Vanderaa,2015-06-14,18-13-0,49
84215,Jarel Askew,2012-06-24,13-9-0,0
187941,Jarell Davis,2019-10-25,0-1-0,
126333,Jarett Conner,2020-01-25,0-1-0,
242964,Jarious Gill,2022-11-05,3-4-0,
151690,Jarno Errens,2015-09-05,17-6-1,39
166928,Jarod Trice,2016-12-03,5-0-0,
67345,Jarom Woodbury,2010-04-09,8-1-0,0
242005,Jaron Lathrop,2025-03-28,1-0-0,
88485,Jaroslav Jartim,2011-09-16,11-12-1,
23775,Jaroslav Poborsky,2003-02-22,29-50-1,
78743,Jaroslav Pokorny,2011-02-20,16-12-0,
101572,Jarrah Al-Silawi,2013-12-13,21-8-0,49
135865,Jarred Brooks,2014-08-09,21-6-0,41
80920,Jarred Mercado,2011-03-25,14-5-0,
191075,Jarrett Betancourt,2018-06-09,9-0-0,28
92011,Jarrett Walden,2017-09-23,0-5-0,
36524,Jarrod Card,2006-09-09,15-9-1,
224126,Jartavis Jackson,2023-11-04,2-2-0,
251917,Jashell Ticha Awa,2022-03-25,3-4-0,
202640,Jasmine Jasudavicius,2019-07-13,15-4-0,42
243610,Jasmine Montoya,2022-11-18,2-1-0,
148901,Jasmine Pouncy,2021-10-23,1-5-0,
143493,Jason Arnold,2015-02-21,2-0-0,
171406,Jason Belyew,2018-02-17,0-1-0,
29573,Jason Carbajal,2008-09-13,7-3-0,
76834,Jason Culverwell,2012-04-13,5-6-0,
65563,Jason Eastman,2014-03-08,8-5-0,38
190146,Jason Edwards,2019-05-18,3-4-0,
189766,Jason Flowers,2018-05-16,4-4-0,
122186,Jason Gifford,2013-07-19,1-3-0,
102420,Jason Heflin,2012-11-02,1-2-0,
218991,Jason Humbert,2019-10-19,1-3-0,
110962,Jason Huntley,2014-07-12,6-11-0,
48359,Jason Jackson,2012-04-27,20-6-0,45
138885,Jason King,2014-11-01,9-8-0,
44896,Jason Knight,2009-09-24,23-9-0,
103481,Jason Langellier,2015-04-25,8-2-0,
33124,Jason Louck,2006-02-11,19-14-0,
196469,Jason Markland,2016-03-05,0-3-0,
176956,Jason Mullen,2019-03-23,6-6-0,
17754,Jason Norwood,2008-02-01,18-8-0,
98379,Jason Perrotta,2014-02-21,3-4-0,
30543,Jason Ponet,2008-04-19,26-20-1,51
80556,Jason Radcliffe,2011-10-22,17-15-0,58
30655,Jason Rine,2016-09-17,1-8-0,
67420,Jason Rivera,2012-12-01,0-5-0,
99069,Jason Soares,2012-03-30,14-0-0,
155245,Jason Soliz,2017-02-17,2-1-0,
94811,Jason Somchay,2012-02-24,2-6-0,
200992,Jason Tipaldos,2019-11-02,0-2-0,
75978,Jason Valle,2010-09-04,4-8-0,
191203,Jason Vergara,2017-03-25,4-4-0,
114518,Jason Witt,2013-03-01,19-10-0,
36212,Jason Wolf,2017-07-22,4-11-0,
255220,Jasser BelKilani,2022-03-27,1-2-0,
176420,Jaures Dea Gomez,2017-02-10,13-7-0,38
159068,Javid Basharat,2016-04-23,15-2-0,32
171502,Javier Andres Cruz,2016-11-19,1-2-0,
128185,Javier Cepeda,2019-01-25,6-5-0,0
289249,Javier Duchene,2025-05-23,2-3-0,
92055,Javier Galas,2012-05-19,0-2-0,
127995,Javier Garcia,2016-08-25,14-7-0,42
116433,Javier Guzman,2019-09-28,0-2-0,
128218,Javier Lujan,2013-05-25,1-1-0,
179849,Javier Montoya Patlan,2017-07-15,0-2-0,
85339,Javier Obregon,2011-05-14,14-17-0,
322108,Javier Ramirez Gil,2026-05-31,0-1-0,
140012,Javier Reyes,2014-10-25,23-6-0,38
54400,Javier Torres,2010-03-27,14-5-0,44
3433,Javier Umana Munoz,2006-05-13,11-20-0,
267315,Javier Valdebenito,2022-04-30,8-6-0,27
236904,Javlonbek Tukhtaboev,2019-06-24,10-9-0,
179725,Javokhir Imamov,2016-03-27,9-5-0,35
94500,Javon Wright,2012-04-07,5-6-0,
77411,Javy Ayala,2011-01-21,11-8-0,
300344,Jay Alderete,2025-07-18,6-0-0,19
80528,Jay Bogan,2011-03-19,6-6-0,
75451,Jay Cee Wilson,2019-09-28,0-4-0,
62786,Jay Cucciniello,2010-09-11,8-3-0,
109320,Jay Dods,2014-05-03,6-1-0,
24905,Jay Ellis,2005-05-14,17-112-0,
152636,Jay Gray,2016-02-20,1-2-0,
220838,Jay Manning,2020-01-19,3-1-0,
95548,Jay Perrin,2014-06-27,15-8-0,42
95403,Jay Pressley,2014-07-26,10-9-0,42
98342,Jay Radick,2018-02-10,3-1-0,
20535,Jay Silva,2008-06-27,12-14-1,
4275,Jay Viola,2006-11-27,3-5-0,
161964,Jay-Jay Wilson,2018-06-29,12-2-0,31
178956,Jaybo Fredrick,2017-09-15,1-1-0,
127427,Jayde Sheeley,2023-02-10,3-2-1,
100260,Jayden Eynaud,2014-03-08,1-2-0,
201149,Jayden Taulker,2021-02-06,3-4-0,
124044,Jaylen Patrick Jones,2023-12-15,0-1-0,
174229,Jaylon Bates,2020-11-05,7-2-0,31
246760,Jaylon McDaniel,2022-04-01,2-2-0,
102768,Jayme Cardoso,2011-09-24,9-5-0,
150248,Jayme Hinshaw,2016-10-15,4-4-0,
114244,Jaymee Jones,2014-03-28,4-4-0,
136519,Jayson Margallo,2015-10-16,10-13-0,
290636,Jayson Miralpez,2023-09-19,6-3-0,23
199738,Jayson Scott,2021-07-31,6-5-0,28
209002,Jazmin Navarrete,2021-08-13,7-1-0,
208640,Jean Claude Saclag,2019-05-06,5-3-0,31
251675,Jean Do Santos,2021-12-18,9-3-0,0
171852,Jean Felipe Souza,2015-12-12,6-5-0,
178340,Jean Matsumoto,2018-01-24,18-2-0,33
39558,Jean NDoye,2008-11-29,9-4-0,
255490,Jean Patrick,2022-03-06,5-3-0,
300376,Jean Sevalho,2023-11-25,9-1-0,22
167652,Jean Silva,2016-11-19,17-3-0,32
196877,Jean Silva,2018-09-15,0-4-0,
197527,Jean Tejena,2018-11-10,5-9-0,
147516,Jean Terres,2015-05-30,0-5-0,
81294,Jean-Marc Howell,2011-03-26,17-10-0,0
171410,Jean-Paul Lebosnoyani,2018-11-16,11-2-0,29
145093,Jeferson Ferreira de Oliveira,2015-04-05,8-4-0,
218641,Jeferson Pereira Santana,2019-04-06,5-2-0,
152170,Jeferson dos Santos Souza,2015-05-16,2-3-0,
99547,Jeff Carson,2013-08-22,2-12-0,
153298,Jeff Crotty,2015-11-06,3-2-0,
4009,Jeff Hughes,2014-10-04,10-4-0,
144385,Jeff Jepsen,2017-06-03,7-5-0,
156875,Jeff Molina,2017-06-03,11-2-0,
195309,Jeff Nielsen,2021-12-10,3-4-0,
112540,Jeff Peterson,2008-03-29,11-10-0,
91473,Jeff Roman,2013-08-16,6-4-1,
49414,Jeff Silva,2009-06-27,4-6-0,
149501,Jefferson Creighton,2018-05-04,12-4-1,0
242285,Jefferson Gomez,2023-05-27,3-3-0,
118569,Jefferson Goncalves,2013-06-29,18-4-2,41
219000,Jefferson Nascimento,2019-10-19,13-1-0,0
218183,Jefferson Pontes,2019-09-28,6-2-0,30
157741,Jefferson da Fonseca,2015-12-05,4-6-0,
146874,Jefferson dos Santos,2013-09-14,15-9-0,37
317777,Jeffeson Minotauro,2024-12-30,2-0-0,
212242,Jeffrey Craig,2021-11-05,7-4-0,0
183458,Jeffrey Glossner,2018-01-12,5-5-0,
87122,Jeffrey Sanderson,2014-11-12,5-2-0,
180181,Jefrey Roy,2017-10-01,7-8-1,0
207789,Jefri Arianto Utomo,2016-04-02,4-5-0,
171008,Jeildson Ferreira,2017-01-28,2-2-0,
81724,Jeimeson Saudino,2011-04-15,9-7-0,
218000,Jelle Zeegers,2019-10-05,2-3-0,
128052,Jemma Thomas,2017-02-25,0-1-0,
212022,Jemsit Ataev,2019-03-24,0-3-0,
245601,Jena Bishop,2021-10-22,11-3-0,43
88225,Jenel Lausa,2011-10-16,7-7-0,
180869,Jenilton Matos,2015-01-24,15-9-0,36
125112,Jenna Serio,2014-09-19,3-3-0,
198462,Jennifer Chieng,2018-10-13,1-2-0,
121682,Jennifer Gonzalez,2013-10-06,14-5-0,
153331,Jennifer Leigh Norris,2015-11-21,3-2-0,
57884,Jennifer Maia,2009-12-05,23-10-1,
236451,Jennifer Morgan,2019-01-19,0-1-0,
225051,Jennifer Trioreau,2020-01-19,1-6-0,
176051,Jenny Line,2021-04-10,0-4-0,
226,Jens Pulver,1999-04-24,27-19-1,
116452,Jeong Yeong Lee,2014-02-09,11-3-0,
168920,Jeovanny de Oliveira,2016-07-28,14-5-0,31
175848,Jerad Patterson,2024-08-24,1-3-0,
202637,Jerald Spohn,2021-05-28,1-0-0,
220431,Jeramy Titsworth,2024-02-24,0-4-0,
265964,Jerell Nettles,2022-06-17,0-4-0,
42066,Jeremiah Castillo,2008-11-01,12-33-0,
62371,Jeremiah Cullum,2014-03-08,5-2-0,
105241,Jeremiah Curtright,2019-08-24,7-6-0,
294850,Jeremiah Delgado,2025-08-30,2-0-0,0
253023,Jeremiah Huff,2025-09-06,1-1-0,
245359,Jeremiah Humphrey,2024-02-09,4-1-0,
322156,Jeremiah Kent,2025-02-07,4-0-0,0
90049,Jeremiah Labiano,2011-12-10,13-11-0,
264107,Jeremiah Robinson,2024-04-13,4-0-0,0
206605,Jeremiah Sierra,2019-02-13,4-6-0,
82286,Jeremiah Wells,2012-10-13,13-4-1,44
124189,Jeremias Fernandez,2013-07-27,6-8-1,
122688,Jeremias Henrique,2013-10-12,6-5-0,
136208,Jeremie Holloway,2014-08-09,10-6-0,
108602,Jeremy Alba,2023-08-04,3-1-0,
136066,Jeremy Dichiara,2014-08-23,3-1-0,
99802,Jeremy Hardy,2014-10-24,6-5-0,
257756,Jeremy Henry,2023-02-24,9-9-0,37
162885,Jeremy Joiner,2015-12-12,4-3-0,
98065,Jeremy Kennedy,2013-06-08,21-7-0,46
60566,Jeremy Kimball,2010-01-30,20-12-0,49
253015,Jeremy Landowski,2026-04-18,2-0-0,23
33228,Jeremy May,2006-02-10,13-12-0,
144477,Jeremy Pacatiw,2015-07-11,13-7-0,35
67846,Jeremy Petley,2010-03-07,14-10-1,
112195,Jeremy Puglia,2018-06-15,1-3-0,
253837,Jeremy Riley,2025-02-01,3-2-0,
65816,Jeremy Rogers,2017-11-18,1-13-0,
63894,Jeremy Smith,2009-05-30,9-7-0,
31280,Jeremy Spoon,2008-10-04,22-5-0,
24110,Jeremy Stephens,2005-01-12,29-23-0,
212888,Jeremy Strobel Jr.,2023-09-03,4-0-0,25
290028,Jermaine Edwards,2025-01-10,2-0-0,
113055,Jermaine McDermott,2015-10-30,3-1-0,
114815,Jermayne Barnes,2013-04-26,3-3-0,
49649,Jerod Spoon,2009-04-04,10-4-1,
163408,Jerome Mickle,2016-07-30,3-13-0,
117867,Jerome Rivera,2014-03-29,10-6-0,
63454,Jerome Wanawan,2010-02-19,4-5-0,
185873,Jeromy Mitchell,2018-11-17,3-3-0,
83658,Jerrell Hodge,2014-06-07,10-5-0,
25841,Jerry Kvarnstrom,2005-09-24,17-23-0,
51758,Jerry Shapiro,2012-11-02,5-2-0,
162646,Jesse Almaraz,2016-07-29,2-3-0,
89420,Jesse Arnett,2011-11-25,20-11-0,
110617,Jesse Baughman,2015-11-21,0-3-0,
142991,Jesse Bazzi,2015-06-20,13-12-0,
156796,Jesse Butler,2015-11-14,12-7-0,42
29935,Jesse Cruz,2008-09-17,8-6-0,
220929,Jesse Delgado,2021-09-18,1-0-0,
54351,Jesse Grun,2012-08-18,3-3-0,
174916,Jesse Hannam,2020-11-14,3-2-0,
203113,Jesse Hull,2019-01-16,2-2-0,
163413,Jesse Kosakowski,2018-01-06,5-2-0,30
199234,Jesse Martinelli,2021-10-23,3-2-0,
81464,Jesse Merritt,2012-05-05,5-5-0,
128962,Jesse Murray,2014-08-08,10-7-0,43
169761,Jesse Orta,2017-01-28,0-8-0,
84260,Jesse Parker,2017-01-14,2-4-0,
99704,Jesse Pires,2017-10-27,0-3-0,
157726,Jesse Roberts,2019-01-26,10-2-0,33
192160,Jesse Romans,2022-06-25,1-1-0,
121811,Jesse Sanderson,2015-01-24,2-6-0,
165757,Jesse Smith,2019-11-16,5-5-0,
145998,Jesse Stirn,2015-04-18,17-8-0,42
98303,Jesse Strader,2017-09-30,9-4-0,40
78103,Jesse Wannemacher,2015-05-16,5-6-0,
159908,Jessee Gengler,2015-11-13,8-12-0,
212325,Jessen Ramcharan,2023-09-15,3-2-0,
33089,Jessica Aguilar,2006-02-18,20-10-0,
164620,Jessica Borga,2018-03-10,3-4-0,
115351,Jessica Delboni,2013-05-12,13-5-0,
148256,Jessica Middleton,2016-07-22,5-7-0,
335742,Jessica Oliveira,2025-08-30,2-1-0,
179696,Jessica Ruiz,2016-09-24,2-3-0,
159412,Jessica Sotack,2017-03-31,3-3-1,
118344,Jessica Vargas,2016-10-14,2-2-0,
103680,Jessica-Rose Clark,2012-12-21,11-9-0,
215917,Jessie Rosas,2022-06-24,8-1-0,23
255572,Jessie Stalder,2022-03-05,1-1-0,
152234,Jessie Vasquez,2015-10-02,2-3-0,
56154,Jessin Ayari,2009-10-17,19-6-0,40
53994,Jessy Miele,2014-06-06,9-6-0,
178364,Jesus Alberto Ramos,2013-12-07,14-8-0,
200533,Jesus Basurto,2018-10-13,1-0-0,
128798,Jesus Blanco,2018-03-16,3-6-0,
242942,Jesus Borrego,2022-08-26,0-1-0,
285206,Jesus Castillo,2026-05-31,0-1-0,
58890,Jesus Castro,2007-05-05,0-3-0,
191309,Jesus Cintron,2018-03-10,0-8-0,
238405,Jesus Hernandez,2022-01-22,2-5-0,
270469,Jesus Lopez,2024-06-16,3-1-0,26
177007,Jesus Martinez,2017-07-14,0-8-0,
178786,Jesus Martinez,2010-11-12,7-11-0,42
121896,Jesus Pinedo,2013-07-17,26-8-1,40
120168,Jesus Rivas,2013-08-10,2-3-0,
219387,Jesus Samuel Chavarria,2022-09-17,7-1-0,25
149839,Jesus Santos Aguilar,2015-08-07,12-4-0,34
300692,Jesus Siller,2016-08-19,10-6-0,32
100701,Jesus Urbina,2012-08-11,9-9-0,
253435,Jesus Vargas Garcia,2015-03-13,1-0-0,
26929,Jetron Pereira,2006-01-28,11-8-0,45
154306,Jett Grande,2021-08-06,6-1-1,
223568,Jett Shell,2021-05-29,4-3-0,
180479,Jharely Reyes,2022-05-20,1-3-0,
151881,Jhasyb Orozco,2016-04-23,4-6-1,33
235204,Jheh Chow,2026-05-31,0-1-0,
305050,Jhen Buzon,2024-04-28,1-2-0,
180734,Jhimuel Natividad,2021-04-09,3-6-0,
132698,Jhon Bedoya,2014-05-22,6-1-0,
285561,Jhon Bryan,2022-09-24,4-3-0,
183779,Jhon Costa,2018-02-02,0-1-0,
206623,Jhon Gonzales,2013-12-20,0-3-0,
96948,Jhon Leno,2012-05-26,1-2-0,
149706,Jhon Tacha,2015-08-01,14-4-0,34
219746,Jhon Welliton,2019-07-13,4-6-0,
160942,Jhonasky Sojo,2014-12-31,16-7-0,45
244003,Jhonata Diniz,2022-05-21,9-2-0,36
137904,Jhonata Silva,2014-10-03,9-2-0,
273665,Jhonatan Pecanha,2023-02-04,1-2-0,
168858,Jhonatan Santos,2017-05-21,8-3-0,29
201484,Jhonatan Souza da Costa,2017-08-19,5-1-0,27
235146,Jhoncleyson Da Conceicao Sobre,2020-11-29,3-2-0,
267264,Jhonnattan Munoz,2022-09-16,1-0-0,
110621,Jhonoven Pati,2013-09-28,11-7-0,40
152803,Jhony Gregory,2015-10-17,11-6-0,41
230391,Ji Yong Yang,2020-07-18,12-5-0,34
270190,Ji Yoon Gu,2023-03-26,4-2-1,
271741,Jiahao He,2021-11-13,2-3-0,
178330,Jiaming Guo,2016-10-11,5-4-0,
277659,Jianbing Mao,2023-04-08,0-4-0,
119987,Jianna Denizard,2016-05-14,1-1-0,
131804,Jianwei He,2014-06-07,0-8-0,
189754,Jieleyisi Baergeng,2017-03-28,20-9-0,39
157351,Jillian DeCoursey,2017-08-31,6-4-0,
176882,Jilunzhou Qiu,2016-01-21,23-14-0,42
24827,Jim Wallhead,2005-04-08,33-12-0,
164573,Jimi Alberto Diaz Zuleta,2017-09-23,2-2-0,
258035,Jimmie Pace Jr.,2022-11-04,8-3-0,31
39352,Jimmie Rivera,2008-09-12,23-5-0,
157259,Jimmy Crute,2016-02-20,14-4-2,35
193850,Jimmy Drago,2019-05-31,8-3-0,32
61677,Jimmy Flick,2010-05-27,17-9-0,
241202,Jimmy Hinel,2023-03-17,4-1-0,
51775,Jimmy Jones,2010-11-13,4-5-1,
207322,Jimmy Lawson,2019-04-26,4-2-0,
199759,Jimmy Lugo,2019-04-20,1-2-0,
184921,Jimmy Meza,2019-11-07,2-3-0,
100950,Jimmy Padilla,2021-11-24,3-3-0,
164048,Jimmy Sandlin,2020-01-25,12-14-1,49
63105,Jimmy Scully,2011-07-16,9-12-0,
244912,Jimmy Vienot,2021-09-04,2-1-0,30
255629,Jimmy Washington,2025-02-26,2-1-0,
32181,Jimmy Zidek,2009-05-02,15-14-1,
237908,Jimuwusha,2019-03-29,18-8-0,0
131992,Jin Aoi,2015-06-21,16-7-1,37
99107,Jin Min Kim,2012-07-22,7-7-0,34
132450,Jin Soo Son,2013-05-17,11-4-0,
168428,Jinbo Zou,2016-09-10,13-17-0,36
181807,Jindrich Krajca,2017-11-15,0-2-0,
102580,Jing Yi Chong,2012-09-15,2-1-0,
301374,Jingliang Han,2024-03-22,4-1-0,0
89128,Jinh Yu Frey,2013-04-06,11-10-0,
161804,Jinhao He,2016-03-12,4-6-0,
226246,Jinnosuke Kashimura,2020-02-16,12-6-0,29
94459,Jiri Prochazka,2012-04-07,32-6-1,43
152471,Jivko Stoimenov,2016-04-02,15-7-0,37
286202,Jixie Molapo,2023-09-16,1-2-0,
154156,Jleana Valentino,2015-12-31,2-3-0,
136858,Jo Arai,2014-02-01,17-13-2,40
263009,Joab Xaropinho,2021-10-21,0-1-0,
271698,Joabson Alves,2023-01-28,4-2-0,32
118613,Joachim Tollefsen,2014-12-14,6-8-1,
161701,Joakim Jankovic,2019-11-16,4-2-0,0
178535,Joan Arastey,2021-03-20,4-3-0,
180196,Joan Rodriguez,2023-07-19,1-2-0,
181533,Joana Filipa Magalhaes,2017-11-16,1-1-0,
140882,Joana Roza,2023-08-20,1-1-0,
138765,Joanderson Brito,2013-11-08,19-5-1,35
164851,Joao Camilo,2016-11-12,9-8-0,
147300,Joao Dantas,2015-05-09,8-3-0,33
114862,Joao Elias,2013-03-23,18-4-1,34
82667,Joao Gleiton,2011-05-07,3-4-1,
23258,Joao Herdy Jr.,2004-09-25,8-2-0,
130625,Joao Lucas Faria,2015-06-27,7-4-0,
176267,Joao Lucas da Costa Oliveira,2017-06-17,9-4-0,27
184763,Joao Luis Bastos,2018-03-03,1-2-0,
218133,Joao Menezes,2019-10-26,7-6-0,28
258174,Joao Moraes,2022-05-13,3-0-0,
134408,Joao Neto Silva,2014-07-03,2-2-1,
138085,Joao Oliveira,2016-05-15,16-6-0,33
155428,Joao Paulo Fagundes,2014-11-08,9-3-0,
53212,Joao Paulo Rodrigues de Souza,2005-04-14,37-20-2,
137592,Joao Paulo Santos,2015-05-09,11-4-0,
251441,Joao Paulo Silva Santos,2021-09-18,8-4-0,37
102770,Joao Paulo de Moura e Silva,2012-05-12,10-8-0,
261480,Joao Pedro Moreira de Carvalho,2022-05-28,8-3-0,26
139896,Joao Pedro Saldanha,2015-07-31,18-7-0,37
312605,Joao Roque,2025-03-21,3-1-0,27
135983,Joao Souza,2014-04-19,12-6-1,37
293127,Joao Victor Bastos,2022-07-07,1-1-0,
274485,Joao Victor Melo,2022-10-15,6-4-0,23
248558,Joao Vitor Bezerra,2021-11-20,7-3-0,31
111023,Joaquim Polonia,2013-02-01,7-7-0,
136103,Joaquin Buckley,2014-09-13,21-8-0,44
177087,Joaquin Lopez,2016-03-19,10-4-0,40
195666,Joaquin Vargas,2018-05-19,10-3-0,28
171882,Jobson Santos Nogueira,2015-04-11,2-4-0,
50579,Joby Sanchez,2011-02-11,13-5-0,
68868,Jocimar Ferreira,2006-03-12,10-19-0,
152979,Joco Mabute,2015-10-24,0-4-0,
68326,Jodie Esquibel,2011-04-09,6-7-0,
74235,Joe Aguirre,2016-05-21,2-1-0,
82783,Joe Angel Zamora,2014-06-13,2-10-0,
153811,Joe Bird,2017-03-25,3-3-0,
109380,Joe Boerschig,2016-05-14,6-11-0,
126150,Joe Calboutin,2018-07-21,4-0-0,
40959,Joe Elmore,2009-06-06,13-12-0,
136392,Joe Giannetti,2016-06-18,18-8-1,40
265839,Joe Hendershot,2024-06-16,4-0-0,22
126332,Joe Hernandez,2014-06-28,3-3-0,
88014,Joe Madrid,2013-03-09,6-5-0,
71771,Joe McColgan,2015-11-28,8-3-1,
50182,Joe Murphy,2009-05-01,12-6-0,44
92328,Joe Neal,2013-08-24,6-5-0,
92367,Joe Pass,2012-02-18,2-1-0,
62460,Joe Pingitore,2012-02-03,7-4-1,
167228,Joe Pyfer,2018-05-18,16-3-0,32
119894,Joe Ray Vaiza III,2023-11-05,1-2-0,
111601,Joe Rodriguez,2012-12-31,8-6-0,
153479,Joe Roye,2015-05-30,1-6-0,
114664,Joe Saucedo,2013-04-19,3-12-0,
8300,Joe Schilling,2008-01-25,4-7-0,
161598,Joe Solecki,2016-10-29,13-6-0,
212006,Joe Stafford,2022-06-03,1-2-0,
23074,Joe Taimanglo,2004-04-30,24-9-1,
165130,Joe Taylor,2016-09-24,7-2-0,42
170483,Joe Tizzano,2019-02-16,4-1-0,
74877,Joe Vidales,2010-11-13,3-4-0,
42007,Joe Warren,2009-03-08,15-8-0,
246203,Joe Yamaguchi,2026-02-11,2-0-0,
174375,Joel Batobo,2019-09-28,4-1-0,
161941,Joel Bauman,2018-12-07,9-6-0,38
64842,Joel Champion,2015-04-25,6-2-0,
151041,Joel Downey-Cave,2015-08-29,3-6-0,
211926,Joel Faglier,2024-09-13,6-0-0,24
144364,Joel Fahey,2016-08-27,1-3-0,
218695,Joel Guzman,2021-09-18,2-3-0,
30549,Joel Iglesias,2008-09-25,4-8-0,
159122,Joel Kendrick,2016-10-08,7-3-1,
111985,Joel Kouadja,2013-02-23,10-13-0,
190560,Joel Madak,2020-10-10,5-2-0,
160894,Joel Moore,2016-04-08,3-1-0,
201946,Joel Pena,2022-03-25,3-5-0,
54280,Joel Roberts,2009-07-11,8-6-0,
218127,Joel Salviano,2019-10-25,7-2-0,31
76183,Joel Scott,2013-09-28,9-10-0,
118752,Joel Silva,2012-12-09,17-9-0,
108304,Joel Vasquez,2021-03-12,3-0-0,
105385,Joel Whitney,2014-03-29,2-3-0,
133141,Joel dos Santos,2014-06-07,17-13-0,55
166867,Joelson Nascimento,2015-04-11,14-10-0,
169650,Joevincent So,2017-01-28,8-7-0,
39008,Joey Beltran,2007-02-10,18-15-0,
164015,Joey Crisostomo Jr.,2016-08-19,2-7-0,
163299,Joey Davis,2016-08-26,8-1-0,
57817,Joey Diehl,2011-01-22,12-10-0,
38036,Joey Elzea,2016-07-30,7-3-0,
153316,Joey Faletagoai,2015-05-20,8-0-0,
230376,Joey Garcia,2021-11-14,2-2-0,
66276,Joey Gomez,2013-03-01,6-3-0,
176520,Joey Hart,2022-07-16,9-4-0,31
5885,Joey Holt,2011-02-12,9-3-0,
163455,Joey Michael Berkenbosch,2017-05-28,5-2-0,
84231,Joey Miolla,2012-05-12,10-4-0,
88126,Joey Pierotti,2016-02-20,13-2-0,
96089,Joey Ruquet,2015-06-14,11-5-0,37
95927,Joey Scanlan,2017-02-11,4-5-0,
72411,Joey Trevino,2008-10-18,1-8-0,
36590,Joey Welch,2000-11-18,6-10-0,
191272,Joffie Houlton,2019-09-14,8-6-0,38
330438,Johan Bagui,2025-12-27,1-0-0,0
199251,Johan Rodriguez,2023-08-06,3-2-0,
40278,Johan Romming,2008-11-29,10-7-1,
258233,Johan Van de Hel,2022-05-04,4-5-0,
200036,John Beckett,2022-06-18,7-3-0,32
35512,John Beneduce,2003-07-19,3-2-0,
229903,John Birdsong,2020-05-29,0-3-0,
124965,John Brewin,2018-04-21,8-6-0,0
88645,John Castaneda,2012-09-22,21-8-1,43
127837,John Clay,2014-06-20,0-10-0,
108966,John Cris Corton,2012-12-15,7-6-0,
57919,John DeVall,2010-09-11,16-9-0,
23595,John Dodson,2004-09-03,24-15-0,
147543,John Douma,2017-08-11,8-5-0,
241159,John Garza,2024-02-02,6-2-0,24
180675,John Gotti III,2017-10-27,5-1-0,
177450,John Hall,2018-11-02,0-2-0,
260581,John Hancock,2024-12-13,3-1-0,27
34599,John Hathaway,2006-06-25,18-3-0,
144187,John Herrera,2018-03-02,3-3-1,
23733,John Howard,2004-10-02,29-19-1,
63091,John King,2010-02-05,9-6-0,
40361,John Lineker,2008-09-05,37-11-0,
18009,John Long,2008-04-26,5-1-0,
238921,John Lopez,2023-06-02,2-2-0,
33484,John Maguire,2006-04-01,26-13-0,
202443,John Marquez,2019-11-09,2-3-0,
55615,John McDowell,2011-02-26,0-2-0,
281654,John Medina,2023-05-27,0-9-0,
30937,John Mercurio,2008-10-02,9-8-0,
191667,John Michael Wilson II,2020-12-11,6-6-0,
164349,John Mitchell,2019-11-09,11-3-0,32
188966,John Moore,2022-05-06,6-2-0,27
55999,John Moraga,2009-11-07,19-7-0,
121522,John Nguyen,2018-09-29,8-6-0,38
161472,John Nicholls,2017-09-09,4-3-0,
148075,John Nuncio,2010-06-19,3-2-0,
157493,John Pham,2019-11-01,4-5-0,
57401,John Redmond,2009-12-12,7-18-0,
79443,John Robinson,2014-11-29,4-1-0,
20539,John Salgado,2008-06-27,4-8-1,
44672,John Salter,2009-03-27,19-6-0,
101365,John Simon,2018-11-24,12-6-0,40
119067,John Spencer,2013-06-29,2-50-0,
172181,John Sweeney,2017-04-07,14-4-0,36
44311,John Teixeira,2007-09-12,28-13-2,56
37838,John Troyer,2006-08-25,15-13-0,
172170,John Yannis,2021-01-30,10-5-0,36
51814,John de Jesus,2012-02-11,18-14-0,51
168864,John-Martin Fraser,2017-08-19,11-6-0,42
130318,John-Ross Harkins,2017-05-06,2-2-0,
325200,Johnathan Waid,2025-03-01,3-3-0,30
96743,Johnnie Roades,2013-11-22,9-19-0,
180676,Johnny Adams,2017-03-25,1-6-0,
37541,Johnny Bedford,2006-09-23,23-14-1,
61181,Johnny Campbell,2010-07-30,24-19-0,59
61773,Johnny Cisneros,2010-02-21,13-8-0,
178464,Johnny Eblen,2017-07-07,18-1-0,38
419,Johnny Eduardo,1996-11-01,28-13-0,
174915,Johnny Hopper,2020-02-29,8-6-0,
151294,Johnny James Jr.,2019-04-27,1-2-0,
67566,Johnny Lopez,2011-02-26,12-6-0,
149888,Johnny Marigo,2015-11-21,4-2-1,
148570,Johnny Pantoja,2019-10-26,1-5-0,
188726,Johnny Soto,2019-05-25,4-3-0,
134658,Johnny Walker,2013-12-14,22-10-0,48
92789,Johnson Jajoute,2013-03-08,4-3-0,
149016,Johnson Nasona,2021-12-03,4-3-0,31
166682,Joice Mara da Silva,2016-09-01,12-6-0,
98997,Joilton Lutterbach,2011-12-09,42-11-0,46
157764,Joji Goto,2016-05-29,20-9-0,38
135472,Joji Hirata,2014-12-21,10-7-1,
112746,Joji Mikami,2014-02-23,5-6-0,
298344,Joji Shirai,2023-07-16,6-1-0,25
208666,Jomal Rodriguez,2018-04-27,4-4-0,
144749,Jomar Pa-ac,2015-03-21,7-4-0,
300513,Jomy Salvador Nganga,2024-03-29,0-1-0,
150380,Jon Ciampa,2022-11-17,2-2-0,
231977,Jon Cunningham,2021-12-19,4-1-0,29
10845,Jon Fitch,2002-07-13,32-8-2,
30520,Jon Hill,2008-09-27,13-7-0,
58071,Jon Kennedy,2010-08-28,12-43-0,
26817,Jon Kirk,2005-11-05,19-14-0,
6814,Jon Manley,2007-09-29,14-6-0,
80598,Jon Neal,2008-05-31,10-2-0,
125671,Jon Olivar,2013-12-14,4-1-0,
44258,Jon Queiroz,2008-01-12,8-3-0,
74251,Jon Sparks,2013-09-21,7-4-0,
206411,Jon Tabarez,2025-12-06,1-1-0,
45014,Jon Tuck,2007-02-09,11-5-0,
109400,Jon Zarate,2011-06-18,10-16-0,59
61158,Jon delos Reyes,2008-02-16,8-5-0,
72378,Jonas Bilharinho,2011-01-29,11-3-1,
101056,Jonas Ferreira,2012-08-11,1-18-1,
115368,Jonas Flok,2014-05-31,15-7-0,
95670,Jonas Magard,2014-02-22,19-7-0,41
54872,Jonas Povilavicius,2004-09-26,1-2-0,
89832,Jonas Silva,2011-12-03,3-8-0,
71189,Jonatan Feitosa Pinto,2010-08-15,6-5-0,
179848,Jonatan Fernando Escalante,2017-07-15,0-3-0,
277549,Jonatan Kujawa,2023-01-13,5-3-0,
208302,Jonathan Adams,2019-04-27,0-2-1,
128228,Jonathan Amaral Mesias,2013-10-12,2-1-0,
196809,Jonathan Arce,2019-06-14,3-2-0,
298872,Jonathan Arias-Cruz,2026-05-17,0-1-0,
298589,Jonathan Astudillo,2024-02-22,6-1-0,
171497,Jonathan Avila Perez,2016-11-19,0-2-0,
128129,Jonathan Bosuku,2014-02-15,8-10-1,
208284,Jonathan Caetano,2015-12-12,11-4-0,34
209304,Jonathan Calderon,2020-09-25,1-2-0,
95203,Jonathan Carter,2012-05-19,0-1-0,
143559,Jonathan Davis,2018-03-09,7-3-0,
117053,Jonathan DiLorenzo,2021-11-19,3-0-0,33
150656,Jonathan Eiland,2019-01-19,5-6-0,
218694,Jonathan Enriquez,2019-06-21,1-2-0,
51621,Jonathan Fuentes,2009-08-15,3-6-0,
234580,Jonathan Garcia,2021-03-27,3-4-0,
45577,Jonathan Gary,2009-04-25,13-14-2,
159329,Jonathan Griffin,2018-11-17,3-5-0,
162432,Jonathan Hanes,2023-10-06,6-3-0,0
41547,Jonathan Jackson,2013-07-20,9-6-0,43
48828,Jonathan Knutson,2007-01-06,11-7-0,
84925,Jonathan Lemke,2012-09-08,7-9-0,
231221,Jonathan Libreros,2014-10-24,0-1-0,
319211,Jonathan Lopez,2025-12-12,0-1-0,
30932,Jonathan MaCalolooy,2008-10-02,4-2-0,
183604,Jonathan Martin,2017-12-08,9-3-0,33
110971,Jonathan Martinez,2014-02-08,19-6-0,
139787,Jonathan McNeil,2021-08-13,3-0-0,
247236,Jonathan Montalvo,2025-07-27,1-1-0,
90156,Jonathan Noriega,2016-07-02,5-1-0,
62221,Jonathan Nunez,2012-02-04,7-3-0,
212929,Jonathan Ortiz,2019-07-20,3-3-0,
140094,Jonathan Pearce,2014-11-08,14-7-0,
191743,Jonathan Piersma,2020-12-18,12-4-0,33
140082,Jonathan Quiroz,2016-04-18,3-5-0,
269546,Jonathan Ramsay,2022-09-02,7-3-0,0
119036,Jonathan Romero,2015-07-25,4-2-0,
129940,Jonathan Santa Maria,2014-03-22,3-5-0,
143149,Jonathan Sepulveda,2013-10-18,10-7-0,
162636,Jonathan Taylor,2019-11-09,0-1-0,
117745,Jonathan Templier,2013-06-29,1-5-0,
162577,Jonathan Valles,2017-07-16,2-5-0,
196537,Jonathan Veluz,2016-09-17,6-3-0,
100147,Jonathan Wilson,2013-09-07,9-5-0,
130848,Jonathon Morris,2015-01-31,3-3-0,
198915,Jonathon Moskowitz,2021-06-20,1-3-0,
100417,Jonathon Thomson,2013-08-03,9-5-0,
111302,Jonathon Wyderko,2015-03-06,4-2-0,
83802,Jonavin Webb,2012-04-14,12-4-0,
152984,Jonel Borbon,2015-07-11,0-2-0,
72779,Jonny Bonilla-Bowman,2014-09-19,1-1-0,
129929,Jonny Brocklesby,2018-11-17,5-3-0,
67413,Jonny Parsons,2013-10-05,9-3-0,
187442,Jonny Touma,2020-08-08,6-6-0,
247578,Jonterious Jones,2025-03-01,1-4-0,
150504,Joo Hwan Kim,2015-04-05,8-5-0,
241729,Joo Sang Yoo,2021-05-31,9-1-0,32
267681,Joon Gun Cho,2022-09-30,8-4-1,23
163549,Jordan Barton,2016-07-30,10-3-1,
154522,Jordan Beltran,2015-05-29,14-12-0,
135426,Jordan Berg,2018-02-03,3-0-0,
234005,Jordan Burkholder,2022-05-14,6-5-0,34
276419,Jordan Cabrel Fongno,2023-01-28,5-1-0,0
113891,Jordan Carmona,2018-11-03,1-1-0,
203187,Jordan Clark,2021-09-25,6-3-0,32
213705,Jordan Dorval,2019-05-25,2-3-0,
145686,Jordan Dowdy,2015-04-18,9-5-0,
66254,Jordan Espinosa,2012-03-24,15-10-0,
57310,Jordan Griffin,2011-04-22,19-11-0,
84663,Jordan Harrington,2022-04-16,2-3-0,
128882,Jordan Harris,2015-11-14,4-1-0,
116507,Jordan Hayes Christensen,2018-04-14,4-3-0,
148616,Jordan Heath,2022-09-17,0-4-0,
151758,Jordan Heiderman,2018-06-29,8-2-0,33
73383,Jordan Howard,2010-06-18,12-6-0,42
76260,Jordan Isordia,2012-04-15,2-4-0,
110484,Jordan Johnson,2014-04-05,12-2-1,
170918,Jordan Johnson,2017-03-04,1-1-0,
187640,Jordan Kaaze,2018-03-02,1-1-0,
176447,Jordan Leavitt,2017-10-07,13-4-0,33
144478,Jordan Lobida,2015-08-01,1-1-0,
132518,Jordan Mapa,2017-04-22,6-4-0,
12722,Jordan Mein,2006-06-17,34-15-0,54
57349,Jordan Mitchell,2013-01-12,10-17-0,
78949,Jordan Morales,2013-07-27,7-5-0,
289099,Jordan Morgan,2025-10-25,2-0-0,
193864,Jordan Newman,2019-03-22,8-0-0,30
283155,Jordan Oliver,2023-08-11,3-0-0,
205281,Jordan Plutin,2019-08-03,6-8-0,0
117494,Jordan Powell,2013-06-22,12-11-0,
54485,Jordan Rinaldi,2010-05-07,14-7-0,
188050,Jordan Schulte,2021-03-26,8-4-0,0
69068,Jordan Seufzer,2014-10-18,3-12-0,
65576,Jordan Stiner,2012-09-08,9-5-0,
126656,Jordan Titoni,2015-08-28,7-6-0,
97087,Jordan Weeks,2018-01-06,3-4-0,
211860,Jordan Wheater,2019-09-07,0-5-0,
72443,Jordan Williams,2013-06-22,9-6-0,
53361,Jordan Winski,2013-05-04,12-5-0,
81208,Jordan Wright,2014-11-08,14-5-0,37
115702,Jordan Young,2014-11-26,12-2-0,
180679,Jorden McDonald,2018-08-03,3-3-0,
50574,Jordin Hinman,2011-04-23,9-9-0,
49020,Jordon Larson,2010-07-31,9-6-0,
278439,Jordon Tague,2024-11-09,5-2-0,28
160313,Jordy Bakkes,2018-03-10,6-5-1,35
255031,Jorge Apalategui,2022-04-22,0-1-0,
98225,Jorge Calvo,2014-05-28,20-8-0,45
201705,Jorge Enrique Avila,2018-11-16,5-3-0,
124117,Jorge Filho,2013-02-02,12-9-0,
95213,Jorge Juarez,2018-04-22,5-3-0,
10243,Jorge Lopez,2006-04-01,11-12-0,
128730,Jorge Lucas,2012-05-19,4-3-1,0
35533,Jorge Luis Bezerra,2005-09-10,21-14-0,
108409,Jorge Medina,2014-06-21,4-3-0,
238917,Jorge Molina,2022-03-17,2-1-0,
213126,Jorge Nascimento,2019-06-29,2-2-0,
21922,Jorge Rodrigues Silva,2004-03-09,38-11-0,
73056,Jorge Rodriguez,2010-04-15,2-12-0,
242247,Jorge Silva,2021-07-31,6-2-0,31
103829,Jorge da Costa,2012-05-26,6-8-0,
204929,Jorick Montagnac,2019-02-16,7-4-0,36
195408,Jornel Lugo,2019-05-31,8-2-0,
156668,Josafa Dias Frazao,2016-01-16,5-3-0,
127998,Jose Aguayo,2016-11-19,5-3-0,
231507,Jose Aguayo Cadena,2020-08-27,0-3-0,
154801,Jose Alberto Martinez,2015-10-02,1-1-0,
128790,Jose Alday,2014-02-15,13-7-1,
23446,Jose Aldo,2004-08-10,32-10-0,
171541,Jose Alejandro Avalos,2017-11-02,9-6-0,37
220683,Jose Andres Castro,2022-11-05,1-1-0,
180311,Jose Antonio Perez,2017-10-20,0-2-0,
168954,Jose Arly Carvalho,2016-11-12,6-1-0,
229944,Jose Arriaga,2021-11-20,0-4-0,
101555,Jose Augusto,2012-08-25,11-6-0,39
265015,Jose Avina,2016-05-14,1-4-0,
82123,Jose Cabral,2010-11-06,3-5-0,
68744,Jose Caceres,2010-06-25,16-12-0,
117314,Jose Calvo,2014-10-01,9-2-0,
163835,Jose Campos,2017-07-22,4-4-0,
205124,Jose Carlos Filho,2019-02-23,1-7-0,
224026,Jose Carlos Lima,2020-01-18,2-2-0,
150352,Jose Castanon,2018-05-19,3-0-0,
92755,Jose Ceja,2013-03-16,5-9-0,
112009,Jose Cleiton de Melo Jr.,2013-02-23,14-11-1,0
200966,Jose Delgado,2022-03-26,12-2-0,30
117802,Jose Diaz,2012-11-10,10-5-0,
148860,Jose Estrada,2016-04-18,8-7-0,39
120620,Jose Eudes Oliveira Carneiro,2012-03-31,2-1-0,
211256,Jose Evans,2021-01-23,6-2-0,
173081,Jose Ferreira,2017-04-09,14-2-0,30
235562,Jose Ferreri,2021-12-10,1-4-0,
61674,Jose Flores,2013-11-01,9-2-0,
132938,Jose Guerra,2013-10-19,2-6-0,
225102,Jose Henrique Souza,2019-11-16,9-1-0,25
187129,Jose Hernandez,2018-10-27,8-3-0,0
177473,Jose Hinojosa,2017-04-08,2-6-0,
206143,Jose Holguin,2020-10-02,0-1-0,
174131,Jose Ignacio Gomez,2023-09-30,0-1-0,
249548,Jose Intriago,2024-09-07,2-3-0,
167032,Jose Johnson,2016-07-29,18-11-0,38
205026,Jose Lemus,2022-08-14,0-3-0,
159691,Jose Leon,2016-08-06,3-5-0,
180728,Jose Loera,2018-05-11,1-2-0,
150379,Jose Lugo,2017-11-17,4-2-0,
8486,Jose Luis Medrano,2008-01-26,15-6-0,
161637,Jose Luis Rios,2014-10-24,3-5-0,
133013,Jose Luis Verdugo,2010-10-02,20-10-0,
229900,Jose Malespin,2022-07-15,1-1-0,
30715,Jose Marcos Lima Santiago Jr.,2007-07-27,11-7-0,
29786,Jose Maria Tome,2004-08-10,41-10-0,
134228,Jose Mariscal,2014-10-11,18-7-0,42
121937,Jose Martinez,2015-09-26,13-8-0,
65752,Jose Matheus Ortiz,2010-05-08,13-8-0,
222365,Jose Matuz,2019-12-06,2-12-0,
137120,Jose Mauro Delano,2014-08-30,17-3-0,34
127370,Jose Medina,2016-06-04,4-1-0,
173249,Jose Medina,2017-04-01,11-7-0,40
226803,Jose Mendez,2023-03-18,9-2-0,27
195295,Jose Mercado,2021-08-21,2-3-0,
198304,Jose Ochoa,2018-11-07,9-2-0,27
308215,Jose Ochoa,2024-08-31,4-1-0,22
66192,Jose Otavio dos Santos Lacerda,2007-06-14,9-8-0,
49527,Jose Pacheco,2010-01-08,8-9-1,
143627,Jose Palencia Jr.,2016-11-26,3-0-0,
251055,Jose Penaloza,2021-12-03,3-6-0,
172652,Jose Perez,2020-09-17,10-2-0,32
62280,Jose Perez,2015-06-06,2-2-0,
124604,Jose Quinonez,2013-03-16,12-8-0,44
137328,Jose Roberto dos Santos,2014-09-06,2-1-0,
232796,Jose Rodriguez,2024-10-18,3-0-0,29
171224,Jose Salasar,2017-07-29,1-3-0,
165892,Jose Sanchez,2014-11-15,13-5-1,0
253717,Jose Sandoval,2022-03-04,8-5-0,29
87560,Jose Silva da Silva Jr.,2008-06-28,6-7-0,
94538,Jose Solis,2018-11-03,0-1-0,
202613,Jose Soto,2024-08-16,2-0-0,27
134214,Jose Torres,2016-03-04,13-6-1,41
257759,Jose Vasquez-Lopez,2023-07-22,4-2-0,23
206124,Jose Victor,2019-04-13,3-4-0,
98685,Jose Zarauz,2010-05-08,27-12-1,51
5291,Jose de Ribamar Machado Gomes,2004-03-13,40-18-1,
188163,Josee Storts,2019-06-15,3-0-0,
236564,Josefine Lindgren Knutsson,2021-03-06,8-2-0,32
245499,Joseilton Santos,2021-09-25,11-1-0,30
126709,Joselyne Edwards,2015-05-15,18-6-0,38
99456,Josema Jose da Paz,2012-06-23,8-8-0,
5290,Josemberg Freitas,2006-12-09,1-5-0,
208250,Josenildo Lopes de Sousa,2019-04-06,1-3-0,
149675,Joseph Aguilar,2019-10-27,2-9-0,
26911,Joseph Benavidez,2006-06-03,28-8-0,
171627,Joseph Camacho,2016-08-05,8-4-0,35
136268,Joseph Creer,2015-08-29,7-2-1,
219600,Joseph Donkor,2019-12-14,6-3-0,0
165623,Joseph Dorado,2019-04-04,3-2-0,
136202,Joseph Fulk,2013-09-14,4-6-0,
198444,Joseph Galaviz,2018-05-11,4-5-0,
50849,Joseph Henle,2009-07-23,13-4-1,
236267,Joseph Her,2022-05-29,2-0-0,
190065,Joseph Holmes,2019-03-22,8-5-0,32
171542,Joseph Kropschot,2018-07-21,8-3-0,31
78225,Joseph Lowry,2014-02-22,9-2-0,
161982,Joseph Luciano,2019-08-06,10-5-0,39
187193,Joseph Marino,2017-06-17,5-1-0,
185071,Joseph McCamish,2018-03-09,1-0-0,
109350,Joseph Morales,2014-12-13,14-2-0,33
150974,Joseph Penafiel,2018-04-07,13-14-0,58
145507,Joseph Ramirez,2016-08-04,3-4-0,
150697,Joseph Schick,2016-08-12,5-3-0,
188235,Joseph Supino,2020-11-05,0-1-0,
203324,Joseph Tran,2021-08-14,2-2-0,
194919,Joseph YShua,2020-06-26,2-6-0,
140103,Josh Altum,2017-08-12,7-4-0,30
48115,Josh Appelt,2009-05-31,15-7-0,
92175,Josh Augustine,2019-04-13,7-4-0,
43786,Josh Burns,2006-03-18,8-10-0,
66439,Josh Cavan,2011-01-29,15-8-0,
82731,Josh Davila,2012-06-16,11-18-0,
80085,Josh Duenas,2011-06-17,4-6-0,
95795,Josh Ellis,2017-03-04,1-1-0,
87983,Josh Emmett,2011-10-08,19-7-0,51
129536,Josh Fremd,2017-07-29,13-6-0,38
189311,Josh Hardy,2021-08-06,1-4-0,
129716,Josh Harvey,2016-04-23,8-4-1,35
49642,Josh Hill,2009-05-16,5-3-0,
54352,Josh Hill,2009-10-10,23-8-0,51
287901,Josh Hokit,2023-10-07,10-0-0,28
35930,Josh Huber,2006-09-02,24-13-0,
200305,Josh Islas,2020-10-24,4-5-0,
16606,Josh LaBerge,2007-11-17,11-7-0,
98081,Josh Leet,2016-03-26,4-0-0,
158361,Josh Marsh,2016-01-30,7-5-0,
104708,Josh McManus,2017-06-24,1-1-0,
253489,Josh Mercado,2022-08-26,4-1-0,
201127,Josh Motsinger,2023-02-18,4-2-0,29
128670,Josh Neal,2018-10-20,7-5-0,
130181,Josh Nealy,2015-10-02,4-9-0,
200238,Josh OConnor,2022-02-12,10-0-0,27
164326,Josh Oxendine,2019-05-31,10-7-0,
85283,Josh Paiva,2011-10-01,10-5-0,
138880,Josh Parisian,2014-11-22,16-9-0,45
69893,Josh Pfeifer,2014-02-08,6-6-0,
129191,Josh Plant,2017-02-26,2-5-0,
192450,Josh Quinlan,2019-04-12,6-5-0,35
14494,Josh Rave,2003-10-12,25-12-0,
87777,Josh Reed,2013-08-31,13-9-0,
113586,Josh Reyes,2015-03-06,0-1-0,
71208,Josh Rich,2010-08-21,3-3-0,
43932,Josh Robinson,2009-09-05,12-13-0,
14567,Josh Robson,2003-10-11,3-7-0,
186273,Josh Rosen,2019-06-21,4-3-0,
68333,Josh Sampo,2009-11-06,11-6-0,
91802,Josh San Diego,2013-11-02,9-5-0,
169454,Josh Shaw,2016-09-17,5-2-0,
108122,Josh Smith,2014-04-11,12-12-0,47
61731,Josh Steele,2019-05-18,1-0-0,
171961,Josh Streacker,2016-03-19,9-7-0,39
226743,Josh Terry,2019-08-17,3-2-0,
273646,Josh Thomas,2024-05-31,5-2-0,25
2374,Josh Thomson,2001-01-18,23-9-0,
167973,Josh Togo,2016-12-02,13-6-0,
154763,Josh Visel,2015-06-20,7-3-0,
203437,Josh Walker,2021-02-27,8-5-0,0
142590,Josh Wang Kim,2020-01-11,5-3-0,
106652,Josh Weston,2012-11-17,9-21-0,
108276,Josh Wick,2013-12-14,13-6-0,
125202,Josh Wilson,2016-01-15,1-1-0,
100715,Josh Wiseman,2013-03-23,1-9-0,
90141,Josh Wright,2011-12-09,5-6-0,
139839,Josh Zuckerman,2014-11-15,2-7-0,
102474,Josha Vann,2018-10-13,1-2-0,
92928,Joshua Abraham,2015-09-12,9-6-0,31
264708,Joshua Aleman,2023-08-27,2-3-0,
47896,Joshua Anderson,2016-12-02,6-3-0,
21966,Joshua Burkman,2003-02-07,28-18-0,
305268,Joshua Cisterna,2024-07-12,0-1-0,
159105,Joshua Culibao,2016-02-19,12-4-1,
210327,Joshua Dillon,2021-02-13,4-2-0,
196427,Joshua Fleck,2021-12-19,2-4-0,
203983,Joshua Francis,2012-08-31,1-2-0,
129029,Joshua Jones,2014-08-30,11-7-0,
158483,Joshua Kohler,2018-04-27,1-0-0,
129839,Joshua Marer,2019-03-16,2-3-0,
148041,Joshua Moreno,2016-08-13,4-1-0,
149757,Joshua Onwordi,2018-07-21,7-8-0,
125667,Joshua Pacio,2013-12-14,24-5-0,37
233306,Joshua Perreira,2023-01-07,6-0-0,28
155082,Joshua Ricci,2016-01-08,6-3-0,
240386,Joshua Sierra,2024-07-26,4-2-0,29
169762,Joshua Silveira,2019-08-23,15-6-0,40
207931,Joshua Valentin,2018-10-13,0-2-0,
227103,Joshua Van,2021-10-17,17-2-0,28
176378,Joshua Weems,2017-10-14,17-9-0,38
221992,Joshuah Magalhaes,2019-05-29,9-1-0,25
205295,Josiah Harrell,2020-03-07,11-1-0,28
172786,Josiah Reyes,2019-09-28,4-2-0,
252071,Josiane Oliveira,2023-08-13,1-1-0,
270527,Josias Musasa,2022-11-05,8-2-0,28
186469,Josie Blaber,2019-03-09,1-2-0,
123837,Josiel Silva,2010-04-16,24-7-0,44
241615,Josielton Dos Santos,2021-05-22,1-2-0,
17258,Josinaldo Silva,2008-03-08,29-8-0,
141612,Josivaldo Costa Araujo,2014-12-19,16-9-1,
188003,Jostin Quilca,2018-04-28,9-3-0,27
186218,Josue Lopez,2016-07-23,0-1-0,
203097,Jota Ninomiya,2022-06-03,1-2-0,
79477,Journey Newson,2015-09-05,10-5-0,
256488,Jovan Leka,2022-02-19,14-2-0,27
135836,Jovan Marjanovic,2014-08-05,11-3-0,0
214182,Jovan Zeljkovic,2019-06-29,3-2-0,
260259,Jovana Dukic,2021-09-18,1-3-0,
177497,Jovidon Kadirov Sorbon,2019-09-28,1-0-0,
225016,Jozef Jaloviar,2020-02-15,5-5-0,
105485,Jozef Wittner,2012-12-26,16-7-0,40
75575,Joziro Boye,2008-11-28,22-8-1,47
167144,Juan Adams,2017-06-23,10-6-0,
200438,Juan Alvarez Jr.,2022-08-26,4-2-0,26
119516,Juan Archuleta,2013-08-09,31-7-0,50
312781,Juan Arrendondo Nunez,2018-05-04,0-1-0,
206007,Juan Bosco Boyer Silva,2019-03-08,0-1-0,
185862,Juan Camilo Rincon Carrillo,2021-12-18,0-3-0,
207921,Juan Carlos De Leon,2020-08-01,2-3-0,
206786,Juan Carlos Diaz,2015-08-15,6-4-0,
96304,Juan Da Silva,2012-03-03,12-7-1,
151892,Juan Deantes,2015-06-06,4-1-0,
192296,Juan Erazo,2019-09-07,0-2-0,
108262,Juan Gonzalez,2017-06-10,8-3-0,
297389,Juan Gutierrez,2026-04-12,2-0-0,20
212509,Juan Izquierdo,2022-05-21,7-3-0,36
164016,Juan Lizama,2015-11-27,5-2-0,
65014,Juan Marin,2009-10-23,5-3-0,
99307,Juan Pablo Gonzalez,2011-12-07,14-5-2,48
132701,Juan Pablo Mendoza,2014-05-22,9-9-0,47
264328,Juan Pablo Vieira,2021-12-11,10-0-0,22
55670,Juan Puerta,2011-04-22,26-9-0,50
217929,Juan Ramirez,2019-09-28,3-3-0,
216309,Juan Rincon,2011-04-30,4-1-0,
194488,Juan Roman,2018-08-11,6-3-0,
249017,Juan Rosales,2023-07-16,4-2-0,
177493,Juan Sanchez,2017-07-22,0-1-0,
110970,Juan Torres,2013-01-26,8-17-0,
153089,Juan Villaseca,2015-02-14,7-3-0,
282942,Juba Beridze,2023-06-24,5-2-0,0
138884,Judd Brown,2014-11-01,2-3-0,
146105,Judith Ruis,2014-05-10,6-5-0,
217305,Judson da Silva Correia,2018-03-24,9-3-0,
182770,Judyta Rymarzak,2017-12-16,3-4-0,
80195,Juho Valamaa,2011-03-19,16-6-0,
249108,Juki Sue,2021-12-19,6-2-0,27
91674,Julia Avila,2012-01-27,9-4-0,
242470,Julia Barros,2023-11-11,3-0-0,
73874,Julia Budd,2010-10-22,17-6-0,
213466,Julia Ottolino,2019-08-09,1-0-0,
180510,Julia Polastri,2017-09-23,14-6-0,36
237467,Julian Birch,2024-06-14,0-1-0,
72914,Julian Erosa,2010-10-02,31-13-0,62
104953,Julian Flores,2010-11-28,5-3-1,
181534,Julian Maloku,2017-11-16,0-1-0,
79823,Julian Marquez,2014-05-24,9-6-0,
173658,Julian Pennant,2016-11-12,6-3-0,
75443,Juliana Lima,2010-11-27,10-7-0,
128767,Juliana Velasquez,2014-12-04,14-4-0,44
59894,Juliano Coutinho,2009-08-01,8-3-0,
132470,Juliano Paes,2013-11-16,6-7-0,
146589,Juliano Prescendo,2017-09-22,11-3-0,31
168863,Julien Bouteix,2016-12-05,2-6-0,
129102,Julien Leblanc,2014-03-08,10-3-0,36
259650,Juliet Ukah,2022-04-16,9-1-0,28
95212,Julio Aguilera,2017-09-15,0-3-0,
72780,Julio Arce,2012-07-13,22-7-0,45
129396,Julio Cesar Chaves,2013-11-10,9-7-0,39
213108,Julio Cesar Diaz,2019-05-25,5-9-0,
55962,Julio Cesar Diaz,2010-02-25,6-7-0,
87918,Julio Cesar Neves Jr.,2011-10-01,36-3-0,
180002,Julio Cesar Nonato,2016-12-10,0-1-0,
186669,Julio Cesar Spadaccini,2018-03-24,9-4-0,34
47166,Julio Cesar dos Santos,2007-12-14,17-9-1,
166724,Julio Davila,2015-03-28,13-8-0,
238713,Julio Ismael Zapata Guerrero,2018-02-24,1-1-0,
255916,Julio Larrave,2025-01-10,1-1-0,
208456,Julio Pereira,2019-04-20,16-5-0,37
103474,Julio Rafael Rodrigues,2011-06-16,16-9-0,
180186,Julio Ramirez,2017-07-22,5-3-0,34
100334,Julio Rodrigues,2012-05-19,16-6-0,
156470,Julius Anglickas,2016-01-30,11-4-0,
127362,Julius Holmes,2014-01-31,11-2-0,
86262,Jumayi Ayideng,2011-08-27,16-6-1,
273992,Jumpei Chikusa,2023-04-02,6-4-0,24
73937,Jun Doi,2010-10-24,20-13-1,
81501,Jun Nakamura,2011-04-17,9-2-0,
240744,Jun Ozeki,2023-05-28,0-1-0,
26190,Jun Soo Lim,2005-07-09,13-13-0,
172066,Jun Sung Park,2017-03-18,0-2-0,
192267,Jung Hyun Lee,2020-07-18,11-3-0,26
182697,Jung Min Lim,2017-12-23,4-5-0,
79324,Junichi Hirata,2011-03-06,5-18-0,
155170,Junifer Kimmayong,2016-01-22,6-4-0,
131354,Junior Luiz,2013-04-27,13-6-0,37
104529,Junior Magal,2012-06-16,16-12-0,58
119361,Junior Morgan,2019-04-06,4-2-0,
262359,Junior Tafa,2022-07-09,7-6-0,31
3451,Junji Ito,2007-07-15,20-9-2,
258229,Junpei Nagatome,2022-05-15,5-2-0,24
214303,Junpei Ueno,2018-12-09,5-10-0,
155568,Junpeng Xie,2015-09-13,14-5-1,
47251,Juntaro Ami,2009-05-24,9-9-1,
100314,Juntaro Ushiku,2012-08-05,24-14-1,48
162611,Junya Murata,2017-12-03,11-8-0,
298341,Junya Sawaki,2024-02-25,5-3-0,29
273133,Junya Tsuji,2025-03-23,3-1-0,
167193,Junye Gao,2016-04-23,20-15-0,0
97016,Juscelino Ferreira Caetano,2011-03-15,12-5-0,
234331,Juscelino Pantoja,2020-11-13,9-1-0,33
170330,Jusei Aquila,2017-03-24,2-1-1,
29101,Jussier Formiga,2005-05-13,24-8-0,
179316,Justice Lamperez,2019-10-04,9-23-0,
182783,Justice Torres,2021-05-16,14-5-0,34
196866,Justin Budd,2022-11-18,3-0-0,
128395,Justin Burlinson,2017-08-19,10-2-0,
132065,Justin Clarke,2018-12-14,4-0-0,
87543,Justin Cook,2013-04-11,3-6-0,
315365,Justin Detzel,2025-11-08,3-0-0,0
74092,Justin Fisher,2010-10-23,7-3-0,
46751,Justin Gaethje,2011-08-20,28-5-0,45
101750,Justin Gonzales,2016-07-16,15-6-0,45
80721,Justin Governale,2013-10-25,7-9-0,
163184,Justin Holliday,2019-05-24,1-0-0,
128473,Justin Hughes,2014-02-08,4-5-0,
75729,Justin Lawrence,2010-12-04,11-5-0,
47445,Justin Linn,2010-09-24,8-8-0,
215247,Justin Longoria,2022-07-30,7-2-1,0
190022,Justin Lovrich,2022-02-04,4-2-0,
57326,Justin McCormack,2022-09-23,1-1-0,
275899,Justin Meyers,2025-03-14,1-2-0,
184329,Justin Montalvo,2020-02-21,9-3-0,32
132747,Justin Moore,2014-05-31,11-5-0,
202597,Justin Osborn,2018-08-10,3-4-0,
99995,Justin Overton,2015-06-13,9-5-0,
85843,Justin Patterson,2012-11-10,11-7-0,
144682,Justin Patton,2021-08-07,9-5-0,35
119189,Justin Prescott,2014-08-23,8-3-0,
132149,Justin Rader,2014-01-18,7-3-0,
111415,Justin Rascon,2014-10-25,3-2-0,
71515,Justin Reeser,2015-08-22,2-3-0,
136430,Justin Richwine,2019-01-05,1-7-0,
26531,Justin Robbins,2005-03-18,14-19-1,
279412,Justin Rosario,2025-05-31,2-1-0,
151977,Justin Roswell,2015-09-26,3-3-0,
185209,Justin Smith,2018-03-31,3-2-0,
236254,Justin Smith,2022-11-19,3-1-0,
34879,Justin Smitley,2006-07-16,10-8-1,
95136,Justin Sumter,2016-04-22,12-7-0,43
174613,Justin Tafa,2017-05-20,7-5-0,
205213,Justin Tapia,2019-02-16,9-6-0,
129038,Justin Tenedora,2017-02-18,2-2-0,
210012,Justin Thompson,2023-02-04,3-2-0,
71124,Justin Trangsrud,2014-03-22,2-3-0,
144111,Justin Valentin,2018-11-02,4-5-0,
129164,Justin Vargas,2016-08-13,4-3-0,
150311,Justin Vazquez,2017-09-01,14-5-0,39
250432,Justin Watson,2021-11-20,0-3-0,
128668,Justin Wetzell,2016-04-02,12-4-0,38
154794,Justin Williams-Hugo,2015-12-12,3-7-0,
42194,Justin Wren,2006-10-28,14-2-0,
68618,Justine Kish,2010-12-03,9-7-0,44
176343,Justus Faaiu,2017-06-24,6-5-0,
431,Jutaro Nakao,1996-01-20,26-21-4,
238970,Jyamu Enomoto,2022-04-23,4-2-0,
336351,Jyoichiro Hiraga,2025-11-09,0-1-0,
89429,K.B. Bhullar,2012-02-11,11-5-0,
99504,Kaan Kazgan,2012-06-08,7-4-0,33
142764,Kaan Ofli,2014-03-14,14-4-1,36
328880,Kacper Fratczak,2025-05-09,3-0-0,29
243584,Kadelibieke Kalinu,2021-07-07,8-4-0,0
163135,Kadir Akbas,2016-04-30,4-4-1,
298205,Kadyrbek Shinbaev,2026-05-31,1-0-0,
119754,Kaecy Raddon,2021-10-29,5-3-0,35
100905,Kaela Banney,2012-11-17,4-2-0,
50781,Kaeo Meyer,2017-06-24,3-5-0,
150363,Kaheem Murray,2017-10-28,4-4-0,
160822,Kai Asakura,2012-09-16,22-6-0,39
193115,Kai Holmes,2021-08-21,3-2-0,
104454,Kai Kamaka III,2012-10-20,18-8-1,43
75447,Kai Kara-France,2010-11-27,25-12-0,46
302131,Kai Maeda,2024-07-28,2-2-0,29
150324,Kaik Brito,2015-09-12,19-6-0,33
151604,Kaila Thompson,2017-05-13,1-2-0,
163873,Kailan Hill,2017-01-07,4-2-0,
131676,Kaio Tavares de Santanna,2013-12-14,8-7-0,
133384,Kaique Modesto,2013-07-14,6-5-0,
90727,Kairat Akhmetov,2010-05-01,28-2-0,45
245984,Kaisei Takehara,2022-04-03,5-0-1,
264575,Kaisei Ujihara,2023-03-19,5-4-1,24
242329,Kaisei Umenaga,2021-07-25,2-5-1,
6434,Kaitlin Young,2007-10-04,12-13-1,
330386,Kaito Ishihara,2025-09-07,2-2-0,
251580,Kaito Kimoto,2022-05-22,3-8-0,
265415,Kaito Kiyosawa,2022-10-10,1-3-0,
112738,Kaito Sakamaki,2014-09-06,14-11-1,
302066,Kaito Shibayama,2024-05-26,4-4-0,
84381,Kaiyana Rain,2012-10-06,1-6-0,
24618,Kala Hose,2005-04-09,7-7-0,
162683,Kale Moniz,2016-11-12,7-3-0,
147988,Kaleb Petereit,2017-06-10,5-6-0,
160813,Kaleio Romero,2018-03-31,6-2-0,
214319,Kaleo Meheula,2021-10-17,6-4-0,33
137608,Kali Robbins,2015-03-06,7-3-0,
281383,Kalin Georgiev,2022-08-19,0-2-0,
330612,Kalin Stoyanov,2025-07-12,0-1-0,
48260,Kalindra Faria,2009-03-08,19-11-1,
53995,Kaline Medeiros,2011-05-21,9-6-0,
258961,Kallum Parker,2022-05-27,4-7-0,
163159,Kaloyan Kolev,2016-06-18,13-2-1,36
235325,Kalybek Arzykul Uulu,2020-09-06,14-2-0,27
140213,Kalyn Schwartz,2016-09-23,2-1-0,
153918,Kamal Magomedov,2013-12-30,11-1-0,
107983,Kamaru Usman,2012-11-30,21-5-0,49
172124,Kameron Jordan,2021-08-21,9-8-0,31
38740,Kamil Cibinski,2007-01-27,9-7-0,
341216,Kamil Khaybulaev,2025-12-21,2-0-0,18
138560,Kamil Magomedov,2012-07-03,21-4-0,38
269654,Kamil Meler,2022-11-17,0-1-0,
188542,Kamil Minda,2017-11-04,8-4-0,
164446,Kamil Oniszczuk,2016-03-12,13-5-0,33
161621,Kamil Wojciechowski,2016-06-18,8-3-0,
267537,Kamila Simkova,2022-10-08,3-6-0,
291208,Kamran Kohbandi,2023-09-29,2-1-0,
281347,Kamron Ortikov,2023-10-20,6-2-0,26
129731,Kamuela Kirk,2014-02-01,12-7-0,
205485,Kamur Muganga,2018-11-11,0-1-0,
34235,Kana Hyatt,2005-07-03,16-20-0,
180256,Kana Watanabe,2017-12-03,13-5-1,41
157642,Kanako Murata,2016-04-17,13-3-0,36
324192,Kaname Motomatsu,2025-05-11,2-2-0,
164249,Kanat Tassybay,2017-09-09,2-2-1,
275536,Kanata Nagai,2023-04-09,10-0-1,22
43544,Kane Mousah,2008-06-29,15-7-0,45
128544,Kaneaki Watanabe,2014-05-11,9-11-0,48
315169,Kangjun Xu,2024-08-09,1-4-0,
298350,Kanji Funada,2024-02-25,6-1-0,24
136804,Kanna Asakura,2014-10-04,20-8-0,
241002,Kanta Maruyama,2021-06-27,7-6-1,
273745,Kanta Matsumoto,2025-02-11,0-2-0,
239914,Kantemir Shibzukhov,2021-04-11,9-2-0,28
149093,Kantharaj Agasa,2016-01-10,13-5-0,41
241469,Kanto Fuchigami,2021-06-27,1-0-0,
274607,Kaoru Tsubaki,2023-03-26,1-4-3,
190276,Kareem Kline,2021-07-17,1-4-0,
160316,Karen,2019-12-08,10-3-0,28
182369,Karen Arzumanyan,2018-05-06,12-0-0,
196559,Karen Cedillo,2018-07-06,4-3-0,
34932,Karen Darabedyan,2006-07-15,14-6-0,
286986,Karen Omen,2025-02-23,2-1-0,
213462,Karen Quintero,2019-04-13,1-6-0,
221686,Karen Sargsyan,2016-05-24,0-1-0,
263499,Karim Henniene,2022-09-24,7-0-0,31
220501,Karim Ruzbakiev,2018-11-10,10-3-0,
102705,Karina Rodriguez,2012-06-23,10-4-0,
125246,Karine Silva,2013-06-15,19-7-0,37
103223,Karl Albrektsson,2012-08-17,14-8-0,45
34100,Karl Amoussou,2006-05-06,27-11-2,
230647,Karl Karl,2020-08-09,1-4-0,
82382,Karl Moore,2011-11-12,12-4-0,
169415,Karl Reed,2016-09-24,6-2-0,
114628,Karl Roberson,2015-06-05,9-7-0,
212556,Karl Williams,2021-02-20,10-6-0,40
170876,Karla Almaguer,2019-09-20,0-2-0,
157559,Karla Hernandez,2018-03-09,0-1-0,
150464,Karlee Pangilinan,2018-08-11,6-3-0,
197598,Karlen Minasian,2018-09-22,8-4-0,
241215,Karli Jo Thomas,2025-05-24,2-1-0,25
135743,Karlo Caput,2013-12-21,9-4-0,
32584,Karlos Vemola,2008-02-24,38-9-0,50
276318,Karol Jesus Arteaga,2022-10-07,8-6-0,25
209863,Karol Kutyla,2019-05-25,9-9-0,38
150890,Karol Pereira Silva Cerqueira,2015-09-12,3-2-0,
155928,Karol Rysavy,2017-10-06,17-10-1,41
186522,Karol Skrzypek,2018-03-10,13-5-0,37
199940,Karolina Sobek,2020-09-19,5-4-0,0
161861,Karolina Wojcik,2018-04-21,12-6-0,
140344,Karoline Martins Moreira,2015-07-11,9-5-0,
149792,Karshyga Dautbek,2015-03-13,19-3-0,36
128693,Kasey Tanner,2018-06-09,9-1-0,35
60932,Kashiff Solarin,2010-10-09,6-14-1,
202558,Kasim Aras,2013-04-06,11-6-0,44
81959,Kassius Kayne,2013-12-14,12-8-0,
166324,Kastriot Xhema,2017-04-21,3-5-0,
132713,Kasum Kasumov,2013-08-12,16-3-0,34
212907,Katarina Legorreta,2023-04-21,3-2-0,
156086,Katarzyna Sadura,2016-01-30,5-6-0,
47559,Kate Jackson,2009-05-30,11-6-1,
214064,Katerina Klinderova,2019-07-27,0-2-0,
207880,Katharina Dalisda,2019-09-07,11-4-0,
137477,Katharina Lehner,2014-09-27,9-9-0,43
230543,Katherine Corogenes,2019-11-15,3-3-0,
287847,Katherinne Machuca,2023-09-16,3-4-0,
187651,Kathryn Paprocki,2018-10-13,3-3-0,
109351,Kathy Solorzano,2017-09-16,1-4-0,
192622,Katie Perez,2019-11-22,7-11-0,43
169680,Katie Saull,2017-01-13,6-7-0,
306769,Katriel Young,2024-08-03,0-2-0,
181913,Katsuaki Hirasawa,2016-11-06,3-7-3,
135471,Katsumi Osaki,2014-11-30,2-5-0,
204917,Katsura Arimura,2019-04-14,0-1-0,
127241,Katsushi Kojima,2014-09-28,14-6-1,
10480,Katsushi Sugiyama,2002-04-04,15-8-1,
94262,Katsuya Horigome,2012-07-29,4-3-0,
321283,Katsuyoshi Takahashi,2025-02-11,1-2-0,
104034,Katsuyuki Hironaka,2013-06-30,2-6-1,
201303,Katuma Mulumba,2022-06-03,0-1-0,
100183,Katy Collins,2015-05-09,7-5-0,
324892,Kaua Campos,2025-03-13,5-0-0,18
129750,Kaua Fernandes Pinheiro,2015-09-27,7-2-0,
301767,Kauan Leopoldina,2025-06-14,4-2-0,23
196522,Kaue Fernandes,2014-04-04,11-2-0,32
243797,Kaue Luiz Vaz,2022-05-01,11-8-0,30
283156,Kaushik Saikumar,2023-04-22,5-1-0,27
197993,Kawehi Granito-Wallace,2021-02-12,0-1-0,
182334,Kay Hansen,2017-12-08,8-6-0,
122013,Kayck Alencar,2013-03-30,12-7-0,47
189815,Kayla Harrison,2018-06-21,19-1-0,39
180551,Kayla Hracho,2019-08-31,6-4-0,
150293,Kayla Stricker,2024-04-12,3-1-0,
189131,Kayla Yontef,2021-08-27,1-3-0,
100056,Kaylan Gorospe,2019-12-21,0-1-0,
124645,Kaynan Kruschewsky,2013-11-23,16-3-0,40
121423,Kaytlin Neil,2016-10-08,7-6-0,38
73179,Kazbek Ashimov,2009-02-11,6-4-0,
86297,Kazbek Saidaliev,2009-06-27,14-3-0,38
162260,Kazim Khan,2018-04-27,8-2-0,
147041,Kazuhiro Kishida,2020-01-19,2-5-0,
323805,Kazuhiro Tanaka,2025-04-13,1-1-0,
143209,Kazuhisa Tanaka,2015-03-15,3-6-0,
143108,Kazuhito Suzuki,2015-02-08,12-3-0,
170461,Kazuho Ikeda,2017-03-05,1-9-0,
154398,Kazuki,2012-10-21,13-18-9,
127408,Kazuki Date,2014-02-09,2-5-3,
143109,Kazuki Hagiwara,2015-02-08,9-16-0,
40176,Kazuki Itaya,2009-03-13,6-7-3,
146963,Kazuki Kasai,2015-05-24,12-6-0,36
197664,Kazuki Morii,2021-05-30,0-3-0,
321296,Kazuki Okamura,2025-02-11,2-4-0,
330305,Kazuki Omura,2025-08-10,2-1-0,
139169,Kazuki Shibuya,2014-11-02,13-13-1,46
259264,Kazuma Kinoshita,2022-12-11,5-1-2,31
182311,Kazuma Kuramoto,2017-12-17,11-4-0,
96493,Kazuma Maruyama,2012-05-20,15-10-0,42
321290,Kazuma Mizushima,2025-02-11,3-2-0,
39521,Kazuma Sone,2009-02-08,23-21-1,
111355,Kazumasa Majima,2013-03-03,20-6-0,40
37218,Kazumasa Otani,2007-05-04,0-1-2,
71333,Kazumasa Sugawara,2010-10-24,8-9-1,
160522,Kazumasa Tsubouchi,2019-04-28,5-4-0,
152384,Kazunari Kimura,2015-11-01,5-5-0,
146405,Kazunari Konishi,2015-05-30,1-9-1,
62624,Kazuo Miyazawa,2010-03-14,1-7-4,
288745,Kazusa Kurobe,2023-10-21,7-2-1,24
133520,Kazuto Murokawa,2014-07-20,4-3-2,
186406,Kazuya Iwasa,2018-04-08,4-4-0,
303814,Kazuya Kato,2025-02-11,0-4-0,
21984,Kazuya Satomoto,2001-12-16,12-13-1,
34977,Kazuya Tamura,2005-07-08,2-2-2,
48571,Kealii Kanekoa,2018-08-04,2-5-0,
252694,Keanan Patershuk,2022-09-17,7-5-0,38
186311,Keaneo Moyer,2017-09-30,6-6-0,
164792,Keaton Gatzmer,2018-11-16,0-7-0,
328852,Kederideng Meng,2024-08-09,0-1-0,
164595,Keegan Blanco,2018-03-30,2-2-0,
173523,Keegan Witbeck,2018-10-13,6-3-0,
123940,Keeton Gorton,2014-07-18,6-6-0,
192461,Kegan Agnew,2018-08-11,5-2-0,
162443,Kegan Gennrich,2015-05-30,12-5-0,38
138984,Kei Iwaki,2014-11-16,1-6-3,
321285,Kei Maekawa,2025-05-06,2-0-0,
281457,Kei Nagisa,2023-07-09,0-2-0,
113032,Kei Tamura,2012-12-16,3-2-0,
237827,Kei Toubou,2019-04-07,1-5-0,
127889,Keigo Takayama,2014-07-27,3-3-0,
238972,Keiichiro Kudo,2013-12-15,9-9-1,38
277756,Keiji Murakami,2023-04-23,4-1-0,
170454,Keilen Fantroy,2020-09-11,4-6-0,
202311,Keir Harvie,2018-12-08,9-5-2,33
264739,Keisuke Iwaki,2022-10-10,0-1-0,
148649,Keisuke Iwata,2015-03-29,6-5-0,
308683,Keisuke Masuda,2026-05-04,0-1-0,
161707,Keisuke Sasu,2016-03-21,14-5-1,38
160633,Keisuke Tachibana,2018-02-04,3-3-0,34
190596,Keita Fukushima,2018-05-13,7-5-0,
51937,Keita Ishibashi,2009-09-04,12-11-2,51
21548,Keita Nakamura,2003-10-12,36-12-2,
302058,Keita Taguchi,2024-04-29,2-4-0,
213128,Keitano Fournillier,2019-07-06,0-3-0,
82405,Keith Bell,2010-02-27,11-9-1,
26543,Keith Berry,2005-12-02,17-15-1,
115503,Keith Carson,2013-05-04,7-8-0,
73868,Keith Cutrone,2016-03-04,3-1-0,
161271,Keith Lee,2017-01-13,8-5-0,
120511,Keith McCabe,2016-04-02,3-6-1,
193517,Keith Olson,2018-01-06,4-2-0,
125830,Keith Phathaem,2018-08-17,2-3-1,
48323,Keith Richardson,2009-05-02,22-11-0,
133162,Keith Speed,2017-07-28,7-10-0,44
226251,Keito Yamakita,2020-02-16,13-1-0,32
164238,Kelly Clayton,2018-04-14,2-2-0,
165330,Kelly DAngelo,2016-09-30,5-4-0,
104339,Kelly Faszholz,2013-06-22,4-2-0,
10882,Kelly Kobold-Schmitz,2002-07-05,20-3-2,
255976,Kelly Staddon,2023-07-08,4-2-0,32
298252,Kellyson Souza,2024-03-08,2-2-0,
220887,Kelsey Arnesen,2020-09-04,2-3-0,
205693,Kelton Sneve,2023-11-11,6-1-0,27
213240,Kelvin Bowen,2020-02-23,3-3-0,
100145,Kelvin Gentapanan,2019-10-04,1-0-0,
180834,Kelvin Rayford,2016-07-23,5-4-0,
185172,Kelvin Sterling,2022-05-20,0-2-0,
47454,Kelvin Tiller,2011-09-10,12-5-0,
312780,Kelvin Torres,2018-05-04,0-1-0,
94418,Kemmyelle Haley,2012-07-28,7-7-0,
81228,Kemran Lachinov,2013-02-01,10-3-0,
179740,Ken Asahina,2017-09-02,12-7-0,37
162672,Ken Beverly,2016-04-09,11-6-0,
275564,Ken Burrs,2024-02-23,0-1-0,
121939,Ken Coulter,2015-06-13,6-9-0,
60951,Ken Porter,2013-03-23,11-6-0,
170998,Kenan Jackson,2019-05-10,6-4-0,35
158784,Kenan Jafarli,2014-06-12,23-14-0,
137687,Kendall Carnahan,2015-09-26,7-1-0,
22088,Kendall Grove,2003-07-27,24-19-0,
159942,Kendall Lewis,2019-03-02,2-3-0,
224076,Kendall Whited,2025-05-09,2-1-0,
184299,Kendly St. Louis,2018-01-18,11-6-0,41
269983,Kendon Lee Kayser,2025-02-22,2-3-0,
275264,Kendra McIntyre,2023-03-15,3-4-0,
111053,Kendrick Latchman,2014-05-16,10-11-0,
143482,Kengo Fujita,2015-03-01,8-8-2,
258048,Kengo Sasaki,2019-12-08,3-3-0,
323058,Kenia Enriquez,2025-03-13,3-0-0,
138737,Kenia Rosas Martinez,2016-07-22,3-4-0,
2211,Kenichiro Togashi,2001-07-27,19-17-5,
234349,Kenji Arakaki,2013-12-15,3-5-1,
50584,Kenji Kato,2009-09-27,17-15-0,
91823,Kenji Mabuchi,2012-02-05,5-5-2,
298345,Kenji Sasazaki,2024-02-25,3-2-0,
83172,Kenji Yamanaka,2012-07-21,11-10-1,
240635,Kenjiro Taira,2021-11-14,5-4-1,
69988,Kenn Glenn,2011-07-30,10-10-0,
155817,Kennedy Nzechukwu,2016-11-05,14-6-1,38
197855,Kennedy Rayomba,2018-10-20,7-6-0,0
208670,Kenneth Agosto,2022-03-19,4-3-0,34
142997,Kenneth Bergh,2013-05-25,9-1-0,
163661,Kenneth Cross,2016-03-26,17-5-0,34
244951,Kenneth Maningat,2021-08-27,7-4-0,
103976,Kenneth Richmond,2015-07-25,4-2-1,
56321,Kenneth Rivera,2019-06-14,0-1-0,
229830,Kenneth Sabino,2021-06-05,0-6-0,
38343,Kenneth Seegrist,2008-09-20,5-7-0,
285327,Kenneth Thomas,2025-11-09,2-1-0,
195327,Kenny Champion,2019-10-19,4-5-0,0
31099,Kenny Foster,2009-02-06,12-13-0,
72084,Kenny Gaudreau,2010-02-28,10-13-0,
144389,Kenny Licea,2015-10-23,4-5-0,
154958,Kenny Mokhonoana,2021-06-05,7-3-0,31
148949,Kenny Porter,2017-07-22,5-2-0,
18121,Kenny Robertson,2008-03-22,15-7-0,
264484,Kenshi Otsuru,2022-09-11,0-2-0,
224893,Kenshi Shimooka,2019-04-29,0-2-0,
293464,Kensuke Morimoto,2023-11-19,2-2-0,
64604,Kent Kauppinen,2009-09-19,13-7-0,
110592,Kenta Hattori,2013-02-11,6-6-1,
252784,Kenta Hayashi,2022-03-13,9-6-0,40
282148,Kenta Ide,2023-08-20,0-5-1,
245682,Kenta Iwamoto,2021-09-20,3-0-0,
125882,Kenta Maruhata,2015-04-12,0-3-0,
76034,Kenta Sakuma,2011-04-01,11-4-2,
28198,Kenta Takagi,2008-12-06,17-21-0,
114050,Kenta Takizawa,2014-05-25,15-13-0,50
297368,Kenta Yoneizumi,2025-02-11,1-4-0,
321289,Kentaro Furihata,2025-02-11,0-3-0,
16613,Kentaro Watanabe,2008-03-23,13-12-0,
258701,Kento Azumi,2022-06-05,4-3-2,26
237527,Kento Imai,2021-07-25,12-4-0,29
161285,Kento Mizutani,2017-12-10,4-9-0,
127411,Kento Yamamoto,2014-02-23,12-12-1,44
169004,Kenzo Hirokawa,2017-02-05,1-3-0,
246369,Kenzo Miyake,2021-11-07,5-3-1,0
61845,Keoni Diggs,2014-05-26,10-3-0,
161428,Keremuaili Maimaitituoheti,2015-08-07,31-16-0,49
166297,Keri Melendez,2016-11-19,6-0-0,
41471,Kerim Engizek,2011-11-26,24-5-0,41
82681,Keron Bourne,2009-08-22,7-1-0,
195298,Keron Reed,2022-08-26,5-3-0,
145197,Kerri Kenneson,2017-05-12,3-2-0,
104967,Kerry Hughes,2013-08-03,3-5-0,
102410,Kester Mark,2012-08-24,6-5-1,
183460,Ketlen Souza,2016-12-10,17-6-0,36
135975,Kevem Felipe,2014-08-16,10-9-0,39
58629,Kevin Aguilar,2010-12-03,17-5-0,
33461,Kevin Amador,2006-03-25,10-11-0,
62676,Kevin Barberena,2011-06-25,8-8-0,
114164,Kevin Boehm,2016-04-16,10-10-0,41
179772,Kevin Borjas,2018-07-27,11-5-0,33
204489,Kevin Bowen,2019-02-13,1-0-1,
133065,Kevin Carrier,2017-10-20,5-2-0,34
4335,Kevin Casey,2007-09-17,9-6-2,
157057,Kevin Christian,2014-09-29,9-4-0,31
147008,Kevin Cordero,2017-03-04,15-6-0,33
68703,Kevin Croom,2009-02-07,25-15-0,54
227752,Kevin Enz,2023-03-04,6-5-0,28
162924,Kevin Ferguson Jr.,2016-11-19,3-3-0,
240960,Kevin Fernandez,2021-06-04,9-1-0,28
88002,Kevin Fryer,2015-03-08,8-4-0,
169272,Kevin Garcia,2013-06-15,10-8-0,37
143483,Kevin Genereux,2015-03-28,4-5-0,
83872,Kevin Goodin,2014-10-17,2-1-0,
191140,Kevin Gordillo,2018-05-05,0-3-0,
107984,Kevin Gray,2012-11-30,9-7-0,
84790,Kevin Haley,2013-04-13,6-6-0,
161977,Kevin Hangs,2015-11-07,15-9-0,46
100357,Kevin Holland,2015-03-28,29-15-0,48
258880,Kevin Kent,2022-05-15,2-2-0,
96296,Kevin Koldobsky,2011-11-27,11-7-0,
127380,Kevin Martinez,2025-09-07,0-1-0,
56134,Kevin Messer,2022-08-20,1-1-0,
83758,Kevin Michel,2011-06-04,5-7-0,
136709,Kevin Moreyra,2015-07-15,10-3-0,
101677,Kevin Morin,2015-01-24,1-4-0,
204987,Kevin Munje,2022-03-25,3-2-0,0
86951,Kevin Natividad,2016-11-19,10-5-0,37
6058,Kevin Nowaczyk,2007-09-26,22-4-0,
98363,Kevin Oumar,2013-10-26,10-5-0,36
191422,Kevin Pease,2021-11-06,8-0-0,29
66520,Kevin Perez,2017-02-18,0-1-0,
109200,Kevin Petshi,2012-12-29,19-6-0,40
281946,Kevin Quiroz,2023-07-07,2-3-0,
90805,Kevin Ray Sears Jr.,2015-04-25,9-8-0,
238712,Kevin Rosas,2023-01-29,6-2-0,25
133508,Kevin Ruart,2014-06-07,12-9-0,0
176110,Kevin Soza,2023-04-01,0-1-0,
130441,Kevin Syler,2014-04-03,10-1-0,
148931,Kevin Szaflarski,2015-10-30,11-2-0,
244904,Kevin Vallejos,2021-09-04,18-1-0,27
77591,Kevin Wirth,2016-05-14,8-3-0,
117929,Kevin Woltkamp,2015-11-21,2-3-0,
160503,Keweny Lopes,2015-12-18,11-5-1,36
144431,Keyes Nelson,2017-10-20,1-4-0,
315171,Keyi Wu,2024-08-09,1-2-0,
231510,Keynan Davis,2023-10-27,2-3-0,
337585,Keyshawn Mcenerney,2025-05-10,0-1-0,
307665,Khabib Gaziev,2024-08-23,3-3-0,
223742,Khabib Nabiev,2019-12-13,12-0-0,0
131160,Khadzhimurat Bestaev,2013-08-25,11-7-0,
184094,Khai Wu,2018-02-03,8-5-0,34
223068,Khaled Amr,2021-09-23,6-1-0,22
172056,Khaled Laallam,2021-09-04,7-1-0,0
263817,Khaled Tarraf,2021-04-11,2-2-0,
141459,Khalid Murtazaliev,2013-06-27,17-3-0,
104583,Khalid Taha,2013-04-06,17-6-0,38
79751,Khalil Rountree,2014-06-06,14-8-0,45
88017,Khamid Sultanbiev,2010-06-05,7-6-0,
205424,Khamzat Chagaev,2021-12-11,1-2-0,
186918,Khamzat Chimaev,2018-05-26,15-1-0,34
246019,Khamzat Maaev,2020-09-19,6-1-0,0
325184,Khanim Bashirova,2025-02-22,1-2-0,
222263,Khasan Magomedsharipov,2019-12-06,11-0-0,26
169340,Khasein Shaikhaev,2016-08-17,8-1-0,30
254397,Khatanbaatar Khuukhenkhuu,2023-02-17,5-2-0,
159907,Khaylash Tillack,2015-10-24,1-3-0,
182864,Khazar Rustamov,2018-09-16,6-5-0,
241459,Kher Khalifa Eshoushan,2021-06-18,1-1-0,
289972,Khetag Moroav,2025-06-15,2-1-0,0
150636,Khetag Pliev,2015-09-05,5-2-0,
253355,Khilola Sobirova,2019-03-30,5-4-0,
14218,Khomkrit Niimi,2003-08-16,6-10-0,
182316,Khonry Gracie,2018-01-20,2-2-0,
249456,Khotam Boynazarov,2021-09-15,13-0-0,0
131767,Khunkar-Pasha Osmaev,2012-03-18,11-8-0,
180246,Khurshed Kakhorov,2017-09-23,13-2-0,35
194450,Khurshed Nazarov,2015-03-28,10-2-1,28
347237,Khusankhoja Nurmukhammedov,2025-12-05,1-1-0,
274265,Khusen Isomiddinov,2025-02-22,1-2-0,
248207,Kibedy Gordon,2021-11-19,8-2-0,27
62348,Kiefer Crosbie,2016-04-02,10-6-0,36
268772,Kieran Hernandez,2023-04-22,0-2-0,
57713,Kieran Joblin,2009-12-05,27-17-0,55
88676,Kieran Lister,2017-11-25,7-3-2,
159914,Kieran OBrien,2016-05-21,5-4-0,
129124,Kierandip Singh Sahota,2018-09-29,13-5-0,37
38835,Kiichi Kunimoto,2006-03-19,21-13-2,57
102904,Killys Mota,2013-11-23,15-4-0,
118244,Kimihiro Eto,2013-07-15,23-7-2,
86806,Kinberly Tanaka Novaes,2011-09-03,9-6-0,
157447,Kinga Jendrasik,2018-05-12,3-3-0,
148297,Kingsley Crawford,2018-05-13,8-4-0,
83673,Kinny Spotwood,2011-05-21,3-4-0,
237971,Kirato Haebara,2020-11-29,6-2-2,24
176784,Kirill Fomenkov,2017-03-25,7-6-1,
155176,Kirill Horobets,2015-06-13,14-5-0,38
168739,Kirill Khomitsky,2012-08-18,9-3-0,
258730,Kirill Kirill,2017-03-23,0-1-0,
89610,Kirill Medvedovsky,2010-11-12,12-22-0,
38653,Kirill Sidelnikov,2007-01-20,15-7-0,
170464,Kisa Miyake,2015-08-02,13-6-0,32
159603,Kishvar Yusufbekov,2016-04-23,0-3-0,
158565,Kisugi Endo,2014-08-31,17-17-5,54
160628,Kiyoshiro Akasaki,2017-03-12,9-10-0,
18026,Kiyotaka Shimizu,2008-06-29,25-16-3,
241451,Kiyoyuki Sakai,2021-07-04,1-4-0,
86917,Klayton Mai,2011-09-10,8-3-0,
30828,Kleber Koike Erbst,2008-09-28,36-9-1,47
19357,Kleber Silva,2008-05-24,22-17-0,
158045,Kleberson Sousa,2015-02-14,8-6-1,32
164633,Kleverson Cruz,2016-08-13,13-11-1,42
162470,Kleydson Rodrigues,2015-01-17,9-4-0,
101551,Klidson Abreu,2011-11-13,17-10-0,45
139908,Klinger Pinheiro Ferreira,2015-02-21,10-6-0,37
85789,Kobe Wall,2016-07-30,4-3-0,
101235,Kodai Murata,2013-11-03,16-12-1,46
240636,Kodai Sudo,2022-05-22,6-2-0,
237864,Kodai Yamasaki,2020-11-29,10-6-0,33
178573,Kodirhon Ganiev,2016-10-02,13-14-0,0
133174,Kody Murray,2021-08-06,1-0-0,
83911,Kody Nordby,2012-01-13,9-6-0,
247995,Kody Steele,2022-02-06,8-1-0,31
22154,Koetsu Okazaki,2004-04-11,10-5-1,
246404,Kofi Marshall,2021-12-04,0-9-0,
153695,Koha Minowa,2015-11-08,15-6-0,33
158109,Kohei Harazoe,2016-01-31,5-3-3,
202822,Kohei Kiriyama,2018-10-08,4-2-0,
37403,Kohei Kuraoka,2004-10-30,13-13-2,
145226,Kohei Maeda,2019-03-17,11-9-1,40
235549,Kohei Osera,2021-01-31,0-1-0,
144600,Kohei Sugiyama,2016-03-27,16-10-0,38
299068,Kohei Uoyama,2024-03-24,2-2-0,
183783,Kohei Wakabayashi,2018-01-21,8-2-1,
298342,Kohei Yamada,2024-02-25,1-3-0,
131971,Kohl Laren,2023-02-16,6-5-0,33
163101,Kohlman Scribner,2017-06-17,3-3-0,
246366,Koichiro Yamashita,2021-11-07,1-7-2,
153696,Koji Aoyagi,2016-06-19,12-7-1,37
133050,Koji Ichimizu,2019-06-16,0-2-1,
152406,Koji Kanda,2015-11-01,10-12-3,43
47396,Koji Nakamura,2009-06-07,16-18-4,62
127688,Koji Oka,2015-12-06,0-2-0,
169462,Koji Takeda,2017-08-25,19-8-0,41
127700,Koji Wariishi,2018-04-15,0-3-1,
192548,Koki Hirasawa,2018-06-30,4-7-1,
174871,Koki Morita,2019-03-30,1-3-0,
125651,Koki Naito,2013-09-22,14-10-3,45
257761,Kolbe Ayikoue,2025-10-04,0-2-0,
323787,Kole Skaflestad,2017-12-16,1-0-0,
82781,Kolton Englund,2014-06-13,15-5-0,42
125275,Komandor Ogly,2012-09-07,10-9-0,
123029,Komei Kimura,2015-09-13,2-6-0,
290691,Komronbek Ortikov,2023-05-31,1-1-0,
172941,Kona Oliveira,2018-07-20,2-3-0,
182547,Konklak Suphisara,2018-01-13,10-5-0,35
90277,Konmon Deh,2011-12-10,15-12-0,
79355,Konrad Iwanowski,2013-06-01,7-5-0,
94720,Konstantin Erokhin,2012-04-06,10-4-0,
149789,Konstantin Soldatov,2015-05-09,5-3-0,
153944,Konstantinos Ntelis,2018-01-13,11-3-0,27
80442,Korey Kuppe,2013-11-16,11-6-0,
197389,Korey Taylor,2023-05-06,6-2-0,32
211540,Korey Windham,2022-11-26,5-2-0,0
115200,Kory Moegenburg,2016-01-09,3-7-0,
58985,Kosei Sugihara,2015-03-01,4-5-1,
252783,Kosei Takahashi,2022-03-21,2-2-0,
264914,Koshen Akanov,2022-07-30,7-1-0,28
40850,Koshi Matsumoto,2009-01-31,24-15-2,69
298360,Koshi Misaki,2024-10-20,1-3-0,
74931,Kostadin Vasilev Enev,2010-11-13,12-11-0,52
37766,Kosuke Eda,2006-02-19,14-17-6,
154392,Kosuke Horikawa,2015-12-06,5-5-5,
343211,Kosuke Inada,2026-02-11,0-2-0,
282146,Kosuke Kinoshita,2023-07-23,0-3-1,
282145,Kosuke Oishi,2023-07-23,0-1-1,
29902,Kosuke Sakai,2008-09-07,2-2-0,
60100,Kosuke Suzuki,2010-01-23,14-12-3,
3142,Kota Ishibashi,2007-06-16,6-8-1,
161284,Kota Kawabata,2016-10-02,4-2-1,
84455,Kota Kondo,2011-07-03,9-7-1,
160625,Kota Matsui,2017-11-12,1-4-0,
49212,Kota Onojima,2009-03-20,16-6-3,
226252,Kota Sahara,2020-02-16,1-0-0,
179433,Kota Saito,2017-11-19,2-1-0,
180022,Kota Shirakawa,2019-04-07,6-6-0,
171966,Kota Shishido,2017-04-23,3-2-1,
312792,Kota Tomori,2024-11-10,4-1-0,
78964,Kotaro Hagiwara,2011-02-26,7-5-6,41
254947,Kotaro Owada,2022-04-29,1-5-0,
241244,Kotaro Tamefusa,2021-05-30,0-1-0,
242291,Kotomi Shintani,2021-07-24,4-2-0,
322841,Kouki Kato,2025-03-23,0-1-2,
195563,Kouki Nakagawa,2017-12-17,13-6-0,35
324196,Kouki Sano,2025-05-11,2-1-1,
286671,Kousei Sugino,2023-09-24,4-1-0,24
48033,Kousuke Kindaichi,2009-06-06,11-4-2,
274771,Kousuke Naoshima,2023-04-23,0-5-2,
303835,Koutarou Musha,2024-06-30,3-0-0,
142421,Koyomi Matsushima,2015-02-11,15-8-0,42
203976,Koyuru Tanoue,2019-01-27,11-5-0,30
167101,Kris Berberich,2016-11-16,5-12-0,
61562,Kris Edwards,2010-02-20,13-12-0,
111592,Kris Moutinho,2016-09-23,15-8-0,44
191032,Kris Vereen,2019-01-19,9-2-0,
210462,Kris Williams,2022-07-29,3-0-0,
91615,Kristi Lopez,2014-01-18,2-1-1,
150561,Kristien Ruffin,2021-11-19,2-3-0,
200319,Kristina Katsikis,2019-06-15,1-3-0,
190089,Kristina Pettigrew,2019-12-13,4-3-0,
172517,Kristina Williams,2017-10-20,8-4-0,
180013,Kristine Ion-Rood,2018-03-10,1-0-0,
192804,Kristjan Toniste,2024-03-30,5-2-0,0
237016,Kristof Kirsch,2021-10-10,2-2-0,
167220,Krisztian Simon,2017-04-07,11-7-0,
138862,Kritsada Kongsrichai,2014-08-23,7-9-0,
139061,Kron Gracie,2014-12-23,5-3-0,
55066,Krzysztof Jotko,2010-06-18,30-6-0,49
170753,Kseniia Guseva,2016-12-08,4-1-1,
172559,Kuanysh Shrynbekov,2017-04-29,0-1-0,
235233,Kuitty Begaj,2020-12-18,6-5-0,
114348,Kuldeep Singh Sekhon,2013-02-22,9-4-0,
262496,Kun Song,2015-09-14,0-1-0,
237888,Kun Zhou,2019-04-20,13-6-0,0
139490,Kunihisa Sasa,2017-02-24,10-6-1,40
114042,Kunio Nakamura,2016-03-19,5-2-0,
212988,Kunta Hashimoto,2019-04-28,7-2-0,
84868,Kurban Gadzhiev,2011-07-08,20-6-0,41
251925,Kurban Idrisov,2023-09-02,9-0-0,0
251923,Kurban Zainukov,2024-01-20,5-0-0,0
232256,Kurbonsho Jamolov,2020-09-19,3-3-0,
99190,Kurstan Davenport,2013-10-11,1-10-0,
70328,Kurt Holobaugh,2011-03-12,22-10-0,49
161102,Kurtis Ellis,2022-05-21,3-9-0,
282709,Kurumi Ueki,2025-10-26,0-0-1,
141233,Kushal Vyas,2015-06-27,11-20-0,
235309,Kuttubek Amanov,2020-08-31,1-5-0,
182269,Ky Bennett,2017-12-01,3-3-0,
181548,Kye Stevens,2019-10-19,4-4-0,
44468,Kyle Aguon,2008-07-25,14-12-0,
88325,Kyle Bochniak,2014-01-24,11-7-0,
182784,Kyle Broadwater,2019-03-03,1-8-0,
265492,Kyle Clark,2024-12-14,2-2-0,32
194985,Kyle Crutchmer,2018-06-09,10-2-0,
85564,Kyle Daukaus,2017-02-18,17-5-0,39
103517,Kyle Driscoll,2016-04-22,15-4-0,38
117810,Kyle Estrada,2015-04-10,14-10-0,48
176312,Kyle Frost,2017-11-10,4-0-0,
256154,Kyle Hill,2023-09-15,5-1-0,25
185942,Kyle Kahler,2022-04-29,1-3-0,
142469,Kyle Kurtz,2015-01-16,11-11-0,
217814,Kyle Lindner,2020-10-03,2-3-0,
200771,Kyle Mayocchi,2024-04-20,6-0-0,0
146792,Kyle Noblitt,2015-05-09,11-2-0,
86850,Kyle Oliveira,2011-09-10,3-2-0,
168243,Kyle Powell,2018-10-13,1-3-0,
247684,Kyle Pufahl,2023-07-08,7-4-0,29
45015,Kyle Reyes,2009-03-27,15-7-0,
96821,Kyle Stewart,2015-07-25,15-7-0,
239412,Kyle Todrank,2023-12-03,6-2-0,0
113157,Kyle Villarreal,2017-02-17,0-2-0,
71099,Kyle Vivian,2010-08-20,0-8-0,
111296,Kyle Walker,2013-02-09,2-5-0,
186087,Kyle Wright,2018-07-28,3-4-0,
190005,Kyle Zimick,2023-01-13,4-2-0,
238956,Kyler Fairchild,2022-09-10,2-2-0,
144424,Kyler Phillips,2016-03-04,12-5-0,36
161099,Kyles Vang,2021-09-24,1-2-0,
162705,Kylie OHearn,2018-08-18,6-2-0,0
162216,Kyohei Wakimoto,2016-09-04,4-4-0,
65742,Kyoji Horiguchi,2010-05-09,36-6-0,49
259030,Kyoma Akimoto,2022-06-26,12-1-0,22
268605,Kyonosuke Takayanagi,2022-11-23,5-4-0,
125874,Kyosuke Masuda,2016-03-27,3-5-0,
108950,Kyra Batara,2014-03-28,8-5-0,
131794,Kyron Bowen,2017-01-07,10-12-0,41
156804,Kyu Kitano,2016-02-28,3-5-1,
142827,Kyung Pyo Kim,2015-02-01,15-5-0,37
332705,Kyven Gadson,2025-10-25,4-0-0,0
214076,Kywan Gracie,2019-07-27,1-1-0,
84513,L West,2012-07-13,1-5-0,
33123,L.C. Davis,2006-02-25,23-8-0,
149880,L.J. Hermreck,2015-08-08,4-5-0,
29220,L.J. Schulz,2007-06-01,7-5-0,
96824,L.J. Torres,2019-09-20,3-3-1,
41932,Lacey Sears,2009-01-16,12-10-0,
115745,Ladarious Jackson,2013-06-14,6-6-0,
181626,Ladislav Majernik,2012-10-28,2-2-0,
153178,Laid Zerhouni,2015-06-06,15-10-0,36
197001,Laird Anderson,2018-09-29,4-0-0,
346358,Laisa Silva,2026-05-29,1-0-0,
221125,Laith Kayyali,2020-03-06,1-2-0,
174164,Lajuan Davis,2019-08-03,8-2-0,30
196655,Laky Royal,2018-09-15,0-1-0,
159326,Lamar Brown,2016-02-27,5-3-0,
91809,Lamar Gosey,2018-06-30,3-1-0,
193984,Lance Abbott,2020-01-10,1-0-0,
156772,Lance Gibson Jr.,2017-12-09,10-2-0,31
130246,Lance Lawrence,2016-02-06,9-5-0,37
145932,Lance Lee,2019-08-30,1-5-0,
152291,Lance Lee,2022-09-09,0-4-0,
83639,Lance Palmer,2011-05-20,23-8-0,
159026,Lance Wright,2016-02-06,7-5-0,34
128359,Lanchana Green,2014-02-22,5-5-1,
84630,Lando Vannata,2012-05-12,12-8-2,40
339333,Landon Erickson,2026-05-31,0-1-0,
186366,Landon Quinones,2017-11-19,7-4-1,33
190063,Landry Ward,2019-10-04,11-3-0,33
247950,Lane Coggins,2025-08-09,3-0-0,21
261879,Lane Roe,2025-06-28,3-1-0,22
298358,Langdi Xie,2024-03-02,3-1-1,25
47998,Lanny Dardar,2009-06-26,15-8-0,
176880,Laqie Sun,2016-11-26,0-2-0,
130582,Lara Procopio,2015-09-12,9-2-0,
180360,Larissa Mayara Carvalho,2017-10-21,4-3-0,
120387,Larissa Pacheco,2012-03-15,23-5-0,
168131,Larkyn Dasch,2019-04-12,0-2-0,
65370,Larry Crowe,2010-04-09,10-8-0,
45225,Larry Garcia,2009-04-11,1-10-0,
207575,Larry Gonzales,2021-12-04,8-5-0,35
28417,Larry Hopkins,2008-07-26,3-16-0,
91231,Larue Burley,2012-09-15,11-4-0,
255740,Laryssa Leila,2022-03-27,2-3-0,
227012,Lasha Abramishvili,2021-03-20,12-2-1,37
136187,Lashawn Alcocks,2014-03-22,8-13-1,
158333,Lateesha Potoka,2024-08-16,2-3-0,
179648,Lathon Lawson,2017-07-22,0-3-0,
82258,Latral Perdue,2011-04-28,1-15-0,
172339,Laura Gallardo,2019-04-04,4-3-0,
203890,Laura Huizar,2019-02-08,3-4-0,
302306,Laura Kirtzel,2024-05-04,2-0-0,
149565,Lauren Mueller,2015-07-11,5-4-0,
156081,Laurynas Urbonavicius,2016-01-23,15-2-0,38
197032,Lawanda Honorato,2018-05-05,0-3-0,
113148,Lawrence Jordan Tracey,2016-12-03,5-5-0,
209441,Lawrence Lui,2021-07-10,8-1-0,30
258628,Lawrence Mukiibi,2022-04-24,3-3-0,
213928,Lawrence Phillips,2023-02-04,3-3-0,
222552,Layton Kayne,2023-05-20,5-1-0,0
5339,Lazar Stojadinovic,2007-09-26,14-9-0,
141203,Lazar Todev,2014-12-13,14-7-0,0
235221,Lazaro Dayron,2021-06-25,11-0-1,35
267750,Lazaro Junior,2022-09-24,4-1-0,0
158103,Lazaro Matheus,2014-11-08,2-2-0,
212067,Lazaro Perez,2019-06-15,0-3-0,
133257,Leah McCourt,2017-06-24,8-4-0,
205897,Leandro Alves,2018-12-22,0-1-0,
255841,Leandro Antunez,2022-08-13,5-3-1,28
101908,Leandro Charles,2012-05-19,0-3-0,
161405,Leandro Gomes,2016-06-26,6-3-0,
66492,Leandro Higo,2006-05-04,23-8-0,48
180556,Leandro Lima,2016-07-29,8-12-0,
121624,Leandro Martins Oliveira,2013-10-05,7-4-0,
232098,Leandro Mesquita,2020-09-20,4-7-0,
201483,Leandro Reis,2017-08-19,4-1-0,
173511,Leandro Santos da Silva,2016-12-16,10-5-0,35
88444,Leandro Silva,2008-05-10,30-12-1,
130590,Leandro Soares,2014-08-10,10-6-1,
242513,Leandro Solano,2021-07-03,7-2-0,30
188425,Leandro da Silva Pereira,2018-03-03,14-3-0,30
36465,Lee Chadwick,2006-09-16,31-19-1,
154019,Lee Hammond,2021-11-19,6-1-0,29
73959,Lee Henry Lilly,2012-02-04,7-5-0,
46270,Lee Morrison,2007-05-17,19-9-0,
128751,Lee Percival,2017-09-16,1-3-0,
5099,Leeroy Barnes,2007-10-14,16-17-0,
319935,Leeroy Ruiz,2026-07-25,1-0-0,
305012,Lei Li,2023-12-22,4-2-0,
242142,Leidiane Fernandes,2020-09-27,7-3-0,36
103864,Leigh Mitchell,2018-06-02,5-4-0,
167611,Leigha Aurisch,2016-12-03,0-3-0,
174156,Leivon Lewis,2018-03-30,5-4-0,33
45653,Lena Ovchynnikova,2006-09-09,12-7-0,
180818,Lenno Rodrigo Pinheiro da Silva,2017-11-04,9-8-2,
154018,Leo Brichta,2017-10-12,14-7-0,33
118120,Leo Leite,2013-06-23,11-2-0,
88616,Leo Muniz,2013-06-14,8-3-0,
5514,Leo Pla,2007-02-10,12-9-0,
82425,Leo Valdivia,2011-02-26,5-4-0,
113630,Leomana Martinez,2016-09-16,10-6-0,34
160012,Leon Aliu,2016-04-24,11-6-0,42
249908,Leon Armes,2023-11-25,3-2-0,0
62999,Leon Davis,2009-12-05,11-3-0,
63931,Leon Edwards,2011-06-05,22-6-0,45
171394,Leon Hill,2020-09-26,10-2-0,0
279810,Leon Mackey Jr.,2024-07-12,0-1-0,
127943,Leon Shahbazyan,2016-06-25,12-5-0,36
202593,Leon Soares,2018-07-21,10-4-0,33
137087,Leon Taylor,2018-09-21,2-5-0,
109079,Leonan Fernandes,2012-12-22,1-3-1,
134018,Leonardo Alves Carvalho,2015-04-18,3-5-0,
25604,Leonardo Carvalho Muller,2005-06-23,11-6-1,
299406,Leonardo Carvalho,2024-03-09,5-0-0,0
94676,Leonardo Cavalheiro da Silva,2011-12-17,10-5-0,36
218181,Leonardo Cerboni,2019-09-28,9-1-0,0
140863,Leonardo Chagas de Souza,2015-09-27,0-5-0,
167639,Leonardo Damiani,2016-11-20,13-8-1,
160382,Leonardo Fraga,2016-04-09,2-3-0,
164756,Leonardo Genuino,2016-08-13,4-2-1,
104950,Leonardo Limberger,2012-11-10,16-10-0,
78653,Leonardo Mafra Texeira,2011-02-19,15-7-0,
272660,Leonardo Mesquita,2024-05-18,2-3-0,
101662,Leonardo Morales,2012-09-01,15-11-0,41
100401,Leonardo Moura,2012-07-27,2-3-0,
17200,Leonardo Paixao,2007-05-12,3-4-0,
176755,Leonardo Patino Vasquez,2016-10-01,0-3-0,
91731,Leonardo Rodriguez,2010-12-04,12-3-1,
185664,Leonardo Santana,2018-04-07,5-1-0,
122935,Leonardo Silva,2013-08-31,22-10-0,45
137111,Leonardo Sinis,2014-06-10,10-6-1,
150711,Leonardo Souza,2015-08-27,2-2-0,
187827,Leonardo da Silva Alves Oliveira,2018-05-12,4-1-1,
86253,Leonardo de Oliveira Barbosa,2011-07-09,11-8-0,44
175719,Leonid Timoshenko,2017-05-27,5-2-0,
152749,Lerone Murphy,2016-03-05,17-1-1,39
91440,Leroy Vasquez,2016-01-15,3-0-0,
79140,Lerryan Douglas,2013-06-15,14-5-0,33
181473,Les Morgan,2018-01-17,1-7-0,
193772,Leslie Hernandez,2022-05-06,5-4-0,31
286557,Leslie Jesus,2025-03-29,4-1-0,23
50786,Leslie Smith,2009-03-06,12-9-1,
243017,Lester Batres Jr.,2024-02-04,7-1-0,0
212588,Lethicia Campos Pinheiro,2019-06-15,0-2-0,
200215,Levan Chokheli,2016-04-03,15-3-0,31
252472,Levan Khabalaev,2019-11-30,6-0-0,26
146002,Levi Escobar,2018-10-13,2-1-0,
168479,Levi Matan,2016-04-27,3-2-0,
124599,Levi Mowles,2014-11-14,16-4-0,
49562,Levi Queen,2011-10-22,13-4-0,
241021,Levi Rodrigues,2022-07-16,5-1-0,28
79421,Leville Simpson,2012-11-17,11-6-0,
180584,Levy Carriel,2017-09-24,5-5-0,0
126038,Levy Saul Marroquin,2013-06-29,16-3-0,
196652,Lewis Beattie,2021-10-02,0-2-0,
59767,Lewis Corapi,2010-11-24,8-5-0,
86439,Lewis Gonzalez,2011-09-10,12-4-0,
61254,Lewis Long,2008-12-13,20-8-0,
285013,Lewis Mataya,2024-09-27,3-1-0,27
199595,Lewis McGrillen-Evans,2021-05-08,13-2-0,27
79105,Lewis Monarch,2012-11-18,12-7-0,
199594,Lewis Tams,2018-08-04,3-1-0,
327126,Lewis Urquhart,2026-04-25,0-1-0,
187191,Lezly Hinojosa Compean,2018-04-20,2-2-0,
175492,LiLe Du,2015-09-13,44-15-0,51
170119,Li Tao Miao,2015-10-06,12-8-0,
196882,Liam Anderson,2018-09-21,6-3-0,
148194,Liam Gittins,2018-04-07,13-6-0,0
152495,Liam Gregory,2019-09-14,0-9-0,
247631,Liam Hamill,2024-11-16,4-1-0,0
146961,Liam McCracken,2022-01-22,8-1-0,25
67976,Liam McGeary,2010-05-08,13-4-0,
125487,Liana Ferreira Pirosin,2013-12-14,9-7-0,
313844,Lidia Helena,2024-11-09,1-2-0,
128773,Lijiburen Wu,2014-03-29,20-9-0,
338741,Lin Wang,2025-09-19,1-0-0,
241461,Lina Fayyad,2021-06-18,1-2-0,
149703,Lina Franco,2015-08-01,5-3-0,
121803,Linas Meistavicius,2013-10-06,0-21-0,
156244,Lincoln Barbosa,2015-12-13,5-4-0,
113720,Lincoln Puig,2013-03-09,14-9-0,36
53319,Lincoln de Sa Oliveira,2009-06-27,23-10-1,
207758,Lincon Santos,2019-04-13,10-3-0,28
184783,Linda Mihalec,2019-06-19,2-1-0,
300613,Lindomar Gomes,2024-03-23,0-3-0,
210803,Lindsey Jones,2016-11-05,7-2-0,
150981,Lindsey VanZandt,2017-07-01,8-7-0,38
196558,Lino Macias,2014-03-15,0-4-0,
153822,Linsey Williams,2017-01-20,2-3-0,
29602,Linton Vassell,2008-03-01,26-10-0,57
207832,Lionel Abojer,2018-04-28,11-4-0,32
59888,Lionel Young,2009-06-20,11-26-0,
192681,Liquain Dennen,2018-05-05,0-1-0,
190013,Lirim Rufati,2018-11-16,8-7-0,
134767,Lisa Blaine,2017-06-10,2-3-0,
197490,Lisa Kyriacou,2021-05-07,9-4-0,37
106729,Lisa Mauldin,2018-04-05,6-5-0,
150535,Lisa Verzosa,2018-05-04,6-2-0,
234146,Lisa Zimmo,2024-07-28,4-0-0,32
149720,Lisbeth Lopez Silva,2015-08-01,5-3-0,
120558,Lissette Neri,2013-09-07,6-4-0,
156076,Liudvik Sholinian,2015-10-24,9-3-1,
233476,Livio Ribeiro,2020-10-11,6-0-0,32
68471,Liz Carmouche,2010-03-13,26-8-0,54
88968,Liz Tracy,2015-04-17,7-6-0,
249173,Lizeth Rodriguez Castaneda,2019-04-12,0-1-0,
198359,Lizzy Gevers,2021-03-20,5-3-0,34
188201,Llorrvic Acevedo,2021-07-02,2-2-0,
123603,Lloyd Manning,2016-02-27,2-2-0,
8185,Lloyd McKinney,2007-03-30,16-8-0,
119960,Lloyd Reyes,2013-08-17,4-4-0,
180931,Loai Abushaar,2022-10-22,7-1-0,0
94693,Logan McPadden,2016-01-30,0-2-0,
68322,Logan Nail,2014-02-21,3-2-0,
211253,Logan Neal,2019-11-01,4-5-0,
192953,Logan Paxton,2019-09-07,10-1-0,0
62155,Logan Price,2018-04-14,2-4-0,
150191,Logan Storley,2015-08-21,19-4-0,41
135381,Logan Urban,2018-03-17,6-3-0,
190779,Logan Woods,2018-06-02,5-1-0,
193642,Loibe Neto,2018-07-21,7-6-0,38
154434,Loneer Kavanagh,2019-03-02,10-2-0,29
302444,Long Shen,2024-04-27,4-6-0,
164316,Long Xiao,2016-03-12,27-11-0,46
178249,Longlong Xie,2016-11-06,5-10-0,
161592,Loren Thibodeaux,2020-03-06,6-2-0,
52018,Lorenz Larkin,2009-08-15,27-8-0,
260594,Lorenzo Figueroa,2023-08-18,2-2-0,
51715,Lorenzo Hood,2009-02-14,12-5-0,
118419,Lorenzo Hunt,2015-11-13,3-5-0,
139897,Lorram Esteves,2015-12-06,10-3-0,33
268910,Lorrany Maui,2022-10-28,2-1-0,
206121,Lorrany Santos,2019-11-30,6-3-0,31
204788,Lorren Dullum,2023-12-08,2-3-0,
190722,Losene Keita,2019-10-05,16-2-0,31
183438,Lou Radecki,2017-02-17,4-1-0,
259709,Lou Raimo,2026-04-17,0-1-1,
222907,Louie Sutherland,2021-08-07,11-6-0,35
188038,Louis Cosce,2017-01-14,7-3-0,
45128,Louis Gaudinot,2009-04-17,8-5-0,
160451,Louis Glismann,2016-09-24,12-3-0,
204129,Louis Lee Scott,2020-03-14,10-0-0,26
66107,Louis Smolka,2012-04-28,17-9-0,
179933,Lovethpatra Young,2018-06-10,3-2-1,
81631,Lowen Tynanes,2011-09-25,13-2-0,38
222770,Loxbey Montalvan,2022-11-18,3-0-0,26
150671,Luan Andre Souza Sardinha,2015-08-29,9-2-0,32
187719,Luan Barbosa,2018-04-21,4-3-0,
300512,Luan Felipe Rodrigues Regis,2024-03-29,1-0-0,
94492,Luan Lacerda,2012-03-09,13-4-0,36
151841,Luan Matheus,2015-09-27,14-9-1,
177137,Luan Pedroso,2017-08-05,12-4-0,31
119712,Luan Santiago,2013-04-25,24-8-0,39
214613,Luan Soares,2021-07-24,0-2-0,
166499,Luana Pinheiro,2016-10-09,11-5-0,36
209708,Luana Santos,2021-07-15,11-2-0,29
229495,Lubos Lesak,2021-05-07,2-1-0,
110204,Luc Bondole,2012-10-04,5-3-2,
132132,Luc Ngeleka,2014-05-10,9-4-0,37
84666,Luca Iovine,2014-10-19,15-11-0,
92748,Luca Poclit,2012-03-24,10-3-0,37
89565,Luca Vitali,2011-11-26,11-6-0,
146294,Lucas Alfaia,2015-03-07,9-5-0,
143694,Lucas Almeida,2014-05-31,15-6-0,39
161140,Lucas Almeida,2016-06-11,9-1-0,26
144205,Lucas Almeida Barreto,2017-03-11,4-3-0,
122990,Lucas Alsina,2013-08-16,13-8-0,49
145884,Lucas Alves,2024-03-29,0-2-0,
146275,Lucas Ananias,2014-11-15,18-7-0,36
154858,Lucas Barros Oliveira,2015-12-19,9-3-1,35
204202,Lucas Batista,2018-08-11,9-3-0,32
316499,Lucas Bernardino,2024-11-15,0-2-0,
186268,Lucas Brennan,2019-07-12,11-3-0,28
271744,Lucas Caldas,2022-12-16,6-4-0,32
158343,Lucas Cardoso,2016-04-02,12-5-0,34
160152,Lucas Clay,2017-01-07,10-3-0,
161178,Lucas Corbage,2014-04-12,13-4-0,42
222763,Lucas Cortes,2022-01-29,3-1-0,24
164533,Lucas Cruz,2016-07-23,11-3-0,28
76902,Lucas Cruz,2011-04-15,11-4-0,
223612,Lucas Escobar,2019-10-26,5-6-0,39
304715,Lucas Farias,2024-07-27,4-3-0,
161454,Lucas Fernando,2017-07-08,13-3-0,33
172708,Lucas Ganin,2017-01-23,9-2-0,30
180690,Lucas Gaspar,2017-10-22,1-2-0,
167527,Lucas Gouveia,2021-11-20,6-1-0,29
23961,Lucas Gwaltney,2004-11-13,22-21-2,
166511,Lucas Kenner Almeida da Silva,2016-12-02,8-7-0,
247768,Lucas Martino,2022-05-29,6-3-0,0
95701,Lucas Martins,2011-09-11,22-8-0,
227444,Lucas Matheus Tenorio Basto,2019-12-07,4-2-0,
198072,Lucas Miletich,2021-09-25,14-2-0,28
259109,Lucas Nascimento,2017-07-08,3-2-0,
111152,Lucas Pereira,2013-02-03,12-4-0,36
15461,Lucas Pimenta Borges,2005-08-20,8-3-0,
173793,Lucas Ramos Stelle,2018-08-18,4-8-0,
177745,Lucas Rocha,2016-12-10,18-2-0,29
239497,Lucas Rosa,2024-05-10,9-0-0,29
5335,Lucas Rota,2005-06-26,13-8-0,
125509,Lucas Sampaio,2015-04-18,8-3-0,35
265827,Lucas Seibert,2024-02-24,7-0-0,26
117738,Lucas Silva,2011-10-22,6-4-0,37
283118,Lucas Silva,2023-05-14,5-1-0,26
130167,Lucas Sousa,2013-12-14,5-4-0,
264674,Lucas Sousa Andrade,2022-08-13,7-2-0,32
211752,Lucas Sousa,2021-07-30,2-3-0,
282477,Lucas Tome,2023-06-30,0-1-0,
168903,Lucas Triverio Camacho,2016-12-10,7-1-0,32
326866,Lucas Valente,2025-04-27,4-0-0,0
242939,Lucas de Araujo,2021-07-17,6-3-0,30
208305,Lucero Acosta,2019-10-11,6-2-0,
219973,Lucia Krajcovic,2019-11-09,1-2-0,
225812,Lucia Szabova,2019-08-22,12-0-0,29
248552,Lucian Dragomir,2021-11-19,4-4-0,
103160,Luciano Benicio,2011-10-29,14-5-0,
50269,Luciano Contini,2009-05-17,14-6-0,
26509,Luciano Dos Santos,2005-12-03,10-10-0,
96957,Luciano Palhano,2011-09-24,21-6-0,45
122946,Luciano Ramos,2013-10-11,7-17-0,45
148932,Lucie Bertaud,2016-04-02,4-3-0,
182263,Lucie Mudrochova,2017-06-02,3-1-0,
128294,Lucie Pudilova,2014-02-14,17-12-0,47
80950,Lucio Abreu,2011-04-01,10-7-0,
292145,Lucky Magekha,2023-11-09,5-5-0,
136811,Lucrezia Ria,2015-12-05,8-5-0,
259285,Ludek Gregus,2022-02-26,1-0-0,
139941,Ludovit Klein,2014-12-20,24-6-1,39
136713,Luiggie Amaya,2017-07-19,2-1-0,
191139,Luis Acero,2018-05-05,3-0-0,
240203,Luis Aguiar,2021-09-18,9-2-0,29
169876,Luis Aguirre,2020-02-29,1-4-0,
16021,Luis Alberto Nogueira,2008-01-05,23-13-2,
217414,Luis Amaya Martinez,2019-09-27,0-1-0,
137875,Luis Angel de la Puente,2014-10-25,9-10-0,
179841,Luis Caballero,2015-03-27,1-4-0,
90851,Luis Cabriales,2009-04-11,2-3-0,
162351,Luis Ceron,2015-07-18,13-15-0,
220438,Luis Conde-Navarro,2020-11-11,1-3-0,
214253,Luis Eduardo Pereira da Silva,2019-07-13,5-2-0,
183379,Luis Erives,2018-07-13,3-2-0,
242943,Luis Escudero,2017-10-28,5-3-0,
175745,Luis Felipe Dias,2017-08-26,18-5-0,36
208286,Luis Felipe de Oliveira,2019-03-23,12-6-0,35
16603,Luis Felix,2007-11-17,15-9-0,
246912,Luis Fernando Chavez,2021-10-22,4-2-0,
224226,Luis Fernando Martins Ferreira,2019-10-26,1-0-0,
282141,Luis Francischinelli,2023-06-23,6-1-0,29
238187,Luis Galarza,2019-07-13,6-6-1,
164569,Luis Garcia,2016-09-03,2-4-0,
33693,Luis Garcia,2006-04-22,2-8-0,
151553,Luis Gomez,2015-09-11,11-6-0,35
216474,Luis Gomez,2019-09-07,0-1-0,
131825,Luis Gonzalez,2014-05-03,8-5-0,
198717,Luis Guerrero,2018-01-30,13-8-0,40
243995,Luis Gurule,2022-06-03,11-4-0,35
312782,Luis Guzman,2018-05-04,1-0-0,
12582,Luis Henrique,2011-11-05,17-10-0,44
66468,Luis Henrique da Silva Monteiro,2007-04-05,14-15-0,
235222,Luis Hernandez,2021-12-17,7-0-0,28
237983,Luis Iniguez,2018-05-05,6-7-0,
247927,Luis Jauregui,2022-07-08,0-1-0,
62303,Luis Jauregui,2010-01-10,5-4-0,
142591,Luis Kenneth Schwenke,2021-06-04,4-2-0,
283714,Luis Mendez,2023-08-06,2-1-0,
84120,Luis Muro,2015-01-24,13-9-0,
190820,Luis Pajuelo,2019-11-13,8-2-0,
242140,Luis Panuco,2021-07-02,0-1-0,
135773,Luis Pena,2016-09-17,13-8-0,41
42538,Luis Perez,2007-03-22,3-7-0,
183026,Luis Rey Gallegos,2017-05-26,9-11-0,48
206505,Luis Rivera Santiago,2021-03-25,0-1-0,
86620,Luis Roberto Herrera,2012-03-03,2-3-0,
178438,Luis Rodriguez,2017-07-02,11-4-0,
79423,Luis Saldana,2011-03-05,18-7-1,
179185,Luis Tandazo,2014-10-25,0-1-0,
253104,Luis Torres,2016-04-16,0-2-0,
126266,Luis Vargas,2016-11-19,2-5-0,
94489,Luiz Antonio Lobo Gavinho,2012-03-09,10-5-0,
156878,Luiz Arthur,2015-12-10,4-3-0,
97962,Luiz Cado,2011-06-17,19-7-1,
279367,Luiz Carlos Dietrich,2023-05-20,6-6-1,
102021,Luiz Carlos Silva,2012-09-08,8-7-0,41
197548,Luiz Eduardo Carneiro,2018-11-03,5-8-0,
148926,Luiz Eduardo Garagorri,2015-03-21,15-4-0,
224231,Luiz Eduardo Joccham,2019-10-26,0-1-0,
167125,Luiz Fabiano,2016-11-26,4-4-0,
134198,Luiz Felipe Oliveira,2014-07-18,8-11-0,39
185663,Luiz Felipe Queiroz Herculano,2018-04-07,7-1-0,26
127459,Luiz Filho,2014-04-24,11-7-0,
151525,Luiz Finocchio,2017-06-24,3-0-0,
250936,Luiz Henrique Pacifico,2021-11-20,6-2-0,23
224227,Luiz Pedro Darisi Olivieri,2019-10-26,0-1-0,
7275,Luiz Ricardo,1996-02-10,0-3-0,
149750,Luiz Victor Rocha,2015-07-26,5-1-0,
160385,Luiz Victor Romero,2015-08-29,13-10-0,
238624,Luka Giorgadze,2020-02-02,12-2-0,29
80118,Luka Jelcic,2010-03-07,10-3-0,
171111,Luka Podkrajsek,2017-02-26,5-1-0,
93081,Lukas Bienias,2015-05-02,2-6-0,
190047,Lukas Chotenovsky,2018-03-03,8-3-0,0
54960,Lukas Dvorak,2007-02-17,6-4-0,
193173,Lukas Elias,2023-09-02,5-2-0,0
105518,Lukas Pajtina,2016-04-01,3-4-0,
87771,Lukas Tvrdy,2010-06-05,4-7-0,
114367,Lukasz Brzeski,2013-04-18,9-7-1,41
4316,Lukasz Bugara,2007-09-07,8-9-0,
90536,Lukasz Kopera,2011-11-05,11-10-0,
130098,Lukasz Lysoniewski,2014-03-29,1-6-0,
5374,Lukasz Parobiec,2007-10-20,13-12-2,
128249,Lukasz Rajewski,2014-02-15,13-11-0,44
132770,Lukasz Siwiec,2016-05-28,9-6-0,38
110717,Lukasz Sudolski,2013-01-26,10-3-0,
110235,Lukasz Witos,2012-12-28,8-6-0,
35640,Luke Adams,2006-08-19,11-10-0,
34868,Luke Catubig,2005-12-10,10-12-1,
139749,Luke Crawford,2020-02-23,1-1-0,
116704,Luke Faultersack,2015-03-07,6-5-0,
232933,Luke Fernandez,2023-03-31,6-1-0,30
300497,Luke Martin,2025-08-02,2-0-0,
56436,Luke Ord,2014-11-29,8-2-1,
227556,Luke Roberts,2020-08-08,6-2-1,34
128661,Luke Rodriguez,2017-10-07,2-6-1,
125835,Luke Shanks,2016-11-12,10-6-0,38
108836,Luke Shelley,2012-11-28,6-3-0,
159070,Luke Trainer,2019-03-02,10-1-0,30
92567,Luke Westwood,2017-11-25,3-0-0,
241999,Lupe Mateo,2022-08-26,1-1-0,
170493,Lupita Godinez,2018-06-30,14-6-0,40
164590,Luthando Biko,2017-03-04,13-6-0,43
295507,Luther Egerson,2025-11-22,3-0-0,26
238723,Lydell Poag,2021-08-14,2-2-0,
185648,Lydia Warren,2022-06-03,3-4-0,
13483,Lyoto Machida,2003-05-02,26-12-0,
119638,Maciej Gierszewski,2017-03-04,8-7-0,
41156,Maciej Rozanski,2008-11-02,16-6-0,44
146121,Maciej Sosnowski,2015-10-19,3-3-0,
160429,Mackenzie Dern,2016-07-22,16-5-0,40
254970,Mackenzie Stiller,2023-03-31,6-1-0,26
206624,Macksom Lee,2018-05-05,11-1-0,28
130614,Macksuel Laudino,2014-04-04,7-5-0,
175098,Macy Breaux,2021-03-05,4-1-0,0
240458,Madalin Pirvulescu,2021-05-12,8-4-0,30
160086,Madars Bertholds-Fleminas,2017-12-02,14-8-0,45
184364,Maddie Meacham,2019-01-18,0-4-0,
87018,Mads Burnell,2013-09-26,20-8-0,42
128609,Magdalena Sormova,2013-05-24,10-6-0,
225971,Magerram Gasanzade,2019-10-19,12-2-1,32
95259,Magic Mears,2015-11-21,1-3-0,
15625,Magno Alves,2009-09-27,5-11-1,
31762,Magno Silva de Sousa,2004-04-11,14-13-0,49
199074,Magnus Onyeka Iversen,2022-03-25,3-3-0,
141606,Magomed Abdurakhimov,2014-12-13,8-2-0,
119138,Magomed Abdusalamov,2013-02-16,7-1-0,0
115805,Magomed Al-Abdullah,2012-07-03,13-2-1,
133781,Magomed Ankalaev,2014-01-18,22-2-1,39
152669,Magomed Ayskhanov,2015-06-06,9-3-0,0
119115,Magomed Bibulatov,2013-06-08,21-4-0,
233168,Magomed Gadzhimuradov,2020-10-13,1-3-0,
185477,Magomed Gadzhiyasulov,2021-02-27,9-1-0,
129268,Magomed Ginazov,2012-12-15,15-7-0,
201506,Magomed Idrisov,2017-05-20,12-2-0,34
341215,Magomed Imavov,2025-12-21,0-1-1,
193727,Magomed Kabardiev,2018-07-27,11-2-0,33
172798,Magomed Kamalov,2017-04-07,6-4-0,0
329402,Magomed Kurbanov,2025-02-26,4-0-0,24
44183,Magomed Magomedkerimov,2008-08-22,35-6-0,
231981,Magomed Magomedov,2020-09-17,15-0-0,0
81775,Magomed Magomedov,2011-04-02,22-4-0,41
244434,Magomed Muradov,2021-02-20,3-0-0,0
294392,Magomed Nazurov,2023-12-15,5-1-0,21
186938,Magomed Saliev,2017-08-26,12-4-0,0
265789,Magomed Shakhbanov,2022-08-28,5-1-0,
221012,Magomed Tuchalov,2023-08-27,7-0-0,25
244436,Magomed Zaynukov,2021-02-20,9-0-0,31
248309,Magomed-Emin Dadaev,2020-06-18,6-0-0,0
306028,Magomedkhabib Ramazanov,2024-07-19,5-2-0,33
206513,Magomedmurad Khasaev,2019-01-26,7-3-0,31
122915,Magomednur Aglarov,2013-07-07,0-5-0,
143981,Magomedrasul Gasanov,2014-05-31,23-2-0,38
221896,Magomedrasul Khakhulmagomedov,2019-11-10,5-2-0,
210681,Magomedrasul Saybunov,2018-11-11,5-2-0,
147552,Maguy Berchel,2015-04-04,10-5-1,
140342,Mahamed Aly,2024-01-20,5-1-0,31
116819,Maharbek Karginov,2013-05-30,21-5-0,40
32639,Mahatma Garcia,2008-05-15,15-11-1,
214096,Maheshate Hayisaer,2019-06-14,11-5-0,31
119146,Mahir Mamedov,2010-05-01,18-4-0,
302132,Mahiro Yamaki,2024-07-28,3-3-0,20
221486,Mahmoud Abdel Raouf,2018-04-13,3-3-0,
264195,Mahmoud Amr,2024-03-06,1-2-0,
235987,Mahmoud Atef,2021-01-29,5-4-0,35
236283,Mahmoud Fawzy Sebie,2021-01-30,6-3-0,
156308,Mahmoud Mando,2015-12-03,8-8-0,
143585,Mahmoud Mohamed Afia,2015-02-20,6-8-0,
79036,Maiara Amanajas dos Santos,2011-02-19,8-5-0,
89929,Maicon Cardoso,2011-11-26,6-5-0,
224977,Maicon Patricio de Jesus,2020-01-17,3-3-0,0
174469,Maidesson Sousa Silva,2017-05-13,2-4-0,0
51959,Maiju Suotama,2009-09-05,8-9-0,
240521,Maika Samson,2021-03-27,2-4-0,
114273,Maike Linhares Galvao Amorim,2012-04-28,20-4-0,40
161266,Maikel Perez,2016-06-03,7-2-0,
175514,Maikon Ferreira Muniz,2017-06-10,3-4-0,
133653,Mailton Azevedo,2014-05-24,12-8-0,36
16470,Maiquel Falcao,2004-04-24,40-20-0,
134729,Maira Mazar,2014-08-09,9-6-0,
195651,Mairon Santos,2019-03-16,17-1-0,29
217588,Maiton Silva de Oliveira,2019-09-07,2-3-0,
336826,Maja Drnovsek,2025-11-23,2-0-0,0
282737,Majai Coubles,2024-02-23,2-2-0,
117749,Majdeddine Ayadi,2013-06-29,16-4-0,37
66058,Mak Kelleher,2015-01-30,1-4-0,
235893,Makhmrasul Rokhav,2020-08-31,0-1-0,
100625,Makhmud Muradov,2012-04-29,30-8-0,45
51547,Maki Pitolo,2013-02-16,16-12-0,48
122925,Makkasharip Zaynukov,2013-02-21,19-4-0,0
216816,Makoa Cooper,2022-03-04,3-2-0,26
244756,Makoto Eguchi,2023-09-03,0-2-1,
160621,Makoto Fukaya,2017-03-12,4-2-0,
258272,Makoto Ito,2022-05-22,2-1-0,
43492,Makoto Kawawa,2007-05-27,4-14-2,
158564,Makoto Takahashi,2016-04-24,23-5-1,35
186405,Makoto Watatani,2018-04-08,1-8-2,
172063,Makoto Yoshida,2016-07-06,0-4-0,
169782,Maksatbek Zholdosh,2016-04-23,9-4-0,
146741,Maksim Sergeev,2014-11-28,18-14-1,41
70999,Makwan Amirkhani,2010-10-23,20-11-0,48
102448,Malcolm Gordon,2012-10-19,14-8-0,
79064,Malcolm Hill,2015-10-03,3-5-0,
261598,Malcolm Wallace,2026-03-13,0-1-0,
168622,Malek Mahmoud,2018-02-10,1-3-0,
322007,Malick Badiane,2024-10-05,2-0-0,0
139829,Malik Lewis,2020-03-06,6-5-0,32
237751,Malik Thompson,2026-04-03,1-0-0,
178607,Malin Hermansson,2017-12-02,5-5-0,
148469,Mallory Martin,2016-12-15,11-6-0,
268366,Mamiya Matsuura,2023-04-23,4-3-1,36
48194,Mamoru Uoi,2008-12-28,26-17-4,57
1162,Mamoru Yamaguchi,1999-07-16,31-13-5,
256120,Mamurjon Khamidov,2021-07-04,5-5-0,
25033,Manabu Inoue,2005-04-10,18-10-3,
257429,Manana Rodgers Mukyeda,2022-04-03,2-1-0,
182739,Manas Imarov,2017-08-27,13-8-0,0
181868,Manas Kurstanbekov,2017-10-28,1-1-0,
155024,Manas Temirbekov,2015-12-19,15-11-1,44
178619,Manatua Lemaire,2021-08-14,3-1-0,
170038,Mandeep Singh,2017-02-10,2-3-0,
108151,Mandel Nallo,2012-11-30,14-4-0,39
187081,Mando Gutierrez,2019-09-07,11-5-0,32
134832,Mandy Bohm,2014-09-13,8-2-0,
111494,Mandy Polk,2014-07-19,6-5-0,
96327,Manel Kape,2012-05-13,23-7-0,41
104097,Manjit Kolekar,2012-10-19,11-4-0,
125846,Manny Akpan,2019-11-09,4-2-0,
182780,Manny Ghasemi,2017-12-16,0-1-0,
66228,Manny Lozoya,2016-02-19,5-0-0,
200457,Manny Morales,2022-01-29,7-3-0,0
128618,Manny Vazquez,2013-10-05,12-4-0,
174495,Manny Villareal,2016-08-05,2-4-0,
160504,Manoel Cruz,2015-12-18,2-1-0,
207275,Manoel Sousa,2019-05-25,15-1-0,31
137250,Manolo Scianna,2014-06-13,9-5-0,
240382,Mansher Khera,2021-12-17,11-0-0,33
78783,Mansour Barnaoui,2011-02-19,22-7-0,43
266306,Mansur Abdul-Malik,2021-10-23,10-1-0,28
185048,Mansur Abdurzakov,2018-02-10,12-6-0,0
244812,Mansur Dadaev,2021-08-27,6-1-0,0
166588,Mansur Malachiev,2014-06-11,14-2-0,36
234385,Mansur Nashaev,2018-03-04,5-4-0,0
337180,Mantvydas Perednis,2025-10-18,0-1-0,
130910,Manuel Corral,2017-12-08,0-1-0,
223658,Manuel Exposito,2019-03-16,14-4-0,28
236367,Manuel Garcia,2016-08-19,3-5-0,
221333,Manuel Medina,2020-08-28,4-3-0,
183278,Manuel Mena,2017-10-07,15-6-0,
299903,Manuel Mendez,2024-08-30,0-5-0,
104721,Manuel Meraz,2012-10-27,13-6-0,
269357,Manuel Robson Minoto,2022-11-04,2-1-0,
195809,Manuel Torres,2014-05-24,17-4-0,33
160500,Manuela Marconetto,2017-05-13,4-5-0,
130825,Mara Romero Borella,2014-03-01,12-9-0,
85660,Marat Magomedov,2011-07-01,12-2-1,
161510,Maraya Miller,2021-04-30,1-2-0,
101568,Marc Diakiese,2013-09-21,18-8-0,
188633,Marc Doussis,2017-10-28,11-5-0,40
81453,Marc Gomez Sariol,2011-03-20,21-11-0,
33618,Marc Stevens,2006-04-14,24-12-0,
166631,Marc-Antoine Lidji,2016-11-04,0-1-0,
108892,Marc-Ari William Lewis,2022-11-12,3-3-0,
73077,Marcel Adur,2010-09-18,21-8-1,43
82084,Marcel Fortuna,2011-04-16,10-4-0,
217619,Marcel Masa,2025-10-18,0-1-0,
171208,Marcel Mickens,2019-03-03,3-2-0,
56148,Marcel Mohamed Grabinski,2009-09-12,24-11-0,
333348,Marcel de Souza,2025-09-21,2-1-0,19
162680,Marcela Giantomassi Aguiar,2017-04-15,2-4-0,
50037,Marcelino Cavalcante,2009-07-12,13-14-1,
230155,Marcellus Wallace,2020-07-11,3-3-0,
103553,Marcelo Barbosa Ramos,2012-05-12,11-5-0,
102211,Marcelo Bustos,2012-08-25,12-12-1,
73423,Marcelo Castaneda,2010-10-15,5-3-0,
144688,Marcelo Golm,2015-04-25,10-6-0,
155729,Marcelo Marques,2015-11-28,12-1-0,0
118266,Marcelo Nunes,2013-12-14,11-2-0,
177746,Marcelo Pontes,2017-07-01,8-1-0,
253940,Marcelo Reyes,2024-06-16,3-3-0,
92143,Marcelo Rojo,2011-03-12,17-10-0,
171350,Marcelo Valadao Jr.,2026-05-17,1-0-0,0
176043,Marceu Pasin,2018-04-14,12-5-0,32
192812,Marciano Ferreira,2015-03-14,16-5-0,36
56459,Marcin Bandel,2009-11-21,22-11-1,51
66972,Marcin Bilman,2014-02-15,2-0-1,
47154,Marcin Held,2008-09-28,31-11-0,48
75093,Marcin Lazarz,2010-11-13,17-11-0,54
66064,Marcin Naruszczka,2010-05-15,23-13-2,
137510,Marcin Prostko,2014-09-27,8-10-0,
74461,Marcin Zywica,2010-11-06,2-1-0,
238573,Marcio Abubakir,2021-03-20,0-1-0,
169814,Marcio Barbosa,2016-02-13,18-3-0,32
65754,Marcio Bruno Rodrigues Braga,2010-05-07,10-9-0,
123254,Marcio Cabral,2013-03-09,13-4-0,34
82629,Marcio Francisco,2011-04-16,1-8-0,
180420,Marcirley Alves,2017-09-16,15-5-0,32
32638,Marco Beltran,2008-07-26,19-10-0,
84294,Marco Beristain Castillo,2010-09-04,8-12-0,
198259,Marco Dominguez,2018-10-26,1-3-0,
137012,Marco Elpidio,2013-11-23,24-14-2,53
89711,Marco Knoebel,2011-12-03,5-2-0,
105131,Marco Lopez Simmons,2015-08-01,4-2-0,
156378,Marco Munoz,2016-08-10,16-4-0,35
229909,Marco Novak,2019-12-06,7-3-0,0
146185,Marco Sanchez,2019-02-16,3-3-0,0
69221,Marco Santos,2010-07-10,3-4-0,
143194,Marco Smallman,2016-05-14,7-4-0,
265329,Marco Soto,2023-10-06,4-0-0,0
90987,Marco Thomas Bosca,2011-12-17,3-3-0,
178782,Marco Tulio,2017-06-10,14-3-0,33
138679,Marco Zannetti,2014-05-31,4-1-0,
150473,Marcondes Bastos,2014-11-01,4-6-0,
118927,Marcone Muniz Soares,2012-05-26,13-6-1,
194462,Marcos Antonio Luz Santos,2018-03-24,5-3-0,
23308,Marcos Antonio Santana,2008-05-18,22-10-1,
281757,Marcos Aurelio,2023-06-10,9-1-0,22
113706,Marcos Bonilla,2014-08-10,5-9-0,
148593,Marcos Breno,2015-04-04,15-4-0,
176019,Marcos Brigagao,2017-06-17,17-11-0,
215307,Marcos Bruno Almeida,2015-07-17,6-6-0,38
165492,Marcos Conrado Jr.,2017-04-15,6-5-0,
149830,Marcos Cordeiro,2015-04-11,5-2-2,
233483,Marcos Degli,2021-05-02,14-3-0,30
13506,Marcos Galvao,2003-05-04,18-12-1,
120697,Marcos Lloreda,2013-09-11,15-10-0,
98095,Marcos Lopez,2016-06-10,5-7-0,
264718,Marcos Massoud,2022-07-30,4-5-0,
140649,Marcos Novais,2014-11-29,8-2-0,
203199,Marcos Paulo,2019-04-13,9-4-0,35
225132,Marcos Paulo Costa,2019-07-05,3-1-0,
250566,Marcos Rezende,2023-04-01,7-2-1,0
258666,Marcos Santana,2021-10-29,7-3-0,37
174713,Marcos Silva,2017-07-08,0-6-0,
166103,Marcos Silva do Nascimento,2016-11-05,10-7-0,37
181272,Marcos Vinicios,2016-04-09,14-7-0,
162548,Marcos Vinicius,2016-07-23,0-3-0,
133199,Marcos Zinhani,2014-05-24,6-2-0,
51467,Marcus Andrusia,2010-06-19,9-25-0,
41735,Marcus Edwards,2012-06-02,14-6-0,
36432,Marcus Gaines,2006-09-15,18-36-1,77
163067,Marcus Gamble,2018-04-07,6-3-0,
205827,Marcus Leach II,2022-01-15,1-2-0,
168136,Marcus Maulding,2016-01-30,9-21-0,
108627,Marcus McGhee,2020-02-15,11-2-0,37
267743,Marcus Nash,2024-04-27,5-2-0,0
114430,Marcus Paulo Amaral,2013-03-24,16-4-0,
66403,Marcus Penland,2010-05-08,8-9-0,
176285,Marcus Sims,2018-03-23,1-4-0,
143271,Marcus Surin,2015-01-03,6-3-0,
334958,Marcus Vinicius Cruz,2025-12-05,0-2-0,
173237,Marcus Walston,2019-01-20,2-4-0,
254997,Mardin Velasquez,2023-12-15,2-4-0,
100631,Marek Bartl,2012-05-19,17-16-0,47
192215,Marek Jakimowicz,2020-10-03,5-3-0,34
161241,Marek Kozeluh,2017-04-07,0-5-0,
259286,Marek Lustiak,2021-02-20,0-3-0,
174663,Marek Mazuch,2015-08-22,8-4-0,35
149106,Maria Casanova,2015-07-04,3-7-1,
309067,Maria Clara Andrade,2023-12-30,4-1-0,19
247093,Maria Cruz Maldonado Cosino,2025-04-24,1-1-0,
226120,Maria Del Rocio Velazquez,2021-11-26,0-1-0,
202470,Maria Djukic,2021-06-05,4-1-0,
262048,Maria Eduarda Santana,2022-07-15,1-2-0,
263743,Maria Eugenia Zbrun,2022-07-28,2-2-0,
236566,Maria Henderson,2022-07-08,1-1-0,
180546,Maria Jose Garcia Favela,2020-09-04,3-3-0,
251150,Maria Luiza Feitosa de Abreu,2021-11-13,7-3-0,29
175672,Maria Paula Buzaglo,2018-03-04,2-1-0,
174462,Maria Ribeiro,2016-05-21,5-4-0,
87498,Maria Rios,2014-08-08,2-5-0,
163315,Maria Rivera,2017-01-27,2-0-0,
175512,Maria Silva,2013-12-13,11-1-0,
263988,Maria Vaz,2024-11-22,0-2-0,
208735,Mariagiovanna Vai,2021-03-20,2-1-0,
209401,Mariah Castro,2022-08-26,2-2-0,
206785,Mariana Avila,2019-04-12,0-1-0,
119552,Mariana Morais,2012-05-26,18-12-0,
236488,Mariana Poltronieri Piccolo,2021-10-30,6-3-0,26
267892,Mariane Mariano,2022-09-10,3-2-0,
254594,Mariano Jones,2022-12-06,3-3-0,
193669,Marie Loiseau,2018-06-02,6-5-0,
229102,Mariel Celimen,2021-05-21,2-2-0,
116744,Marilia Santos,2013-06-01,10-4-0,
268866,Marina Merchuk,2022-09-03,6-2-0,33
161035,Marina Mokhnatkina,2016-06-17,11-4-0,
280260,Marina Monteiro,2023-05-25,6-1-0,0
251013,Marina Nica,2021-09-04,4-4-0,
266108,Marina Rodriguez,2021-06-19,0-4-0,
231951,Marina Sanchez,2022-05-27,0-1-0,
139442,Marino Eatman,2014-12-05,5-5-1,
107968,Mario Bastidas,2012-11-24,0-2-0,
112418,Mario Bautista,2017-05-20,18-3-0,36
114645,Mario Carvalho,2014-10-03,12-13-0,
154425,Mario Filipe de Sousa,2016-08-28,21-4-1,
31941,Mario Israel,2008-06-14,11-4-0,
121374,Mario Lopez,2021-08-06,0-1-0,
211538,Mario Moore,2022-04-24,2-3-0,
126078,Mario Morrison,2013-12-07,1-0-1,
39415,Mario Navarro,2008-11-23,4-6-0,
156466,Mario Nelson,2017-08-12,1-2-0,
247947,Mario Piazzon,2021-11-07,12-1-0,28
202329,Mario Pinto,2021-10-02,12-0-0,28
82028,Mario Saeed,2011-10-15,13-6-0,
87431,Mario Soto,2011-08-27,8-2-0,
80916,Mario Suazo,2021-09-11,4-4-0,
126055,Mario Tena,2014-06-14,8-11-0,0
163416,Marisa Messer-Belenchia,2018-06-16,6-2-0,35
188491,Marisol Ruelas,2018-10-13,1-4-0,
177264,Marissa Ellis,2022-09-10,1-2-0,
199297,Maristela Alves do Nascimento,2018-09-22,7-5-0,37
164129,Maritza Sanchez,2019-12-13,6-3-0,28
148031,Marius Cantoneru,2017-04-25,0-2-0,
67983,Mariusz Ksiazkiewicz,2011-05-13,11-3-0,37
140064,Mariusz Mazur,2014-11-22,6-2-0,
153401,Mariya Agapova,2015-08-29,10-5-0,
190572,Mariya Suzuki,2018-03-12,2-3-0,
147835,Mark Alcoba,2015-03-28,8-10-0,
214534,Mark Antonelli,2024-06-29,5-3-0,0
233329,Mark Choinski,2022-12-10,8-1-0,30
160788,Mark Climaco,2017-06-24,11-2-0,
87324,Mark Coates,2015-02-12,14-11-0,39
195632,Mark Currier,2021-11-11,3-6-0,
124200,Mark De La Rosa,2014-09-06,11-5-0,
72592,Mark Dickman,2010-09-25,11-5-0,
159001,Mark Ewen,2021-08-28,7-3-0,0
149418,Mark Familiari,2016-08-27,1-9-0,
186261,Mark Gardner,2019-02-01,3-3-0,
118216,Mark Gregory Valerio,2013-07-05,9-9-0,
237650,Mark Grey,2022-04-15,7-2-0,35
125700,Mark Hulme,2014-02-27,13-5-0,36
111831,Mark Ibarra,2018-01-06,0-2-0,
115274,Mark Johnson,2022-04-22,1-0-0,
74821,Mark Joseph Abrillo,2010-11-13,10-19-0,
159445,Mark Lemminger,2015-09-19,12-6-0,
201112,Mark Martin,2018-04-28,7-2-0,
169457,Mark Moleke,2015-05-07,18-13-0,55
88478,Mark Plata,2015-09-12,0-5-0,
154585,Mark Slyter,2015-12-11,6-4-0,
68991,Mark Stoddard,2010-06-19,17-10-0,
50550,Mark Striegl,2009-07-25,18-5-0,
181587,Mark Trader,2017-05-20,4-3-0,
202091,Mark Vologdin,2018-12-01,12-5-2,31
31966,Mark Vorgeas,2008-10-09,6-3-1,
164684,Markevian Williams,2024-02-16,1-3-0,
5655,Marko Drmonjic,2007-10-27,10-11-1,
164999,Marko Kisic,2014-10-26,10-5-0,
94297,Marko Kovacevic,2012-03-24,14-3-1,39
257328,Markos Pappas,2022-04-01,0-1-0,
172219,Markus Held,2018-02-24,2-5-0,
113927,Markus Perez,2013-04-18,15-7-0,42
112790,Marlen Magee,2013-03-14,4-7-0,
235895,Marlis Asylbek Uulu,2020-08-31,1-1-0,
235887,Marlis Melisbek Uulu,2020-08-31,1-2-0,
10217,Marloes Coenen,2000-11-22,23-8-0,
156250,Marlon Basilio,2015-12-13,12-3-0,30
94737,Marlon Derik Pereira Delgado,2012-03-24,5-4-0,
103471,Marlon Gonzales,2013-06-12,16-11-2,45
17093,Marlon Moraes,2007-04-14,23-13-1,
23572,Marlon Sandro,2004-11-06,29-7-2,
94287,Marlon Vera,2010-07-24,24-12-1,50
188502,Marnic Mann,2019-04-06,6-3-0,
263905,Marouane Bellagouit,2022-06-11,7-4-0,0
198938,Marquel Mederos,2021-06-20,11-1-1,31
34754,Marques Facine,2004-07-14,14-16-0,
160683,Marquis Allen,2016-06-10,1-7-0,
87844,Marquis Johnson,2018-01-20,3-6-0,
169759,Marquis Smith,2016-11-05,4-6-0,
261746,Marta Sos,2025-06-15,2-1-0,
102387,Marta Waliczek,2012-09-08,6-8-0,0
182376,Marthin Hamlet,2017-04-01,12-5-0,
95532,Martin Bravo,2012-04-28,13-4-0,
62497,Martin Brown,2009-09-26,14-6-0,
130715,Martin Buday,2015-10-23,16-4-0,38
174654,Martin Camilo,2013-09-20,8-2-1,0
92654,Martin Davila,2014-05-17,7-6-0,
76835,Martin De Beer,2015-04-04,7-7-0,
82420,Martin Fouda,2011-05-07,5-28-1,
111468,Martin Hudson,2014-11-15,6-8-0,
222757,Martin Justiz,2021-05-14,4-2-0,
199259,Martin Mucha,2018-10-26,2-4-0,
263183,Martin Pipek,2022-07-23,1-1-0,
18110,Martin Sandoval,2008-04-26,9-9-0,
53896,Martin Solc,1999-12-05,11-6-0,
4809,Martin Stapleton,2007-09-30,21-8-0,47
14775,Martin Zawada,2003-05-25,29-19-1,
77845,Martin van Staden,2009-04-26,23-13-0,
248097,Martina Gemrani,2021-07-03,0-1-0,
218880,Marty Vancil,2021-05-07,1-1-0,
168759,Marufjon Mamarazikov,2016-12-10,7-4-0,0
192773,Marvin Chavez Garcia,2018-06-09,2-4-0,
66592,Marvin Garcia,2010-04-25,12-5-0,
211360,Marwin Quirante,2023-03-04,6-4-0,27
24856,Masaaki Sugawara,2005-05-04,18-11-1,
158563,Masahide Hiraoka,2016-04-24,7-9-0,
91927,Masahiro Kubo,2015-11-08,5-5-0,
112942,Masahiro Sugita,2015-12-06,4-2-0,
26426,Masakatsu Ueda,2005-11-29,26-6-2,
10844,Masakazu Imanari,2000-09-29,40-22-2,
293462,Masaki Suzuki,2023-11-19,2-4-0,
128739,Masamichi Yoshino,2014-03-01,1-3-0,
91924,Masamune Shimada,2021-07-25,1-4-0,
127705,Masanori Kato,2015-06-21,3-6-0,
170345,Masashi Kimura,2017-03-20,9-13-3,
237972,Masashi Oshiro,2019-12-22,4-5-1,
160665,Masataka Hiraga,2017-05-14,3-6-0,
294441,Masataka Tensaka,2025-02-11,4-1-0,26
89298,Masato Iguchi,2011-07-02,3-4-0,
2685,Masatoshi Abe,1998-08-29,11-5-1,
112044,Masatoshi Ueda,2011-03-21,22-13-3,54
307714,Masaya Hara,2024-08-25,1-2-0,
253652,Masaya Ishizuka,2021-07-25,6-2-0,33
218943,Masaya Oshiro,2019-06-16,6-8-1,38
9975,Masaya Takita,2002-02-10,18-26-4,
56855,Masayoshi Kato,2009-03-11,13-19-2,
212321,Masayoshi Watanabe,2019-04-14,2-0-0,
160634,Masayuki Kikuiri,2017-04-23,11-4-1,35
103461,Masayuki Watanabe,2012-07-15,16-11-2,
181911,Mashrabjon Ruziboev,2016-10-02,21-4-1,35
32698,Masio Fullen,2007-07-28,15-11-0,
271952,Mason Carzino-Hartshorn,2023-11-18,7-2-0,27
150911,Mason Iacobellis,2020-02-29,3-3-0,
178892,Mason Jones,2017-10-14,18-2-0,35
174792,Massaro Glunder,2017-05-27,0-3-0,
241995,Masuto Kawana,2021-07-25,11-6-0,40
192489,Mat Caracappa,2019-05-31,1-1-0,
220295,Mataeo Garner,2023-06-16,4-2-0,
136956,Matar Lo,2017-01-13,3-3-0,
132411,Mate Kertesz,2014-04-05,15-11-0,47
337060,Mate Kola,2025-10-11,1-1-0,
177149,Mate Sanikidze,2017-07-19,11-5-0,32
92388,Matej Kuznik,2012-03-09,18-10-0,43
229494,Matej Penaz,2020-11-21,11-1-0,29
218934,Matej Plavec,2019-10-06,1-1-0,
77562,Matej Surin,2011-01-28,9-7-0,
184092,Mateo Alejandro Vogel,2018-03-16,9-3-0,
180848,Mateo Gonzalez,2021-06-19,6-5-0,42
211117,Mateo Pereira,2018-02-09,14-4-1,29
327276,Mateo Soto,2024-12-13,0-4-0,
263440,Mateus Americo,2022-07-16,0-2-0,
153899,Mateus Araujo dos Santos Costa,2015-11-13,4-3-0,
148954,Mateus Brauns,2017-08-05,8-5-0,36
159053,Mateus Gloria,2016-04-30,15-8-2,40
214054,Mateus Mendonca,2019-07-13,12-3-0,30
104249,Mateus Messaros Inacio,2012-10-20,14-12-0,
104891,Mateus Santos,2012-11-01,19-10-0,43
264176,Mateus Soares,2022-08-06,11-2-0,0
124123,Mateusz Figlak,2019-06-15,9-2-0,0
91147,Mateusz Gamrot,2012-02-04,26-5-0,44
179143,Mateusz Janur,2017-04-15,12-6-0,40
125629,Mateusz Legierski,2018-09-22,15-2-0,33
188544,Mateusz Makarowski,2017-12-02,14-7-1,35
74455,Mateusz Piskorz,2010-11-06,15-6-0,
121653,Mateusz Rebecki,2014-04-05,21-5-0,41
73434,Mateusz Strzelczyk,2010-10-16,16-16-1,60
206965,Matheus Camilo,2019-02-07,11-3-0,27
232925,Matheus Felipe,2020-10-25,0-1-0,
305039,Matheus Felipe,2024-07-06,1-1-0,
263570,Matheus Fonseca,2022-07-24,4-3-0,
172327,Matheus Henrique Correia,2018-12-02,12-0-0,28
165220,Matheus Henrique Ferreira,2016-09-18,4-3-1,
115946,Matheus Malta,2014-09-13,12-7-0,38
72382,Matheus Mattos,2011-01-29,14-4-1,
242319,Matheus Miranda,2021-06-29,5-2-0,
70942,Matheus Nicolau,2010-08-07,19-5-1,
155687,Matheus Pereira Morais,2016-03-12,11-6-0,
297129,Matheus Ribeiro,2023-12-15,1-0-0,
214057,Matheus Rocha,2021-08-05,9-1-0,0
100282,Matheus Scheffel,2012-02-11,18-13-0,59
148668,Matheus Severino,2015-07-18,15-5-0,36
104890,Matheus Silva,2012-11-01,9-4-0,33
305307,Matheus Silva,2023-12-01,5-2-0,20
262337,Matheus Sousa,2022-07-02,0-1-0,
243246,Matheus Vinicius Gomes,2021-08-07,1-1-0,
246739,Mathias Poiron,2021-09-04,9-3-0,31
140593,Mathieu Morciano,2016-03-12,6-8-0,
200957,Mathieu Rakotondrazanany,2021-10-02,6-6-0,0
114768,Matias Juarez,2013-04-12,16-13-0,49
232034,Matias Nader,2020-09-25,3-1-0,
273880,Matias Palma,2023-02-11,5-3-0,26
48713,Matias Vasquez,2008-06-21,16-9-0,51
164346,Matiss Zaharovs,2018-05-12,7-4-0,31
140193,Matjaz Vicar,2014-08-08,6-6-0,
177798,Matous Kohout,2017-06-25,12-10-0,0
75841,Matt Almy,2013-05-18,4-5-0,
164130,Matt Aragoni,2017-06-24,1-1-0,
125706,Matt Barro,2017-11-18,0-4-0,
20501,Matt Bessette,2007-09-15,25-10-0,
54031,Matt Betzold,2010-02-13,9-11-0,
213349,Matt Costello,2024-01-21,2-3-0,
37310,Matt Delanoit,2006-06-23,27-14-0,
113939,Matt Denning,2014-11-15,8-25-0,
53009,Matt DiMarcantonio,2010-12-11,12-8-0,
126443,Matt Dixon,2017-09-23,11-1-0,
255700,Matt Hammerstone,2024-04-12,3-2-0,31
213930,Matt Hicks,2021-05-29,2-2-0,
60908,Matt Hobar,2011-03-11,9-3-0,
36937,Matt Inman,2008-10-26,20-11-0,
93320,Matt Johnson,2015-11-14,4-1-0,
125162,Matt Jones,2014-08-15,11-5-0,40
52205,Matt Manzanares,2011-06-25,7-7-0,
244796,Matt McKinney,2021-09-03,0-1-0,
57672,Matt Mitrione,2009-12-05,13-9-0,
143514,Matt Murray,2016-06-18,1-2-0,
101807,Matt Perez,2013-10-25,3-2-0,
130956,Matt Probin,2018-07-14,4-1-0,
190257,Matt Quigley,2021-02-12,0-1-0,
222266,Matt Raynard,2019-12-07,0-1-0,
88331,Matt Rizzo,2012-05-05,10-2-0,
92652,Matt Sayles,2014-01-18,8-4-0,
47070,Matt Schnell,2012-09-14,17-12-0,50
46358,Matt Secor,2010-06-26,10-5-0,
186412,Matt Seden,2017-11-25,0-4-0,
181147,Matt Skibicki,2017-11-02,4-5-0,
105217,Matt Socholotiuk,2012-11-09,2-3-0,
79165,Matt Tullos,2016-03-11,1-1-0,
96788,Matt Turnbull,2018-03-10,10-7-0,36
81227,Matt Tuthill,2011-12-03,0-2-0,
153954,Matt Vaile,2014-07-26,15-6-0,39
120695,Matt Wagy,2013-09-11,15-8-0,
172809,Matt Walters,2021-06-20,3-0-0,
159302,Matteo Ceglia,2016-04-30,4-1-0,
185256,Matthew Adams,2023-03-03,6-2-0,28
205161,Matthew Allison,2023-07-29,2-2-0,
148716,Matthew Bonner,2017-05-12,16-11-1,48
146236,Matthew Byfield,2019-09-07,8-3-0,35
212207,Matthew Chapman,2022-11-12,1-1-0,
140752,Matthew Colquhoun,2016-04-30,7-7-0,
200905,Matthew Elliott,2021-03-18,6-3-0,0
93877,Matthew Findlay,2017-09-09,3-3-0,
70558,Matthew Frincu,2010-08-07,13-4-0,
241296,Matthew Leonard,2024-06-07,2-1-0,
116515,Matthew Lopez,2013-05-25,10-4-0,
78946,Matthew Lozano,2012-06-29,8-6-0,
108264,Matthew Mooney,2013-03-16,6-3-0,
134799,Matthew Paul,2014-05-31,3-3-0,
54852,Matthew Perry,2011-06-18,5-5-0,
161816,Matthew Powers,2019-05-03,0-1-0,
173080,Matthew Semelsberger,2017-04-08,11-8-0,
77437,Matthew Towarak,2011-01-12,0-1-0,
237871,Matthieu Letho Duclos,2019-10-19,10-3-0,31
98631,Mattia Bartolucci,2013-11-30,1-8-1,
146036,Mattia Galbiati,2015-01-25,4-4-0,
225932,Mattia Ioi,2023-10-13,4-1-0,
94460,Matus Juracek,2012-04-07,13-6-0,37
167422,Matus Sutka,2018-10-26,3-4-0,
161451,Matusalem Santos,2017-11-18,4-4-0,
255180,Matyas Viszlay,2022-10-29,5-3-0,
199216,Maurice Adorf,2018-10-13,6-4-0,0
99959,Maurice Greene,2012-08-04,12-9-0,
112029,Maurice Jackson,2012-05-17,7-3-0,
253702,Maurice Morris,2022-08-13,6-6-0,
164596,Maurice Salazar,2015-05-16,2-2-0,
193640,Mauricio Alejandro Sosa,2018-07-21,2-3-0,
146296,Mauricio Almeida,2015-03-07,18-11-0,39
38555,Mauricio Alonso,2005-07-09,13-10-0,
150540,Mauricio Blanco,2016-02-06,4-1-0,
217964,Mauricio Boni Cogo Queiroz,2019-08-10,4-5-0,
80168,Mauricio Cubillo,2011-07-16,11-8-0,47
143813,Mauricio Eguiluz,2014-10-04,11-10-1,
232406,Mauricio Gomez,2022-01-21,6-2-0,30
81406,Mauricio Machado,2011-04-09,27-16-0,
140010,Mauricio Otalora,2013-10-05,28-26-0,101
204167,Mauricio Rios,2021-11-26,5-1-0,0
275181,Mauricio Rodriguez,2024-06-07,3-0-0,24
144689,Mauricio Ruffy,2016-09-18,14-2-0,30
209282,Mauricio Zambrana,2018-11-04,4-3-0,
126507,Mauro Cerilli,2012-04-07,16-6-0,48
52469,Mauro Chaulet,2008-08-10,13-9-0,
176399,Mauro Dominguez,2017-06-30,1-2-0,
176306,Mauro Gutierrez,2023-09-30,6-3-0,31
198038,Mauro Mastromarini,2018-06-03,17-7-0,34
89872,Max Alves,2009-06-27,15-10-0,48
81836,Max Coga,2011-04-09,27-8-1,
130608,Max Denner Vieira,2014-04-04,9-2-0,
166880,Max Handanagic,2016-11-05,9-7-1,
31007,Max Holloway,2010-09-11,28-9-0,53
227013,Max Holzer,2020-02-29,12-0-0,25
163595,Max Humphrey,2017-03-04,3-3-0,
310180,Max Junior Araujo da Costa,2024-08-10,1-2-0,
160404,Max Leali,2015-03-28,6-3-1,
100734,Max Lima,2012-08-10,16-7-1,
235794,Max Metzgar,2024-05-18,6-0-0,28
190785,Max Quinones,2022-07-14,7-4-0,0
179939,Max Rohskopf,2018-02-10,7-2-0,
188203,Max Rojas,2019-05-03,1-1-0,
263880,Maxim Fedorov,2023-02-17,13-2-0,0
19333,Maxim Grishin,2008-05-24,35-12-2,57
185243,Maxim Kozhevnikov,2018-02-23,7-4-0,
195070,Maxim Potapov,2018-04-07,2-1-0,
188871,Maxim Shevchenko,2017-07-02,4-4-0,
205105,Maxim Tkachuk,2019-11-15,0-1-0,
131264,Maxime Giacalone,2014-04-12,6-6-0,
160341,Maximiliano Gonzalez,2016-04-16,5-5-0,
305764,Maximiliano Sandoval,2025-06-25,2-1-0,
225250,Maximillian Flynn,2022-03-27,5-1-0,0
306228,Maxsuel Barros Azevedo,2025-12-05,2-0-0,
208653,Maxswell Souza,2018-09-22,3-5-0,
264231,Maxwell Djantou Nana,2022-07-15,9-2-0,35
185654,Maya Samuels-Stewart,2022-11-19,5-3-0,32
173364,Mayara Thays,2015-11-27,4-5-0,
174117,Maycee Barber,2017-06-23,15-3-0,32
311422,Maycon Douglas Siqueira,2024-05-25,4-1-0,22
240774,Maycon Kevin Galvao dos Santos,2021-05-22,6-1-0,28
127679,Maycon Mendonca,2013-11-23,11-7-0,
98256,Maycon Silvan,2011-05-07,18-10-0,
160636,Mayo Komori,2016-11-12,18-12-0,44
148644,Mayra Cantuaria,2015-08-08,11-6-1,
184884,Maysara Mohamed,2019-03-07,10-3-1,0
186778,Mckenna Mitchell,2018-11-10,0-3-0,
193843,Meaghan Penning,2020-11-20,2-2-0,
337590,Meg Miranda,2025-05-10,1-0-0,
164476,Megan Cawley,2019-08-09,1-3-0,
165675,Megan Morris,2021-08-28,2-3-0,
167197,Megan Owen,2019-12-06,1-1-0,
118443,Megumi Sugimoto,2013-08-31,12-7-3,
40435,Mehdi Baghdad,2007-05-14,13-7-0,
181973,Mehdi Ben Lakhdhar,2017-11-25,7-1-1,0
178938,Mehdi Saadi,2017-09-16,7-2-0,34
244125,Mehemmedali Osmanli,2019-10-26,11-0-0,23
175137,Mehman Mamedov,2015-10-04,8-6-0,42
251731,Mehmet Can Tasdoven,2021-09-18,3-4-0,
114511,Mehmet Yueksel,2013-06-01,2-4-0,
164864,Mehmosh Raza,2015-07-15,13-6-0,
142412,Mehrdad Janzemini,2015-05-17,14-3-0,
205332,Mehrdod Umarov,2018-11-25,6-4-1,
42253,Mei Yamaguchi,2007-03-11,21-16-1,
182458,Meijy Portela,2017-12-02,7-7-0,
201659,Melanie McIntyre,2022-07-08,0-1-0,
246910,Melissa Amaya,2021-10-22,8-0-0,31
219168,Melissa Cervantes,2019-11-08,0-1-0,
165034,Melissa Croden,2019-09-28,8-3-0,38
157537,Melissa Gomez,2022-05-20,6-2-0,36
159738,Melissa Martinez,2016-05-14,8-2-0,29
157321,Melissa Oddessa Parker,2021-04-16,3-3-0,
122142,Mellissa Wang,2017-04-15,1-1-0,
132627,Melquizael Costa,2014-03-08,26-8-0,39
132893,Melsik Baghdasaryan,2014-04-12,8-4-0,34
71971,Melvin Blumer,2010-02-20,13-4-0,
13401,Melvin Guillard,2002-11-16,33-24-2,68
209295,Melvin Harris,2023-04-01,3-4-0,
110999,Melvin Jordan,2013-02-01,5-3-0,
282331,Melvin Jovel,2025-11-14,1-1-0,
137305,Melvin Lopez,2019-11-01,1-2-0,
232822,Melvin Mane,2020-11-21,2-2-0,
10281,Melvin Manhoef,1995-12-02,32-17-1,
78337,Melvin van Suijdam,2011-03-10,16-8-0,50
263322,Mena Mohamed Abdallah,2023-03-19,0-1-0,
169344,Meng Ding,2015-12-31,35-10-0,44
202860,Mengyu Liu,2015-12-27,9-7-0,
126964,Merab Dvalishvili,2014-01-24,21-5-0,46
228323,Mervin Miller,2022-09-30,6-0-0,
156548,Metan Dyikanov,2016-01-31,6-4-0,
196536,Mhar John Manahan,2017-12-09,4-9-0,39
235782,Mia Grawe,2024-03-10,3-1-0,
172596,Miao Ding,2016-11-26,18-8-0,
197225,Micael Isaias Braga,2017-11-19,6-4-0,30
204154,Micael Vasques,2018-12-05,3-1-0,
184788,Micaela Rampage,2018-09-28,3-4-0,0
227482,Micah Haas,2020-09-19,8-1-0,0
178170,Micah Peatrowsky,2017-09-29,5-2-0,
58861,Micah Stockton,2010-02-13,11-8-0,
95000,Micah Terrill,2012-04-14,15-12-0,47
220874,Micah White,2024-02-04,5-2-0,24
151518,Micaias Urena,2015-09-12,12-4-0,35
172466,Michael Aljarouj,2017-04-08,13-3-0,
173701,Michael Aquila,2019-04-26,1-4-0,
190382,Michael Aswell,2021-05-16,11-5-0,31
204237,Michael Banks,2022-05-21,5-10-0,
29689,Michael Benjamin Putnam,2013-08-24,2-3-0,
168194,Michael Billups,2017-06-16,8-5-2,0
280662,Michael Blockhus,2023-08-11,5-2-0,0
100353,Michael Brasher,2014-10-18,1-2-0,
46757,Michael Brown,2009-03-28,3-7-0,
266038,Michael Bruno,2025-03-14,1-1-0,
195407,Michael Capone,2023-02-05,4-2-0,
35639,Michael Casteel,2006-08-19,2-13-0,
51329,Michael Chandler,2009-08-08,23-11-0,58
151037,Michael Cora,2015-10-03,5-7-0,38
136294,Michael Cyr,2014-05-17,2-2-0,
233755,Michael Cyr,2020-11-07,8-3-0,32
118617,Michael Deiga Scheck,2015-04-12,12-8-0,48
165765,Michael DiOrio,2017-06-10,1-9-0,
165824,Michael Douglas,2015-11-28,13-17-0,
132994,Michael Dubois,2014-06-07,15-13-0,47
93406,Michael Dufort,2012-03-17,17-6-0,38
161361,Michael Dulger,2015-02-23,5-1-0,
19810,Michael Erosa,2009-02-27,11-6-0,
233460,Michael Feijoo,2020-12-12,1-1-0,
142231,Michael Garcia,2017-02-24,6-3-0,
162542,Michael Graves,2016-04-23,3-2-0,
66290,Michael Graves,2013-02-15,11-1-2,36
131829,Michael Hay,2014-05-09,5-3-0,
60094,Michael Hill,2010-12-10,12-9-1,48
257592,Michael House,2022-04-15,0-3-0,
187189,Michael Humphrey,2019-03-10,2-11-0,
73907,Michael Imperato,2010-10-23,13-8-0,42
110886,Michael Irizarry,2013-10-18,13-6-0,
122199,Michael Jackson,2017-02-25,1-4-0,
287445,Michael Jamiyandorj,2024-11-15,3-1-0,0
176736,Michael Johnson Jr.,2017-04-28,5-8-0,
110466,Michael Lilly,2012-10-06,7-8-0,
157769,Michael Lombardo,2016-01-29,15-4-0,
206140,Michael Martinez,2019-03-22,1-4-0,
116248,Michael Mazariego,2018-05-19,0-4-0,
239731,Michael McCaffrey,2026-07-17,1-0-0,
103027,Michael McDaniel,2013-08-10,2-10-0,
16463,Michael McDonald,2007-11-11,19-4-0,
181445,Michael Morales,2017-08-19,19-0-0,28
86086,Michael Nakagawa,2014-02-15,7-4-1,
305530,Michael Obodozie,2026-03-07,1-0-0,
253591,Michael Oliveira,2022-02-19,10-0-0,28
204512,Michael Pagani,2019-06-29,8-3-0,30
91794,Michael Page,2012-02-04,25-3-0,44
265695,Michael Pino,2024-03-21,3-1-0,23
126593,Michael Quintero,2015-10-23,7-3-0,
185302,Michael Reali,2021-12-04,4-6-0,32
123333,Michael Reyes,2014-10-10,11-7-0,39
103024,Michael Roberts,2012-07-14,8-9-1,
102718,Michael Robertson,2011-09-30,8-6-0,0
193526,Michael Rodriguez,2018-07-21,3-2-0,
30038,Michael Rodriguez,2008-08-02,9-7-0,
285634,Michael Salinas,2024-07-12,1-0-0,
203098,Michael Santos,2017-08-19,3-3-0,
242937,Michael Smolik,2021-05-22,6-2-0,
162571,Michael Stack,2018-10-13,8-5-0,36
165769,Michael Taylor,2017-10-27,1-5-0,
211625,Michael Tchamou,2021-06-05,6-6-0,
18901,Michael Thornton,2024-08-03,0-1-0,
175938,Michael Tovar,2019-12-07,5-10-0,0
130247,Michael Trizano,2016-03-04,10-3-0,
89953,Michael Wilcox,2011-12-10,6-4-0,
20618,Michael William Costa,2006-10-05,13-6-0,0
98015,Michael Younis,2018-09-15,2-2-0,
146311,Michael Zahn,2015-03-07,0-2-0,
125001,Michail Chrisopoulos,2013-12-14,3-4-0,
124119,Michal Figlak,2018-03-11,9-2-0,32
143226,Michal Glos,2019-12-06,3-4-0,
249726,Michal Hawro,2022-06-11,7-3-0,
88271,Michal Horejsi,2011-10-17,5-3-0,
163205,Michal Konrad,2016-09-24,8-14-0,
144342,Michal Kotalik,2015-02-25,6-8-0,
177653,Michal Martinek,2016-09-24,13-7-0,44
102600,Michal Nepras,2012-08-24,6-5-0,
182994,Michal Piwowarski,2017-11-12,7-4-0,39
234304,Michal Plesnik,2020-09-26,6-3-0,
161389,Michal Varchola,2016-06-18,2-1-0,
121648,Michal Wiencek,2013-10-05,9-7-0,
161429,Micheal Murphy,2016-07-01,10-9-1,45
158427,Michel Batista,2016-01-09,4-2-0,
144536,Michel Costa,2015-02-21,7-7-1,
283125,Michel Goes,2023-05-20,4-1-0,
119442,Michel Goncalves Costa da Silva,2013-03-16,4-5-0,
113959,Michel Lima,2012-07-07,19-8-0,43
43004,Michel Prazeres,2000-10-09,27-7-0,
145583,Michele Martignoni,2017-01-21,9-3-0,
174714,Michele dos Santos Oliveira,2018-10-20,6-1-0,31
209444,Michelle Montague,2022-03-04,8-0-0,32
73397,Michinori Tanaka,2010-10-16,16-4-0,
162594,Michio Ito,2014-03-23,13-9-0,42
72020,Michito Abe,2010-09-12,13-12-1,
163117,Mick Parkin,2019-07-06,10-1-0,
131839,Mick Stanton,2016-11-26,14-10-0,46
133477,Mickael Bucher,2014-06-14,3-5-0,
83206,Mickael Lebout,2011-05-28,24-13-2,
134224,Micol DiSegni,2015-10-03,10-5-0,
146720,Miguel Angel Cabrera,2013-07-20,6-6-0,
193908,Miguel Araneda,2016-08-19,1-1-0,
163354,Miguel Baeza,2015-08-22,10-4-0,
175699,Miguel Cuevas,2020-01-04,1-1-0,
137121,Miguel Firmino,2014-08-30,10-8-0,
157241,Miguel Gonzalez,2016-02-27,4-3-0,
176290,Miguel Jacob Elmokdisi,2017-08-24,9-3-0,
174807,Miguel Lugo,2019-11-30,3-3-0,
251946,Miguel Navarro,2025-04-05,4-0-0,22
258366,Miguel Peimbert,2022-02-26,3-6-0,
172947,Miguel Perez,2022-06-03,1-1-0,
242296,Miguel Porto,2021-08-08,5-3-0,29
129247,Miguel Ramos Diaz,2019-02-16,3-3-0,
117680,Miguel Restrepo,2013-06-15,5-6-1,
233423,Miguel Sanson,2021-09-24,10-2-0,29
114914,Miguel Valverde Pascual,2012-11-10,6-6-0,
137163,Miguel Villegas,2014-09-20,13-4-0,33
252167,Miha Frlic,2023-04-23,7-1-1,0
223827,Mihaela Keller,2023-08-04,0-3-0,
257003,Mihai Culai,2023-01-20,3-0-0,
95705,Mihail Cotruta,2012-04-28,14-3-0,
156488,Mihail Nica,2014-01-25,9-2-0,
72257,Mikael Silander,2010-09-18,20-10-0,
207130,Mikail Bayram,2019-04-06,8-3-0,0
98294,Mike Andaya,2015-07-11,2-2-0,
198562,Mike Anderson,2020-09-18,0-2-0,
252350,Mike Antidormi,2023-07-29,2-1-0,
91416,Mike Barnett,2016-05-07,10-6-0,
169275,Mike Breeden,2017-01-27,11-6-0,
253417,Mike Curiel,2024-04-12,0-1-0,
160131,Mike Davidson,2020-12-03,7-1-0,
148962,Mike Davis,2015-07-10,12-4-0,37
142683,Mike Demakes,2015-03-27,6-6-0,
156942,Mike Ekundayo,2016-10-15,8-2-0,
145657,Mike Gonzalez,2018-03-31,4-3-0,
86461,Mike Grundy,2014-09-13,12-4-0,
144411,Mike Hamel,2016-04-16,11-7-0,38
34178,Mike Jackson,2006-04-01,12-10-0,
82236,Mike Jasper,2011-05-01,13-6-0,
101953,Mike Jones,2014-11-21,13-8-0,43
162789,Mike Kimbel,2018-02-16,5-4-0,
9608,Mike Kyle,2001-03-10,23-19-1,
143645,Mike Lawrence,2015-02-28,7-7-0,
23995,Mike Lindquist,2004-09-17,9-33-0,
81480,Mike Malott,2011-04-16,14-2-1,37
43297,Mike OGorman,2007-05-12,2-3-0,
99967,Mike Ortega,2013-06-22,2-5-0,
136791,Mike Otwell,2014-06-07,5-4-0,
34266,Mike Plazola,2006-03-24,14-16-0,
47946,Mike Pope,2012-07-28,7-3-0,
89388,Mike Rhodes,2012-05-04,13-6-0,
18776,Mike Richman,2008-04-25,18-8-0,
99705,Mike Rodriguez,2014-04-05,12-8-0,
116241,Mike Segura,2014-03-22,11-7-0,
111465,Mike Shipman,2013-06-01,17-5-0,
110656,Mike Shipp,2018-10-20,2-4-0,
136145,Mike Stevens,2012-12-08,8-5-0,
173860,Mike Taylor,2016-10-15,3-4-0,
192437,Mike Thompson,2019-09-07,6-9-0,
112530,Mike Tubera,2019-08-02,4-5-0,
199784,Mike Villareal,2014-10-24,1-2-0,
30374,Mike Wilkins,2011-08-30,8-5-0,
35778,Mike de la Torre,2006-08-19,14-9-0,
192274,Mikeal Kennedy,2023-10-20,3-4-0,
150591,Mikey Gonzalez,2014-05-03,8-3-0,
155259,Mikey Patterson,2019-11-09,1-2-0,
93790,Mikey Vaotuua,2012-04-14,5-11-0,
125892,Mikhail Allakhverdian,2013-06-24,11-4-0,
186610,Mikhail Kurch,2017-10-21,0-7-0,
120158,Mikhail Kuznetsov,2013-08-21,7-6-1,
76629,Mikhail Mokhnatkin,2010-12-25,16-7-2,44
169087,Mikhail Pogodin,2015-02-28,13-4-0,
89028,Mikhail Sirbu,2011-11-12,16-11-0,
204433,Mikheil Sazhiniani,2018-12-15,13-3-0,
205298,Miki Motono,2019-03-02,10-5-0,37
27785,Mikihito Yamagami,2008-08-03,12-6-0,43
146966,Mikiko Hiyama,2015-06-21,0-18-0,
200538,Miku Nakamura,2018-12-09,11-8-0,40
102325,Mikuru Asakura,2012-09-16,19-6-0,41
137863,Milad Ahady,2017-02-25,8-1-0,
248107,Milad Huseyini,2021-07-03,2-0-0,
126684,Milan Datelinka,2013-06-01,10-8-0,
167802,Milan Nakic,2017-03-30,6-7-0,
43878,Milana Dudieva,2009-02-28,14-9-0,48
220610,Mileide Simplicio,2019-10-26,7-3-0,29
245114,Milen Zhelyazkov,2021-08-02,0-2-0,
283664,Milena Galvao,2023-05-20,4-1-0,0
191070,Miles Amos,2019-03-16,5-3-0,
253080,Miles Banks,2023-11-05,5-3-0,0
119488,Miles Hunsinger,2013-09-28,7-2-0,
134710,Miles Johns,2014-07-12,17-5-0,39
184899,Miles Lee,2021-03-12,3-1-0,
122958,Miles McDonald,2014-05-24,3-3-0,
235598,Miljan Djukanovic,2023-06-09,3-1-0,
237183,Miljan Zdravkovic,2021-03-20,10-0-0,28
179770,Milko Tucto,2019-02-01,6-6-0,0
178888,Milos Cvetkovic,2017-08-19,4-1-0,
158703,Milos Janicic,2015-07-27,19-4-0,31
112460,Milos Kostic,2012-12-23,7-6-0,
92304,Milos Petrasek,2012-02-10,13-9-0,0
107936,Milson Castro,2012-09-01,20-7-0,41
193427,Min Hyung Kim,2018-07-21,7-7-0,31
172460,Min Je Park,2017-04-09,0-4-1,
106621,Mina Kurobe,2012-12-15,18-7-0,
335485,Minato Dei,2025-10-26,0-2-0,
166674,Mindaugas Gerve,2016-10-28,6-2-0,
183742,Ming Qiang Lan,2015-09-14,1-3-0,
138621,Minna Grusander,2015-10-10,6-5-0,
306177,Mio Shimaya,2024-12-29,0-4-3,
198625,Mirafzal Akhtamov,2015-09-21,10-1-1,33
323527,Miran Ramani,2026-08-01,0-1-0,
191068,Miranda Barber,2018-09-22,3-7-0,
178841,Miranda Granger,2017-08-25,7-3-0,
163098,Miranda Maverick,2016-11-18,15-6-0,36
221212,Mirbek Zhenishbekov,2022-12-11,4-3-0,
190140,Mireia Garcia,2018-05-18,2-1-0,
239073,Miriam Grubb,2025-03-21,3-0-0,0
255081,Miriam Nazar,2023-09-16,0-2-0,
2306,Mirko Filipovic,2001-08-19,38-11-2,
235894,Mirlan Zholdosbekov,2020-08-31,0-2-0,
112899,Miro Jurkovic,2013-03-16,11-5-0,
169554,Miroslav Broz,2016-03-25,18-5-1,47
93936,Miroslav Strbak,2011-10-29,19-10-1,
185244,Mirzakarim Sharipov,2018-02-23,0-1-0,
257849,Misaki Umehara,2022-10-10,4-6-0,
149719,Mitch Aguiar,2018-01-27,2-1-0,
169511,Mitch Ramirez,2019-03-22,8-4-0,35
186263,Mitch Raposo,2019-04-06,11-3-0,31
212416,Mitch Wood,2019-05-10,3-2-0,
165441,Mitchell Cupp,2019-07-27,0-6-0,
140023,Mitchell Johnson,2019-04-20,0-4-0,
57922,Mitchell McKee,2021-12-10,11-0-0,29
152243,Mitchell Sipe,2016-04-01,5-2-0,
242625,Mitchell Wilson,2025-09-12,2-0-0,
150880,Mitsuhiro Taki,2017-03-12,10-5-0,36
91513,Mitsuhiro Toma,2012-07-08,16-12-2,48
2538,Mitsuhisa Sunabe,2001-06-26,31-13-4,66
147058,Mitsuyoshi Onuki,2015-12-20,3-4-0,
40031,Mitzi Merry,2008-11-29,2-3-0,
271847,Miyu Anami,2023-05-07,0-3-0,
73109,Mizuki Inoue,2010-10-10,17-5-0,39
148153,Mizuki Sakamoto,2015-08-01,3-7-0,
24010,Mizuto Hirota,2005-02-06,18-11-2,
185248,Mo Miller,2019-08-03,9-8-0,39
167828,Moacir Rocha,2016-10-29,14-10-1,46
168399,Mochamed Machaev,2017-09-23,18-2-0,30
124397,Modestas Bukauskas,2015-05-02,20-7-0,43
154134,Moe Williams,2015-11-21,5-6-0,
117547,Mohamad Ghorabi,2012-12-15,7-6-0,
235589,Mohamad Osseili,2020-11-06,7-2-0,
263901,Mohamed Ali Sellam,2022-06-11,3-5-0,
83015,Mohamed Ali,2008-02-15,12-17-0,61
252067,Mohamed Alsameea,2023-06-23,6-1-0,0
188746,Mohamed Aly,2015-12-18,7-1-0,
232787,Mohamed Amine,2021-07-18,5-3-0,
181934,Mohamed Camara,2017-11-26,6-4-1,37
186016,Mohamed El Jaghdal,2018-02-24,10-11-0,
235754,Mohamed El Mesbahi,2021-01-22,1-1-0,
174798,Mohamed Elawil,2017-05-27,5-2-0,
235694,Mohamed Elleboudy,2020-11-06,1-1-0,
226131,Mohamed Hisham Baraka,2019-08-01,1-1-0,
143586,Mohamed Juma,2015-02-20,9-7-0,
243482,Mohamed Safnas Sahabdeen,2021-06-18,0-1-0,
142384,Mohamed Said Maalem,2014-10-25,15-6-1,0
275053,Mohamed Salah,2023-11-17,5-1-0,20
232021,Mohamed Salem Awad,2021-11-26,2-2-0,
214277,Mohamed Salem,2016-12-24,9-2-0,27
237007,Mohamed Talabani,2021-01-30,5-2-0,
300933,Mohamed Yosif Abdulrahman,2024-03-08,1-1-0,
231023,Mohamed Zarey,2020-08-01,9-1-0,0
211733,Mohammad Alaqraa,2021-02-26,10-1-0,28
187690,Mohammad Ali,2022-11-05,2-0-0,
161339,Mohammad Bassem,2018-08-17,4-2-0,
108355,Mohammad Fakhreddine,2012-12-14,18-5-0,45
282376,Mohammad Hossein Khorsandi,2023-06-12,5-0-0,23
109256,Mohammad Karaki,2012-12-14,9-2-0,
235688,Mohammad Mutie,2020-11-06,2-2-1,
255851,Mohammad Qwai Abzakh,2022-03-27,4-1-2,23
199574,Mohammad Wasim,2018-10-27,2-1-0,
98177,Mohammad Yahya,2014-03-07,12-7-0,38
203072,Mohammed Doghani,2018-12-28,0-1-0,
121326,Mohammed Farhad,2013-09-07,13-7-0,
119116,Mohammed Sadok Trabelsi,2015-09-06,12-7-0,
174102,Mohammed Usman,2017-05-18,11-4-0,40
206677,Mohammed Walid,2019-04-06,8-6-0,34
231128,Moheb Azizi,2020-08-08,2-1-0,
237942,Mohsen Mohammadseifi,2019-06-14,8-2-0,36
111150,Moises Monteiro,2012-09-08,2-5-0,
180084,Moises Oropeza,2022-02-05,1-4-0,
102389,Mojtaba Najim Wali,2012-03-31,6-5-0,
166473,Mojtaba Nasiri,2016-05-08,5-5-0,32
198877,Mokhmad Khamzatov,2018-09-30,6-1-0,
246473,Moki Niizeki,2021-10-05,1-2-0,
76478,Moktar Benkaci,2010-12-04,25-11-0,44
123468,Molly McCann,2015-05-30,14-8-0,
235550,Momoka Hoshuyama,2021-05-16,7-7-2,35
165975,Mona Ftouhi,2021-06-18,4-5-0,
55800,Monica Franco,2015-08-01,2-1-0,
157040,Monica Medina,2014-09-13,5-7-0,
232105,Monika Chochlikova,2020-10-01,3-1-0,
219223,Monika Kiran Ghag,2018-03-31,6-5-0,
225050,Monika Kucinic,2020-01-19,6-4-0,33
164663,Monique Adriane,2017-04-01,7-4-0,33
278120,Monique Dodson,2025-06-22,2-1-0,
136101,Montana De La Rosa,2014-09-06,13-10-1,40
204476,Monte Morrison,2022-03-19,4-6-0,
153369,Montel Jackson,2017-06-24,15-4-0,38
96922,Montel Williams Jr.,2016-03-19,6-0-0,
69316,Montoyia Swilling,2015-03-21,0-15-0,
151280,Montrell James,2017-06-10,9-14-0,47
245985,Montserrat Rendon,2020-09-25,7-2-0,38
181544,Mor Atias,2017-08-05,2-1-0,
259489,Moraru Gheorghe,2023-04-01,1-4-1,
141260,Morgan Charriere,2014-12-13,21-12-1,44
154297,Morgan Frier,2015-11-28,4-4-0,
187315,Morgan Hickam,2019-05-18,3-2-0,
129623,Morgan Oriahi,2016-04-08,4-1-0,
3178,Morgan Sickinger,2007-05-12,22-14-0,
119659,Morgan Solis,2017-07-22,4-2-0,
50676,Moriel Charneski,2015-02-21,3-8-0,
124071,Morimichi Iju,2017-07-02,1-2-0,
200539,Moris Boleyan,2018-11-03,8-1-0,27
245572,Morquez Forest,2023-04-20,8-1-0,33
159126,Moses Afoa,2016-12-03,11-4-1,
169770,Moses Diaz,2021-04-25,6-3-0,
78285,Moses Murrietta,2013-09-07,10-8-0,
131717,Moshe Ben Shimol,2014-05-03,2-0-0,
183823,Mostafa Ibrahim Radi,2018-01-12,5-5-1,
125537,Mostafa Rashed Nada,2013-10-25,9-4-0,
171533,Motaz Askar,2019-11-23,6-2-0,29
330303,Motoki Sato,2025-08-10,2-1-0,
37219,Motonobu Tezuka,2005-09-03,31-18-6,58
171268,Motonori Takiguchi,2017-03-20,11-13-1,
6452,Motoshi Miyaji,2007-11-25,11-13-1,
233708,Mounir Khalifa,2017-02-10,3-2-0,
98164,Mounir Lazzez,2012-06-08,11-3-0,
219962,Moussa Salih,2019-11-22,1-2-0,
268068,Moustapha Diakhate,2024-03-02,6-0-1,0
214351,Moustapha Senghor,2019-06-01,2-1-0,
100592,Movlid Khaybulaev,2011-10-22,24-0-1,40
140079,Movsar Evloev,2014-11-25,20-0-0,36
252342,Moziah Clark,2024-10-05,1-2-0,
74658,Muhammad Abdullah,2013-04-06,12-7-0,
165671,Muhammad Mokaev,2020-08-01,17-0-0,28
245491,Muhammad Salohidinov,2023-09-24,7-1-0,25
182909,Muhammad Shukur Khojaev,2017-06-11,5-8-0,
161906,Muhammadjon Naimov,2018-11-01,13-4-0,36
302909,Muhammadkabir Nazarzoda,2023-03-05,6-0-0,20
108162,Muhammed DeReese,2014-02-07,9-5-0,
188438,Muhammed Kir Ahmet,2018-05-05,6-6-0,
30496,Muhammed Lawal,2008-09-28,21-10-0,
159677,Muhieddin Alkhatib,2014-03-15,2-3-0,
139399,Muin Gafurov,2013-11-15,21-7-0,37
116998,Mukhamed Berkhamov,2013-01-19,18-4-0,37
240241,Mukhrani Narsavidze,2021-04-24,9-1-0,0
145367,Mumia Abu Dey-Ali,2016-04-02,3-3-0,
246192,Munenori Fujita,2023-04-09,7-3-1,29
169703,Murad Abdurakhmanov,2015-05-30,14-3-0,35
141554,Murad Bakiev,2013-03-29,0-5-0,
195766,Murad Bilarov,2017-03-26,8-2-0,
212532,Murad Guseinov,2019-04-20,10-0-0,27
221014,Murad Ibragimov,2023-09-02,5-1-0,24
131491,Murad Kalamov,2013-03-20,18-10-0,42
251410,Murad Maganaev,2021-10-30,2-1-0,
155602,Murad Magomedov,2014-02-22,14-2-0,0
165795,Murad Ramazanov,2014-02-22,13-4-0,34
274593,Murao Maeda,2023-06-04,0-5-0,
262996,Murat Tuysuz,2022-05-28,5-1-0,0
189719,Murodbek Choriev,2023-03-11,6-1-0,28
181774,Murtaza Talha Ali,2020-11-19,7-2-0,28
163332,Murugan Silvarajoo,2019-04-27,4-4-0,
201248,MusAib Baiyina,2022-04-01,2-4-0,
269418,Musa Ramazanov,2022-10-09,0-1-0,
293970,Musashi Makise,2023-12-10,4-4-0,
114071,Musashi Nakasone,2013-04-21,10-5-2,
274774,Musashi Yano,2023-04-23,5-2-1,23
160654,Muslim Danaev,2016-06-04,7-1-0,29
198152,Mutolibsho Akobirov,2018-08-24,6-2-0,0
160630,Mutsuki Miyajima,2020-02-16,6-4-0,31
221897,Mykola Plazynskyi,2022-11-10,5-1-0,0
205354,Myktybek Orolbai,2018-08-12,16-2-2,32
156811,Mykyta Mikhno,2014-12-16,5-6-0,
260360,Myla Hill,2025-02-07,0-1-0,
81878,Myles Anderson,2011-04-23,0-4-0,
20363,Myles Jury,2006-10-07,20-6-0,
61450,Myles Price,2008-09-20,11-10-0,
62427,Myron Dennis,2010-03-06,22-14-0,60
235902,Myrzakerim Amanbekov,2020-08-31,0-1-0,
193191,Myung Hwan Kim,2018-07-07,11-4-0,33
159730,Mzwandile Hlongwa,2016-05-13,6-7-0,
168812,Na Liang,2016-06-06,22-8-0,37
241168,Nabil Haryouli,2021-09-03,4-2-0,
273533,Nacho Campos,2023-03-04,8-2-0,0
185093,Nacim Belhouachi,2018-03-16,5-4-0,0
69146,Nad Narimani,2011-07-16,12-4-0,
306189,Nadia Chmil,2024-09-22,2-1-0,
221159,Nadia Vera,2021-04-10,7-5-1,40
181542,Nadim Kablan,2017-11-16,0-1-0,
213828,Nadine Abbott Bissett,2022-09-09,1-2-0,
189697,Nadine Mandiau,2017-09-16,3-7-0,
190616,Naglis Kanisauskas,2019-05-03,10-4-0,29
54278,Nah-Shon Burrell,2010-06-19,19-13-0,
288770,Nahoru Miyagi,2023-11-03,8-2-0,29
132992,Nahuel Gandolfi,2014-04-12,16-5-0,
283911,Naiane Silva Sa,2023-08-12,2-6-0,
194452,Nainoa Dung,2018-08-03,5-3-0,
208911,Nair Melikyan,2019-02-24,14-2-0,
182313,Naizi Cantanhede,2014-12-06,9-1-0,
199573,Najm Khan,2016-04-16,6-1-0,
236991,Namo Fazil,2021-01-30,10-1-0,30
152913,Nao Murayama,2016-08-27,0-4-0,
29900,Naohiro Hasegawa,2008-09-07,7-4-2,
144607,Naohiro Matsukawa,2015-09-27,1-3-0,
43385,Naohiro Mizuno,2007-05-18,13-10-2,
127702,Naoki Arikawa,2017-03-20,8-5-1,
236491,Naoki Hirata,2020-10-31,8-6-0,34
244754,Naoki Honda,2023-09-03,1-3-1,
127472,Naoki Inoue,2015-03-07,21-5-0,36
127410,Naoki Ueda,2014-02-09,11-11-2,37
25017,Naoki Yahagi,2005-06-03,2-3-1,
143123,Naomi Harvey,2017-02-25,1-2-0,
226325,Naomi Tataroglu,2017-06-11,5-4-0,30
232404,Naomie Young,2022-09-09,3-2-0,29
298276,Naoto Harada,2024-02-18,1-2-1,
235554,Naoto Terajima,2021-01-31,1-3-2,
152920,Naoya Takeuchi,2013-08-18,5-2-0,
158908,Naoya Uchibayashi,2015-12-27,5-9-1,
157711,Naoya Yohenn,2019-06-16,1-1-0,
343200,Naoya Yoshida,2026-02-11,0-2-0,
386,Naoyuki Kotani,2000-09-05,37-20-7,
256440,Naranjargal Tsendayush,2022-03-18,2-1-0,
117392,Narek Bahtavoryan,2012-12-02,6-10-0,
223107,Narik Tonyan,2018-02-08,0-1-0,
119119,Nariman Abbasov,2013-06-30,29-7-0,
241462,Nart Abida,2021-06-18,5-2-0,30
246702,Naruto Date,2021-12-12,0-3-0,
126605,Nasrudin Nasrudinov,2013-06-30,11-3-0,36
157387,Nassourdine Imavov,2016-02-04,17-4-0,37
217993,Natalia Alves,2021-01-15,8-0-0,25
273908,Natalia Kuziutina,2022-11-18,10-1-0,38
187417,Natalie King,2017-06-24,1-2-0,
203099,Natalie Salcedo,2021-08-27,4-1-0,33
179697,Natalie Schlesinger,2021-07-31,4-3-1,
161507,Natalya Speece,2020-07-30,4-5-0,
161277,Natan Levy,2018-03-23,9-2-0,36
301965,Natan Niewiadomski,2025-03-29,3-0-0,25
93570,Natan Schulte,2011-12-12,25-6-1,43
246468,Natanael Almeida,2021-10-09,1-10-0,
164635,Natanael de Souza Mota,2016-09-10,9-4-0,29
181536,Natanial Parisi,2017-11-16,1-0-0,
70154,Nate Andrews,2012-06-15,17-6-0,47
119213,Nate Fultz,2019-08-16,1-1-0,
64423,Nate Grebb,2012-04-14,3-2-0,
65889,Nate Jennerman,2013-12-07,18-7-0,40
144426,Nate Morrow,2019-02-23,7-3-0,31
85799,Nate Richardson,2012-06-02,12-5-0,
130770,Nate Smith,2017-09-29,8-6-0,36
43617,Nate Williams,2008-02-29,34-24-0,61
176897,Nate Yoshimura,2019-12-21,0-1-0,
85405,Nathan Davies,2023-12-16,1-2-0,
253506,Nathan Fought,2022-09-09,0-1-0,
191026,Nathan George,2026-02-06,0-1-0,
176599,Nathan Ghareeb,2019-07-20,13-4-0,37
127527,Nathan Gilmore,2021-03-20,4-8-0,
89696,Nathan Greyson,2011-12-03,6-5-0,
126149,Nathan Haywood,2022-05-21,4-3-0,
126154,Nathan Jessimer,2018-03-04,1-2-0,
98056,Nathan Jones,2012-12-01,17-12-0,0
90792,Nathan Kearsley,2016-10-08,6-6-0,
157781,Nathan Kelly,2017-07-22,11-5-0,31
127776,Nathan Maness,2013-07-27,16-3-0,
206825,Nathan Mitchell,2020-09-18,3-8-0,
131392,Nathan Napolitano,2014-05-17,1-1-0,
114505,Nathan Rose,2013-02-02,11-5-0,0
131146,Nathan Stolen,2011-04-02,10-6-0,0
50106,Nathan Thompson,2007-11-10,7-41-0,
131287,Nathan Trepagnier,2016-09-24,6-6-0,
142160,Nathan Williams,2015-12-05,16-15-0,57
214088,Nathaniel Mitchell,2025-05-10,0-5-0,
84581,Nathaniel Wood,2013-02-09,23-6-0,41
177351,Nathen Arriaga,2020-02-01,3-2-0,
123180,Nathias Frederick,2015-03-07,9-5-1,
175154,Nathielly Santos Campahy,2017-05-06,2-4-0,
187956,Nation Gibrick,2018-04-21,5-2-0,
144614,Natsumi Ito,2016-03-13,2-2-0,
291454,Nauris Bartoska,2023-04-21,5-0-0,25
159016,Nauruz Dzamikhov,2016-04-29,5-3-1,
267425,Navajo Stirling,2022-09-23,11-0-0,29
301165,Navir Gonzalez,2023-02-04,1-3-0,
255494,Nawira Ferreira,2022-03-06,6-3-0,27
117557,Nawras Abzakh,2014-08-22,15-6-0,40
130509,Nayara Hemily,2014-11-22,5-4-0,
171854,Nayara Maia,2018-12-08,7-2-1,
19247,Nazareno Malegarie,2007-08-11,29-6-1,
193299,Nazariy Danylyuk,2018-07-07,11-5-0,
178943,Nazim Sadykhov,2018-11-16,11-3-1,35
65127,Ned Spears,2018-11-02,0-1-0,
163683,Neemias Santana,2015-04-25,7-3-1,31
214872,Nehemias Cruz,2021-11-19,1-6-0,
25968,Neil Seery,2005-10-15,16-13-0,
120053,Neiman Gracie,2013-09-14,13-6-0,
171114,Nejc Preloznik,2017-02-26,4-3-0,
272699,Nejra Repp,2023-02-10,4-3-0,
225752,Nekoro Bunsie,2020-08-28,0-4-0,
157250,Nekruz Mirkhojaev,2016-03-04,7-3-0,
158362,Nelly Thompson,2018-07-28,5-6-0,
121325,Nelson Paes,2013-09-07,4-5-0,
157332,Nemanja Kovac,2016-03-05,14-6-0,37
137452,Nemanja Milakovic,2014-05-03,6-7-0,
276824,Nemanja Nikolic,2022-10-16,3-2-0,
148348,Nemat Abdrashitov,2012-05-12,20-10-0,47
115249,Nenad Avramovic,2012-06-23,16-11-0,50
108905,Nepomuk Minarik,2012-12-15,3-4-0,
244019,Nermin Hajdarpasic,2021-03-06,4-4-1,
303022,Neto Lopes,2024-05-18,5-1-0,0
266478,Neto Pinheiro,2023-04-29,3-1-0,0
266639,Nezar Bahaji,2022-05-28,4-3-0,
258608,Nezzar Dimes,2025-03-14,1-2-0,
287869,Ngoc Luong Tran,2023-04-22,9-1-0,33
145602,Niall Atkinson,2015-04-15,5-0-0,
332446,Niamh Kinehan,2025-08-09,2-0-0,26
256281,Nichola Usoltseff,2021-10-15,2-4-0,
172534,Nicholas Badis,2018-12-14,1-2-0,
120770,Nicholas Gay,2016-01-15,7-15-0,
260662,Nicholas Gjelaj,2024-02-09,1-2-0,
48107,Nicholas Gonzalez,2009-07-23,4-3-0,
212559,Nicholas Horton,2020-11-11,0-3-0,
226449,Nicholas Hwende,2021-08-14,11-2-0,0
321279,Nicholas Martinez,2026-04-12,0-1-0,
231958,Nicholas Meck,2021-08-20,10-3-0,34
201996,Nicholas Mondelli,2023-02-04,1-7-0,
189548,Nicholas OBrien,2020-08-07,6-3-0,29
197291,Nick Aguirre,2021-04-10,10-3-0,31
83242,Nick Alley,2016-07-30,7-6-0,
150782,Nick Alwag,2019-04-04,1-3-0,
43566,Nick Ammerman,2009-02-21,5-1-0,
82064,Nick Barnes,2011-04-22,12-4-0,
90196,Nick Browne,2014-05-24,14-4-0,
232935,Nick Caracappa,2023-09-02,0-2-0,
179885,Nick Chasteen,2017-10-13,1-1-0,
93597,Nick Clem,2017-04-29,3-2-0,
54757,Nick Compton,2011-01-15,13-13-0,
284980,Nick Eldridge,2025-02-08,7-1-0,0
225962,Nick Ferguson,2020-10-03,0-1-0,
226796,Nick Fields,2022-08-26,5-4-0,0
155504,Nick Fiore,2016-03-04,3-3-0,
162724,Nick Fiore,2020-01-17,12-2-0,29
237651,Nick Galanti,2023-12-15,7-1-0,0
238628,Nick Gebhard,2024-02-09,1-4-0,
138829,Nick Gehrts,2014-10-24,10-4-0,
120893,Nick Giulietti,2019-01-05,2-2-0,
200101,Nick Jewell,2018-11-02,0-2-0,
182546,Nick Klein,2021-06-27,6-3-0,32
121016,Nick Lancaster,2023-04-29,3-2-0,
36559,Nick Mamalis,2006-09-09,30-14-0,
198424,Nick Maximov,2018-10-06,14-2-0,30
264145,Nick Montez,2024-02-17,1-1-0,
60685,Nick Newell,2009-06-20,16-4-0,
67693,Nick Olson,2020-12-17,2-2-0,
39348,Nick Pace,2008-11-21,8-3-0,
140290,Nick Page,2015-01-24,0-2-0,
242453,Nick Piccininni,2021-06-18,8-2-0,31
177156,Nick Rodrigues,2017-07-21,6-2-0,33
142407,Nick Skidmore,2016-02-20,4-1-0,
98593,Nick Talavera,2021-05-08,5-4-0,31
201504,Nick Thornton,2020-10-03,2-6-0,
53183,Nick Urso,2011-02-12,10-4-0,
240423,Nick Whitehead,2022-02-04,3-3-0,
77946,Nickalas Martino,2016-03-19,4-6-0,
157724,Nicko Commissiong,2017-05-13,6-6-0,38
130788,Nickolas Kosmel,2014-04-11,4-1-0,
161315,Nico Allego,2016-06-24,3-5-0,
101381,Nico Echeverry,2015-01-17,16-9-0,46
180680,Nico Jefferson,2019-03-23,6-9-0,
174885,Nicolae Mezdrea,2017-05-20,2-4-0,
172538,Nicolae Pirogan,2019-07-13,4-2-0,
109143,Nicolaj Wagner,2014-09-07,5-4-0,0
182383,Nicolas Barna,2016-09-02,10-6-0,35
64960,Nicolas Dalby,2010-03-06,24-7-1,52
140456,Nicolas Djurdjevic,2014-12-20,6-8-0,
133386,Nicolas Savio,2018-04-28,13-6-0,36
195664,Nicolas Tula,2018-11-24,0-6-0,
165935,Nicole Szepesvary,2017-07-28,2-3-0,
148970,Nicolle Caliari,2015-12-13,9-4-0,32
167397,Nicolo Solli,2019-03-09,6-3-0,30
263681,Nicoly Giovanna Cavalcanti Pedroza,2022-06-18,6-0-0,
213603,Nidin Koshy,2018-12-22,0-1-0,
26960,Nik Lentz,2005-07-30,30-12-2,
200565,Nika Ben Tuashy,2018-11-15,2-0-0,
264166,Nika Kupravishvili,2019-11-30,8-4-0,32
258111,Nika Sabanashvili,2022-11-06,3-1-1,0
215120,Nikita Kulshin,2020-11-14,9-0-0,27
272857,Nikita Leshukov,2022-09-17,9-1-0,25
322192,Nikita Melnikov,2025-02-08,0-1-0,
165707,Nikita Mikhailov,2015-12-12,13-4-0,31
130367,Niklas Stolze,2014-06-01,14-10-0,42
204651,Niko Ceraglia,2023-07-29,3-1-0,
17230,Niko Gjoka,2008-05-10,13-12-0,
108913,Niko Samsonidse,2012-12-15,14-4-0,36
223673,Nikol Aguirre,2023-03-18,2-1-0,
178883,Nikola Joksovic,2017-08-19,16-1-0,33
241717,Nikola Kacperska,2024-03-16,3-4-0,34
187256,Nikola Todorovic,2025-09-27,3-0-0,0
145116,Nikolaos Serbezis,2015-03-14,8-5-0,
99626,Nikolas Motta,2012-05-18,15-6-0,41
221166,Nikolay Atanasov,2022-07-29,5-0-0,24
173715,Nikolay Bitter,2016-11-26,4-2-0,
231505,Nikolay Kiosse,2020-08-22,10-5-1,31
144834,Nikolay Kondratyuk,2015-05-24,15-9-0,
196237,Nikolay Nikolov,2018-08-02,4-0-0,
138596,Nikolay Popov,2013-05-17,7-7-0,
196506,Nikolay Samusev,2018-08-31,9-1-0,28
141461,Nikolay Veretennikov,2012-10-20,14-8-0,43
211191,Nikoleta Domorakova,2019-06-08,0-1-0,
233477,Nilcelio Vieira Faria,2020-10-11,0-5-0,
202980,Nildean Paes,2018-11-22,16-7-0,35
244110,Nildo Junior,2021-09-24,1-2-0,
43044,Nills van Noord,2007-04-22,22-11-2,
146802,Nils Henrik Tjikkom,2015-05-09,1-7-0,
252007,Nina Nikolija Milosevic,2023-11-04,9-1-0,30
323784,Nino Kafoa Maka,2017-12-16,0-1-0,
12750,Nino Marroquin,2002-10-26,7-3-0,
200564,Nisim Rozales,2018-11-15,0-1-0,
178250,Niushiyue Ji,2017-05-20,17-4-0,31
166044,Niyaz Ahmed,2021-11-19,4-5-0,
227521,Niyazidin Risbaev,2020-02-23,3-1-0,
152901,Nizambek Abdrashitov,2015-05-02,12-4-0,30
172447,Nizar Ben Amara,2018-03-11,5-2-0,
219977,Nizim Rosales,2019-11-15,0-1-0,
114108,Nkazimulo Zulu,2013-03-08,16-9-1,47
182925,Nkosi Ndebele,2018-12-08,13-3-0,0
157770,Noach Blyden,2016-01-16,9-2-0,33
27778,Noad Lahat,2008-07-26,13-5-0,
204488,Noah Abdill,2019-02-13,2-4-0,
241241,Noah Bey,2021-06-13,6-4-0,34
267246,Noah Gasho,2025-04-11,4-0-0,23
165682,Noah Gugnon,2021-10-29,10-2-0,26
174493,Noah Landrus,2018-12-07,2-0-0,
190562,Noah Lindsey,2022-04-23,5-3-0,
41798,Noah Tillis,2009-02-06,4-3-0,
173270,Noam Voldman,2016-12-20,1-5-0,
114037,Noboru Takeshita,2021-10-02,1-6-0,
214302,Nobuaki Yamamoto,2019-03-17,2-5-1,
34339,Nobuhiro Hayakawa,2006-06-03,3-7-3,
240827,Nobuhiro Katayama,2021-06-26,5-2-0,
181586,Nobuhiro Yano,2018-07-15,0-1-0,
104735,Nobuhisa Kudo,2012-11-10,10-12-2,
70590,Nobuki Fujii,2011-06-05,21-15-2,54
78966,Nobumitsu Osawa,2011-02-26,14-8-0,
79453,Nobuyuki Fujii,2010-11-21,2-34-3,
214476,Nodir Alidodov,2019-07-28,6-6-0,0
62281,Noel Arcibal,2014-06-21,3-2-0,
75592,Noel Ligon,2010-11-12,5-2-0,
237680,Noeru Narita,2024-08-03,4-2-0,18
100982,Nohelin Hernandez,2016-08-20,12-6-0,
73489,Nolan Cain,2011-05-21,1-2-0,
129416,Nolan Hyland,2014-06-07,4-3-0,
128694,Nolan Linebaugh,2025-10-25,1-0-0,
58447,Nolan Norwood,2009-11-13,12-7-0,
3298,Norbert Novenyi Jr.,2018-02-10,10-1-0,27
262650,Norbert Pietrzak,2025-09-27,3-1-0,0
153529,Norge Gonzalez,2019-12-20,0-1-0,
151565,Nori,2015-09-13,6-7-1,
159444,Norihiko Matsuzaki,2016-06-12,1-2-2,
235551,Norika Ryu,2021-05-16,5-0-0,31
107834,Norimichi Yamada,2012-11-25,2-3-1,
85436,Noriyoshi Wada,2012-05-26,10-7-2,
56856,Noriyuki Takei,2009-11-29,6-16-1,
47566,Norman Parke,2006-03-12,32-7-1,
192448,Noufel El Kasri,2021-09-12,2-3-0,
276753,Nour El Islam,2023-02-03,2-2-0,
292038,Nour Jopa,2025-02-15,2-1-0,
263596,Nozim Kalandarov,2022-07-17,7-2-0,29
141083,Nozomi Mine,2014-11-23,1-7-0,
142974,Nubia Santos do Nascimento,2015-01-31,8-10-1,
210930,Nurbek Bolotbek,2019-04-06,8-3-0,
273517,Nurkhan Zhumagazy,2023-01-29,11-1-0,26
235896,Nursultan Bayan Uulu,2020-08-31,0-1-0,
136158,Nursulton Ruziboev,2014-08-16,37-9-2,43
182867,Nurtilek Yerkuatuly,2015-02-01,0-1-0,
184686,Nurullo Aliev,2018-02-03,12-0-0,29
153973,Nurzaman Eshbaev,2015-07-09,4-2-0,
181920,Nurzhan Akishev,2017-11-26,17-8-0,40
149505,Nurzhan Tutkaev,2015-01-18,5-4-0,
334014,Nutsalkhan Magomedov,2025-06-30,3-0-0,22
202464,Nyle Bartling,2019-09-21,9-3-0,34
171081,Oban Elliott,2019-03-02,12-5-0,33
219221,Obinwa Ikebunna,2019-11-09,2-2-0,
278060,Oceane Samson,2025-08-10,3-1-0,
209346,Octavian Trumbo,2021-04-25,4-4-0,
203770,Odan Ruiz,2019-01-26,0-1-0,
182657,Odbayar Badral,2017-06-04,0-3-0,
117454,Ode Osbourne,2015-04-11,13-10-0,39
190303,Odell Pantin,2018-05-19,3-3-0,
203360,Odie Delaney,2019-08-17,5-1-0,34
219978,Ofir Leibel,2019-11-15,0-1-0,
184616,Ognjen Dimic,2018-02-16,9-5-1,0
259586,Ognjen Micovic,2025-09-06,3-0-0,0
128277,Oktawian Olejniczak,2017-02-24,3-5-1,
248101,Okyanus Saribayraktaroglu,2021-07-03,1-0-0,
123840,Olavo Marinho,2013-10-25,0-1-0,
227472,Ole Hetleflat,2023-02-18,3-2-0,
104723,Ole Magnor,2014-04-26,8-9-0,
137868,Ole-Jorgen Mandt Johnsen,2019-02-23,5-4-0,
89701,Oleg Borisov,2007-11-11,28-8-1,55
157382,Oleg Edik,2016-03-03,0-2-0,
142442,Oleg Lichkovakha,2013-01-17,16-6-0,
172981,Oleg Nagorny,2013-05-11,7-6-0,
152918,Oleg Popov,2015-10-23,23-2-0,39
158221,Olena Kolesnyk,2014-10-24,9-6-0,
109119,Olexandr Pletenko,2012-09-29,19-7-0,
166763,Olga Rubin,2016-11-10,10-5-0,42
182769,Olga Yakymchyk,2017-12-15,0-3-0,
55271,Oli Thompson,2009-04-03,23-19-0,75
108783,Oliver Enkamp,2013-03-09,11-4-0,
243020,Oliver Jiminez,2022-04-24,3-3-0,
187645,Olivia Beeskau,2021-03-26,2-2-0,
209826,Olivia Parker,2019-01-19,4-3-0,
88319,Olivier Aubin-Mercier,2011-10-21,21-5-0,
187487,Olivier Murad,2018-03-17,8-3-0,
86429,Olli Santalahti,2012-04-14,19-9-0,42
202727,Oloan Silalahi,2018-12-22,2-1-0,
52901,Olutobi Ayodeji Kalejaiye,2009-03-07,10-9-0,0
136153,Olzhas Eskaraev,2014-08-16,15-7-0,0
68569,Omar Avelar,2010-06-11,9-14-0,
94122,Omar Benjar,2015-06-13,3-5-0,
175570,Omar El Dafrawy,2017-05-05,16-6-0,36
228256,Omar El-Sahlah,2022-11-12,2-3-0,
157853,Omar Emad,2015-12-03,2-3-0,
91437,Omar Hillail,2014-10-18,4-2-0,
174892,Omar Hussein,2017-05-20,12-7-0,35
231454,Omar Khaled Fayoumi,2020-08-20,3-3-0,
107961,Omar Morales,2011-11-26,11-4-0,
126066,Omar Quinones,2014-10-24,2-0-0,
307662,Omar Rzgoev,2023-02-13,6-1-0,
219276,Omar Smith,2024-02-24,4-2-0,29
119554,Omar Solomanov,2012-11-02,14-4-0,37
164440,Omar Torres,2018-04-27,6-1-0,
219632,Omar Tugarev,2024-02-10,10-1-0,26
85667,Omari Akhmedov,2010-01-30,26-8-1,52
200142,Omid Ibrahimi,2018-10-17,9-2-0,
151999,Omiel Brown,2021-03-19,13-4-0,0
203858,Omito Kanazawa,2019-01-26,4-4-0,
215548,Omoyele Gonzalez,2019-08-17,5-4-0,
181763,Omran Chaaban,2019-11-09,10-1-0,0
204386,Omurbek Ashirbekov,2017-02-19,6-5-0,
100634,Ondrej Moravec,2012-05-19,2-1-0,
133512,Ondrej Raska,2014-06-06,12-10-0,0
193607,Onigawara Lee,2016-12-11,1-2-0,
139464,Onosai Moana,2014-10-22,7-8-1,
181537,Or Eliov,2017-11-16,0-2-0,
127715,Orion Cosce,2018-09-01,8-2-0,
218951,Orkhan Ismatzade,2019-10-25,0-1-0,
137770,Orkhan Mammadov,2014-10-04,9-6-0,
166839,Orlando DAmbrosio,2016-06-11,7-5-0,
161916,Orlando Jimenez,2018-09-14,2-1-0,
217815,Orlando Mendoza,2021-08-13,0-3-0,
190291,Orlando Ortega,2020-10-29,2-4-0,
195383,Orlando Sanders,2022-07-29,5-3-0,0
92125,Oron Kahlon,2005-10-19,17-2-0,
225162,Orozbek Bakytbek Uulu,2019-04-13,2-1-0,
206564,Osama Awadalla,2021-12-03,3-1-0,
112214,Osama ElSeady,2013-02-09,9-3-0,
49748,Osamu Mori,2009-07-05,2-3-1,
244752,Osamu Nagahama,2021-08-28,0-2-0,
98358,Oscar Cota,2011-12-03,11-3-0,
186861,Oscar Hernandez,2018-04-14,0-2-1,
164597,Oscar Herrera,2021-07-02,7-4-0,
193563,Oscar Jurado Sanchez,2021-08-14,6-2-0,29
113371,Oscar Kush,2013-09-21,2-2-0,
182891,Oscar Mauricio Diaz,2019-08-10,3-11-0,
234685,Oscar Mendez,2021-11-13,6-3-0,0
133006,Oscar Ownsworth,2019-07-13,10-5-1,0
138630,Oscar Quintero,2015-07-25,2-2-0,
181346,Oscar Suarez,2017-08-11,5-3-0,
113774,Oscar Valdez,2013-04-06,9-5-0,
210725,Oscar Vera,2019-06-14,0-7-0,
205177,Oseyiomon Oiyemhonlan,2022-11-12,4-5-0,
153970,Osiris Ayala,2018-05-25,0-1-0,
79295,Oskar Piechota,2011-03-05,11-4-1,
126810,Osman Diaz,2015-06-14,10-4-0,39
177561,Osvaldo Gonzalez Lozano,2015-08-01,3-8-0,
234192,Otabek Kadirov,2020-11-27,0-1-0,
244263,Otabek Rajabov,2024-07-21,6-0-0,23
241426,Otabek Tokhirov,2021-01-30,11-3-0,27
212470,Otari Tanzilovi,2018-10-02,10-2-0,30
210651,Otoha Nagao,2019-06-09,5-5-0,
134953,Ottman Azaitar,2014-06-07,13-3-0,
17769,Otto Rodrigues,2007-12-01,14-2-0,
282030,Ouessama Zeidi,2023-06-19,0-1-0,
46660,Ousmane Thomas Diagne,2009-05-15,6-8-1,
244749,Ovidio Bojorquez,2021-07-31,7-4-0,28
275001,Owais Yaqoob,2023-03-31,6-1-0,0
145323,Owen Craugh,2019-08-23,2-1-0,
239074,Owen Livesey,2021-04-10,2-0-0,
148813,Ozan Aslaner,2015-07-18,11-6-1,34
204470,Oziel Pedro Dos Santos,2017-09-23,9-5-1,42
179836,Oziel Rodriguez,2016-05-28,10-8-0,
244908,Ozodbek Azimov,2021-06-19,3-3-0,
76684,Ozzie Alvarez,2010-08-21,10-10-0,
77464,P.J. Cajigas,2011-01-21,7-9-0,
237190,Pablo Benaion,2021-02-20,5-4-0,
108550,Pablo Caballero,2012-10-18,10-9-0,
104761,Pablo Chazarreta,2011-12-07,6-10-0,
288478,Pablo Ramos,2023-09-30,2-2-0,
98361,Pablo Sabori,2012-05-19,15-7-1,
246834,Pablo Tirado,2022-09-16,1-1-0,
90170,Pablo Villaseca,2011-12-10,14-6-0,
194769,Pacceli Afonso Campos Almeida,2018-05-19,5-3-0,
175257,Paddy McCorry,2021-08-12,8-1-0,28
87042,Paddy Pimblett,2012-10-16,24-4-0,38
274995,Paige Wilcox,2025-12-20,2-1-0,0
130223,Pam Sorenson,2015-11-21,9-6-0,
120912,Pamela Boveda Aguirre,2013-09-07,5-5-0,
149382,Pamela Mara Assis,2015-08-15,7-4-1,0
81109,Panagiotis Stroumpoulis,2011-03-20,14-8-0,
95430,Pannie Kianzad,2012-04-14,16-10-0,44
140972,Pantelei Taran,2014-12-13,8-5-0,
128880,Paola Ramirez,2015-08-15,1-3-0,
172774,Paola Reyes Sanchez,2017-04-21,0-3-0,
89851,Paradise Vaovasa,2014-02-15,7-4-0,
164679,Paris Artis,2018-03-10,6-2-0,
199774,Paris Moran,2019-11-09,14-3-0,35
147791,Paris Stanford,2016-05-14,5-4-0,
5109,Parker Porter,2007-10-13,13-9-0,
58061,Parnell Davis,2012-01-14,9-7-0,
144108,Pat Casey,2018-02-16,10-9-0,
145144,Pat Crumpton,2018-12-15,7-3-0,
15397,Pat Curran,2008-02-23,23-9-0,
263187,Pat Downey,2022-08-12,1-1-0,
211292,Pat Gilbride,2019-06-15,6-3-0,
136399,Pat McCrohan,2015-10-30,4-4-0,
132018,Pat Pytlik,2014-05-16,9-2-0,
61631,Pat Sabatini,2014-04-26,22-5-0,42
182920,Pathian Malsawmdawngliana,2019-11-23,0-1-0,
156901,Patricia Alujas,2016-02-06,10-3-0,
244639,Patricia Batista Reis,2021-08-28,4-2-0,
21923,Patricio Freire,2004-03-09,37-9-0,54
124557,Patrick Benson,2015-12-12,8-10-0,37
103645,Patrick Bittencourt,2012-09-29,4-1-0,
115727,Patrick Carillo,2012-10-26,0-1-0,
116018,Patrick Cornett,2022-03-04,2-3-0,
202919,Patrick De La Mata,2021-10-22,8-2-0,25
186681,Patrick Delgado,2019-09-28,0-1-0,
46434,Patrick Delgado,2012-07-14,7-3-0,
171206,Patrick Ferguson,2019-03-03,5-5-0,
268865,Patrick Gomes,2022-10-09,10-9-0,0
35678,Patrick Greene,2011-01-29,0-4-0,
48613,Patrick Hutton,2009-05-23,6-12-0,
185729,Patrick Lehane,2021-08-01,6-4-0,
66950,Patrick Martin,2008-03-29,7-9-0,
26445,Patrick Miller,2005-11-26,5-9-0,
128857,Patrick Mix,2016-05-28,19-4-0,38
272490,Patrick Ocheme,2021-11-03,9-1-0,0
114932,Patrick Quadros,2012-12-14,13-11-1,
81430,Patrick Rivera,2015-10-24,13-4-0,36
91569,Patrick Spirk,2012-01-20,5-5-0,
112477,Patrick Szombat,2011-10-01,1-4-0,
253450,Patrick Vespaziani,2022-04-02,6-4-0,35
70164,Patrick Walsh,2012-09-15,10-3-0,
77571,Patrick Ward,2016-11-12,2-1-0,
30913,Patricky Freire,2005-09-08,25-16-0,59
219941,Patrik Celic,2019-05-04,7-2-0,
7722,Patrik Kincl,2007-03-25,30-12-0,53
115785,Patrik Pietila,2013-05-11,13-13-0,
247961,Patrik Sebek,2025-05-03,4-1-0,0
158737,Patrik White,2016-03-16,10-3-0,
113492,Patrique Tavares,2012-10-20,9-10-0,
234373,Patryk Dubiela,2020-11-27,6-4-0,0
182168,Patryk Krzak,2017-09-09,4-2-0,
160447,Patryk Surdyn,2016-04-16,8-5-0,36
188527,Patryk Trytek,2018-06-16,3-1-0,
103582,Paul Amaro,2012-07-13,4-7-0,
160706,Paul Capaldo,2018-12-14,8-1-0,30
248344,Paul Carson,2023-04-22,3-2-0,
44706,Paul Cook,2008-07-11,15-7-1,
10255,Paul Daley,2003-06-29,44-18-2,
157877,Paul Elizondo Jr.,2018-09-28,6-1-0,
207298,Paul Garza,2019-04-20,7-5-0,35
148815,Paul Grant,2015-07-18,4-4-0,
125939,Paul Hughes,2017-02-24,14-3-0,34
191423,Paul Kimble,2021-05-29,3-2-0,
143010,Paul Loga,2016-05-28,10-9-0,
49268,Paul Lopes,2016-03-11,1-5-0,
269820,Paul Marghitas,2025-05-02,2-0-0,
128781,Paul Marquez,2013-07-27,7-12-0,
57384,Paul Redmond,2010-04-10,15-9-0,
116436,Paul Sims,2017-05-12,4-4-0,
290663,Paul Smith,2023-11-04,0-1-0,
216180,Paul Teague,2019-09-06,1-13-0,
193535,Paula Cristina dos Santos Silva,2018-05-12,8-3-0,34
77073,Paulina Granados,2013-03-23,4-5-0,
148406,Paulina Vargas,2015-05-30,8-2-0,37
163130,Pauline Macias,2018-06-16,4-2-0,
131090,Paull McBain,2014-08-16,9-3-0,
158822,Paulo Cesar Ramer,2015-09-12,7-6-0,
121995,Paulo Costa,2012-02-25,16-4-0,39
184762,Paulo Henrique Laia,2018-01-20,18-11-0,43
82858,Paulo Henrique,2010-08-07,5-6-0,
121006,Paulo Machado,2012-01-21,13-20-0,
126176,Paulo Renato Jr.,2013-12-08,12-3-0,33
133208,Paulo Ricardo Rodrigues,2013-08-04,15-20-1,53
90719,Paulo Silva,2011-04-23,9-6-0,
243216,Paulo Victor Santos Silva,2021-06-26,10-2-0,24
237546,Paulo da Silva,2019-12-10,13-2-0,25
37599,Paulo da Silva,2007-07-03,30-27-0,87
239705,Pavel Andrusca,2021-03-13,8-0-0,23
203998,Pavel Dailidko,2021-08-07,12-2-0,33
149043,Pavel Fussa,2015-06-22,2-2-0,
81821,Pavel Sabadash,2011-04-15,5-5-0,
161971,Pavel Salcak,2017-08-13,5-6-1,
338691,Pavel Toth,2025-12-28,0-1-0,
85593,Pavel Vitruk,2011-08-06,19-9-1,48
163163,Pavel Vladev,2016-06-18,10-1-0,0
52000,Pavlo Kulish,2009-08-22,4-2-0,
111034,Pavol Langer,2013-02-07,13-12-0,0
116126,Pawel Kielek,2013-10-05,9-7-1,
149937,Paymahn Khaleghi Zadeh,2019-10-12,4-1-0,
191902,Payton Brezinski,2019-02-02,4-3-0,
195416,Payton Talbott,2021-11-27,11-1-0,29
91096,Pearl Gonzalez,2012-02-10,11-6-0,
105157,Pedro Carvalho,2012-09-15,15-10-0,40
250920,Pedro Dantas,2021-12-11,6-1-0,23
160734,Pedro Doreto,2015-12-12,8-0-0,27
123308,Pedro Falcao,2011-07-09,16-5-0,
207759,Pedro Fontinele,2019-04-13,1-3-0,
54629,Pedro Gonzalez,2008-10-18,13-5-0,
306174,Pedro Henrique Araujo Campos,2024-08-02,4-0-0,0
152272,Pedro Henrique Farias,2015-09-25,10-13-0,43
151915,Pedro Henrique Finger,2016-07-23,11-9-0,
117150,Pedro Henrique Santos,2010-01-08,17-11-0,40
304504,Pedro Lay Jr.,2024-06-15,2-2-0,
227438,Pedro Lopes,2019-11-23,5-3-0,
53080,Pedro Munhoz,2009-03-21,20-10-0,
49140,Pedro Nobre,2009-03-29,22-9-2,51
234014,Pedro Oliveira,2020-11-28,11-4-1,32
89640,Pedro Paulino Vinagre,2011-09-24,10-2-0,
336655,Pedro Rubim,2025-09-13,2-0-0,
301189,Pedro Sousa,2024-03-24,1-4-0,
286698,Pedro Victor de Souza,2025-01-18,5-0-0,24
246379,Pedro Villa,2022-04-01,1-1-0,
95717,Pedro Wilson,2011-09-09,6-5-0,
147393,Pedro de Souza,2015-10-24,5-3-0,
84585,Pelu Adetola,2012-05-12,8-10-0,
234550,Pena Allamov,2022-06-26,5-4-1,32
213729,Pengchao Feng,2017-07-18,15-11-1,0
241525,Pengchu Gexi,2021-05-25,13-3-0,0
329744,Pengfei Wang,2024-11-24,2-3-0,
147399,Percy Herrera,2015-05-22,10-10-0,44
140894,Percy Hess,2017-12-02,0-5-0,
71289,Perry Goodwin,2012-04-14,11-10-0,
194516,Perry Stargel,2019-05-18,10-9-0,38
252827,Petaia Samosoni,2021-11-20,0-2-0,
91347,Pete Quezada,2016-06-18,1-4-0,
93933,Pete Rogers Jr.,2012-03-30,4-5-0,
73812,Peter Baltimore,2010-09-11,5-5-0,
81152,Peter Barrett,2014-06-21,17-7-0,
196654,Peter Benko,2018-09-15,1-1-0,
111330,Peter Caballero,2016-04-02,15-8-0,0
204188,Peter Gabal,2020-03-06,7-4-0,28
142835,Peter Ishiguro,2019-03-16,2-2-0,
185682,Peter Keepers,2020-09-11,4-6-0,33
116089,Peter Ligier,2013-04-06,10-2-1,
204262,Peter Lucitt,2023-10-14,2-3-0,27
183752,Peter Nascimento,2018-02-16,0-1-0,
82969,Peter New,2021-07-10,4-3-0,
140289,Peter Petties,2014-12-19,11-10-1,45
83214,Peter Queally,2011-07-23,14-8-1,
66829,Peter San Antonio,2014-11-21,2-3-0,
60322,Peter Slehor,2010-01-24,0-2-0,
104081,Peter Stanonik,2015-02-28,7-6-0,
213723,Petera Wilson,2022-07-29,3-1-0,
26871,Peterson Maffort,2005-09-09,4-7-0,
17220,Petr Knize,1999-02-18,14-3-0,
141553,Petr Yan,2013-03-29,20-5-0,45
156214,Petra Castkova,2015-11-07,6-7-0,
191546,Petru Buzdugan,2018-05-26,6-3-0,26
137910,Phil Caracappa,2017-02-24,11-3-0,
7974,Phil Davis,2008-10-11,25-8-0,55
46105,Phil De Fries,2009-04-26,29-6-0,51
46991,Phil Gonzalez,2017-07-22,2-2-0,
113786,Phil Hawes,2014-02-21,12-6-0,
78749,Phil Wells,2012-03-17,11-7-0,
127810,Philip Keller,2014-02-01,2-6-0,
69827,Philip Mulpeter,2010-07-24,10-6-0,
108165,Philip Rowe,2014-10-11,12-7-0,41
66469,Philipe Lins,2005-08-26,18-6-0,49
141786,Philippe Massoud,2014-12-15,2-3-0,
328671,Phillip Chakanyuka,2025-07-13,0-2-1,
65383,Phillip Deschambeault,2009-04-11,4-9-0,
235727,Phillip Jackson,2021-02-12,1-2-0,
245674,Phillip Latu,2021-11-04,7-5-0,39
194101,Phillip McGlothlin,2017-03-18,1-1-0,
95356,Phillip Platt,2014-03-22,2-3-0,
191375,Phumi Nkuta,2019-10-25,11-1-0,33
102608,Piankhi Zimmerman,2014-09-27,8-8-1,
171002,Piera Rodriguez,2017-05-20,12-2-0,36
206689,Pierre Ba,2022-04-23,1-2-0,
94054,Pierre Daguzan,2012-04-07,7-9-0,
181155,Pierre Ludet,2017-10-28,6-1-0,
184784,Pierre Walters,2018-02-03,3-2-0,
98634,Pieter Buist,2012-07-08,19-10-0,45
136920,Pietro Penini,2014-09-13,11-4-1,36
145256,Pim Kusters,2018-03-10,3-2-0,
172562,Piotr Chmielecki,2018-03-17,5-2-0,
125586,Piotr Danelski,2013-12-13,5-3-0,
107907,Piotr Kuberski,2012-11-17,18-1-0,39
132960,Piotr Niedzielski,2010-04-25,22-10-0,45
191039,Piotr Tokarski,2018-06-09,0-1-0,
155587,Piotr Walawski,2016-01-16,15-13-1,49
80665,Piotr Wawrzyniak,2011-03-26,14-7-0,40
132963,Piotr Wroblewski,2015-09-09,5-6-0,
108336,Plamen Penchev,2012-11-24,11-1-0,33
44523,Plinio Cruz,2008-03-15,8-9-0,
130510,Poliana Botelho,2013-09-28,9-5-0,
169916,Pololu Nakanelua,2018-06-23,6-2-0,
135263,Pongsiri Mitsatit,2014-06-27,10-6-0,
284542,Pouya Rahmani,2023-08-17,6-0-0,32
209440,Prashanth Guda,2024-04-20,3-1-0,0
204928,Predrag Bogdanovic,2019-02-16,17-2-0,
278473,Preston LaGrange,2024-03-23,6-1-0,0
199198,Preston Micheletto,2018-10-17,4-0-0,
246481,Prince Lolia,2021-09-10,3-1-0,
181675,Princeton Jackson,2022-07-15,3-2-0,
122939,Priscila de Souza,2013-10-31,12-13-0,
92915,Priyanka Toshi,2012-02-25,4-4-0,
143145,Przemyslaw Gorny,2016-02-27,7-5-0,0
65165,Pumau Campbell,2010-04-24,4-6-0,
162742,Punahele Soriano,2017-01-28,13-4-0,36
104486,Pupanga Tresor,2014-03-27,5-5-0,
117197,Qamer Hussain,2014-07-05,5-5-0,
147174,Qendrim Pallata,2021-12-04,5-1-0,
338742,Qi Mei,2025-09-19,0-1-0,
291400,Qiansaluoluo Qiansaluoluo,2023-11-04,6-2-0,0
331068,Qiao Liu,2025-06-29,0-1-0,
258724,Qifan Liu,2015-08-07,3-4-0,
168814,Qihui Yan,2016-07-28,26-6-0,36
161807,Qileng Aori,2015-11-06,26-13-0,49
237925,Qinghe Zhang,2019-03-28,18-9-1,33
305010,Qinhuo Zheng,2024-05-26,8-4-0,0
252082,Qosim Sardorov,2025-04-22,6-0-0,24
162453,Quang Le,2021-09-24,9-3-0,37
53153,Quartius Stitt,2011-05-14,9-10-0,
239748,Qudratullah Babakarkhil,2021-04-24,1-3-0,
219932,Queila Braga,2019-06-01,9-3-0,41
135701,Quemuel Ottoni,2014-08-09,12-4-0,35
123003,Quentin Alves,2020-02-15,0-1-0,
270504,Quentin Camacho,2024-06-22,3-0-0,
222031,Quentin Campbell,2023-04-29,1-8-0,
165376,Quentin Domergue,2016-09-24,1-7-1,
108653,Quentin Gaskins,2014-05-03,1-5-0,
253033,Quentin Pasley,2023-10-20,3-0-0,
328444,Quentin Perez,2026-01-30,3-0-0,0
260820,Quest Truxton,2025-04-17,2-2-0,
197493,Quillan Salkilld,2021-02-13,13-1-0,27
244098,Quincy Evans,2025-03-01,5-0-0,28
249156,Quinn Williams,2023-04-01,2-2-0,
148056,Quinten de Vreught,2017-02-18,7-8-0,
191799,Quintezs Sapp,2020-09-12,3-2-0,
193529,Quintin Bray,2018-07-21,4-4-0,
241218,Quintin Richards,2024-03-16,5-1-0,27
345,Quinton Jackson,1999-11-13,38-14-0,
84430,Quinton Parks Jr.,2014-06-14,9-6-0,
240522,Quran Walker,2021-03-27,1-2-0,
117448,RMandel Cameron,2013-12-07,7-6-0,
260854,Ra’ed Mohammad Al Jazi,2022-02-26,0-1-0,
71871,Rab Truesdale,2011-04-17,10-8-1,
46327,Rabin Catalan,2009-04-04,4-4-0,
231719,Rabindra Dhant,2019-05-05,10-1-0,28
172897,Rachel Lippert,2023-04-21,0-1-0,
198557,Rachel Martinez,2022-10-21,1-1-0,
259284,Radek Rousal,2022-02-26,7-3-0,33
317358,Radija Aquino,2024-12-21,2-1-1,24
152895,Radion Bestaev,2015-05-02,5-1-0,
118272,Radley da Silva,2013-07-05,9-1-0,32
128488,Radovan Uskrt,2014-02-08,9-6-0,0
145448,Radu Maxim,2015-01-24,10-3-0,
116459,Rae Yoon Ok,2014-05-18,17-6-0,43
141216,Rafa Garcia,2014-10-18,19-4-0,37
93985,Rafael Alves,2007-09-13,22-12-0,46
149868,Rafael Augusto Ferreira,2015-06-05,2-3-0,
159970,Rafael Barbosa,2016-05-21,17-5-0,35
134850,Rafael Bernardo,2013-11-23,5-2-0,
90597,Rafael Carvalho,2011-12-17,17-9-0,48
136148,Rafael Celestino,2014-08-16,14-7-1,53
150183,Rafael Costa,2015-08-22,14-5-0,32
124291,Rafael Davila,2013-06-15,4-6-0,
107880,Rafael Dias,2011-12-16,23-12-1,0
217413,Rafael Espino,2019-09-27,5-1-0,0
148436,Rafael Estevam,2015-06-26,14-1-0,32
150790,Rafael Fiziev,2015-07-18,14-5-0,38
271745,Rafael Francelino,2022-12-16,1-2-0,
168936,Rafael Hudson,2016-09-02,11-10-0,
134333,Rafael Lovato Jr.,2014-09-26,11-0-0,
87946,Rafael Macedo,2011-09-24,10-5-0,
180568,Rafael Matos,2017-08-19,3-1-1,
163945,Rafael Montouro Ribeiro,2016-08-20,9-4-0,33
138082,Rafael Pereira,2016-04-22,15-4-0,32
286104,Rafael Pergentino,2023-01-14,5-2-0,25
150151,Rafael Silva de Souza,2016-10-08,12-5-0,34
34992,Rafael Silva,2005-06-05,31-8-0,
138588,Rafael Souza Bernardino,2013-06-15,3-0-1,
256157,Rafael Tobias,2022-03-12,14-2-0,25
88623,Rafael Viana,2011-10-29,5-2-0,
129959,Rafael Xavier,2014-03-29,15-9-0,43
184765,Rafael do Nascimento,2013-10-20,13-3-0,37
297254,Rafaela Guedes,2024-01-20,2-1-0,
229362,Rafaela Silva,2023-05-27,0-2-0,
146235,Rafal Cejrowski,2016-05-21,3-1-0,
43556,Rafal Czechowski,2007-06-24,6-4-0,
329662,Rafik-Bek Omarov,2025-06-13,1-0-0,
172605,Raheam Forest,2021-03-06,9-4-0,29
264217,Rahil Baghirov,2022-03-12,6-4-0,
199843,Rahmatullah Yousufzai,2018-10-17,6-1-0,0
343204,Rai Sasaki,2026-02-11,0-1-0,
143982,Raimond Magomedaliev,2015-03-05,11-2-0,36
156876,Raimundo Batista,2014-09-29,19-3-0,37
184477,Raimundo Reginaldo Brito Chaves,2018-03-03,6-2-0,
193202,Rainn Guerrero,2019-10-04,8-2-0,35
226831,Rajabali Shaidullaev,2019-03-23,20-0-0,26
258002,Rajabo Hagrid,2016-12-25,0-2-0,
323290,Rajesh Pujari,2025-02-28,1-2-0,
143927,Rakan Adwan,2015-04-11,5-8-0,
102862,Rakhman Makhazhiev,2013-04-10,14-6-0,
69671,Rakim Cleveland,2010-11-12,23-18-1,
211536,Rakim Thorpe,2021-07-17,1-2-0,
7056,Ralph Acosta,2007-12-01,17-14-0,
8349,Ralph Alves,2007-09-01,8-8-1,
236470,Ralph Hernandez III,2025-06-14,4-0-0,26
102506,Ramadan Noaman,2012-07-06,12-7-0,
304826,Ramana Toscanelli,2024-06-15,5-2-0,30
192551,Ramano Medina,2022-08-05,2-1-0,
182878,Ramazan Gitinov,2023-05-12,7-0-0,28
220195,Ramazan Isaev,2018-02-11,5-2-0,
168564,Ramazan Kuramagomedov,2014-08-30,14-0-0,31
252019,Ramazan Ragimov,2023-09-02,8-0-0,0
155594,Ramazonbek Temirov,2015-12-19,20-3-0,33
111883,Ramdan Mohamed,2012-03-09,6-6-0,
171278,Rami Abuhav,2017-11-16,0-1-0,
141739,Rami Hamed,2015-02-09,15-4-0,38
161242,Ramiro Huerta,2016-11-04,1-0-0,
169673,Ramiro Jimenez,2019-02-08,11-0-0,27
120764,Ramiro Ruiz Castillo,2015-02-06,5-4-0,
156464,Ramiro Zermeno,2019-01-25,0-2-0,
341340,Ramiz Akhmadzoda,2025-12-21,0-1-0,
137675,Ramiz Brahimaj,2014-10-25,13-6-0,37
165841,Ramon Cardozo,2015-12-18,9-8-0,35
28429,Ramon Emilio Martinez,2008-08-08,12-10-0,48
132886,Ramon Lopez,2015-02-21,5-3-0,
212059,Ramon Taveras,2019-11-09,10-4-0,34
151835,Ramon Vizcarra,2018-09-14,6-8-0,35
236999,Ramyar Luqman,2021-01-30,1-1-0,
197111,Rana Rudra Pratap Singh,2018-09-09,12-3-0,
225314,Rance Foust,2019-05-24,0-1-0,
92329,Randall Wallace,2012-08-18,23-12-1,46
270459,Randi Febian,2022-11-26,2-0-0,
157419,Randi Field,2019-06-15,5-1-0,
45561,Randy Billiot,2008-05-17,7-15-0,
207352,Randy Rivera-Santiago,2025-02-08,1-2-0,
5143,Randy Steinke,2007-10-13,19-12-1,
176238,Randy Tran,2017-06-03,1-5-0,
67594,Randy Villarreal,2010-02-13,11-13-0,
171881,Rangel de Sa,2016-03-16,16-6-0,35
173790,Rangel dos Santos Rebelatto,2017-05-06,12-6-0,40
22386,Rani Yahya,2002-09-14,28-12-1,
29590,Raniel da Costa,2008-03-29,1-2-0,
64223,Ranjeet Baria,2017-09-16,3-1-0,
25672,Ranki Kawana,2005-04-17,10-3-7,
281819,Ranna Cortez,2023-06-30,1-1-0,
87476,Rany Saadeh,2011-09-17,15-5-0,38
93063,Raoni Barcelos,2012-03-10,22-5-0,46
21549,Raphael Assuncao,2004-01-23,28-10-0,
184259,Raphael Cruz,2018-03-10,7-7-1,
221179,Raphael Federico,2023-06-17,6-2-0,
131929,Raphael Montini de Lima,2011-12-09,6-6-0,
168942,Raphael Pessoa,2016-12-10,11-7-0,
257633,Raphael Silva,2023-07-22,5-2-0,29
208311,Raphael Uchegbu,2019-05-04,11-2-0,32
55799,Raquel Canuto,2010-06-04,6-7-0,
162714,Ras Hylton,2017-02-11,10-8-0,
161322,Rashaad Robinson,2019-10-05,5-7-0,
83882,Rashad Coulter,2011-06-10,9-5-0,
264757,Rashad Lockhart,2024-12-21,1-1-0,
248112,Rashad Orujevi,2021-07-03,0-1-0,
166029,Rashaun Jackson,2016-10-15,5-6-0,
233484,Rashed Dawood,2020-11-27,3-1-0,
212938,Rashid Vagabov,2019-02-17,15-2-0,30
102859,Rashid Yusupov,2012-12-15,12-3-0,
343533,Rashod Khudoyobekov,2025-10-16,1-1-0,
300220,Rasim Mirzaev,2024-03-15,4-1-0,0
220964,Rassul Khatayev,2024-02-28,7-0-0,0
235905,Rasul Isanov,2020-08-31,0-1-0,
252243,Rasul Magomedov,2021-12-22,9-0-0,27
282081,Rasul Magomedov,2023-06-23,10-0-0,31
151741,Rasul Tezekbayev,2015-09-12,10-4-1,
229553,Ratavious Williams,2022-03-04,0-10-0,
297998,Ratibor Yashchenko,2023-09-24,8-0-0,0
189426,Rauan Bekbolat,2018-02-05,12-4-2,0
136078,Raufeon Stots,2015-05-30,21-5-0,46
196557,Raul Alvarado Gonzalez,2018-05-04,1-1-0,
178048,Raul Garcia,2017-10-28,5-7-0,
165011,Raul Guzman,2016-08-12,6-7-0,
207876,Raul Lemberanskij,2023-02-18,9-0-0,25
292781,Raul Marroquin,2015-05-29,0-1-0,
201706,Raul Mendez,2018-11-16,3-2-0,
149722,Raul Najera Ocampo,2015-05-29,5-3-0,
145757,Raul Navarrette,2018-08-23,3-2-0,
215857,Raul Rosas Jr.,2021-11-26,12-1-0,23
138047,Raul Solis,2014-04-17,0-4-0,
122530,Raul Tutarauli,2011-09-17,38-8-0,45
132187,Raulian Paiva,2013-10-01,23-6-2,
100335,Raush Manfio,2011-12-08,17-9-0,47
176137,Ravena Oliveira,2017-06-10,7-5-1,
164254,Ravon Baxter,2020-01-25,4-6-0,
293834,Ravshan Boymirzoev,2023-11-25,5-2-0,0
86890,Ray Borg,2012-08-11,16-5-0,
48802,Ray Cervera,2009-05-28,9-10-0,
47804,Ray Elizalde,2011-06-17,10-1-0,
247224,Ray Hayes,2023-10-14,9-2-0,0
204306,Ray Hewlett,2020-11-06,1-1-0,
180846,Ray Jones,2017-10-06,1-3-0,
75448,Ray Kaitiana,2010-11-27,0-1-0,
198799,Ray Orsborn,2021-12-03,0-1-0,
80189,Ray Rodriguez,2012-06-30,16-8-0,
160712,Ray Skellern,2016-06-04,0-4-0,
110577,Ray Sloan,2013-01-19,8-1-0,
203813,Ray Waters,2021-05-14,5-1-0,0
83469,Ray Wood,2012-11-17,8-5-0,
272714,Rayan Atmani,2022-11-25,6-3-0,34
164980,Rayanne dos Santos,2015-12-05,14-9-0,39
281342,Rayimbek Tazhibaev,2023-05-31,5-3-1,0
164450,Rayla Nascimento,2016-08-06,14-11-0,41
94546,Raymond Banda,2013-06-21,8-3-1,
247994,Raymond Cardenas,2021-11-21,2-4-0,
20524,Raymond Daniels,2006-10-13,4-1-0,
335382,Raymond Herod IV,2025-09-07,0-0-0,
39370,Raymond Pina,2008-11-22,10-5-0,
141742,Raymond Ramos,2015-05-29,5-8-0,
71639,Raymond Yanez,2012-12-07,5-22-0,
263694,Raymundo Rios,2015-08-15,4-2-0,
99691,Rayner Silva,2012-07-15,6-5-0,
166765,Raz Bring,2016-01-21,7-7-1,37
298352,Razmik Hovhannisyan,2024-02-16,4-3-0,
301126,Razohnn Gross Jr.,2026-04-17,0-1-0,
172154,Rebecca Adney,2017-04-01,0-3-0,
202615,Rebecca Bryggman,2019-10-25,0-4-0,
178678,Rebecca Evans,2021-03-27,3-2-0,
108726,Rebecca Ruth,2014-04-19,6-3-0,
129952,Rebekah Levine,2017-06-17,1-1-0,
214833,Rebekah Rotenberry,2024-04-12,0-1-0,
234688,Reda Abdellaoui,2019-05-04,4-1-0,0
255222,Reda Maroufi,2022-03-27,0-1-0,
126937,Reece Street,2013-12-14,3-44-0,
190087,Reena Norville,2020-10-30,1-2-0,
239453,Reese Watkins,2023-04-15,6-3-0,26
57408,Regan Wilson,2010-04-17,5-4-0,
162208,Reggie Adams,2017-09-02,6-3-0,
42134,Reggie Cato,2005-10-01,5-4-0,
81702,Reggie Merriweather,2012-12-01,15-15-0,
242915,Reggie Northrup,2022-12-02,3-1-0,
201235,Reggie Rayford,2025-03-15,0-1-0,
249370,Regina Tarin,2023-12-01,8-0-0,22
149645,Reginaldo Felix,2015-07-25,6-3-0,
180755,Reginaldo Geraldo Jr.,2018-12-21,11-1-0,28
53111,Reginaldo Vieira,2009-03-21,18-9-0,
130329,Regivaldo Carvalho,2014-04-06,11-7-0,39
125136,Rei Date,2014-04-12,0-5-1,
235763,Rei Tsuruya,2021-02-21,11-1-0,25
161875,Rei Yoshihara,2016-07-17,1-2-0,
234366,Reidney de Oliveira Campos,2020-10-10,8-4-0,28
304263,Reiji Nakamura,2024-08-25,0-1-0,
181912,Reima Tsuda,2017-11-23,1-3-1,
72966,Reina Cordoba,2009-10-31,10-3-0,
149145,Reinaldo Inocencio Conde,2015-07-17,1-2-0,
115332,Reinier de Ridder,2013-06-01,21-4-0,41
304649,Reku Setoguchi,2024-07-21,1-1-0,
99703,Remo Cardarelli,2013-07-26,7-5-0,
154155,Rena Kubota,2015-12-31,15-6-0,40
187248,Renaldo Bueno,2017-10-06,3-2-0,
275950,Renaldy Manse,2022-10-08,7-1-0,0
3383,Renan Barao,2005-04-14,34-10-0,
139271,Renan Ferreira,2013-12-14,13-6-0,39
249001,Renan Freitas,2021-07-23,10-3-0,54
117229,Renan Martins Goncalves,2013-06-22,7-7-0,37
217424,Renan Oliveira,2019-09-28,14-2-0,35
213359,Renat Khavalov,2019-07-13,12-0-0,29
72332,Renat Lyatifov,2009-11-12,39-25-0,
158770,Renat Ondar,2015-08-08,16-5-0,38
62862,Renato Carneiro,2010-03-20,21-7-1,46
105156,Renato Ferreira,2012-11-04,0-1-0,
139862,Renato Rangel,2014-11-15,11-7-0,0
161625,Renato Valente Alves,2015-04-11,12-8-0,43
23839,Renato Velame,2004-12-14,23-8-0,
112163,Rene Catalan,2013-04-05,6-7-0,
214206,Rene Catalan Jr.,2022-11-26,4-5-0,
231219,Rene Garcia,2014-12-12,1-2-0,
191326,Rene Pergentino,2018-06-08,2-7-0,
170635,Renildo Monteiro Magave,2016-12-10,10-2-0,28
158493,Renzo Cortti,2014-12-13,9-5-0,
103470,Renzo Mendez,2013-02-27,21-8-1,0
163195,Reo Hansen,2016-07-31,9-14-1,
275711,Reo Hitomi,2023-03-19,6-3-1,26
282700,Reo Masuda,2023-08-27,3-4-0,
204170,Reo Yamaguchi,2023-09-24,5-2-0,29
226930,Reouven Librati,2020-01-25,1-0-0,
155261,Reshal Malik,2017-07-22,6-6-1,
336352,Retsuki Oshika,2025-11-09,3-0-0,
179012,Reuben Johnson,2021-12-17,0-3-1,
175001,Rewan Yasser,2022-07-03,1-2-0,
47274,Rex Griepertrop,2010-03-20,3-3-0,
85488,Rex Harris,2011-07-16,12-6-0,
73861,Rex de Lara,2010-10-17,12-8-1,
48612,Rey Trujillo,2009-05-23,29-43-0,92
199181,Reydemtor Nacionales,2019-07-05,4-6-0,
63346,Reydon Romero,2010-03-27,13-12-0,
107803,Reyes Cortez Jr.,2017-08-12,9-3-0,
323685,Reylan Gracie,2025-03-22,0-1-0,
200502,Reymond Jowett,2021-05-30,4-3-0,29
158757,Reynaldo Acevedo,2016-04-16,12-6-0,0
183158,Rezan Karaben,2017-09-23,2-1-0,
33114,Rhalan Gracie,2006-03-03,0-4-0,
138439,Rhalber Bernardo,2014-10-10,9-7-0,
124521,Ric Myler Empil,2013-11-30,1-2-0,
27605,Ricardo Arreola,2008-06-28,11-13-0,
202783,Ricardo Borges Bentes,2018-12-01,0-1-0,
154888,Ricardo Canales,2021-03-13,0-4-0,
144040,Ricardo Centeno,2012-03-03,10-9-0,0
180468,Ricardo Chavez,2017-06-24,26-27-0,67
98995,Ricardo Dias,2011-12-09,10-9-0,41
136740,Ricardo Diaz,2011-07-02,5-6-0,
237973,Ricardo Ferreira Evangelista,2021-04-18,3-1-0,
95611,Ricardo Franco,2012-03-17,7-4-0,
292726,Ricardo Fuentes,2017-12-21,7-4-0,31
183022,Ricardo Garza,2013-03-02,3-6-0,
126039,Ricardo Gonzalez,2013-06-01,4-3-0,
185164,Ricardo Hernandez,2013-11-23,7-10-1,
182045,Ricardo Jaramillo,2017-10-14,0-3-0,
192490,Ricardo Jimenez,2021-07-17,2-6-1,
171862,Ricardo Junior Dias,2021-11-13,2-2-0,
218998,Ricardo Lima,2019-10-19,7-2-0,25
189561,Ricardo Lopez de Sousa,2015-12-05,4-2-0,
172785,Ricardo Maynez,2019-09-01,4-4-0,0
127676,Ricardo Prasel,2012-12-15,13-6-0,38
232804,Ricardo Ramirez,2019-08-31,1-5-0,
108225,Ricardo Ramos,2012-05-19,17-8-0,37
124297,Ricardo Rivera,2013-06-29,2-4-0,
50138,Ricardo Sattelmayer,2008-03-16,15-24-0,
98241,Ricardo Seixas,2012-04-28,9-4-0,
172890,Ricardo Souza,2017-09-03,2-5-0,
111116,Ricardo Teixeira,2013-02-03,0-1-0,
25057,Ricardo Tirloni,2005-06-05,21-9-0,
301196,Ricardo Torralba,2011-10-28,0-2-0,
125922,Ricardo Vasquez,2017-09-23,1-0-0,
122504,Ricardo de Almeida,2014-04-10,11-7-0,39
84146,Ricardo de Souza,2011-06-19,12-9-0,
155987,Ricardo do Socorro Nascimento da Silva,2015-03-14,13-13-1,
255527,Ricards Ozols,2022-07-16,5-5-0,31
125121,Riccardo Nosiglia,2013-12-14,8-4-0,
85114,Ricco Ralston,2011-05-21,5-9-0,
188210,Richard Asitimbay,2018-05-05,4-1-1,
48517,Richard Barnard,2010-10-29,2-8-0,
76429,Richard Brooks,2010-05-08,5-2-0,
227862,Richard Chica,2025-06-22,2-1-0,
260092,Richard Daffron,2024-09-20,0-2-0,
95704,Richard Foster,2012-04-28,6-6-0,
282528,Richard Harris,2025-03-01,6-0-0,27
92814,Richard Herbert,2016-12-03,1-1-0,
245160,Richard Jacobi,2021-08-21,10-3-1,34
190938,Richard Kallos,2019-02-09,4-3-0,
158013,Richard Kiely,2016-12-16,3-3-0,
63878,Richard Knepp,2009-08-14,3-5-0,
159415,Richard Lashar,2017-04-15,1-2-0,
162502,Richard Luis,2017-05-29,4-7-0,
151214,Richard Mahan,2022-10-07,3-2-0,
203544,Richard Martins,2019-07-13,11-1-0,0
225745,Richard Mayol,2022-05-06,7-1-0,26
251558,Richard Muzaan,2022-01-07,6-4-1,0
69623,Richard Odoms,2010-07-17,14-6-0,
3664,Richard Pabon,2007-07-28,1-2-0,
97679,Richard Palencia,2013-06-22,10-2-0,
78243,Richard Patishnock,2011-04-01,8-6-0,
253445,Richard Silva,2022-02-12,7-1-0,23
132599,Richard Totrov,2014-05-25,14-8-0,
129742,Richard Williams,2016-03-05,5-2-0,
114665,Richardson Santos,2013-04-19,1-2-0,
147830,Richie Bonallie,2019-02-23,3-3-0,
237507,Richie Lewis,2021-03-26,8-2-0,33
187138,Richie Miranda,2021-02-27,13-2-0,35
163242,Richie Palomino,2018-08-23,7-6-0,
111600,Richie Santiago,2016-09-23,8-6-0,
116569,Richie Smullen,2016-07-30,15-5-1,38
172161,Rick Gutierrez,2017-10-28,0-4-0,
150921,Rick Zelada,2021-07-09,5-3-0,
91455,Rickey Furar,2017-09-09,7-3-0,
115765,Rickson Thai Zenidim Bueno,2013-08-31,20-5-1,32
92338,Ricky Abdelaziz,2018-09-29,1-1-0,
90623,Ricky Bandejas,2014-04-26,15-9-0,
75652,Ricky Camp,2011-06-11,12-4-0,
101802,Ricky Esquibel,2016-08-06,3-4-0,
99196,Ricky Field,2022-06-03,0-1-0,
62878,Ricky Musgrave,2010-03-19,14-5-0,
75335,Ricky Palacios,2012-11-17,11-2-0,
70359,Ricky Rainey,2011-08-06,13-6-0,
266289,Ricky Rojas,2024-09-19,6-0-0,23
201692,Ricky Romo,2019-11-01,7-5-1,0
101352,Ricky Simon,2014-01-18,22-7-1,44
86613,Ricky Steele,2013-05-18,8-2-0,
82772,Ricky Turcios,2013-07-19,12-6-0,38
148288,Rico Biggs,2017-11-11,5-4-0,
51422,Rico Cato,2009-08-08,3-4-0,
74494,Rico DiSciullo,2013-09-07,11-2-0,
116382,Rico Farrington,2013-05-24,8-3-0,
231388,Riki Kayukawa,2017-10-15,3-0-0,
226245,Rikiya Matsuzawa,2019-11-10,14-13-0,45
323806,Riku Isoda,2025-04-13,3-0-0,
264567,Riku Kurumada,2022-07-24,8-2-1,27
299070,Riku Nakajima,2024-03-24,6-1-1,19
32849,Riku Shibuya,2010-11-28,7-2-0,
256115,Rikuto Nakayama,2022-04-10,5-2-0,
150193,Rikuto Shirakawa,2012-07-22,12-12-1,
104033,Rikuya Ishida,2015-03-08,8-12-0,
72091,Rildo Benezar Morreira,2006-11-26,2-6-0,
40477,Riley Dutro,2009-01-03,12-6-0,
209434,Riley Miller,2019-10-04,0-1-0,
242236,Riley Palmer,2023-04-01,3-0-1,0
238180,Riley Wiseman,2021-07-24,2-2-0,
120941,Rinat Fakhretdinov,2013-06-05,26-2-1,38
248099,Rinat Rizman,2021-07-03,1-2-0,
183353,Rinat Sagyntay,2016-07-28,10-1-0,
130617,Rio Date,2014-04-12,5-3-2,
170331,Riou Takahashi,2017-02-24,0-3-0,
152712,Rishat Kharisov,2015-05-24,1-5-0,
125085,Risto Dimitrov,2013-12-13,7-7-0,
42715,Rivaldo Junior,2006-01-21,16-8-2,
209092,Rizal Zulmi,2018-09-08,1-1-0,
176008,Rizlen Zouak,2017-06-24,8-5-0,
135151,Rizvan Abuev,2011-10-05,19-4-0,38
88373,Rizvan Kuniev,2011-10-08,14-3-1,38
194773,Rizwan Ali,2016-10-15,11-1-0,29
109460,Rob Beech,2015-02-21,5-2-0,
67602,Rob Fenicle,2017-06-03,2-3-0,
79160,Rob Font,2011-12-03,22-10-0,52
147420,Rob Fuller,2019-01-26,3-26-0,
166712,Rob Mitchell,2016-08-13,1-2-0,
158742,Rob Rivera,2016-04-13,3-3-0,
35419,Rob Sinclair,2006-08-12,13-5-0,
89115,Rob Wilkinson,2011-10-15,20-5-0,39
92820,Robbie Brown,2020-11-22,1-3-0,
198488,Robbie Kennedy,2021-04-10,5-7-0,
60258,Robbie Leroux,2009-09-12,6-6-0,
42132,Robbie Peralta,2007-03-03,19-9-0,
198978,Robbie Ring,2021-01-30,9-2-0,26
261203,Robelis Despaigne,2022-06-03,6-2-0,37
120317,Robert Best,2013-01-26,1-3-0,
238341,Robert Brown Jr.,2021-04-02,0-1-0,
87162,Robert Bryczek,2011-09-18,18-7-0,42
147276,Robert Casper,2017-04-20,10-10-0,0
255785,Robert Cota,2024-04-21,2-0-0,
186030,Robert Dimitrus,2019-09-28,4-2-0,
11263,Robert Emerson,2002-06-29,21-15-0,
21872,Robert Fonseca,2004-03-07,13-4-0,
119175,Robert Garcia,2013-08-02,1-4-0,
183372,Robert Gidron,2016-06-25,8-12-0,42
183769,Robert Hale,2017-06-24,14-10-0,43
136423,Robert Henson,2017-07-22,3-1-1,
129450,Robert Masters,2025-10-18,0-1-0,
198170,Robert McCann,2020-02-29,1-1-0,
41718,Robert Morrow,2007-07-25,25-22-1,
152816,Robert Nystrom,2015-10-24,6-9-0,
168140,Robert Presley,2021-09-17,3-2-0,
64333,Robert Pukac,2010-04-10,21-14-1,51
46015,Robert Rodriguez,2009-04-24,5-2-0,
129407,Robert Turnquest,2014-05-09,10-8-0,
240392,Robert Varricchio,2021-10-22,8-2-0,0
37924,Robert Walker III,2007-11-10,6-9-0,
42732,Robert Washington,2007-04-03,20-11-0,
135685,Robert Watley,2014-06-21,16-4-0,42
47231,Robert Whiteford,2009-05-23,17-5-0,
45036,Robert Whittaker,2009-03-14,27-9-0,49
19343,Robert Wusstig,2008-03-10,8-16-1,
113812,Roberta Samad,2013-05-18,5-2-0,
117368,Roberto Barbosa de Souza,2012-09-22,8-7-0,
167929,Roberto Fernandes,2016-09-11,1-3-0,
56064,Roberto Guerrero,2009-11-07,7-10-0,
179838,Roberto Martinez Cuellar,2016-05-13,1-4-0,
84332,Roberto Neves,2009-02-14,10-6-0,
174471,Roberto Rodriguez,2018-11-30,0-1-0,
200526,Roberto Romero,2018-11-03,8-5-1,
85502,Roberto Sanchez,2015-02-27,8-2-0,
122468,Roberto Satoshi de Souza,2013-10-20,20-4-0,37
138725,Roberto Soldic,2014-10-19,21-4-0,
151025,Robiel Tesfaldet,2017-08-18,2-5-0,
225479,Robin Fosum,2020-02-15,2-1-1,
232686,Robin Frank,2020-09-19,5-1-0,
178602,Robin Roos,2019-01-27,8-7-0,37
104892,Robson Ferreira,2013-03-02,6-9-0,
198461,Robson Gracie Jr.,2018-12-14,3-2-0,
218542,Robson Junior,2019-10-12,5-2-0,
275176,Robson Oliveira,2012-03-31,10-3-0,
90928,Rocky Edwards,2012-05-12,12-11-1,
2313,Rocky Long,2001-07-14,21-40-1,
158780,Rodney Kealohi,2016-09-03,7-6-0,
125704,Rodney Mondala,2015-08-01,7-7-0,
204926,Rodolfo Barcellos,2018-03-10,1-2-0,
180699,Rodolfo Bellato,2017-07-16,13-3-1,34
42555,Rodolfo Marques,2006-09-02,25-18-1,
203399,Rodolfo Reseck,2018-09-14,4-5-0,
103437,Rodolfo Rocha,2012-08-25,1-3-0,
18041,Rodolfo Rubio,2008-04-19,20-14-1,56
170231,Rodolfo Vieira,2017-02-10,11-5-0,39
260306,Rodrigo Brauna,2025-03-22,2-0-0,
59517,Rodrigo Carlos,2009-09-03,35-30-0,89
145592,Rodrigo Caro,2015-04-18,11-6-0,39
79136,Rodrigo Correia,2010-09-26,27-11-0,54
42558,Rodrigo Duarte,2007-03-24,11-13-0,
83804,Rodrigo Favacho dos Santos,2010-10-16,6-3-0,
182768,Rodrigo Fernandes,2017-12-17,0-4-0,
157982,Rodrigo Flexa da Silva,2016-03-12,4-2-0,
218967,Rodrigo Garcia,2018-03-17,4-5-0,
83204,Rodrigo Goiana de Lima,2004-03-06,9-3-1,
51883,Rodrigo Jesus,2009-08-29,9-9-1,
139224,Rodrigo Lidio,2014-12-14,16-7-0,44
122511,Rodrigo Lima Novais,2012-12-15,6-3-0,
269873,Rodrigo Miranda,2026-01-30,1-1-0,
94733,Rodrigo Nascimento,2012-03-24,13-5-0,36
156879,Rodrigo Oliveira,2015-10-03,4-0-0,
303789,Rodrigo Pires,2024-06-21,3-2-0,0
107934,Rodrigo Praia,2011-12-03,19-11-0,46
155615,Rodrigo Reyes,2015-12-04,2-4-0,
147202,Rodrigo Sarafian,2013-09-06,26-21-1,60
174524,Rodrigo Sarmento Moraes,2017-07-13,8-6-0,
232926,Rodrigo Sezinando,2020-10-25,8-2-0,0
73052,Rodrigo Vargas,2011-07-28,16-7-0,46
143907,Rodrigo Vera,2016-02-18,22-1-1,35
226632,Rogelio Luna,2022-04-15,1-1-0,
69511,Rogelio Melgoza,2010-07-17,6-10-0,
195430,Rogelio Meneses,2017-02-17,1-3-0,
126062,Rogelio Perez Jr.,2016-11-19,2-0-0,
90618,Roger Berger,2011-12-17,8-8-0,
180250,Roger Blanque,2017-09-09,6-7-0,
15399,Roger Carroll,2008-08-15,18-19-0,
22051,Roger Huerta,2003-08-02,24-14-1,
231222,Roger Nanez,2014-10-24,1-0-0,
61671,Roger Narvaez,2011-10-15,8-4-0,
172182,Roger Pratcher,2017-04-07,2-3-0,
111334,Roger Reyes,2015-09-05,6-0-0,31
131955,Roger Sampaio,2012-12-28,11-3-0,
134085,Roger Severson,2015-10-10,4-7-1,
219639,Roger Smith,2022-08-21,1-2-0,
114327,Rogerio Bontorin,2013-04-06,18-6-0,43
119528,Rogerio Furtado,2012-07-20,20-20-1,53
189869,Rogerio Monteiro de Franca,2018-05-05,15-10-0,43
117089,Rogerio Santos,2013-06-08,4-4-0,
181733,Rogerio Sobrinho,2017-09-30,11-5-0,34
149361,Roland Dunlap,2018-07-28,7-0-0,33
258561,Roland Pruden,2024-01-20,7-2-0,22
89460,Rolando Dy,2011-10-15,15-13-0,
36439,Rolando Velasco,2006-09-17,13-6-1,
158545,Romain Bidet,2016-04-02,1-5-0,
171161,Romain Debienne,2017-03-04,12-8-0,0
183601,Roman Akhremchik,2017-12-01,4-3-0,
137640,Roman Alcantar,2014-08-09,7-1-0,
168565,Roman Bogatov,2016-03-04,13-2-0,
167861,Roman Dolidze,2016-12-09,15-5-0,43
212069,Roman Faraldo,2019-06-15,9-2-0,32
75329,Roman Huerta,2017-12-16,2-0-0,
267817,Roman Kiziuk,2025-05-09,0-1-0,
163937,Roman Kopylov,2016-04-01,15-5-0,40
208587,Roman Kurashvili,2018-12-15,9-6-0,0
181539,Roman Kushnir,2017-11-16,0-1-0,
169667,Roman Lopez,2019-03-09,2-6-0,
163523,Roman Lukashevich,2013-12-18,10-0-0,
155922,Roman Paulus,2019-02-09,15-6-0,33
140091,Roman Puga,2018-08-11,5-1-0,28
4990,Roman Salazar,2009-09-11,14-10-0,
160133,Romario Garcia,2017-01-21,6-7-0,
135475,Romel Orosco,2010-07-24,6-3-0,
176962,Romero Cotton,2017-07-14,7-2-0,36
266388,Rommel Castellanos,2024-02-04,1-2-0,
166759,Ron Becker,2016-11-10,6-5-0,
127300,Ron Henderson,2014-01-18,4-4-0,
162767,Ron Marshall,2018-11-02,2-5-0,
91616,Ron Scolesdang,2011-04-23,5-4-0,
23883,Ron Stallings,2003-11-01,15-7-0,
216595,Ronal Padilla,2023-10-28,8-4-0,34
300514,Ronald Alves,2024-03-29,2-1-0,
150945,Ronald Bolivar,2016-06-11,3-7-0,
234454,Ronald Coleman,2022-04-08,5-1-0,32
155179,Ronald Girones Sago,2015-12-18,8-5-0,
184359,Ronald Hauser,2021-02-12,5-4-0,33
253056,Ronald Humphrey,2024-10-19,4-0-0,24
143244,Ronald Paradeiser,2014-06-22,23-11-0,38
200788,Ronaldo Moreira,2018-09-01,10-7-0,0
180534,Ronaldo Rodriguez,2017-03-19,18-3-0,
107801,Ronee Dizon,2018-05-19,5-0-0,
184251,Ronie Arana Leon,2018-02-16,1-4-0,
41073,Ronildo Augusto Braga,2002-09-14,9-3-0,
136426,Ronnie Byerly,2018-01-16,2-1-0,
115202,Ronnie Forney,2018-05-05,3-2-0,
97075,Ronnie Lawrence,2015-10-31,9-2-0,
245334,Ronnie Roberson,2024-11-23,1-1-0,
38969,Ronny Markes,2007-01-27,25-12-0,54
137564,Rono Junior,2014-09-20,8-2-0,
136637,Rony Henrique,2014-08-30,23-17-1,47
30450,Rony Mariano Bezerra,2006-05-04,18-12-0,53
144362,Roosevelt Roberts,2016-10-22,12-6-0,
167660,Roque Conceicao Moreira Junior,2019-05-25,11-3-0,29
114080,Roque Reyes,2015-02-28,0-4-0,
25924,Rory MacDonald,2005-10-15,23-10-1,
96260,Rosa Acevedo,2014-03-01,4-4-0,
266637,Rosalani Ikei,2026-03-27,1-0-0,0
154820,Rose Conceicao,2016-07-15,8-3-0,32
289358,Rosen Georgiev,2023-07-20,2-0-0,
193086,Ross Coe,2016-10-29,2-6-0,
84875,Ross Houston,2016-03-26,8-1-0,
183751,Ross Richardson,2018-02-16,1-0-0,
243026,Ross Thurwalker,2024-02-18,0-1-0,
180936,Rosselyn Chavira,2021-06-11,3-1-0,
136117,Rostem Akman,2017-04-01,7-5-0,38
205123,Rosy Angela de Jesus,2019-02-23,0-1-0,
14751,Roxanne Modafferi,2003-11-10,25-20-0,
86227,Roy Doliguez,2011-08-26,7-6-0,
152987,"Roy Menzi, Jr.",2015-07-11,4-1-0,
22211,Roy Nelson,2004-04-17,24-20-0,
61830,Roy Sanders,2012-10-06,3-18-0,
147994,Roy Sarabia,2019-01-19,1-3-0,
205327,Roybert Echeverria,2020-09-25,10-3-0,33
250368,Royce Butler,2023-09-30,7-1-0,32
249460,Royce White,2021-12-10,0-1-0,
218950,Roza Gumienna,2019-10-26,5-5-0,
183957,Ru Ze,2016-11-26,11-4-0,
20433,Ruben Crawford,2008-06-14,15-4-0,
154807,Ruben Lozano,2014-11-29,10-6-0,
79365,Ruben Martinez Jr.,2010-06-19,3-14-0,
84270,Ruben Trujillo,2011-06-24,1-2-0,
75573,Ruben Wolf,2010-11-21,12-13-0,
155836,Rubenilton Garcia,2017-01-21,0-2-0,
163756,Ruberval Maia,2010-04-16,0-1-0,
192653,Rudisel Mora,2017-11-19,0-2-1,
164409,Rudney Carvalho,2013-09-14,8-3-0,
283167,Rudolph Guzman,2026-02-06,0-1-0,
241727,Rudolph Johnson III,2026-04-12,1-0-0,
101845,Rudson Caliocane,2012-08-25,9-4-0,
210833,Rudy Isidro,2021-02-12,2-2-0,
73966,Rudy Morales,2013-01-19,6-8-0,
118667,Rudy Schaffroth,2014-01-25,7-5-0,
244950,Ruel Panales,2021-08-27,7-5-0,31
153448,Rufat Asadov,2015-09-18,4-6-0,
146659,Rufino Mante,2015-06-13,7-8-0,41
226248,Rui Imura,2020-02-16,13-6-0,33
328669,Rui Otake,2025-05-18,1-1-0,
210636,Rui Sekine,2019-06-08,3-6-1,
304650,Rui Tomori,2024-07-21,4-3-0,
300346,Ruki Saito,2024-04-29,4-3-0,
277638,Rumin Guo,2023-02-24,3-0-0,
279429,Rusi Hadzhiev,2023-04-22,4-2-0,24
172055,Rusi Minev,2021-12-04,5-1-0,
101255,Ruslan Abiltarov,2012-07-27,25-14-1,48
207904,Ruslan Bolkvadze,2019-04-20,12-5-0,33
100548,Ruslan Esayanc,2012-06-29,1-2-0,
151723,Ruslan Khamzayev,2015-04-04,2-3-0,
181565,Ruslan Mammadov,2017-11-11,22-15-1,45
186155,Ruslan Nazhmudinov,2018-01-20,10-2-0,33
142142,Ruslan Serikpulov,2014-04-18,19-23-0,79
108444,Ruslan Tedeev,2012-12-08,13-4-0,
159066,Russell Korbul,2022-08-06,4-1-0,
162738,Russell Mizuguchi,2016-04-22,5-0-0,
73549,Rustam Chsiev,2016-08-10,5-3-0,
111948,Rustam Kerimov,2012-04-26,22-2-0,38
213516,Rustam Serbiev,2019-07-07,11-6-0,
186603,Rustam Teuvazhukov,2018-03-11,7-3-0,
222144,Rustambek Nurzhanov,2019-03-30,20-9-0,45
239521,Rustem Kudaibergenov,2021-03-20,9-8-0,39
73719,Rusty Turley,2019-10-27,2-2-0,
238362,Ruth Pereira,2021-03-27,5-4-0,34
3090,Ryan Bader,2007-03-31,31-8-0,
48706,Ryan Benoit,2009-05-09,10-8-0,
258419,Ryan Burgos,2022-05-14,3-0-0,23
77983,Ryan Cafaro,2013-11-15,15-6-0,42
69251,Ryan Castro,2018-04-06,0-3-0,
212034,Ryan Charlebois,2019-12-13,4-3-0,
51777,Ryan Couture,2010-08-13,12-6-0,
80391,Ryan Curtis,2015-06-12,6-4-0,
72846,Ryan Debelak,2014-10-25,6-4-0,
56503,Ryan Dela Cruz,2014-08-03,12-10-0,
87315,Ryan Delf,2008-06-14,4-7-0,
128226,Ryan Dennis,2018-04-28,3-3-0,
77243,Ryan Dickson,2011-08-13,11-6-0,
176490,Ryan Erickson,2017-03-04,2-1-0,
195435,Ryan Fathi,2023-02-10,0-1-0,
68944,Ryan Fillingame,2016-03-05,6-5-0,
249835,Ryan Firinaiu,2026-02-27,1-0-0,
256802,Ryan Gandra,2022-02-19,10-1-0,30
194878,Ryan Hardy Evans,2019-02-15,1-1-0,
73237,Ryan Hayes,2011-01-15,9-9-0,
88417,Ryan Hollis,2012-09-14,14-13-0,
165438,Ryan Hoover,2022-03-26,7-0-0,
174616,Ryan Houston,2019-03-23,1-0-0,
164026,Ryan Jett,2016-03-05,5-9-0,
212389,Ryan Kim,2024-03-23,2-3-0,
111283,Ryan Kuse,2020-08-28,10-2-0,33
171168,Ryan Leininger,2019-03-15,10-5-0,
126341,Ryan Lilley,2016-04-16,13-14-0,47
104077,Ryan MacDonald,2015-03-21,12-3-0,
3583,Ryan McIntosh,2007-02-03,17-37-0,
125705,Ryan Mondala,2015-03-28,4-9-0,
112701,Ryan Morgan,2018-03-10,3-3-0,
241212,Ryan Ocasio,2022-07-08,6-1-0,25
174060,Ryan Parker,2017-11-03,6-8-0,35
97256,Ryan Pokryfky,2012-02-18,6-6-0,
39980,Ryan Quinn,2008-02-23,14-7-1,
84093,Ryan Reneau,2011-06-17,4-7-1,
130248,Ryan Rizco,2019-02-16,5-2-0,
118517,Ryan Robertson,2015-07-25,11-11-0,
5538,Ryan Roddy,2007-10-20,8-1-1,
116058,Ryan Schafer,2018-12-07,0-1-0,
216480,Ryan Schwartzberg,2020-06-26,1-1-0,
37945,Ryan Scope,2010-02-06,10-5-0,36
33802,Ryan Shell,2010-12-11,7-1-0,
130474,Ryan Shough,2019-03-22,3-3-0,
69660,Ryan Spann,2013-02-16,24-11-0,47
246407,Ryan Taylor,2020-11-22,0-7-0,
77709,Ryan Walker,2014-03-08,7-5-0,
203381,Rylan Melancon,2022-06-26,5-4-0,
40179,Ryo Asami,2011-07-17,12-15-0,58
79330,Ryo Hatta,2011-03-06,13-9-0,
40183,Ryo Iseki,2010-09-26,13-16-3,
240745,Ryo Katsuno,2021-12-05,3-2-2,
25426,Ryo Kawamura,2005-07-27,19-11-4,
304261,Ryo Matsui,2024-08-25,4-1-0,30
94269,Ryo Okada,2012-04-29,18-6-3,43
124059,Ryo Oyakawa,2014-07-06,7-5-0,
146956,Ryo Sawada,2015-05-17,3-12-0,
241140,Ryo Tajima,2021-05-15,11-3-0,30
243936,Ryo Takagi,2021-09-12,11-3-0,28
275532,Ryo Takamiya,2023-05-28,3-3-2,
230612,Ryo Yazawa,2020-07-31,5-9-0,
258417,Ryoga Arimoto,2022-04-10,10-2-2,30
86568,Ryogo Takahashi,2011-07-17,16-11-1,53
298664,Ryohei Danbara,2025-08-10,0-2-0,
234913,Ryohei Kobayashi,2020-12-26,9-5-0,26
113035,Ryohei Kurosawa,2012-12-16,20-6-0,38
178824,Ryoji Kudo,2017-10-09,11-6-1,
241243,Ryoma Ishii,2021-05-30,3-6-0,
322842,Ryoma Tsukamoto,2025-03-23,0-3-1,
322843,Ryoma Yamada,2025-03-23,0-2-1,
173138,Ryosuke Honda,2017-05-12,14-8-1,41
113127,Ryosuke Kano,2013-10-05,9-9-0,
297913,Ryosuke Mayumida,2025-07-27,3-0-0,21
160642,Ryosuke Noda,2017-01-29,7-6-0,33
206989,Ryosuke Shiotsu,2019-04-14,0-4-0,
196495,Ryosuke Takasugi,2018-09-09,3-14-2,
300345,Ryosuke Tanaka,2024-04-29,3-1-0,
245219,Ryota Imaichi,2021-09-20,1-4-0,
344497,Ryota Nishimura,2026-04-26,0-1-0,
111472,Ryota Omori,2013-04-07,1-4-0,
8845,Ryota Sasaki,2008-02-11,13-9-4,
241997,Ryota Sato,2021-07-25,0-2-0,
346975,Ryota Shionuma,2026-05-17,0-1-1,
258227,Ryota Sumiyoshi,2022-05-15,4-1-0,
174874,Ryota Tagashira,2019-11-24,6-3-0,36
332786,Ryoya Komiya,2025-08-10,2-2-0,
172092,Ryse Brink Jabour,2016-04-02,9-3-0,
132182,Ryskulbek Ibraimov,2013-05-18,24-22-1,57
154397,Ryu Yamashita,2017-12-24,1-1-0,
220900,Ryuga Uda,2019-12-15,1-0-0,
138547,Ryuhei Nakamoto,2015-04-29,9-7-0,
273892,Ryuho Miyaguchi,2023-03-05,7-1-0,28
25305,Ryuichi Miki,2005-07-14,21-16-4,
123344,Ryuichiro Fujiki,2012-07-15,2-5-1,
56978,Ryuichiro Sumimura,2009-11-29,27-8-1,51
135581,Ryuji Abe,2014-08-31,5-3-0,
232506,Ryuki Kaneda,2020-10-25,3-3-0,
279804,Ryuki Yoshii,2023-05-14,4-0-2,23
254945,Ryuon Iju,2022-04-03,5-2-1,
177308,Ryusei Teramoto,2017-07-16,2-3-0,
306542,Ryusei Tokida,2024-09-29,5-0-0,27
345225,Ryushiro Takemi,2026-04-19,3-0-0,21
157692,Ryusuke Ogawa,2016-03-21,3-6-1,
303836,Ryuta Tomoyose,2024-06-30,2-2-0,
110729,Ryuta Umishita,2013-02-23,3-6-4,
243935,Ryutaro Sato,2021-09-12,10-2-0,26
170332,Ryutaro Shiga,2017-02-24,5-3-1,
343144,Ryuto Ogawa,2026-02-28,1-1-0,
112743,Ryuto Sawada,2013-06-22,15-10-1,42
258228,Ryuto Wakamiya,2022-05-15,5-2-1,0
322844,Ryuuki Konno,2025-03-23,1-1-0,
89729,Ryuya Fukuda,2011-06-05,26-10-1,47
238967,Ryuya Hatakeyama,2020-11-29,8-2-2,30
237473,Ryuya Iwamoto,2020-01-19,6-0-0,
33370,Saad Awad,2006-03-19,24-14-0,
117473,Saad Ul-Hasan,2014-05-26,9-11-0,
131305,Saba Bolaghi,2014-04-26,14-3-1,
50814,Sabah Homasi,2009-05-14,18-12-0,56
143661,Sabina Mazo,2015-03-26,10-4-0,
228057,Sabrina Oliveira,2019-08-03,7-7-0,30
220971,Sabrinna de Sousa,2023-12-15,6-0-0,25
219952,Sabriye Sengul,2019-11-23,4-6-0,
130381,Sadibou Sy,2013-10-19,17-9-2,
274522,Saeed Abi-Issa,2026-03-27,2-0-0,0
230958,Safarmamad Akhmadov,2019-04-06,5-3-2,
199006,Sage Philippe,2021-08-06,4-6-0,
274810,Saheeb Jackson,2024-02-23,5-0-0,26
323388,Sahil Shakirov,2025-09-13,3-1-0,0
152737,Sahil Siraj,2015-10-16,9-4-0,
248109,Said Malikov,2021-07-03,5-3-0,
97769,Said Nurmagomedov,2009-08-22,18-5-0,40
186365,Said Sowma,2018-04-06,12-5-0,38
215488,Said-Khusein Akhyadov,2019-07-14,10-5-0,35
194866,Said-Magomed Abdulgaziev,2018-06-30,7-10-0,0
234301,Saidal Khazmuradov,2018-11-25,0-1-0,
186605,Saidguseyn Surkhaev,2018-03-11,4-0-0,
184361,Saidyokub Kakhramonov,2017-04-15,13-3-0,33
126845,Saimon Oliveira,2013-07-20,18-7-0,42
266941,Sakura Katada,2022-10-15,0-3-0,
143260,Sal Bruno,2022-05-01,4-4-0,31
225158,Sal Guerriero,2020-01-31,6-4-0,
109199,Salah Elkas,2012-12-29,7-8-0,
246273,Salah Walid,2022-07-22,3-4-0,
119201,Salaiman Ahmadyar,2014-05-03,9-5-0,37
212458,Salamat Isbulaev,2023-01-29,10-1-0,29
238333,Salamat Orozakunov,2021-03-06,5-5-0,
235320,Salamat Sharsheev,2020-08-31,2-1-0,
248102,Salar Valizade,2021-07-03,1-2-0,
159604,Salauat Beysenkhanov,2016-05-14,3-3-0,
233736,Saleem Al-Bakri,2018-10-05,2-2-0,
321123,Saleem Waleed,2025-01-16,1-1-0,
87086,Salih Kulucan,2010-11-12,6-8-0,
315404,Salih Muradov,2024-11-10,4-0-0,27
240057,Salim El Ouassaidi,2021-05-30,12-5-0,0
150186,Salim Mukhidinov,2013-09-22,7-5-0,
77333,Salimkhan Sadulloev,2010-10-16,8-5-0,
176443,Salina Rowland,2018-07-27,1-2-0,
112034,Salvador Amaral,2012-09-22,9-5-0,
122771,Salvador Becerra,2014-07-12,8-4-1,
200248,Salvador Izar,2014-10-24,4-2-0,
212205,Salvador Osorio,2021-11-13,3-1-0,
167339,Sam Bird,2019-06-15,2-1-0,
54690,Sam Boult,2010-07-23,12-4-0,
89721,Sam Chan,2011-09-03,5-4-0,
77619,Sam Creasey,2014-02-15,19-6-0,
302421,Sam Fournier,2024-11-22,2-2-0,
89365,Sam Garrett,2012-10-13,3-2-0,
73276,Sam Guardiola,2010-10-09,8-4-0,
61258,Sam Halliday,2014-05-24,6-10-0,
138308,Sam Hernandez,2018-12-15,3-4-0,
244071,Sam Hill,2021-04-17,2-0-0,
163394,Sam Hughes,2019-02-23,11-7-0,40
193088,Sam Kelly,2021-05-08,6-5-0,33
211297,Sam Kilmer,2021-09-03,9-5-0,29
33926,Sam Liera,2006-04-29,14-11-0,
198577,Sam McAlpin,2020-07-03,1-3-0,
207434,Sam ODonnell,2019-01-16,3-11-0,
174914,Sam Paneitz,2021-08-07,6-4-0,31
119335,Sam Patterson,2017-04-29,15-3-1,34
53936,Sam Sicilia,2007-09-15,18-11-0,
153999,Sam Slater,2018-05-12,3-2-0,
38459,Sam Stevens-Milo,2006-12-16,4-10-0,
196629,Sam Steward,2018-11-10,0-5-0,
85220,Sam Toomer,2011-10-22,11-3-0,
134770,Sam Watford,2015-10-23,4-8-0,
246402,Sam Whiteley,2021-08-21,0-4-0,
200843,Samandar Murodov,2018-11-16,11-0-0,
192495,Samantha Brister,2025-02-21,0-1-0,
135480,Samantha Jean-Francois,2014-03-01,11-9-0,46
149771,Samara Santos,2015-04-02,12-11-1,
164294,Samarbek Sabyrzhan,2016-08-07,5-5-0,
219838,Samat Kylychbek Uulu,2019-06-16,2-2-0,
90283,Samba Coulibaly,2011-12-10,11-4-0,
167071,Sami Yahia,2016-10-29,14-6-0,36
154165,Samin Kamal Beik,2015-11-27,6-7-0,
235535,Samir Akhmedov,2020-12-05,10-4-0,0
117741,Samir Faiddine,2013-06-29,14-10-0,43
139806,Samir Sadoun,2014-11-15,1-1-0,
145682,Samir Selmi,2023-07-22,2-1-0,
147618,Samir Zaidi,2015-05-30,6-5-0,
85116,Sammy Rind,2008-09-05,2-6-0,
43612,Sammy Saunders,2009-02-06,3-7-0,
195459,Sampson Tabbytite,2022-03-26,6-2-0,0
116800,Samson Phommabout,2015-11-14,5-3-0,
141464,Samuel Alvarez,2015-05-07,11-8-0,39
213408,Samuel Bark,2021-10-02,13-4-0,37
161391,Samuel Danko,2016-06-18,5-4-0,
173509,Samuel Dias,2016-08-05,10-3-0,32
156365,Samuel Kristofic,2015-07-10,17-8-0,47
177041,Samuel Liska,2017-04-28,2-5-0,
267293,Samuel Mieles,2024-06-22,6-3-0,
196999,Samuel Romero,2018-07-21,0-3-0,
138886,Samuel Samples,2012-07-07,2-4-0,
150712,Samuel Silva,2015-08-27,13-6-1,40
158810,Samuel Vogt,2018-10-06,6-4-0,35
76065,Samuel de Souza,2010-12-11,1-2-0,
270905,Samuele Di Guardo,2022-12-03,4-4-0,
195334,Sanad Armouti,2019-07-26,3-3-0,
134407,Sanderson Santos,2013-03-15,18-7-0,39
255366,Sandor Polik,2023-05-20,4-1-0,
205122,Sandoval Kowalski Adorno,2019-02-23,0-1-0,
174529,Sandra Chheng,2021-07-31,0-3-0,
163359,Sandra Chimeyo,2016-08-19,2-8-0,
220875,Sandra Jerez,2025-09-07,2-1-0,
168248,Sandra Lavado,2016-12-07,13-6-0,40
302307,Sandra Peterhoff,2024-05-04,0-1-0,
193416,Sandro Dantas,2017-08-19,4-5-0,
57681,Sandro Gemaque de Souza,2006-03-11,21-9-1,
178043,Sang Hoon Yoo,2017-02-19,8-2-0,
175829,Sang Won Kim,2016-11-12,14-6-2,40
185779,Sanjarbek Erkinov,2017-05-26,11-7-0,0
223541,Sanon Sadeck,2021-11-06,7-3-0,35
250924,Santhiago Paiva da Frota,2021-12-11,4-5-0,
222825,Santiago Curillo,2021-10-23,1-9-0,
138693,Santiago Diaz,2016-12-17,3-4-1,
316034,Santiago Garcia,2025-09-07,0-0-0,
159714,Santiago Guzman,2017-12-16,7-4-0,
265530,Santiago Luna,2023-04-28,8-1-0,23
142328,Santiago Monreal,2017-04-08,7-5-0,33
224224,Santiago Nunes da Silva,2019-10-26,1-0-0,
180643,Santo Curatolo,2017-08-05,6-4-0,
219250,Santos Verdinez,2022-10-21,8-2-0,32
183335,Sanzhar Adilov,2017-03-26,14-3-1,0
224829,Saori Oshima,2020-01-26,17-7-0,38
219017,Sara Collins,2019-09-06,6-1-0,35
172140,Sara Cova,2019-12-14,5-5-0,
68622,Sara McMann,2011-05-28,14-7-0,
104099,Sarabjit Singh,2012-10-19,2-2-0,
84579,Sarah Alpar,2011-07-01,9-6-0,
192680,Sarah Barwick,2021-10-21,2-1-0,
134766,Sarah Click,2016-03-11,2-3-0,
52839,Sarah DAlelio,2010-02-20,11-7-0,
204308,Sarah Hayes,2020-09-12,1-0-0,
179893,Sarah Jane McCann,2017-10-15,2-2-0,
34420,Sarah Kaufman,2006-06-03,22-5-0,
12438,Sarah Patterson,2002-10-26,5-5-0,
69467,Sarah Shell,2014-05-16,1-2-0,
231035,Sarah Vieitez,2019-05-04,4-3-0,
163363,Sarai Saenz Flores,2016-08-19,2-2-0,
157168,Saray Orozco,2015-09-05,8-8-0,43
251004,Sardor Babayanov,2021-05-28,5-4-0,0
253570,Sardor Khudoyberdiev,2016-09-10,9-5-0,37
204775,Sarek Shields,2021-07-24,9-3-0,32
177154,Sargis Vardanyan,2017-07-19,9-2-0,
171279,Sari Hleihil,2016-12-20,2-4-0,
341484,Sarvar Azimjonov,2025-12-21,0-1-0,
164427,Sarvarjon Khamidov,2016-08-27,17-1-0,32
148130,Sasha Palatnikov,2017-04-07,8-6-0,
218658,Satbek Esengeldin,2018-04-22,5-4-0,
104821,Satendar Bankura,2012-11-16,3-3-0,
216019,Satomi Hirose,2019-05-06,0-3-0,
92624,Satomi Takano,2012-03-03,21-14-0,
112792,Satoru Date,2013-09-23,13-13-7,
65111,Satoru Enomoto,2010-04-24,10-6-0,41
114360,Satoru Kasai,2015-11-01,5-4-3,
1741,Satoru Kitaoka,2000-10-31,45-29-10,101
42519,Satoru Ota,2007-03-25,1-1-0,
108531,Satoshi Fujikawa,2012-12-09,7-6-8,
5082,Satoshi Inaba,2007-07-15,14-16-4,
58750,Satoshi Ishii,2008-08-15,26-13-1,
160657,Satoshi Miyokawa,2015-12-20,12-8-1,37
186636,Satoshi Sato,2018-04-15,0-1-0,
104031,Satoshi Yamasu,2013-06-30,13-9-0,45
144460,Satya Behuria,2015-01-17,2-2-0,
189861,Saud Karagishov,2018-04-29,1-2-0,
44871,Saul Almeida,2008-10-18,20-15-0,
300203,Saul Alvarado,2016-08-19,0-1-0,
142324,Saul Cabrera,2016-10-15,3-3-1,
62145,Saul Elizondo,2010-02-26,6-10-0,
73359,Saul Rogers,2011-05-29,15-5-0,
179643,Saulo Cavalari,2017-09-22,3-4-0,
146490,Sayako Fujita,2015-05-02,8-3-0,
199424,Sayed Murtaza Sadat,2018-05-14,8-3-0,0
149971,Saykhan Elmurzaev,2015-05-30,0-2-0,
167303,Sayury Canon,2016-02-13,7-1-0,33
181146,Schyler Sootho,2017-11-02,4-2-0,
32806,Scott Askham,2010-10-01,20-7-0,
128059,Scott Butters,2017-11-04,2-4-0,
159670,Scott Clymer,2017-11-03,1-0-0,
50644,Scott Farhat,2009-07-24,7-13-0,
323798,Scott Haas,2025-01-18,0-2-0,
36634,Scott Heston,2011-04-23,8-1-0,
101914,Scott Hudson,2012-09-02,14-5-1,
121262,Scott Malone,2015-04-25,9-7-0,
104585,Scott Noble,2015-10-10,1-4-0,
119447,Scott Pedersen,2021-03-18,6-5-1,
153351,Scott Writz,2018-05-19,7-5-0,35
199021,Scottie Stockman,2020-07-18,12-7-0,33
145635,Scotty Hao,2015-10-23,5-4-0,
63886,Scotty Juarez,2010-03-20,2-2-0,
283473,Sczar Charles,2023-02-25,3-4-0,
111825,Sean Brady,2014-08-09,19-2-0,37
118104,Sean Cerveny,2013-06-28,5-0-0,
124198,Sean Clements,2016-09-16,3-2-0,
136965,Sean Connor Fallon,2014-03-29,17-10-0,
149964,Sean Felton,2017-02-25,5-5-1,
130547,Sean Gauci,2014-04-05,12-1-0,31
60934,Sean Holden,2011-12-02,6-3-0,
22930,Sean Huffman,2004-07-24,23-39-0,
123925,Sean Johnson,2014-02-08,2-21-0,
127363,Sean Johnson,2016-03-12,4-2-0,
113158,Sean Kennard,2023-06-25,4-1-0,
278429,Sean King,2025-04-11,6-0-0,22
44113,Sean Lally,2008-11-08,9-6-0,
151024,Sean McPadden,2018-12-07,6-2-0,
229762,Sean Mora,2021-05-14,7-1-0,30
266569,Sean Murphy,2023-09-01,0-1-0,
116060,Sean OMalley,2015-03-06,20-3-0,36
55390,Sean Powers,2009-08-14,9-7-0,
74526,Sean Redgrave,2012-07-01,1-1-0,
253690,Sean Rose,2022-07-09,2-5-0,
39349,Sean Santella,2008-11-21,24-9-2,55
62884,Sean Soriano,2009-06-05,15-9-0,
62114,Sean Spencer,2009-05-02,12-7-0,
166382,Sean Stebbins,2019-02-22,4-4-0,
16617,Sean Strickland,2008-03-22,31-7-0,51
75459,Sean Tobin,2013-07-06,5-4-0,
283756,Sean Watanabe,2023-09-24,2-3-0,
165393,Sean Woodson,2016-09-30,13-2-1,
200532,Sebastian Balcazar,2018-10-13,1-6-0,
204896,Sebastian Cardona,2022-01-29,6-3-0,33
191679,Sebastian Ceballos,2018-05-05,0-0-1,
99123,Sebastian Heil,2012-07-07,7-3-0,
202559,Sebastian Herzberg,2018-12-15,5-1-0,
302879,Sebastian Horvath,2026-03-07,0-1-0,
120502,Sebastian Kozok,2013-07-06,0-3-0,
290963,Sebastian Oyervidez,2024-09-22,5-0-0,0
158415,Sebastian Przybysz,2016-04-30,15-5-1,41
269081,Sebastian Rodriguez,2024-12-15,3-1-0,19
73878,Sebastian Romanowski,2010-10-23,14-11-1,
183310,Sebastian Ruiz,2017-12-01,7-5-0,31
158099,Sebastian Santana Guedes,2015-09-26,13-10-1,41
241888,Sebastian Seagraves,2025-06-21,1-1-0,
206005,Sebastian Storm,2019-03-15,2-0-0,
186970,Sebastian Szweda,2018-03-17,5-7-0,
276187,Sedric Hill,2024-12-15,0-1-0,
191108,Sedriques Dumas,2018-06-09,11-5-0,34
286763,Seif Shawky,2024-12-13,1-1-0,
111505,Seigo Kameshima,2013-09-01,7-3-2,
146342,Seigo Yamamoto,2014-10-19,7-15-1,
98519,Seiichiro Ito,2012-07-16,16-5-1,36
3944,Seiji Akao,2007-06-17,25-16-3,
71165,Seiji Tatebe,2010-08-21,4-4-0,
172644,Seijo Imazaki,2018-09-22,3-4-0,
94103,Seio Yamada,2012-07-16,6-14-12,
127271,Seiya Matsubara,2021-09-26,7-3-0,
343203,Seiya Saso,2026-02-11,2-0-0,20
255942,Seiya Sugimoto,2022-03-11,6-2-1,33
261533,Seiya Yamazaki,2022-09-11,4-4-0,
174519,Selem Evloev,2017-05-26,6-4-0,
180226,Selim Topuz,2017-09-23,7-5-0,
321286,Sena Kudo,2025-02-11,0-2-0,
324478,Sena Seki,2025-04-27,4-0-0,25
268376,Senan Coakley,2026-03-07,2-0-0,
329663,Senwei Feng,2025-06-13,2-1-0,0
90161,Senzo Ikeda,2012-12-01,14-5-1,
246479,Seo Young Park,2022-05-14,5-6-0,
185137,Seok Hyeon Ko,2018-01-12,13-3-0,34
102916,Seong Chan Hong,2012-09-01,10-4-0,
140983,Serena DeJesus,2018-04-14,6-3-0,
137819,Serg Jayson,2017-03-31,0-1-0,
10169,Sergei Kharitonov,2000-08-11,36-10-0,
140715,Sergei Pavlovich,2014-12-20,21-3-0,38
149277,Sergey Bilostenniy,2015-06-11,15-4-0,33
189212,Sergey Malyutin,2017-09-10,1-1-0,
90647,Sergey Morozov,2006-10-26,20-5-0,
125722,Sergey Prokopyuk,2012-12-02,8-5-0,
22767,Sergey Shemetov,2001-10-25,12-8-0,
156951,Sergey Yaskovets,2013-12-08,17-9-1,44
137889,Serghei Spivac,2014-09-28,18-6-0,38
163934,Sergio Cedillo,2011-09-03,4-3-0,
136619,Sergio Cossio,2013-08-31,19-12-1,0
69776,Sergio Da Silva,2011-02-04,7-9-0,
93060,Sergio De Bari,2014-11-15,6-3-0,
223933,Sergio Linan,2017-07-15,0-2-0,
258071,Sergio Martinez,2025-06-06,1-1-0,
293277,Sergio Murilo,2023-11-25,2-1-0,
159300,Sergio Pesce,2016-04-30,1-6-0,
53360,Sergio Pettis,2011-09-10,25-8-0,45
193558,Sergio Plascencia,2022-08-12,6-3-0,
111025,Sergio Ribeiro,2013-02-01,13-7-0,
108704,Sergio Sosa,2012-08-25,3-2-0,
117610,Sergio de Fatima,2013-06-29,17-6-1,
116872,Sergio de Jesus Santos,2013-06-06,9-13-0,
248104,Serhat Gumus,2021-07-03,0-2-0,
158083,Serhiy Sidey,2018-06-23,12-2-0,
233140,Serina Kondo,2024-09-08,1-2-1,
25734,Seth Baczynski,2005-09-30,22-18-0,
75980,Seth Basler,2010-11-06,5-17-0,
110675,Seth Bass,2015-07-25,4-3-0,
151963,Seth Rosario,2015-09-26,6-6-0,
191103,Seth Sirgo,2019-10-19,2-2-0,
190244,Seung Guk Choi,2018-05-25,10-3-0,33
143210,Seung Hyuk Hong,2015-02-28,1-5-0,
152502,Seung Woo Choi,2015-08-15,11-8-0,
218437,Sevde Turk,2019-07-27,4-1-0,
304254,Seyed Mostafa Salehizadeh,2023-03-18,6-0-0,0
172079,Seyyed Masoud Derekeh,2017-02-18,0-2-0,
147446,Sha Whittington,2015-05-08,0-6-0,
231749,Shadland Walters,2023-10-06,4-2-0,
199506,Shadybek Taichibekov,2018-07-28,1-1-0,
253176,Shah Kamali,2023-10-29,4-2-0,0
161297,Shaheen Santana,2016-06-24,9-7-0,38
212949,Shahriar Zolfaghari,2022-11-06,2-1-0,
131393,Shaianna Rincon,2017-05-20,2-1-0,
38279,Shajidul Haque,2012-11-11,17-6-0,44
125204,Shakeem Richardson,2016-01-22,5-7-0,
221395,Shakhban Alkhasov,2019-12-13,9-3-0,33
158721,Shakhmar Sadygov,2016-04-22,7-1-1,
234193,Shakhriyor Juraev,2020-11-27,2-1-0,
86926,Shakir McKillip,2013-03-23,8-11-0,
188247,Shamar Perez,2024-07-13,2-0-0,
211932,Shameek Harvey,2021-05-08,10-3-0,33
191669,Shamel Findley,2021-05-08,8-6-1,36
180210,Shamidkhan Magomedov,2017-09-09,10-2-0,33
240289,Shamil Abdulkhamidov,2021-04-11,4-1-0,
158772,Shamil Akhmaev,2016-04-16,3-5-0,
244911,Shamil Aminov,2020-09-25,0-2-0,
283415,Shamil Boraev,2023-07-14,7-1-0,24
179889,Shamil Djakhbarov,2017-10-13,5-3-0,
212443,Shamil Gaziev,2020-10-24,14-3-0,38
122928,Shamil Magomedov,2013-08-15,13-4-1,
105273,Shamil Musaev,2013-06-30,20-1-1,35
160175,Shamil Nasrudinov,2016-05-28,6-4-0,
78764,Shamil Nikaev,2011-01-22,10-1-0,
161556,Shamil Uvaysov,2016-12-10,2-8-0,
206846,Shamir Peshewa,2018-01-06,2-1-0,
77955,Shane Burgos,2013-07-26,16-5-0,
146215,Shane Campbell,2019-11-23,5-5-0,
241604,Shane Dillehay,2022-11-17,1-1-0,
115119,Shane Grant,2013-04-26,8-6-0,
38702,Shane Howell,2007-01-20,13-10-0,
237292,Shane Keefe,2021-02-26,4-2-0,
3040,Shane Kruchten,2007-05-12,12-5-0,
71485,Shane Manley,2012-09-22,5-5-0,
269815,Shane Marshall,2026-04-17,0-1-0,
255058,Shane Mistretta,2024-02-17,5-4-0,
60783,Shane Sargent,2008-04-05,1-17-0,
111430,Shane Shapiro,2021-01-15,2-0-0,
131288,Shane Sobnosky,2018-03-09,9-8-0,0
211726,Shane Torres,2019-03-23,8-12-0,
156918,Shane WhiteEagle,2021-12-17,6-4-0,33
272070,Shane Wright,2025-02-07,1-5-0,
86692,Shane Young,2012-09-22,13-8-0,
195943,Shania Arredondo,2021-05-14,0-1-0,
184060,Shankar Mehra,2018-02-09,2-3-0,
260577,Shanna Gomez,2023-06-10,2-3-0,
111488,Shanna Young,2015-04-11,11-9-0,43
257355,Shannel Butler,2024-10-18,0-1-0,
217548,Shannon Clark,2022-10-01,8-1-0,34
148630,Shannon Goughary,2017-12-15,7-11-0,
67189,Shannon Ross,2010-08-14,12-9-0,
87179,Shannon Sinn,2013-03-22,5-8-0,
93609,Shantaram Maharaj,2009-03-14,11-9-0,
198463,Shaquan Moore,2018-10-13,1-4-0,
183820,Shaqueme Rock,2017-07-22,12-3-1,33
202831,Sharabutdin Magomedov,2017-12-09,17-1-0,34
149898,Sharaf Davlatmurodov,2015-04-10,22-5-1,40
215135,Sharapudin Ziyaudinov,2023-06-17,7-1-0,25
95100,Sharif Jones,2014-03-15,3-3-0,
241781,Sharif Kushaev,2021-04-05,14-1-0,31
241783,Sharifzhon Akhmedov,2021-05-30,1-3-1,
126616,Sharon Jacobson,2014-01-24,6-5-0,
184229,Shaun Alstrom,2019-02-13,0-1-0,
72883,Shaun Asher,2011-08-27,15-5-1,47
49656,Shaun Lomas,2009-06-28,29-85-1,
82621,Shaun Luther,2016-03-05,4-5-0,
159728,Shaun Spath,2015-09-19,4-2-0,
207641,Shaun Stant,2025-03-14,3-0-0,28
65983,Shaun Taylor,2011-12-03,8-2-0,
203435,Shaun Vaughn,2019-01-25,0-1-0,
98029,Shaun White,2010-04-03,0-3-0,
204268,Shauna Bannon,2022-04-10,7-3-0,34
147642,Shawn Brown,2018-06-16,3-5-0,
104698,Shawn Bunch,2012-11-30,11-6-0,
175625,Shawn Johnson,2018-09-22,5-16-0,
121916,Shawn Kenny,2016-04-16,3-1-0,
168200,Shawn Lunghi,2022-03-19,1-2-0,
181849,Shawn Marcos da Silva,2019-04-13,7-2-0,32
167684,Shawn Rall,2017-05-20,4-11-0,
155249,Shawn Solis,2017-04-28,6-4-0,
183789,Shawn Stefanelli,2021-03-11,5-3-0,
136169,Shawn Teed,2015-12-04,6-3-1,
268142,Shawn Tillman,2026-06-26,1-0-0,
52819,Shawn West,2010-10-22,18-14-0,
179534,Shawna Lee Ormsby,2018-04-21,2-6-0,
203567,Shea Conley,2019-01-19,11-8-0,0
241941,Shealor Ladd,2025-01-10,4-1-0,0
76093,Shedrick Goodridge,2011-06-10,8-13-0,
158265,Sheila Padilla,2016-04-01,3-2-0,
197382,Shelby Koren,2020-07-02,0-1-0,
270127,Shelda Chipito,2025-12-20,2-0-0,0
136036,Shelden Struble,2023-04-29,1-1-0,
122389,Sheldon Smith,2014-01-18,2-2-0,
90483,Shelton Graves,2012-10-27,11-7-0,
150738,Shelton Sales,2017-07-21,3-4-0,
170354,Shem Murdoch,2017-02-18,1-8-0,
201373,Shendy Solomon,2018-11-25,0-1-0,
147678,Sherrard Blackledge,2018-11-02,5-1-0,
134842,Sherwin Price,2017-04-08,6-5-0,
92720,Sheymon Moraes,2012-03-17,17-7-0,45
205284,Shi Yin Tan,2022-06-05,3-2-0,
207311,Shido Boris Esperanca,2018-02-24,12-2-0,31
343208,Shidou Funatsu,2026-02-11,1-1-0,
47252,Shigeaki Kusayanagi,2009-11-03,8-13-3,
122227,Shigeki Iijima,2015-04-26,5-10-0,
20357,Shigeyasu Fujita,2008-06-21,5-14-1,
277551,Shiho Mori,2023-05-21,0-4-0,
233803,Shikhikhlas Dzhamalov,2020-11-22,8-2-0,0
27779,Shimon Gosh,2008-07-26,6-2-0,
174331,Shimon Smotritsky,2016-12-20,13-5-0,28
275537,Shimon Suzuki,2023-11-19,7-1-1,26
161280,Shin Iraha,2018-10-21,1-2-0,
41205,Shingo Makita,2007-10-21,4-14-4,
28842,Shingo Suzuki,2009-02-01,13-15-2,
93380,Shingo Ura,2011-05-21,11-14-2,
122226,Shinichi Maeno,2014-06-08,2-4-0,
42010,Shinichi Taira,2009-03-01,27-21-10,64
231394,Shinji Aoi,2021-06-26,6-8-2,
182088,Shinnosuke Ishihara,2017-12-03,5-7-3,
87483,Shino VanHoose,2011-12-17,5-7-1,
234897,Shinobu Ota,2020-12-31,8-6-0,37
201988,Shinpei Nakayama,2018-12-15,0-0-1,
99957,Shinpei Sugiyama,2012-07-22,3-9-1,
324195,Shinsaku Midori,2025-05-11,1-1-2,
47254,Shinsho Anzai,2010-01-30,9-6-0,
182306,Shinsuke Kamei,2017-12-10,6-6-0,34
181585,Shinsuke Matsubara,2018-04-08,13-11-0,37
208804,Shinsuke Nishio,2019-05-11,6-7-0,
33160,Shintaro Ishiwatari,2006-03-03,26-9-4,
161283,Shintaro Ota,2022-10-15,0-1-0,
22723,Shinya Aoki,2003-11-24,49-12-0,72
36734,Shinya Murofushi,2006-10-01,13-6-1,
159575,Shiro Ogata,2016-05-28,1-4-1,
338737,Shizhangerdu Shizhangerdu,2025-09-19,0-1-0,
39154,Shizuka Sugiyama,2008-11-16,24-8-1,49
232469,Shlomo Boyd,2021-01-09,7-7-0,
288772,Sho Miyashita,2023-11-03,3-3-0,25
87512,Sho Nishida,2011-12-18,12-10-5,
241138,Sho Patrick Usami,2021-05-15,9-5-0,29
201552,Sho Sekihara,2019-05-26,14-5-0,38
124056,Sho Yamashiro,2014-12-14,5-4-2,
139590,Shoaib Yousaf,2016-10-01,13-3-0,33
160524,Shogo Nagaya,2018-10-08,5-2-0,
281458,Shogo Sato,2023-07-09,5-2-0,32
274793,Shogo Shinzato,2023-04-16,1-4-0,
244635,Shohboz Ortikov,2021-07-31,3-2-0,0
321294,Shohei Honda,2025-02-11,1-3-0,
128546,Shohei Masumizu,2014-03-30,11-3-0,
317561,Shohei Morita,2024-12-31,4-2-0,27
190547,Shohei Nose,2018-07-15,16-7-2,35
126818,Shohei Yamamoto,2015-05-31,7-5-0,
148652,Shoichi Tomita,2015-07-18,10-3-0,
240826,Shoji Saito,2021-05-15,9-3-1,34
127908,Shojin Miki,2017-03-25,10-15-0,48
114051,Shoki Ogawa,2014-11-30,9-12-3,
28830,Shoko Sato,2008-04-26,38-17-2,57
241003,Shoma Inaba,2021-06-27,3-3-1,
92627,Shoma Shibisai,2012-04-08,10-4-0,
264569,Shoma Yamada,2023-04-06,7-5-0,31
177431,Shonte Barnes,2016-08-27,6-2-1,
185270,Shosuke Kinoshita,2017-12-17,13-7-1,36
154199,Shota Betlemidze,2011-02-20,30-6-1,
177643,Shota Iguchi,2017-08-13,3-5-5,35
304651,Shota Inoue,2024-07-21,0-2-0,
270191,Shota Kakihara,2023-07-23,6-3-0,30
80297,Shota Kondo,2011-03-21,5-6-1,
246363,Shota Mizunaga,2021-12-12,1-4-0,
343201,Shota Saito,2026-02-11,1-1-0,
297918,Shota Tabata,2024-06-09,6-3-1,27
321293,Shota Taguchi,2025-02-11,2-2-0,
241141,Shota Takagi,2021-05-15,2-2-0,
245983,Shota Tanii,2021-10-02,3-4-0,
219487,Shoui Urushima,2020-01-26,6-7-0,
236500,Shovkhal Churchaev,2018-05-05,6-4-0,0
273743,Shugo Tomotsune,2023-09-03,2-1-0,
193542,Shuhei Noyama,2018-10-08,5-2-0,
115052,Shuhei Sakano,2014-07-20,13-5-4,35
91925,Shuichi Kanda,2013-03-17,18-16-1,51
322793,Shukurullo Manonov,2024-11-30,2-1-0,
332682,Shumi Saito,2025-09-23,0-1-0,
160643,Shun Katsuro,2023-07-23,2-2-0,
302077,Shun Komiyama,2024-05-05,3-5-1,
83168,Shun Miyagawa,2014-04-20,3-10-0,
162215,Shun Okamoto,2019-06-16,3-0-0,34
245982,Shun Yamaguchi,2021-10-02,0-1-1,
43457,Shunichi Shimizu,2005-07-24,40-32-14,77
221459,Shunma Sasaki,2024-02-25,4-2-0,23
155843,Shunpei Hayashi,2016-03-06,2-2-0,
114365,Shunsuke Takahashi,2014-11-30,0-7-0,
170104,Shunya Ogawa,2017-03-26,6-6-2,36
323809,Shunya Uesugi,2025-04-27,2-2-1,
177302,Shutaro Debana,2017-09-03,11-8-0,50
226247,Shutaro Miyahira,2020-02-16,4-5-0,
182087,Shuto Aki,2017-12-03,11-8-1,30
136672,Shuya Kamikubo,2014-09-28,16-3-1,37
282031,Shuya Oribe,2023-08-27,3-7-0,
149854,Shyann Farmer,2017-09-15,0-2-0,
157777,Shyngys Kairanov,2015-04-26,13-4-0,
57882,Shyudi Yamauchi,2010-05-08,21-11-0,
106596,Sid Bice,2013-07-26,9-2-0,
38554,Sidemar Honorio,2006-11-23,13-8-0,
29631,Sidiah Parker,2008-02-22,21-9-0,
154486,Sidney Ben Simons,2015-12-05,5-3-0,
65580,Sidney Outlaw,2013-02-02,22-6-0,44
180083,Sidney Trillo,2021-04-16,5-2-0,27
152866,Sidney Wheeler,2015-03-28,8-4-0,
158859,Sidy Rocha,2015-11-28,14-9-2,
152033,Sierra Lee Dinwoodie,2023-03-05,4-1-0,29
208052,Sigi Pesaleli,2017-04-07,3-3-0,
89750,Sijin Kurian,2016-02-20,3-5-0,
329770,Silangraopeng Silangraopeng,2025-05-16,2-1-0,
231247,Silas Lucas,2022-02-27,1-0-0,
132352,Silas da Silva Lima,2013-09-30,7-1-0,
71065,Silvana Gomez Juarez,2010-03-27,12-6-0,46
200670,Silvia Juaneda,2021-06-26,3-2-0,
185183,Silvia Ortiz,2018-02-23,0-2-0,
141183,Sim Kai Xiong,2019-08-31,7-2-0,29
190849,Simeon Kapuya,2018-06-02,2-3-0,
91024,Simeon Kichukov,2011-12-27,5-1-1,0
77621,Simeon Otley,2018-11-17,2-6-1,
202552,Simeon Powell,2021-08-21,13-2-0,29
173413,Simon Biyong,2017-07-02,12-6-0,39
178137,Simon Ridgeway,2019-05-04,0-1-0,
159078,Simone DAnna,2017-03-11,11-7-0,39
156487,Simone La Preziosa,2014-07-04,3-8-0,
246172,Simone Manno,2022-11-05,2-4-0,
201044,Simone Serra,2018-11-10,4-2-0,
132293,Sindile Manengela,2014-06-05,8-10-0,
129654,Sinead Kavanagh,2015-09-19,9-7-0,
232928,Sirnande Junior,2020-10-25,4-3-0,
271989,Sirojiddin Bekmurodov,2022-12-09,8-3-0,0
260349,Siron Harrison,2022-06-05,0-4-0,
207174,Sithembiso Hadebe,2022-04-23,5-2-0,0
116730,Sivaldo Alves da Silva,2012-05-26,18-13-1,50
293648,Siyaku Dumisa Nomvemve,2023-12-07,6-5-0,0
165264,Siyovush Gulmamadov,2016-09-05,5-4-0,
208973,Sk Akib Ali,2019-01-13,5-6-2,35
154300,Skyler Hicks,2016-09-24,0-3-0,
239739,Skyler Schlosser,2021-03-27,4-3-0,
241971,Slate Passmore,2023-09-01,2-4-0,
157330,Slavoljub Mitic,2016-03-05,9-5-1,
204748,Slim Trabelsi,2019-03-23,8-1-0,32
291948,Slimen Hassaini,2023-10-06,4-1-0,25
58719,Slobodan Maksimovic,2010-08-28,19-6-1,
247644,Smoky Smoky,2021-12-05,1-2-0,
14637,So Tazawa,2003-10-31,8-7-4,
182559,So Yul Kim,2017-11-25,9-2-0,30
218487,Socrates Hernandez,2021-09-18,0-2-0,
257845,Sodai Mitobe,2022-09-11,4-1-0,
124477,Sodiq Yusuff,2016-04-16,13-5-0,37
271661,Sodnomdorj Purevdorj,2020-08-22,9-3-0,0
149077,Sofiane Aissaoui,2016-11-26,12-7-0,
59066,Sofiane Benchohra,2009-12-26,11-11-1,
99661,Sofiane Bouafia,2012-10-06,8-4-0,0
128461,Sofiane Boukichou,2014-01-25,13-9-1,0
223044,Sofiia Bagishvili,2019-12-22,13-9-0,34
203205,Soheil Davoodi,2018-08-25,6-2-0,
279862,Sohila Sleem,2023-05-05,0-2-1,
247586,Soichiro Hirai,2021-11-07,6-9-0,
209301,Soichiro Kimura,2019-09-22,2-4-0,
209298,Soichiro Umekawa,2019-05-12,3-6-0,
93690,Soki Toyama,2013-05-05,5-8-0,
255574,Soloman Amadeo,2022-03-05,1-5-0,
97469,Solomon Maldonado,2018-10-27,1-2-0,
160358,Solomon Renfro,2017-08-05,11-6-0,
305046,Soma Yamamoto,2024-07-28,4-2-1,23
260315,Songul Karatorak,2024-11-23,2-1-0,
78445,Sonny Luque,2009-09-19,12-9-0,
124081,Sonny Yohn,2016-06-25,3-2-0,
70668,Soo Chul Kim,2010-08-08,24-9-1,44
181898,Sophia Haddouche,2017-11-25,3-3-0,
219329,Sophie Lang,2025-08-16,2-0-0,0
212997,Sora Enmei,2020-08-09,7-5-0,28
237863,Sora Ichinomoto,2020-11-29,1-2-0,
311940,Sora Takemoto,2024-10-27,1-1-1,
167167,Sora Yamamoto,2016-07-24,14-11-1,34
282032,Sora Yamasaki,2023-08-27,7-2-0,25
89257,Soren Bak,2012-12-13,15-1-0,
72773,Soslan Abanokov,2012-06-15,6-5-1,
127579,Soslan Dzhabiev,2013-11-28,5-2-0,
22917,Sotaro Yamada,2004-07-25,13-7-2,45
260371,Soufiane Kabil,2024-08-02,4-0-0,25
165383,Souhil Tairi,2016-09-24,8-7-1,38
176404,Soukichi Maeda,2017-07-09,2-4-1,
81319,Souksavanh Khampasath,2011-04-11,13-15-1,
214018,Souma Hashigami,2019-05-26,3-3-0,
321092,Souta Miura,2025-01-12,2-2-0,
32731,Spencer Higa,2008-06-28,8-13-0,
89230,Spencer Jebb,2011-11-18,13-8-0,
201371,Spencer Smith,2023-10-07,0-1-0,
142589,Spike Carlyle,2017-09-03,16-7-0,39
102873,Srikant Sekhar,2012-10-12,7-9-0,
220003,Stan Tippins,2020-10-10,2-3-0,
255627,Stanley Dorsainvil,2023-01-20,5-0-0,25
8367,Starr Roberts Jr.,2008-01-26,5-29-0,
37656,Stav Economou,2006-11-04,18-5-1,
268061,Stav Koren,2016-12-20,8-0-0,26
253382,Stav Shwartz,2021-07-08,3-2-0,
243302,Stavros Moustakakis,2021-08-14,0-1-0,
326330,Stefan Koncar,2025-03-08,4-2-0,
247569,Stefan Magalhaes,2021-10-23,5-5-0,
146354,Stefan Pretorius,2015-06-06,5-10-0,
123948,Stefan Sekulic,2013-11-16,14-8-0,
225021,Stefan Vojcak,2021-09-11,10-2-0,37
99871,Stefano Paterno,2012-07-21,18-4-1,
142355,Stelios Theocharous,2018-04-14,3-4-0,
94095,Stephan Puetz,2012-03-31,21-5-0,
77074,Stephanie Alba,2014-09-13,3-4-0,
151267,Stephanie Egger,2015-09-19,8-6-0,39
62309,Stephanie Frausto,2010-01-10,8-9-0,
159413,Stephanie Geltmacher,2016-06-10,6-1-0,
153503,Stephanie Hernandez,2019-05-31,5-2-0,
120757,Stephanie Ielo Page,2013-09-21,8-5-0,
150500,Stephanie Irurzo,2015-03-28,0-5-1,
180650,Stephanie Luciano,2019-06-15,8-2-1,29
257597,Stephanie Nayen,2022-04-16,2-2-0,
66465,Stephanie Skinner,2010-01-29,4-9-0,
123290,Stephen Cervantes,2014-01-16,7-5-0,
185727,Stephen Costello,2021-11-05,6-4-0,35
108972,Stephen Loman,2012-12-15,17-3-0,
50185,Stephen Martinez,2009-05-01,12-5-0,
73275,Stephen Perez,2010-10-09,6-8-0,
68225,Stephen Regman,2013-09-20,10-6-0,
244714,Stephen Sheridan,2021-10-15,0-4-0,
64028,Stephen Skoch,2016-06-25,3-4-0,
151731,Stephen Stirewalt,2018-05-04,7-7-0,0
60803,Stephen Thompson,2010-02-05,17-9-1,56
75305,Steve Aimable,2012-10-20,19-10-0,
206562,Steve Coard,2019-03-30,0-1-0,
260175,Steve Collins,2023-08-12,7-0-0,25
162133,Steve Erceg,2016-02-12,14-5-0,38
53335,Steve Garcia,2013-04-28,19-6-0,40
65236,Steve Haag,2015-09-12,3-3-0,
119160,Steve Kozola,2013-07-20,9-4-0,
205267,Steve Lontine,2022-06-10,0-2-0,
147882,Steve Mowry,2016-09-09,10-2-1,
78233,Steve Ramirez,2014-06-05,6-4-0,
59565,Steve Skrzat,2009-06-05,8-10-0,
43607,Steve Swanson,2009-02-06,14-4-0,
124705,Steve Webster,2013-10-20,0-9-0,
208853,Stevean Wilson Jr.,2021-04-02,0-2-0,
262576,Steven Asplund,2023-11-11,8-2-0,29
129979,Steven Bolinger,2019-02-22,2-0-0,
76751,Steven Chesnik,2017-08-12,0-4-0,
116909,Steven Ciaccio,2013-01-26,4-4-0,
181250,Steven Defalle,2017-03-25,2-4-0,
118992,Steven Esquivel,2014-05-23,1-6-0,
64976,Steven Gardener,2012-02-25,4-6-0,
159159,Steven Goncalves,2016-10-29,9-6-0,0
101166,Steven Graham,2014-11-08,14-8-0,43
156963,Steven Hill,2018-06-09,7-4-0,34
119495,Steven Hoffman,2018-01-19,0-1-0,
129107,Steven Hooper,2017-09-09,5-5-0,
180840,Steven Jones,2017-12-01,9-6-0,43
169058,Steven Merrill,2016-10-22,5-9-0,
80382,Steven New,2014-04-05,8-5-0,
130169,Steven Newell,2014-04-27,9-2-0,
108168,Steven Nguyen,2016-04-30,10-2-0,34
61652,Steven Peterson,2010-08-04,19-11-0,
155417,Steven Rodriguez,2018-05-05,0-1-0,
43318,Steven Siler,2005-04-23,34-26-1,
61052,Stevie Ray,2010-06-27,26-13-0,
191519,Stewart Nicoll,2018-06-16,8-4-0,33
153134,Stipe Brcic,2015-08-22,11-7-0,43
81988,Stuart Austin,2010-08-29,19-9-0,53
70642,Stuart Dare,2010-08-07,9-10-0,
220567,Stuart Eskine,2019-09-08,0-2-0,
276413,Styve Ngono Essono,2022-09-24,8-1-0,0
161961,Su Mudaerji,2016-01-13,19-7-0,35
231690,Su Sung Cho Gotoh,2020-06-27,6-3-0,31
138038,Su Young You,2014-11-15,17-4-0,36
156771,Sua Tuani,2018-02-10,3-10-0,
317779,Subaru Mori,2024-12-14,7-0-0,23
170344,Suchika Tariyal,2017-02-18,2-1-0,
28671,Suguru Hayasaka,2008-07-20,23-20-5,
61246,Suguru Nii,2011-12-17,19-16-0,49
274794,Sukai China,2023-04-16,7-0-0,20
146765,Sukhrob Aydarbekov,2012-10-05,10-5-0,
243803,Sukhrobbek Atazhanov,2021-06-26,10-3-0,0
155665,Sulaiman Al Mudhayan,2016-04-08,12-2-0,
207009,Sullivan Cauley,2020-11-19,8-3-0,30
235884,Sultan Taabaldiev,2020-08-31,0-1-0,
315080,Sultan Tagiev,2024-11-23,6-0-0,0
159295,Sultan Umar,2015-11-21,6-2-0,
262483,Sultonmurod Shodavlatov,2021-04-08,0-1-0,
192452,Sumiko Inaba,2020-11-05,8-3-0,37
224206,Sundet Aytkul,2019-12-22,13-2-0,28
201473,Sung Hoon Jung,2018-01-06,1-5-0,
161956,Sung Hoon Woo,2016-04-23,12-4-0,36
266075,Sung Woong Kim,2022-06-18,8-9-0,38
154028,Sunna Rannveig Davidsdottir,2016-09-23,3-1-0,
202693,Sunnatillo Nasulloev,2018-09-30,2-1-0,
206766,Sunni Imhotep,2019-03-29,4-1-0,
104842,Suraj Bahadur,2012-10-27,6-12-0,
252285,Suren Manukyan,2023-06-02,5-1-0,0
164332,Sven Fortenbacher,2017-04-29,4-5-0,
140018,Svetlana Gotsyk,2014-10-17,13-5-0,
169920,Swayne Makana Lunasco,2019-12-21,1-0-0,
218535,Syimyk Makhmedov,2019-08-10,6-2-0,
265485,Syimyk Subanbekov,2019-03-03,8-2-0,
158915,Sylvester Chipfumbu,2016-04-22,14-6-0,39
140705,Sylwester Miller,2015-01-24,15-8-0,0
278995,Syuya Hoshino,2025-02-11,1-2-0,
186529,Szymon Broncel,2019-07-06,1-2-0,
179287,Szymon Rakowicz,2019-10-12,8-3-0,0
134583,T.J. Brown,2013-11-09,21-12-0,46
66612,T.J. Dillashaw,2010-03-26,17-5-0,
143924,T.J. Jones,2015-03-14,1-2-0,
142463,T.J. Laramie,2015-03-15,18-5-0,35
161198,T.J. Rigel,2018-02-03,4-3-0,36
54383,T.J. Sumler,2008-09-27,5-6-0,
224349,Taalai Chyngyz Uulu,2019-03-23,0-1-0,
235898,Taalaybek Buranakov,2020-08-31,0-1-0,
183439,Tabatha Ann Watkins,2015-05-16,4-4-0,
124764,Tabatha Ricci,2013-12-07,12-5-0,36
58554,Tadaaki Yamamoto,2009-06-07,16-12-3,
50287,Tadahiro Harada,2009-07-19,13-7-2,
138545,Tadashi Mizui,2014-10-19,1-8-0,
128746,Tadasuke Nozoe,2013-07-21,8-13-2,
204935,Tadej Dajcman,2019-02-17,7-4-0,34
87618,Tae Ho Jin,2011-10-03,13-10-0,43
184158,Tae Kyun Kim,2017-10-27,12-3-0,36
161120,Taffarel Brasil,2016-06-11,24-16-0,48
187681,Tafon Nchukwi,2019-03-02,8-4-0,33
122914,Tagir Ulanbekov,2013-07-07,17-3-0,40
199854,Taha Bendaoud,2022-10-15,5-2-0,32
50188,Tahar Hadbi,2009-07-11,16-9-0,
169851,Tahir Abdullayev,2015-04-04,22-3-0,35
165319,Taichi Aoi,2017-05-21,7-8-2,30
180383,Taichi Isogai,2017-02-12,5-2-0,
86421,Taichi Nakajima,2011-12-17,19-14-0,54
154379,Taichi Taguchi,2013-11-23,2-4-0,
273302,Taichi Taninaka,2023-03-05,2-3-0,
231935,Taiga Iwasaki,2020-06-27,12-2-0,29
265414,Taiga Masuda,2022-10-10,4-3-0,32
343198,Taiga Murakoso,2026-02-11,0-2-0,
226253,Taiga Tanimura,2020-02-16,5-3-0,25
110594,Taiki Akiba,2013-02-11,14-14-1,48
67379,Taiki Hama,2010-04-03,15-24-2,
277325,Taiki Higuma,2023-05-21,4-6-0,
15324,Taiki Tsuchiya,2008-02-23,14-11-0,
293523,Taiki Yonamine,2023-12-10,2-1-0,
120000,Taila Santos,2013-11-23,23-4-0,38
165008,Tainara Lisboa,2016-09-03,7-4-0,36
203857,Taira Uehara,2019-01-26,8-4-3,34
256098,Tairone Soares,2001-12-18,9-4-0,
332785,Taisei Hata,2025-08-10,1-2-0,
250991,Taisei Mizusugi,2021-10-24,6-8-0,32
297727,Taisei Usami,2026-02-28,2-0-0,22
237662,Taisha Gandy,2021-03-12,0-1-0,
309167,Taishi Horie,2024-10-20,5-1-0,28
125650,Taison Naito,2014-02-22,12-11-1,47
237475,Taito Tanaka,2020-12-13,5-3-2,
298346,Taito Watanabe,2024-02-25,5-3-0,27
88082,Taiyo Hayashi,2013-10-05,8-6-0,
298347,Taiyo Ogawa,2024-02-25,3-2-0,
72080,Tajuddin Abdul Hakim,2015-11-20,8-2-0,
127695,Takaaki Nara,2016-06-12,3-3-0,
61949,Takafumi Ato,2010-02-27,12-15-1,52
321292,Takafumi Koma,2025-02-11,1-1-0,
299069,Takafumi Mori,2024-03-24,0-4-1,
36899,Takafumi Otsuka,2006-10-04,29-18-2,
51144,Takahide Kobayashi,2009-08-02,5-10-6,
74410,Takahiro Ashida,2010-10-24,28-17-2,53
14638,Takahiro Hosoi,2003-10-31,6-9-3,
28668,Takahiro Ichijo,2008-06-15,9-17-1,
76056,Takahiro Kawanaka,2011-04-24,17-11-0,
50744,Takahiro Kohori,2009-04-29,14-16-2,
176406,Takahiro Komakine,2017-07-09,19-6-0,43
174612,Takahiro Kuniyoshi,2017-05-28,3-7-1,
78967,Takahito Tomozawa,2011-02-26,3-10-4,
99616,Takaki Soya,2012-07-21,13-8-1,45
154394,Takamasa Asari,2015-12-06,2-4-2,
72781,Takamasa Kiuchi,2011-02-06,17-15-0,
330385,Takamichi Oku,2025-09-07,1-1-0,
123373,Takanori Muratsu,2013-11-09,3-2-1,
76036,Takanori Takahashi,2012-04-14,18-16-4,65
278993,Takaomi Hayashi,2024-02-25,3-3-0,30
212322,Takashi Araya,2019-04-14,1-1-0,
281459,Takashi Koyama,2023-08-27,3-3-0,28
51149,Takashi Matsuoka,2009-08-02,17-15-1,49
254760,Takashi Mochizuki,2022-03-06,7-5-0,31
90371,Takashi Morishima,2011-12-18,8-10-2,
112742,Takashi Nakayama,2014-07-19,8-4-2,
127687,Takashi Noto,2014-10-05,9-11-0,48
91932,Takashi Oki,2013-08-25,4-2-2,
128741,Takashi Yamashita,2013-11-24,6-6-0,
42521,Takasuke Kume,2007-03-25,26-8-4,
179432,Takato Takahashi,2015-02-22,5-11-2,
346072,Takato Uemura,2026-04-26,0-1-0,
131089,Takatsugu Kusumi,2017-05-14,0-5-0,
246189,Takaya Suzuki,2022-04-24,8-1-0,21
23541,Takayo Hashi,2004-09-04,19-10-1,
37207,Takayoshi Ono,2006-03-05,11-23-1,
66066,Takayuki Kobayashi,2009-11-03,9-12-2,
210635,Takeaki Kinoshita,2019-03-24,9-11-1,40
13690,Takehiro Ishii,2003-05-30,32-20-3,71
292330,Takehiro Nakaike,2023-11-19,7-2-0,19
155916,Takehito Nishizuka,2016-01-08,1-4-0,
24127,Takenori Sato,2004-12-18,20-12-7,
307715,Takeru Fujino,2024-08-25,1-3-0,
343199,Takeru Ishihara,2026-02-11,2-0-0,27
302057,Takeru Suzuki,2024-04-29,5-1-0,24
201989,Takeru Uchida,2018-12-15,9-2-0,23
86593,Takeshi Hara,2011-09-03,1-6-0,
13688,Takeshi Inoue,2003-05-30,25-13-0,
257245,Takeshi Izumi,2022-04-16,8-4-0,39
50119,Takeshi Kasugai,2009-02-08,29-9-3,49
133055,Takeshi Kojima,2024-07-21,0-2-0,
158036,Takeshi Kunito,2012-10-14,19-12-3,46
270189,Takeshi Saga,2022-12-11,1-2-1,
241004,Takeshi Taniguchi,2021-09-26,5-3-0,30
302097,Taketeru Ozawa,2025-08-10,2-2-0,
24006,Takeya Mizugaki,2005-02-06,23-14-2,
143879,Taksim Zabitov,2014-12-25,10-1-0,
5761,Taku Kajikawa,2012-04-14,9-13-1,
302769,Taku Matsuoka,2024-07-21,2-3-0,
274599,Takuei Teraoka,2023-03-04,4-4-1,33
226504,Takuho Ishida,2020-02-23,5-4-0,
257846,Takuma Kikunishi,2019-07-13,1-3-0,
168367,Takuma Masuda,2017-01-22,7-4-0,
265412,Takuma Okada,2023-06-04,5-2-0,30
206727,Takuma Satomi,2019-04-07,4-2-0,
231392,Takuma Sudo,2020-02-23,8-4-0,29
182090,Takuma Taisho,2017-12-03,1-2-0,
151972,Takuma Uchiyama,2018-10-28,5-9-0,
118930,Takuma Watabe,2014-03-02,6-7-1,
207054,Takumi Arai,2019-06-02,7-8-3,34
242293,Takumi Ariki,2021-07-25,0-2-2,
329076,Takumi Fukamachi,2025-07-13,3-1-0,0
282161,Takumi Hagishima,2024-05-12,4-4-0,
258271,Takumi Hamada,2022-05-22,7-0-0,32
1311,Takumi Nakayama,2000-04-12,19-17-6,
147947,Takumi Tamaru,2015-06-07,12-3-1,
111667,Takumi Umehara,2013-03-30,1-5-0,
144223,Takuya Goto,2015-04-26,2-5-0,
231669,Takuya Kuramoto,2020-09-13,7-6-0,
172461,Takuya Kurihara,2017-04-09,2-2-2,
103306,Takuya Maruoka,2012-10-06,1-5-1,
127690,Takuya Nagata,2015-04-12,9-9-1,38
125692,Takuya Saito,2014-10-05,6-9-1,
299035,Takuya Shibamura,2024-05-26,6-1-0,26
136470,Takuya Takahashi,2014-08-31,10-5-2,
310450,Talant Musakeev,2024-09-22,2-1-0,
157774,Talgat Zhumagaliyev,2015-08-16,10-5-1,
86256,Talison Soares Costa,2011-07-09,11-3-0,
241160,Talita Alencar,2021-07-02,8-1-1,36
141537,Talita Bernardo,2015-01-31,11-5-0,
56241,Talita Nogueira,2009-11-07,8-2-0,
248719,Tallison Teixeira,2021-10-30,9-2-0,27
292813,Talon Germain,2023-11-18,0-1-0,
227074,Tamerlan Albiekov,2021-11-20,5-1-0,26
330226,Tamerlan Arsakhanov,2025-06-19,1-1-0,
196252,Tamerlan Dulatov,2023-10-07,5-0-0,24
127583,Tamerlan Kabulov,2012-12-20,12-9-0,
202505,Tamika Jones,2021-12-03,1-1-0,
193816,Tamires Vidal,2018-08-18,7-5-0,33
100464,Taneira Terry,2012-08-10,2-5-0,
168347,Taneisha Tennant,2019-05-31,5-2-0,
262955,Taner Trembley,2024-01-12,7-0-0,30
180037,Tanio Pagliariccio,2018-02-18,11-5-0,32
17164,Tanja Angerer,2008-04-05,7-5-1,
237039,Tanner Arnold,2022-06-10,0-2-0,
103201,Tanner Boser,2012-10-05,22-11-1,49
252801,Tanner Eagley,2022-01-29,0-4-0,
98931,Tanner Marlow,2012-06-28,4-0-0,
158917,Tanner Saraceno,2015-09-11,10-7-0,
328856,Tantuoyihanbai Suoleitan,2024-08-09,0-1-0,
142919,Tanya Nijjar,2022-08-05,1-2-0,
226940,Tao Bai,2019-07-25,2-12-0,
321641,Tao Lu,2024-12-30,2-2-0,0
240738,Tapiwa Katikati,2021-06-12,5-10-0,
194743,Tara Graff,2018-10-13,1-4-0,
121534,Taras Gryckiv,2013-09-28,19-10-0,
81816,Taras Sapa,2011-04-15,17-5-0,
176215,Tarciara Santos de Oliveira,2017-07-01,5-3-0,
159553,Tarcizio Gomes Ribeiro,2015-09-19,10-5-0,
94688,Tarek Suleiman,2012-09-07,13-9-0,
119961,Tariq Ismail,2013-08-17,8-2-0,
186927,Taro Kotobuki,2017-10-21,0-1-1,
195516,Taron Grigoryan,2018-02-17,7-4-0,31
162130,Taryn Conklin,2019-05-18,0-1-0,
140225,Tashawn Mack,2014-11-22,6-7-0,
45386,Tateki Matsuda,2008-07-19,15-11-0,
68517,Tateo Iida,2010-07-03,15-8-4,43
107988,Tateo Iino,2012-11-24,15-9-1,44
213285,Tater McSpadden,2022-11-05,4-2-0,0
212961,Tatiana Postarnakova,2022-12-17,8-0-0,26
91624,Tatiane Aguiar,2011-12-18,12-7-0,38
180302,Tatiane Fontes do Couto,2017-10-07,5-1-0,
119876,Tato Primera,2012-08-25,19-16-0,57
127689,Tatsuhiko Iwamoto,2014-09-21,13-12-1,
186929,Tatsuki Okano,2018-04-15,5-5-0,
244753,Tatsuma Okada,2021-05-15,5-9-1,
8321,Tatsumitsu Wada,2008-03-29,27-14-2,53
193611,Tatsunori Yotsuya,2018-11-25,0-1-0,
193867,Tatsuro Taira,2018-08-03,18-2-0,30
135758,Tatsuya Ando,2014-09-13,16-5-1,39
127259,Tatsuya Bessho,2012-11-18,5-5-1,
152921,Tatsuya Magosaki,2016-05-29,0-2-0,
176057,Tatsuya Saika,2017-08-20,14-8-0,45
33490,Tatsuya So,2006-02-19,18-19-4,
86591,Tatsuya Tahara,2016-03-27,1-2-1,
268062,Tatsuya Tanaka,2022-10-15,0-1-0,
88087,Tatsuya Tomozane,2011-08-20,11-7-1,
134273,Tatsuya Wakayama,2014-07-06,4-10-1,
28602,Tatsuya Watanabe,2011-05-08,12-12-2,
71697,Tatsuyuki Nakamura,2010-09-05,12-17-3,
255492,Tawan Regis Ribeiro,2022-03-06,9-3-0,31
283511,Tayde Garcia,2023-06-30,2-4-0,
301419,Tayler Kleemoff,2025-11-07,1-1-0,
152340,Taylor Alfaro,2016-03-04,5-7-0,
254575,Taylor Andrews,2025-08-30,3-1-0,
253346,Taylor Cahill,2022-09-03,3-2-0,
108876,Taylor Escamilla,2019-05-22,3-2-0,36
180775,Taylor Garrett,2018-06-01,0-3-0,
59656,Taylor Guardado,2020-03-06,5-3-0,36
195303,Taylor Hickman,2021-04-18,3-2-0,
163834,Taylor Johnson,2016-07-30,9-4-0,
72525,Taylor Krahl,2010-09-24,7-6-0,
94340,Taylor Lapilus,2012-03-31,25-4-0,42
176350,Taylor Mamiya,2018-02-17,0-2-0,
183124,Taylor Mauldin,2021-05-14,5-2-0,0
238682,Taylor Meister,2023-05-06,1-1-0,
284737,Taylor Michels,2025-10-18,1-1-0,
151498,Taylor Moore,2015-09-12,15-9-0,46
305110,Taylor Orr,2026-03-21,2-1-0,
181342,Taylor Pierce,2019-09-28,3-5-0,
210762,Taylor Samarco,2024-12-13,1-1-0,
301096,Taylor Sullivan,2025-06-14,1-2-0,
138888,Taylor Turner,2014-11-01,5-8-0,
193312,Tayna Lamounier Vieira,2019-06-15,6-3-0,
114614,Tayo Odunjo,2018-10-13,8-5-0,0
118382,Tayron Pedro,2012-04-21,10-6-0,38
252346,Tayvonne Thomas,2024-12-15,3-0-0,26
126541,Te Edwards,2013-10-26,6-3-0,
153705,Teagan Dooley,2015-11-13,5-4-0,
177155,Tebaris Gordon,2016-05-20,3-2-0,
22595,Ted Worthington,2004-03-26,35-57-0,
96396,Teddy Ash,2013-03-23,14-5-0,
185688,Tedrick Macklin,2019-04-13,7-3-0,32
193985,Tee Cummins,2019-09-28,5-2-0,
102441,Teiki Nauta,2012-09-22,3-1-1,
172560,Teimur Zhaparov,2016-07-16,16-3-2,39
226999,Temurlan Arestanov,2019-06-29,0-2-0,
186796,Temuujin Ulzii-Orshikh,2023-05-20,4-2-0,0
246194,Tenya Yoshimura,2023-03-04,5-4-0,25
189984,Teo Saldana Smith,2022-07-03,5-2-0,31
135401,Teodor Nikolov,2014-07-19,11-2-0,
277327,Teppei Kayanuma,2026-06-28,0-1-0,
142420,Teppei Maeyama,2015-02-11,5-8-0,
238156,Teppei Mochida,2013-08-25,3-5-0,
84439,Teppei Suwabe,2011-06-18,15-14-1,45
187320,Tereza Bleda,2020-09-26,7-2-0,24
287218,Terrance Chatman,2025-02-21,5-1-0,0
147957,Terrance Hodges,2015-03-28,2-7-0,
164240,Terrance McKinney,2017-10-14,18-9-0,40
60591,Terrell Hobbs,2010-11-26,9-11-0,
151034,Terrence Almond,2016-01-08,4-6-0,
43712,Terrence Mitchell,2009-03-04,16-4-0,38
99097,Terrion Ware,2012-06-10,18-12-0,
73233,Terry Acker,2011-04-15,5-2-0,
166030,Terry Bartholomew,2016-03-26,8-7-0,43
113593,Terry Brazier,2015-11-07,11-4-0,
122956,Terry Britton,2015-05-16,7-3-0,
81992,Terry Doyle,2013-11-30,5-7-0,
121184,Terry Vanhoosear,2018-09-07,2-2-0,
194343,Terry Welch,2020-03-07,4-6-0,
237185,Terry Wiggins,2024-03-29,4-2-0,
168366,Terunari Inoue,2017-01-22,5-8-0,
348252,Teruo Waki,2026-06-28,0-1-0,
81003,Teruto Ishihara,2011-04-03,14-15-3,46
24857,Teruyuki Matsumoto,2005-05-08,7-6-0,
149962,Teshay Gouthro,2019-06-01,9-3-0,35
46107,Tessa Simpson,2009-03-14,5-3-0,
240164,Tesshin Isobe,2021-10-02,2-8-0,
21553,Tetsu Suzuki,2003-09-03,13-12-3,
112752,Tetsuya Yamamoto,2013-05-19,7-5-0,
325934,Tetta Arima,2026-06-01,1-0-0,
172422,Tevin Dyce,2017-04-19,5-3-0,
173995,Thabani Mndebela,2017-05-13,5-4-0,
209818,Thad Jean,2021-08-06,12-0-0,29
87759,Thai Clark,2014-07-26,8-2-0,
111666,Thaiane Souza,2013-10-05,11-9-0,
219879,Thaiany lopes,2019-08-17,6-4-0,
161295,Thais Souza,2016-10-21,0-3-0,
182752,Thales Donner Carvalho,2017-12-09,1-7-0,
178480,Thalita Diniz,2017-08-12,6-3-0,
179700,Thalyta Silva,2017-09-30,4-0-0,25
70922,Thane Stimson,2011-11-19,2-3-0,
99741,Thanh Le,2013-11-08,14-4-0,
157636,Thanongsaklek Chuwattana,2016-03-19,9-6-0,
249474,Thayla Martinelli,2021-07-24,2-3-0,
104488,Themba Gorimbo,2013-06-15,14-7-0,40
226587,Theo Haig,2022-04-15,7-1-0,28
176590,Theo Rlayang,2020-02-01,5-2-0,
245837,Theodore Bashford,2019-05-04,9-2-0,0
226264,Theodore Macuka,2021-07-16,0-3-0,
146895,Theron Martin,2018-04-20,2-1-0,
267144,Thiago Augusto Araujo Macedo,2022-08-21,0-2-0,
76977,Thiago Belo,2006-02-12,10-8-1,
168980,Thiago Castro Vieira,2016-10-27,4-3-0,
156372,Thiago Dela Coleta,2015-11-28,4-6-0,
147426,Thiago Hayne,2015-07-23,11-6-1,48
251447,Thiago Horacio,2022-01-29,5-2-0,24
107881,Thiago Ivan,2012-11-03,8-3-0,
117862,Thiago Luis Silva,2009-05-09,27-18-0,74
115322,Thiago Moises,2012-05-19,19-10-0,44
99874,Thiago Oliveira Freitas,2012-06-16,11-11-0,35
43670,Thiago Oliveira,2009-03-14,19-14-1,0
69803,Thiago Rela,2010-07-24,10-8-0,
205896,Thiago Silva Batista,2018-12-22,0-1-0,
89784,Thiago Silva,2011-11-29,0-2-0,
89828,Thiago Silva,2011-09-30,10-10-0,
165005,Thiago Taveira,2016-09-03,11-4-0,31
113086,Thiago Vieira,2013-04-20,12-6-0,39
246465,Thiago Vinicius Sousa,2021-10-02,7-1-1,26
110809,Thibault Gouti,2011-12-18,17-7-0,
227451,Thierry Lucas,2020-03-14,5-2-0,
232468,Thimna Mhlauli,2024-04-11,5-1-0,0
228237,Thiraphong Chaikaew,2022-04-30,5-1-0,
89787,Thomas Almeida,2011-05-21,23-5-0,
96062,Thomas Blair,2017-06-17,3-5-0,
75403,Thomas Evans,2011-11-24,3-3-0,
178363,Thomas Fisher,2017-06-17,1-2-0,
281627,Thomas Gantt,2024-04-06,12-0-0,33
212476,Thomas Glot,2020-02-22,8-6-0,0
85619,Thomas Herrera,2022-09-10,1-1-0,
120491,Thomas Keenan,2024-11-08,1-0-0,
254176,Thomas Lane,2021-10-22,4-0-0,
153962,Thomas Lopez,2016-09-17,1-5-0,
161085,Thomas Majeski,2020-09-17,3-3-0,
197601,Thomas Narmo,2019-07-06,4-5-0,
167473,Thomas Oswald,2016-11-12,3-0-0,
127868,Thomas Paull,2015-06-13,13-7-0,38
190733,Thomas Petersen,2019-07-27,12-5-0,35
196695,Thomas Picciano,2022-03-17,9-3-0,32
157192,Thomas Powell,2016-10-08,5-6-0,
116172,Thomas Prestriedge,2021-02-27,4-9-0,
173426,Thomas Reese Forest,2016-08-13,1-6-0,
83123,Thomas Robertsen,2015-03-07,10-4-0,
129098,Thomas Sumantri,2014-03-08,2-3-0,
86370,Thomas Terdjman,2016-07-08,1-2-0,
56010,Thomas Vasquez,2011-06-18,8-5-0,
79705,Thomas Webb,2009-06-20,17-8-0,
162989,Thomaz de Oliveira,2016-01-23,2-2-0,
302767,Thomy Yano,2024-06-30,5-0-0,22
23448,Thor Skancke,2007-09-28,11-8-1,
168221,Thyago Silva Nascimento,2016-12-01,11-11-0,
262340,Tiago Felix do Prado,2022-07-02,3-3-0,
194969,Tiago Martins,2018-08-11,4-1-0,
200964,Tial Thang,2019-03-08,8-5-0,36
117028,Tiani Valle,2017-11-11,3-4-0,
333743,Tianqi Wang,2025-06-07,2-1-0,0
278560,Tibor Balazs,2022-10-29,3-4-0,
124406,TieYin Wu,2013-10-23,5-3-0,
150491,Tiffany Masters,2016-12-03,2-2-0,
116930,Tiffany Van Soest,2011-06-18,1-2-0,
132914,Tilek Batyrov,2012-10-27,10-5-1,
134354,Tim Barnett,2016-02-20,7-5-1,
9405,Tim Bazer,2001-12-29,17-21-0,
62068,Tim Boyle,2015-03-28,1-5-0,
112678,Tim Caron,2014-11-21,13-6-0,
158360,Tim Cho,2015-04-25,6-5-0,
107876,Tim Dooling,2014-12-19,9-9-0,
49560,Tim Elliott,2009-05-08,21-14-1,52
173857,Tim Eschtruth,2016-10-21,7-7-0,
127052,Tim Flores,2019-04-20,5-3-0,
110866,Tim Hiley,2015-11-14,9-5-0,
74311,Tim Johnson,2010-10-30,18-13-0,57
111811,Tim Lutke,2014-06-21,1-1-0,
81197,Tim Moore,2011-04-09,13-9-0,0
244058,Tim Quinlan,2022-12-03,0-3-0,
74642,Tim Riscen,2013-05-11,7-7-0,
82816,Tim Wilde,2013-03-23,18-7-1,47
56484,Tim Williams,2009-11-20,15-5-0,
142445,Timo Feucht,2015-04-04,8-2-0,30
232754,Timon Huss,2026-06-06,1-0-0,
204785,Timothy Cuamba,2020-12-17,10-4-0,30
337584,Timothy Demmert,2025-05-10,0-1-0,
112888,Timothy Lewis,2017-07-22,4-2-0,
145859,Timothy Teves,2017-07-15,5-5-0,
133309,Timothy Wheeler,2014-12-12,1-6-0,
42526,Timothy Woods,2007-03-24,7-7-0,
176021,Timur Khizriev,2014-08-30,18-0-0,
276838,Timur Kuanysh,2023-03-08,8-1-1,0
72008,Timur Valiev,2010-09-04,19-6-0,44
227908,Timur Zhoroev,2019-01-20,3-3-0,
204156,Tito Martins Viana,2017-11-25,4-5-0,
156,Tito Ortiz,1997-05-30,22-12-1,
239175,Titus Moore,2022-11-11,1-5-0,
212387,Tivon Taylor,2024-12-15,1-2-0,
152739,Tobias Harila,2018-05-19,13-4-0,
115938,Tobiaus Taylor,2015-08-29,8-9-0,41
48520,Toby Misech,2012-01-21,13-13-0,51
100375,Toby Oden,2013-02-01,3-2-0,
145369,Todd Monroe,2016-12-03,4-3-1,
71223,Todd Stoute,2009-11-14,11-5-0,
125336,Todor Christ,2013-08-23,0-1-0,
121133,Tofiq Musayev,2013-05-28,24-6-0,39
145529,Tohir Zhuraev,2015-04-03,3-1-0,
247867,Toki Matsui,2021-09-04,7-3-0,28
230396,Tokitaka Nakanishi,2017-10-15,13-4-0,33
5066,Tokuaki Ninomiya,2005-10-23,12-14-4,
246204,Tokumitsu Takagi,2023-03-04,5-2-0,30
84956,Tom Angeloff,2013-04-20,7-6-0,
66532,Tom Aspinall,2014-12-13,15-3-0,32
45926,Tom Breese,2010-09-25,21-8-0,44
150310,Tom Connolly,2019-03-29,1-0-0,
121922,Tom Crosby,2018-02-17,8-5-1,40
72772,Tom English,2011-04-07,6-9-0,
97694,Tom Green,2012-02-18,13-3-0,
245733,Tom Hinz,2024-06-14,2-1-0,
76231,Tom Krenzel,2016-04-21,3-6-0,
72421,Tom McKenna,2010-09-20,7-4-0,
97417,Tom Mearns,2015-09-26,10-9-0,
119281,Tom Ni,2013-08-04,2-2-0,
171325,Tom Nolan,2020-12-12,11-1-0,27
115884,Tom OConnor,2014-10-24,13-3-0,
196883,Tom Pagliarulo,2021-03-11,10-2-0,30
152159,Tom Regal,2016-07-30,2-1-0,
89926,Tom Santos,2011-11-26,12-19-0,
153605,Tom Theocharis,2017-02-25,11-6-0,34
70919,Tom Venticinque,2013-10-04,2-2-0,
298340,Toma Matsuto,2024-02-25,1-6-0,
125500,Tomas Bolo,2014-11-09,10-9-2,
194789,Tomas Ciganik,2022-11-05,7-4-0,0
51096,Tomas Deak,2009-03-14,25-14-1,48
126689,Tomas Fiala,2017-06-25,7-7-0,
174089,Tomas Kvapil,2016-11-18,5-2-1,
110950,Tomas Linh Le SY,2013-01-18,4-4-0,
27044,Tomas Pakutinskas,2006-02-12,24-17-3,57
125606,Tomas Peleska,2013-12-10,4-4-1,
105484,Tomas Vasicek,2012-04-14,2-5-0,
190925,Tomasz Kolcun,2017-04-22,5-7-0,
171059,Tomasz Langowski,2017-03-04,6-6-1,
230690,Tomasz Mudroch,2021-11-13,9-2-0,28
56267,Tomasz Narkun,2009-11-15,21-7-0,44
54788,Tomasz Romanowski,2009-10-18,19-12-0,51
219974,Tomer Maslis,2019-11-15,1-0-0,
96807,Tommie Britton,2016-12-03,6-15-0,
126806,Tommy Aaron,2015-12-11,15-9-0,43
60918,Tommy Burghardt,2016-09-16,0-2-0,
186068,Tommy Cuozzi,2019-10-19,8-2-0,26
131892,Tommy Espinosa,2017-02-24,6-3-0,
214525,Tommy Garcia,2018-12-01,9-4-0,31
239873,Tommy Laipply,2023-07-20,2-4-0,
162709,Tommy Lee Davis,2018-02-02,2-1-0,
73315,Tommy Martin,2018-06-09,0-1-0,
162343,Tommy McMillen,2019-11-09,11-0-0,27
15860,Tommy Quinn,2008-03-01,9-7-0,
298528,Tomoaki Arimatsu,2024-03-31,4-2-0,0
56303,Tomoaki Ota,2011-11-27,4-7-2,
306367,Tomoe Katayama,2025-07-21,1-1-1,
1344,Tomoharu Umezawa,2001-03-21,6-7-0,
43534,Tomohiko Yokoyama,2004-10-24,4-6-0,
264487,Tomohiro Hatada,2022-08-21,1-3-0,
91515,Tomohiro Ogino,2012-04-01,13-12-2,
274594,Tomohiro Ueda,2023-06-04,0-4-0,
81021,Tomokazu Ikezaki,2011-04-03,1-6-3,
343210,Tomoki Igawa,2026-02-11,1-1-0,
204916,Tomoki Otsuka,2020-10-25,8-7-0,38
112948,Tomonaga Icho,2013-04-28,7-9-1,
299034,Tomotaro Wakisaka,2024-05-26,2-2-0,
203105,Tomoya Hayakawa,2016-11-06,2-0-1,
91466,Tomoya Hirakawa,2012-04-01,14-11-1,47
343202,Tomoya Kamakura,2026-02-11,3-0-0,27
258273,Tomoya Ono,2022-05-22,5-5-0,
41195,Tomoya Suzuki,2009-02-01,7-9-3,
28945,Tomoyasu Taniguchi,2008-08-17,3-12-1,
234918,Tomoyuki Muraoka,2020-06-27,1-1-0,
90581,Tonci Perusko,2011-12-16,7-11-0,
145760,Tony Bartovich,2020-01-25,1-0-0,
129621,Tony Biernesser,2018-03-09,0-1-0,
228238,Tony Charles,2021-05-22,3-5-0,
76455,Tony Clanton,2021-03-27,0-2-0,
280397,Tony Cortez,2023-05-28,7-1-0,25
180967,Tony Darling,2017-04-22,2-1-0,
224318,Tony Esquivel,2021-10-17,0-1-0,
177366,Tony Grant,2019-06-15,1-4-0,
153141,Tony Gravely,2015-10-10,23-9-0,
243632,Tony Jackson,2021-08-06,0-1-0,
39422,Tony Johnson,2008-11-06,18-11-1,54
43161,Tony Johnson,2007-04-07,8-5-0,
58471,Tony Kelley,2012-09-15,8-3-0,
158080,Tony Laramie,2017-01-13,13-3-0,31
120030,Tony Mustard,2014-05-24,11-9-0,
149333,Tony Nguyen,2018-05-25,1-3-0,
114251,Tony Ortega,2014-12-13,5-5-0,
36489,Tony Rook,2007-01-27,6-4-0,
135769,Tony Williams,2015-02-21,1-3-0,
104174,Tony Zanko,2012-10-13,1-5-0,
47619,Tony Zelinski,2009-09-19,5-11-0,
343213,Torao Hamachi,2026-02-11,1-0-0,
171500,Toribio Hernandez,2016-10-22,2-0-0,
267233,Tornike Gigauri,2022-09-02,8-2-0,0
234922,Torrez Finney,2022-02-19,11-1-0,29
218942,Toru Fujii,2007-04-01,0-7-0,
57676,Toru Ogawa,2009-12-05,14-11-0,
43452,Toshihiro Shimizu,2007-05-20,31-26-9,58
4594,Toshihiro Taguchi,2007-11-25,12-13-0,
86422,Toshikazu Suzuki,2012-03-11,8-8-0,
76049,Toshinori Tsunemura,2011-02-06,20-12-4,
42039,Toshio Mitani,2010-03-28,11-12-0,
230397,Toshiomi Kazama,2020-07-24,11-5-0,34
299071,Toshiro Tarumi,2024-09-08,2-3-0,
202739,Toshiya Kimura,2018-10-08,7-3-0,
159841,Toshiya Takashima,2016-03-13,9-6-1,
148746,Toshiyuki Okudaira,2015-08-02,2-3-0,
108880,Tower Robinson,2017-06-03,3-2-0,
274597,Toya Ohara,2023-03-04,5-5-0,
195545,Trace Engelkes,2020-10-16,2-0-0,
128825,Tracy Cortez,2017-08-31,12-4-0,38
237750,Tracy Reeder,2021-10-08,12-5-0,0
264541,Trae Cusac,2024-03-29,0-3-0,
139744,Travis Arrellano,2023-08-04,3-1-0,0
206776,Travis Crain,2015-10-03,0-4-0,
76689,Travis Davis,2016-03-04,10-6-0,
108449,Travis Demko,2019-09-07,5-2-0,
238387,Travis Floyd,2021-07-10,1-5-0,
114627,Travis Foster,2016-03-04,8-17-0,
177435,Travis Gregoire,2019-10-19,3-2-0,
237187,Travis Hudson,2024-09-13,4-4-0,32
3935,Travis Perzynski,2007-08-08,22-10-0,
151901,Travis Quintero,2016-03-12,7-0-0,
9649,Travis Wiuff,2001-09-07,78-23-0,
176331,Travon Butler,2018-10-20,5-3-0,
253072,Travon Eller,2024-11-09,3-1-0,
98539,Travonne Hobbs,2012-06-30,3-10-0,
209941,Tre McClennaham,2019-04-17,4-3-0,
256268,Tremaine Jackson,2026-03-21,0-2-0,
159106,Trent Girdham,2016-03-26,17-7-1,35
91418,Trent Meaux,2015-02-28,10-6-1,
240225,Trent Miller,2022-12-10,9-3-0,30
192158,Trent Nott,2022-10-15,2-3-0,
150124,Trent Stump,2019-08-16,0-2-0,
184470,Trenton Zdarko,2019-05-18,3-2-0,
278876,Tres Leon,2025-05-31,3-0-0,0
48618,Treston Thomison,2010-07-24,10-7-0,
152532,Treston Vines,2019-06-22,10-4-0,36
112653,Trever Bradshaw,2015-11-14,6-9-0,
75650,Trevin Jones,2011-04-29,15-13-0,50
197080,Trevin Larson,2018-05-05,1-0-0,
304888,Trevor Grice,2025-10-10,1-2-0,
162762,Trevor Gudde,2019-04-06,4-7-0,
301453,Trevor Linderman,2025-10-10,0-2-0,
217333,Trevor Loken,2024-05-12,1-2-0,
170370,Trevor Ollison,2017-08-12,5-6-0,
187312,Trevor Peek,2020-10-03,9-3-0,
191104,Trevor Wallace,2020-03-07,8-3-0,
110631,Trevor Ward,2013-04-20,6-6-0,
126601,Trevor Wells,2018-11-04,10-7-0,38
147188,Trey Branch,2016-05-19,2-5-0,
141873,Trey Ogden,2015-01-24,18-7-0,
206112,Trey Waters,2020-03-21,10-2-0,32
195307,Treyvon Kentrell Coker,2023-01-15,2-4-0,
241666,Trip Hallman,2020-10-03,1-0-0,
168284,Trisha Cicero,2016-12-02,4-3-0,
61648,Tristan Grimsley,2012-02-18,7-8-0,
7098,Tristan Johnson,2007-12-15,9-6-0,
139666,Tristan Lindi,2016-05-14,6-5-0,32
195398,Tristan Overvig,2022-02-12,10-4-0,31
248384,Tristan Turano,2025-08-09,3-0-0,
135250,Tristin Kamaka,2021-04-16,2-3-0,0
170369,Triston Gwaltney,2023-02-10,3-2-0,
192359,Troy Cain,2019-09-28,2-1-0,
27838,Troy Gerhart,2007-12-14,8-5-0,
134175,Troy Green,2019-02-22,10-6-0,38
113567,Troy Guerrero,2013-03-24,7-5-0,
108884,Troy Nawrocki,2016-06-04,3-1-0,
63215,Troy Sterling,2017-02-18,1-2-1,
216843,Trukon Carson,2019-09-14,6-2-0,30
287874,Truong Sinh Bui,2022-09-17,7-4-0,0
250629,Tsubasa Morii,2022-01-23,5-5-0,
123033,Tsubasa Saito,2015-12-20,14-10-1,41
237474,Tsunakuni Minami,2020-12-13,0-6-2,
125876,Tsuyoshi Abe,2014-05-25,4-9-1,
128527,Tuan Nguen,2014-02-06,0-9-0,
108890,Tucker Lutz,2015-10-24,12-4-0,
227142,Tulio Bernardes,2020-03-01,0-1-0,
259306,Tumelo Manyamala,2022-04-09,8-2-0,29
178248,Tuoerhongbieke Tasiken,2016-06-04,7-13-0,
86708,Tuomas Gronvall,2012-09-14,14-10-1,42
182662,Turbayar Hurelbaatar,2017-06-04,8-8-0,45
198466,Turner Williams,2017-06-24,0-7-0,
157483,Turpal Khamzayev,2018-05-12,6-6-0,
30867,Turrell Galloway,2009-02-20,8-10-0,
316320,Tursunbek Sodikov,2024-09-08,2-3-0,
224289,Ty Cole Miller,2022-02-12,8-0-0,26
97836,Ty Costa,2012-05-26,5-6-0,
88418,Ty Flores,2015-05-16,15-5-0,40
80196,Ty Freeman,2011-02-20,11-9-0,
177518,Ty Gwerder,2018-10-11,7-6-0,35
202591,Ty Johnson,2019-08-03,14-8-0,36
104854,Tycen Lynn,2016-07-30,8-5-0,
194785,Tylando Mattress,2023-11-04,1-1-0,
235901,Tylekmat Turdibek Uulu,2020-08-31,1-0-0,
162563,Tyler Ashton,2022-01-14,0-4-0,
161600,Tyler Bayer,2017-09-16,3-2-0,
152346,Tyler Beneke,2019-01-26,0-1-0,
308412,Tyler Berger,2025-05-03,4-1-0,30
3333,Tyler Bialecki,2007-06-30,9-9-0,
187685,Tyler Bunting,2020-12-18,1-1-0,
142747,Tyler Collins,2017-11-18,4-5-0,
34041,Tyler Combs,2006-08-26,14-17-1,
119902,Tyler Diamond,2015-03-14,14-4-0,
171545,Tyler Escoto,2021-10-17,1-2-0,
242960,Tyler Forsythe,2023-06-24,6-2-0,
181588,Tyler Hamilton,2017-11-17,1-1-0,
56012,Tyler Hill,2014-08-30,13-12-0,
198934,Tyler Hinton,2021-08-06,1-2-0,
179478,Tyler Howell,2019-02-23,2-1-0,
142929,Tyler Hufnagle,2015-03-28,5-4-0,
81689,Tyler Ingram,2017-11-04,4-0-0,
98112,Tyler John Thomas,2013-08-31,7-40-0,
210054,Tyler Jones,2023-05-19,3-2-0,31
179649,Tyler Jordan Edwards,2019-01-19,0-3-0,
230546,Tyler Keating,2022-03-17,2-3-0,
72222,Tyler King,2011-01-08,12-10-0,
178240,Tyler Lee,2016-09-17,3-3-0,
71919,Tyler Mathison,2018-09-01,6-4-0,37
209506,Tyler Miller,2023-11-04,3-10-0,
116176,Tyler Pacheco,2014-07-12,1-4-0,
195567,Tyler Peterick,2023-04-22,4-5-0,
86119,Tyler Ray,2017-04-29,11-6-0,0
190090,Tyler Schaefer,2021-07-24,2-6-0,
200867,Tyler Scott,2020-10-16,10-6-0,39
87448,Tyler Shinn,2011-09-10,8-5-0,
137032,Tyler Sidders,2014-08-23,1-1-0,
119489,Tyler Smith,2015-10-02,3-4-0,
256496,Tyler Stout,2024-08-02,4-2-0,30
25449,Tyler Toner,2005-07-30,15-7-0,
143147,Tyler Vogel,2015-05-30,9-5-0,
154906,Tyler Wilson,2017-01-13,10-8-0,39
284502,Tyler Zakula,2025-09-13,1-1-0,
108948,Tyree Fortune,2016-10-08,5-1-0,
281626,Tyree Sutton,2024-06-14,1-2-0,
189458,Tyrek Malveaux,2019-04-05,8-6-0,
166327,Tyrell Fortune,2016-11-04,18-4-0,41
212774,Tyrell Hill,2020-10-10,4-4-0,
216489,Tyrime Da Silva,2021-11-07,6-1-0,0
273169,Tyrone Pfeifer,2023-05-27,8-1-0,0
302397,Tysen Herken,2026-07-24,0-1-0,
86614,Tyson Craig,2021-03-27,1-1-0,
50417,Tyson Duckworth,2009-05-08,9-9-1,
34640,Tyson Jeffries,2007-10-27,15-14-0,
33139,Tyson Nam,2006-02-25,23-16-1,61
199012,Tyson Siphavong-Miller,2019-09-07,6-1-0,28
200278,Tyson Williams,2020-02-23,0-1-0,
186088,Tyus Thomas,2019-11-22,1-1-0,
193856,Tyus White,2019-06-15,5-2-0,
180904,Tywan Claxton,2017-11-03,8-3-0,
244243,Ubaidulla Tagirov,2021-07-29,12-2-0,30
184238,Ubiratan Farias Germano da Silva,2017-10-07,3-1-0,
139899,Ueslei Alves,2024-03-08,1-1-0,
83174,Ukyo Abe,2011-10-16,9-8-1,
198661,Ulan Tamgabaev,2018-10-14,11-10-0,
272506,Ullubiy Amirzhanov,2022-11-27,8-0-0,0
91322,Uloomi Karim,2011-06-04,10-6-0,
242596,Ulugbek Rakhmonov,2021-05-19,1-2-0,
168925,Ulukbek Amanbaev,2016-09-25,4-4-0,
222930,Ulysses Diaz,2019-12-20,2-1-0,
195948,Ulysses Molina,2021-06-25,5-5-0,
191407,Umakhan Ibragimov,2018-04-29,11-2-0,0
168206,Umar Nurmagomedov,2016-12-16,20-1-0,35
254120,Umar Safarov,2025-02-20,2-2-0,
235892,Umar Tynarbekov,2019-08-24,3-0-0,
75883,Umer Kayani,2010-11-28,5-4-0,
303669,Umronjon Mansurov,2024-05-31,3-0-1,0
248100,Umut Kuzgun,2021-07-03,2-3-0,
237498,Unterio Gladney,2022-08-06,5-6-0,
226272,Uran Satybaldiev,2020-02-22,9-1-0,33
157237,Uriel Cossio,2014-10-18,15-10-0,40
179845,Uriel Uribe,2017-07-15,8-5-0,
14812,Urijah Faber,2003-11-13,35-11-0,
94237,Uros Jurisic,2012-03-25,11-2-0,
183725,Uros Medic,2016-06-11,14-3-0,33
192908,Uruzmag Makoev,2018-11-11,5-0-0,
195760,Usman Nurmagomedov,2017-03-26,22-0-0,32
204253,Uwe Schuder,2019-02-02,1-2-0,
129958,Uyran Carlos,2012-10-25,14-8-0,
178030,Vachagan Nikogosyan,2016-07-23,0-1-0,
172034,Vaclav Holota,2019-10-10,7-1-0,
117633,Vaclav Mikulasek,2014-04-26,9-13-0,
137191,Vadim Buseev,2013-06-01,6-4-2,
202131,Vadim Litvin,2018-11-30,6-5-0,
119877,Vadim Nemkov,2013-05-31,20-2-0,38
113041,Vadim Ogar,2013-01-16,10-7-0,38
191941,Vadim Pavlikov,2018-06-03,3-0-0,
226649,Vadim Rolich,2020-02-22,8-3-0,0
205487,Vadim Suleymanov,2017-02-02,5-2-0,
132853,Vadym Kutsyi,2014-03-29,17-2-0,
148700,Vagif Askerov,2015-07-05,11-5-0,
310179,Valciney Mendoca Dos Santos,2024-08-10,3-0-0,
39420,Valdir Araujo,2008-11-06,19-9-0,
116037,Valdrin Istrefi,2013-05-18,15-6-0,40
143613,Valentin Moldavsky,2015-02-21,15-5-0,39
174720,Valentin Orlov,2015-02-22,20-14-1,
119136,Valentin Shumejko,2013-04-02,0-3-0,
257512,Valentina Escobar,2022-04-22,7-2-0,31
276607,Valentina Meyer,2023-03-18,1-4-0,
160347,Valeria Ramirez,2016-06-17,3-0-0,0
42639,Valerie Letourneau,2007-03-31,10-7-0,
203766,Valerie Loureda,2019-02-16,4-1-0,
144407,Valerie Quintero,2019-10-11,0-1-0,
190062,Valerie Soto,2018-08-10,8-6-0,35
152386,Valerie Wong,2019-06-07,1-2-0,
147573,Valeriu Mircea,2014-11-15,34-9-1,44
124359,Valeriy Mitrichuk,2013-11-23,4-1-0,
155509,Valesca Machado,2016-01-30,15-4-0,37
143880,Valisher Rakhmonov,2015-02-12,3-9-0,
43002,Valmir Lazaro,2007-01-25,19-8-0,
184113,Valmir da Silva,2017-03-04,11-6-0,34
182233,Valodia Aivazian,2014-08-15,12-4-0,
232575,Valter Walker,2020-10-04,15-1-0,30
241085,Vanderlei Goncalves,2020-12-12,9-3-0,33
182385,Vanderson Barbosa Cortez,2017-12-15,1-4-0,
139246,Vandirson Alves do Nascimento,2014-11-01,8-4-0,
118481,Vando de Almeida,2013-10-12,4-7-0,
105062,Vanessa Demopoulos,2017-12-15,11-8-0,45
122886,Vanessa Marie Grimes,2014-09-13,1-7-0,
24240,Vanessa Porto,2005-02-19,23-10-0,
117250,Vanessa Rico Fernandez,2013-06-29,3-5-0,
185926,Vania Brun Caceres,2018-03-24,4-3-0,
139863,Vanilton Antunes,2014-11-15,16-9-0,37
88375,Vartan Asatryan,2011-07-16,27-10-0,
155043,Vasiliy Takhtay,2014-05-09,9-0-0,
58717,Vaso Bakocevic,2010-05-08,44-25-1,78
12918,Vaughan Lee,2003-02-22,14-14-1,
78932,Vaughn Donayre,2011-01-14,8-8-0,
123303,Vava Lana,2013-11-05,7-5-0,
127469,Veera Nykanen,2014-02-15,2-3-0,
139446,Velimurad Alkhasov,2014-11-14,9-1-0,
60568,Vernon Lewis,2010-01-30,8-5-0,
96187,Vernon Ramos,2015-01-23,9-2-0,35
173560,Veronica Vargas,2017-10-22,5-2-0,36
242785,Veronika Borisova,2021-06-25,6-1-0,
163204,Veronika Rodova,2018-03-17,3-2-0,
262898,Veronika Smolkova,2022-10-22,10-3-0,0
134033,Veta Arteaga,2016-02-13,7-6-0,
190557,Viaceslav Ivashchuk,2018-03-24,2-2-0,
214356,Viacheslav Borshchev,2019-06-01,8-8-1,40
67795,Vicente Luque,2009-06-27,24-12-1,48
143321,Vicente Marquez Enriquez,2014-11-30,4-6-0,
139274,Vicente Vargas,2014-12-03,24-8-0,48
279420,Vicky Fontaine,2025-10-24,0-2-0,
153965,Victor Altamirano,2017-12-08,12-5-0,
126050,Victor Andres Salinas,2015-10-02,0-4-0,
195810,Victor Cisneros,2018-08-18,7-4-0,32
163827,Victor Dias,2017-03-25,13-4-0,
4310,Victor Dominguez,2007-07-20,7-2-0,
263008,Victor Ferreira,2021-10-21,1-0-0,
265044,Victor Gabriel,2022-08-27,8-7-0,29
152252,Victor Gallegos,2017-02-02,1-1-0,
98559,Victor Gonzalez,2018-10-20,4-7-0,
52848,Victor Henry,2010-08-21,25-7-0,
109439,Victor Hugo,2011-09-24,26-8-0,42
237550,Victor Hugo Xavier,2022-11-12,4-3-0,
184573,Victor Kuiks,2022-05-27,5-3-0,
32681,Victor Madrigal,2007-11-01,15-5-0,
88997,Victor Martinez,2011-11-11,13-7-0,39
210589,Victor Mena,2022-05-14,0-1-0,
22340,Victor Moreno,2003-03-15,42-26-0,
108697,Victor Nunes,2012-12-08,11-7-0,41
158049,Victor Perciliano,2016-03-06,7-7-0,
81309,Victor Pozas,2011-04-09,0-2-0,
199618,Victor Ramos,2018-09-29,4-2-0,
74325,Victor Reyna,2012-02-18,11-6-0,
134931,Victor Rico,2016-08-04,1-4-0,
44554,Victor Rizzo,2009-03-19,2-8-0,
98300,Victor Rosas,2015-03-21,7-3-1,
224361,Victor Santos,2017-01-21,7-7-1,36
246850,Victor Silverio,2021-07-24,1-1-0,
177615,Victor Tirado,2017-07-29,2-2-0,
115231,Victor Valenzuela,2010-12-12,15-4-0,34
42311,Victor Veloquio,2007-02-10,2-5-0,
187225,Victor de Lima Verchere,2018-04-20,6-3-0,
323785,Victoria Carney,2017-12-16,1-0-0,
212964,Victoria Dudakova,2020-09-25,9-2-0,28
154315,Victoria Leonardo,2018-05-25,10-7-0,
191680,Victoria Patino,2017-09-09,2-1-0,
107799,Vikas Singh Ruhil,2012-11-23,12-8-0,
330611,Viktor Grigorov,2026-08-01,0-1-0,
121864,Viktor Kolesnik,2013-08-16,28-8-1,39
267797,Viktor Kovac,2025-02-01,1-2-0,
17073,Viktor Nemkov,2008-02-22,35-10-1,54
76289,Viktor Pesta,2010-12-05,19-9-0,
71739,Viktor Vasic,2010-06-26,6-4-0,
114913,Viktoria Makarova,2018-11-15,1-0-0,
195089,Viktoria Tskhovrebova,2018-05-17,5-3-0,
141453,Vilson Junior,2014-12-27,13-5-1,
194880,Vilson Ndregjoni,2019-06-15,12-6-0,40
244090,Vince Bembe,2021-07-03,8-8-1,42
126820,Vince Cachero,2017-02-25,7-4-0,
88903,Vince Fricilone,2014-06-14,9-3-0,
137086,Vince Morales,2015-05-15,16-11-0,45
106636,Vince Murdock,2012-11-17,11-8-0,
346351,Vince Turk,2026-04-25,1-0-0,
147794,Vincent Arredondo,2018-02-10,2-2-0,
205184,Vincent Gomez,2019-11-22,0-1-0,
116994,Vincent Majid,2013-09-13,7-3-0,
108303,Vincent Oristaglio,2019-12-13,2-2-0,
260249,Vincenzo Iannuzzo,2024-02-24,3-2-0,
59612,Vinicius Cruz,2009-12-17,15-8-1,47
101454,Vinicius Lima,2009-07-25,10-8-1,
151580,Vinicius Moreira,2015-10-11,15-9-0,47
118130,Vinicius Oliveira,2015-12-19,24-4-0,36
153416,Vinicius Pires,2000-12-06,12-2-0,33
172324,Vinicius Sacchelli Cenci,2016-12-18,11-5-0,33
137930,Vinicius Salvador,2014-09-27,14-8-0,36
258362,Vinicius Silva,2019-06-08,4-5-0,30
58285,Vinicius Zani,2009-09-26,11-7-1,
115330,Vinicius de Jesus,2013-05-25,9-5-0,
120694,Vinney Pantaleon,2013-09-11,3-3-0,
249420,Vinny Dias,2021-07-10,7-0-0,
22661,Vinny Magalhaes,2006-11-11,19-12-0,
221154,Violeta Mendoza,2023-07-08,2-0-0,
150785,Virgil Knight,2016-06-04,5-2-0,
21063,Virgil Zwicker,2003-04-26,17-9-1,
142841,Virgiliu Frasineac,2015-05-09,9-3-0,
117308,Virna Jandiroba,2013-06-15,23-4-0,45
126715,Vitali Tverdokhlebov,2013-12-21,8-7-0,
216021,Vitalic Maiboroda,2019-09-27,0-1-0,
201538,Vitalii Yakymenko,2020-08-23,11-2-0,31
96530,Vitaliy Branchuk,2012-02-04,23-8-0,
176786,Vitaliy Kositsyn,2017-03-25,13-8-1,37
125345,Vitaliy Stoyan,2013-11-02,9-6-1,
73174,Vitaly Baryshnikov,2010-08-10,9-14-1,
64317,Vitaly Minakov,2010-04-10,22-2-0,
224446,Vitor Aquino,2019-12-22,4-3-0,28
250245,Vitor Chagas,2021-10-02,0-1-0,
222269,Vitor Costa,2021-06-27,8-2-0,25
232927,Vitor Moreira,2020-10-25,0-1-0,
114112,Vitor Oristanio,2013-04-12,4-5-0,
174902,Vitor Petrino,2019-05-03,14-2-0,30
234710,Vitor Resende,2020-12-06,6-1-0,35
49124,Vitor Riso,2008-08-30,6-3-0,
38559,Vitor Toffanelli,2006-07-22,15-11-0,
262805,Vitoria Karolina Cardoso,2022-06-24,1-3-0,
302053,Vitoria da Silva Mariano,2024-05-02,0-1-0,
148645,Viviane Araujo,2015-10-11,14-8-0,47
116644,Viviane Pereira,2013-05-27,16-5-0,39
97782,Vladimir Baev,2012-05-13,4-4-0,
293558,Vladimir Calvo Marrero,2023-10-28,7-2-0,26
142726,Vladimir Daineko,2014-03-14,18-6-0,44
99999,Vladimir Fedin,2012-06-15,21-9-0,48
131715,Vladimir Filipovic,2014-05-03,10-4-0,
115833,Vladimir Kanunnikov,2013-04-14,18-3-0,37
122729,Vladimir Kazbekov,2015-10-24,8-5-0,
225802,Vladimir Lengal,2020-09-08,9-7-0,0
182429,Vladimir Leontiev,2017-09-23,8-2-0,
252080,Vladimir Petrenko,2025-07-12,3-1-0,0
165705,Vladimir Tokov,2016-07-29,11-3-0,32
145176,Vladislav Genov,2015-03-13,9-3-0,
103113,Vladislav Kanchev,2012-09-29,14-7-2,0
100612,Vladislav Novitsky,2012-07-21,11-8-0,0
96565,Vlado Neferanovic,2012-03-02,8-8-0,
49578,Vlado Sikic,2010-12-18,11-3-1,
84712,Vladyslav Parubchenko,2011-07-10,17-3-0,35
214753,Vladyslav Rudniev,2019-08-17,13-0-0,31
211103,Vlastislav Cepo,2019-06-14,14-4-0,32
204175,Vojtech Khol,2023-06-24,3-2-0,0
130711,Vojto Barborik,2012-10-28,16-4-0,36
71672,Volkan Oezdemir,2010-09-04,21-8-0,42
100374,Vovka Clay,2013-12-06,10-2-0,
103293,Vugar Karamov,2012-04-06,21-7-0,40
251043,Vuk Lekic,2022-08-23,4-1-0,27
251368,Vusal Mamedov,2021-12-04,0-2-0,
173342,Vyacheslav Kuznetsov,2017-04-08,4-1-0,
41511,Wade Johnson,2013-02-16,12-3-0,
114094,Wagner Lima,2012-06-30,16-9-0,
119395,Wagner Maia,2012-06-09,8-4-0,
74421,Wagner Noronha,2010-02-02,18-7-0,
156146,Wagner Victor Pereira de Oliveira,2015-12-05,1-1-0,
196411,Wahed Nazhand,2016-06-03,10-3-0,35
222301,Waiolama Kalehua,2019-12-20,0-1-0,
238365,Wajdi Missaoui,2020-01-10,2-3-0,
180485,Walber dos Anjos,2017-09-23,6-5-0,36
144408,Waldo Cortes-Acosta,2018-05-19,17-3-0,39
28576,Walel Watson,2008-08-16,15-15-0,
202854,Waleska Sousa,2018-10-25,4-4-0,
275705,Walid Ait Tami,2023-03-19,1-2-0,
180692,Walid Laidi,2017-10-28,5-3-0,
143590,Walid Saad,2015-02-20,0-3-0,
167207,Wallace Albuquerque Pereira Martins,2024-03-29,1-0-0,
163831,Wallace Lopes,2017-05-25,9-6-0,
92715,Wallace Lopes,2012-03-03,6-6-0,
127420,Wallyson Carvalho,2014-02-22,13-9-0,
118375,Walter Cogliandro,2015-11-07,17-9-1,44
73228,Walter Gahadza,2011-04-02,19-9-0,
73543,Walter Howard,2012-04-27,4-6-0,
180309,Walter Pugliesi,2016-06-19,9-3-0,
246691,Walter Saragosa,2023-02-18,0-2-0,
77700,Walter Smith-Cotito,2012-01-27,5-6-0,
58020,Walter Zamora,2011-02-19,14-7-0,42
262986,Walysson Aguiar,2022-06-11,4-4-0,
207,Wanderlei Silva,1996-11-01,35-14-1,
141956,Wanderley Rosa Ferreira Levandovski,2015-08-15,18-12-0,50
244569,Wanderley Silva,2021-08-08,1-12-0,
224230,Wanderson Barbosa da Silva,2019-10-26,0-1-0,
121872,Wanderson da Silva,2013-03-16,6-13-1,
133003,Warren Mason,2017-12-02,1-2-0,
81408,Warren Smith,2013-10-18,9-19-0,
43274,Warren Stewart,2007-05-11,13-32-0,
52779,Wascar Cruz,2009-08-28,12-11-0,
92718,Washington Luiz,2012-03-04,5-5-0,
188973,Wasi Adeshina,2020-08-08,10-4-0,0
233467,Wasim Shaghal,2022-02-26,5-0-0,
9378,Wataru Miki,2001-12-23,23-15-6,
124274,Wataru Mimura,2013-11-24,16-6-2,43
220898,Wataru Ogawa,2019-12-15,2-3-0,
242938,Wataru Yamauchi,2021-07-25,10-4-0,29
193681,Watson Silva de Castro,2018-07-21,1-6-0,
180368,Wawrzyniec Bartnik,2017-09-23,12-4-0,34
93932,Wayman Carter,2011-12-23,11-13-0,
163904,Wdison Costa,2016-07-23,14-10-0,
149690,Weber Almeida,2015-09-05,7-2-0,
135295,Weder Aparecido,2012-03-11,12-10-0,
292801,Weerasak Phromsakha,2023-11-25,0-1-0,
259023,Weiqiang Yang,2022-06-04,7-7-1,33
186621,Welerson Oliveira,2017-04-08,5-4-0,
127499,Welldon Silva de Oliveira,2014-01-25,43-31-1,
139548,Wellington Lopes,2014-11-06,7-5-0,35
219967,Wellington Madeira,2021-07-18,7-3-0,29
161740,Wellington Mourao,2016-04-16,14-4-1,33
161066,Wellington Pereira,2015-12-05,10-11-1,0
183535,Wellington Prado,2017-09-16,13-6-0,34
149326,Wellington Souza,2016-06-04,10-4-0,
127057,Wellington Turman,2014-08-09,18-8-0,
328851,Wenda Han,2024-08-09,0-1-0,
210221,Wendel Almeida,2019-05-25,7-1-0,31
121038,Wendel Araujo Rocha,2013-07-13,7-5-0,
163842,Wendell Giacomo,2013-01-18,9-3-0,
117986,Wendell Silva,2013-07-13,8-4-0,
33308,Wendell de Oliveira Marques,2006-03-11,31-16-0,
304710,Wender Batista,2024-08-10,4-1-0,0
58132,Wendle Lewis,2009-12-13,8-5-0,
247784,Wendy Anundson,2023-11-12,2-2-0,
182115,Werick Douglas,2017-04-29,5-4-0,
207871,Werlleson Almeida de Souza,2017-07-08,9-8-0,
131736,Werlleson Martins,2013-06-29,19-9-0,42
121619,Weronika Zygmunt,2013-11-08,6-5-0,
131111,Wesley Bowman,2012-01-21,0-4-0,
28212,Wesley Cantillo,2008-04-18,0-2-0,
161114,Wesley Cesar Targino,2016-05-14,6-8-0,
236716,Wesley Cristian da Silva,2021-02-13,3-2-0,
170232,Wesley Ligeirinho,2017-02-10,3-4-0,
214812,Wesley Schultz,2021-10-23,9-3-0,32
182984,Wesley de Souza,2018-01-20,3-1-0,
287500,Weslley Alec,2023-08-18,5-1-0,27
125898,Weslley Maia,2013-12-13,12-7-0,0
100991,Westin Wilson,2014-08-23,18-11-0,44
85118,Weston Ogan,2016-04-30,2-3-0,
69954,Whitney Jean-Francois,2010-12-03,2-7-1,
184344,Whittany Pyles,2018-03-24,5-7-0,
261745,Wiktoria Wojciechowska,2023-06-17,3-5-0,
304253,Wilber Rocha,2024-06-21,4-1-0,
164853,Wildemar Souza Santos,2017-08-26,14-5-0,35
189046,Wilem Natalex Munster,2018-05-05,6-7-0,
15828,Wilhelm Ott,2007-06-02,19-19-1,
190510,Wilian Poles,2018-03-17,8-4-1,32
74221,Wilian Roberto Alves,2010-10-30,17-8-0,50
208310,Wilker Barros,2019-05-04,0-1-0,
208641,Will Aranguiz,2019-05-06,0-1-0,
146645,Will Beard,2020-01-31,3-4-0,
254995,Will Breslin,2023-10-07,6-1-0,25
78149,Will Brooks,2011-01-22,26-5-1,
101552,Will Cairns,2012-05-12,2-50-0,
27615,Will Campuzano,2008-07-18,14-6-0,
172178,Will Currie,2019-03-02,13-5-0,32
39905,Will Dicke,2009-04-04,20-7-0,
123601,Will Fleury,2016-04-02,17-4-0,43
49809,Will Florentino,2008-04-18,5-8-0,
259529,Will Hughes,2025-10-25,1-2-0,
169276,Will Johnson,2017-01-27,1-4-0,
169273,Will Lavine,2017-01-27,1-3-0,
131119,Will Morris,2017-07-22,6-2-0,
20751,Will Romero,2008-06-21,11-6-0,
66849,Will Santiago Jr.,2010-10-22,9-7-0,
26396,Will Shutt,2005-08-27,23-30-1,
135513,Will Smith,2019-03-16,4-6-0,
148883,Will Starks,2017-01-21,12-4-0,36
180141,William Dunkle,2017-09-16,7-5-0,
140880,William Elliott,2016-09-23,4-2-0,
158206,William Gomis,2016-02-04,15-4-0,34
58868,William Joplin,2010-05-07,18-15-0,
188024,William Knight,2018-05-04,11-6-0,
71190,William Macario,2010-08-15,11-7-0,
230545,William Rentz,2021-09-16,8-2-0,27
210337,William Sanchez,2019-05-31,0-1-0,
171958,William Silva,2017-04-08,4-5-0,
220571,William Spann III,2021-10-30,2-4-0,
66,William Sriyapai,1999-10-30,14-9-0,
216824,William Tucker,2019-08-02,1-3-0,
192630,William Vandervier,2021-09-18,1-4-0,
128512,Willian Lima,2014-10-04,16-5-0,35
205899,Willian Muniz,2018-12-22,0-1-0,
148595,Willian Prado,2017-09-16,6-1-0,25
38935,Willian Viana,2006-11-04,17-8-0,
272069,Willie Davis,2025-07-18,0-1-0,
34362,Willie Tarpley,2006-06-02,4-4-0,
155370,Willie Whitehead,2017-04-15,2-3-0,
174552,Willker Lemos,2017-05-13,12-3-0,
137122,Willyanedson Paiva,2014-04-24,11-7-1,33
3623,Wilson Reis,2007-07-28,28-15-0,64
135478,Wilson Varela,2014-05-17,13-8-0,37
189862,Wily Pereira,2017-05-22,12-6-0,31
207846,Windri Patilima,2019-02-09,11-3-0,34
171914,Windson Ramos,2017-03-18,5-3-0,35
167736,Wisem Hammami,2018-04-30,9-2-0,29
268060,Wladimir Gouvea,2022-11-18,2-0-0,
156041,Wladimir Holodenko,2019-09-28,4-3-2,0
116620,Wolfgang Wallner,2014-02-01,0-5-0,
131783,Won Bin Ki,2014-03-30,19-10-0,45
5060,Won Sik Park,2004-12-29,16-9-1,
338740,Wubuli Ailishati,2025-09-19,1-2-0,
315153,Wuerliewu Aman,2024-08-09,5-3-0,0
86266,Wuheng Zhao,2011-08-27,1-0-0,
243573,Wushamo Hailai,2021-07-07,10-1-0,27
345411,Wycolt Henry,2025-03-09,2-1-0,
136296,Xavier Alaoui,2014-05-17,17-7-0,41
177005,Xavier Franklin,2021-09-18,6-1-1,31
249204,Xavier Graham,2021-09-17,0-1-0,
253509,Xavier Martin,2024-06-29,4-3-0,
111272,Xavier Siller,2013-08-03,7-6-0,
172594,Xavier Vines,2023-05-27,3-3-0,
238627,Xhelal Lleshi,2022-12-16,5-1-0,0
50913,Xian Ji,2009-03-22,21-5-0,
215324,Xiaohong Xie,2019-01-12,7-7-0,
161252,Xiaoliang Zheng,2015-09-13,26-12-0,
161947,Xiaoyu Shi,2016-06-29,7-5-0,
142552,Xiomara Piriz,2014-09-12,14-7-0,33
232975,Xizhen Zhang,2018-08-23,7-7-1,
126588,Xusanboy Atabayev,2014-01-11,10-12-0,
342101,Xuwang Yang,2025-07-26,1-2-0,
165013,YOEL JIMENEZ,2016-09-24,6-3-2,
212361,Yabna NTchala,2021-05-27,14-3-1,34
193588,Yadier Del Valle,2019-06-15,11-1-0,31
97671,Yadong Song,2013-05-18,23-9-1,43
130218,Yadwinder Singh,2014-03-29,9-5-0,36
103226,Yafei Zhao,2012-06-07,8-10-0,
277934,Yahaya Yahuza,2023-01-28,8-1-0,25
98858,Yair Rodriguez,2011-01-29,20-5-0,
300173,Yair Romo,2013-03-02,0-2-0,
218226,Yajaira Cunningham,2018-09-22,4-3-0,
143367,Yajaira Romo,2015-03-14,8-9-0,
248108,Yakup Sahin,2021-07-03,5-5-0,
184037,Yalchin Aliev,2017-12-09,2-2-0,
169429,Yamah Sadozai,2019-09-27,0-1-0,
179883,Yamato Fujita,2017-10-15,14-7-0,41
89299,Yamato Hamamatsu,2011-04-30,9-16-2,
185601,Yamato Nishikawa,2016-03-06,22-6-5,33
182089,Yamato Takagi,2017-12-03,7-2-0,
321287,Yamato Tanimura,2025-02-11,3-0-0,18
86623,Yan Digilov,2017-03-24,0-1-0,
156211,Yan Ferraz,2015-12-05,17-10-0,0
334975,Yan Ferreira Maia,2026-07-17,1-0-0,
129913,Yan Teixeira,2016-05-22,10-2-0,32
212768,Yana Gadelha,2019-07-11,9-6-0,
174925,Yanal Ashmouz,2017-04-22,8-2-0,33
229018,Yancarlos Guerra,2024-04-12,0-1-0,
7911,Yancy Medeiros,2007-10-19,16-9-0,
138582,Yanis Ghemmouri,2014-10-31,13-4-0,33
161552,Yann Liasse,2019-05-17,10-3-0,
184441,Yann Lucas Ribeiro,2018-01-18,6-3-0,
74577,Yannick Bahati,2011-06-05,10-7-1,
33845,Yaotzin Meza,2006-04-29,23-12-0,
288779,Yaping Wu,2023-07-30,2-3-0,
131731,Yarlei Martins Andrade Jr.,2014-04-24,8-7-0,
98213,Yaroslav Amosov,2012-06-14,30-1-0,37
192064,Yaroslav Chokobok,2018-05-26,10-5-0,0
216472,Yasmeli Araque,2017-10-22,4-6-0,
196841,Yasmin Castanho,2018-04-28,6-2-0,
255315,Yasmin Guimaraes,2022-03-19,10-4-0,35
231220,Yasser Guzman,2014-10-24,0-4-0,
132804,Yassin Najid,2014-05-31,9-7-0,
154447,Yassine Belhadj,2015-10-31,8-3-0,
42783,Yasuaki Kishimoto,2007-02-18,20-11-3,
18283,Yasubey Enomoto,2006-02-18,22-16-0,
197756,Yasuhiko Kato,2016-11-06,2-6-3,
209300,Yasuhiro Fujino,2019-05-12,2-1-0,
35250,Yasuhiro Kanayama,2004-03-07,7-7-5,
135683,Yasuhiro Kawamura,2014-10-05,17-10-1,43
190682,Yasuhiro Sakuraba,2019-07-07,6-9-4,
1335,Yasuhiro Urushitani,2001-01-19,21-8-6,
112753,Yasuhiro Wakabayashi,2016-04-17,10-11-2,
25960,Yasuko Tamada,2005-07-12,18-13-4,
46930,Yasutaka Ishigami,2009-02-28,8-8-5,
10767,Yasutaka Kato,2002-05-06,5-10-0,
134781,Yasuyuki Nojiri,2019-03-24,10-7-3,36
148192,Yayong Wang,2015-03-28,7-9-1,
154444,Yazan Hajeh,2015-12-05,7-3-0,
297209,Yazan Jaber,2024-01-21,1-1-0,
274830,Yazeed Hasanain,2022-12-11,3-4-0,
93278,Yazid Chouchane,2012-03-11,11-6-0,42
196975,Yazmin Jauregui,2018-11-10,11-2-0,
220445,Yazmin Najera,2021-05-29,6-1-0,30
220955,Ye Bian,2017-03-24,9-5-0,
168238,Ye Dam Seo,2016-11-05,7-4-0,
148658,Ye Ji Lee,2015-07-25,7-9-0,33
216475,Yefferson Urrea,2017-09-09,1-3-0,
272974,Yehia Ashraf,2022-11-18,2-2-0,
236950,Yehia Riles,2023-02-25,13-7-0,36
185858,Yeison Bayona,2018-04-07,4-8-0,
158398,Yemi Oduwole,2015-09-18,10-4-0,
219430,Yerin Hong,2019-11-10,5-6-0,
288239,Yermakhan Oryntaev,2023-09-15,5-2-0,0
82711,Yerzhan Estanov,2011-05-07,18-10-1,
221146,Yessica Ortega,2021-05-07,4-4-0,40
251957,Yevgeni Shinkarevsky,2024-04-27,2-2-0,
184338,Yevhenii Orlov,2018-03-02,8-2-0,35
155005,Yibugele,2015-03-28,24-15-1,53
177945,Yikun Zhao,2015-08-02,19-9-0,0
207057,Ykaro Queiroz,2019-04-05,2-3-0,
88666,Ylies Djiroun,2011-10-29,26-9-0,44
189765,Yo Otake,2018-05-13,8-16-2,44
48102,Yo Saito,2006-02-19,20-15-3,
241998,Yoanse Mejias,2021-12-17,4-1-0,
298339,Yodai Ono,2024-02-25,2-3-0,
146661,Yodkaikaew Fairtex,2015-10-31,8-6-1,
61978,Yoel Romero,2009-12-20,17-7-0,58
194822,Yohan Lainesse,2018-08-02,11-5-0,34
181403,Yohan Salvador,2017-11-04,5-7-0,
178255,Yohe Rojas,2019-11-16,2-3-0,
156155,Yohei Komaki,2015-12-23,6-5-0,
87510,Yohei Kondo,2016-04-10,2-6-2,
160639,Yohei Misawa,2016-12-18,7-3-0,32
107835,Yohei Nada,2012-11-25,14-11-2,38
28947,Yohei Sakamoto,2008-06-15,13-1-1,
321291,Yohito Kimura,2025-02-11,3-2-0,
9473,Yoichi Fukumoto,2002-01-25,19-11-1,
215474,Yoichiro Kuranobu,2018-09-23,2-4-0,
39002,Yojiro Uchimura,2005-04-17,18-16-2,
187026,Yoki Harada,2018-07-01,1-5-1,
182304,Yoko Higashi,2017-12-10,9-5-0,
173736,Yong Hu,2016-07-14,14-7-0,35
239953,Yong Su Jeong,2021-05-01,5-3-1,
252388,Yoqubjon Safarov,2025-05-31,1-0-1,0
136394,Yorgan De Castro,2017-11-17,12-7-0,
207916,Yorrick Anderson,2024-06-07,2-1-0,0
282140,Yosei Shibayama,2023-08-27,5-4-0,
126891,Yoshiaki Kiryu,2015-12-20,5-10-2,
3923,Yoshiaki Takahashi,2007-08-19,12-8-2,
249430,Yoshihiro Aso,2021-12-05,2-2-0,
25304,Yoshihiro Koyama,2005-07-14,24-15-3,67
297963,Yoshihito Toume,2023-12-16,1-2-2,
321295,Yoshiki Cho,2025-02-11,0-1-0,
235552,Yoshiki Hitosugi,2021-01-31,0-6-0,
107985,Yoshiki Nakahara,2012-11-24,18-8-0,41
124106,Yoshiki Nukui,2014-04-12,6-6-3,
321281,Yoshiko Onoda,2025-02-11,1-2-0,
201471,Yoshinao Touma,2018-11-25,11-3-1,32
163287,Yoshinori Horie,2016-10-02,15-6-0,38
309107,Yoshinori Kobayashi,2024-10-20,1-0-0,
63003,Yoshinori Suzuki,2010-03-22,7-17-2,
12860,Yoshiro Maeda,2003-02-16,40-19-3,
202821,Yoshitaka Akita,2018-10-08,4-12-1,
100972,Yoshitaka Naito,2012-08-25,15-4-0,
112756,Yoshiteru Kubomura,2016-07-03,8-11-3,
258267,Yoshito Itokawa,2022-05-22,4-7-0,
206252,Yoshitomo Inoue,2019-03-24,3-6-3,
126896,Yoshizumi Kobayashi,2017-03-24,6-7-7,38
33119,Yosuke Ebihara,2006-02-26,4-13-0,
8316,Yosuke Saruta,2008-01-26,21-14-3,65
204914,Yosuke Shimoda,2019-04-14,2-7-1,
196494,Yota Tatsunari,2018-09-09,5-6-0,
330304,Yotaro Hirano,2025-08-10,1-3-0,
200542,Youcef Ouabbas,2018-11-03,3-1-0,
191334,Youku Goto,2018-06-17,1-9-1,
168895,Younes Chemali,2016-12-19,1-2-0,
275107,Youness Mandor,2023-06-02,1-2-0,
176048,Young Han Kim,2017-06-25,0-7-0,
178354,Young Ji Kim,2017-09-16,3-6-0,
87426,Yousef Abu Shreekh,2015-02-09,3-3-0,
138858,Yousef Wehbe,2014-11-22,8-10-0,
145132,Yousif Ghrairi,2015-03-27,9-4-0,
235752,Yousri Belgaroui,2021-01-22,10-3-0,37
297558,Youssef Boughanem,2024-01-27,6-0-0,35
162565,Youssef Zalal,2017-08-19,18-6-1,38
181340,Youta Hayashi,2017-12-23,13-9-1,40
235886,Yrysbek Ryskulov,2020-08-31,0-1-0,
160815,Ysidro Gutierrez,2016-10-15,8-7-0,39
186409,Yu Dozono,2018-04-08,11-5-0,31
191311,Yu Ji,2019-04-20,3-2-0,
230399,Yu Karino,2020-06-27,11-4-0,30
81005,Yu Kuwabara,2011-04-03,2-5-1,
239003,Yu Saito,2025-03-23,3-1-0,29
309164,Yu Takeuchi,2024-10-20,4-0-0,
157718,Yu Tanaka,2016-03-21,6-6-0,34
330041,Yua Osawa,2025-07-27,1-2-0,
186143,Yudai Hirono,2018-05-06,4-4-0,
124405,Yudi Cahyadi,2013-09-29,8-3-0,35
274598,Yuga Toma,2023-03-04,5-5-0,34
330563,Yuhas Ishtvan,2025-06-25,1-1-1,
248352,Yuhei Koga,2021-12-18,2-6-1,
257844,Yuhi Fujinami,2022-05-22,1-0-0,
36737,Yuichi Miyagi,2006-10-01,22-17-2,
258270,Yuichi Nakamura,2022-05-22,1-5-0,
136693,Yuichi Ohashi,2014-03-23,6-5-0,
288771,Yuito Hirano,2023-11-03,0-2-0,
265612,Yuito Yanagawa,2022-10-02,8-2-0,26
274600,Yuito Yoneyama,2023-03-04,2-2-0,
7044,Yuji Arai,2012-03-18,7-10-0,
257765,Yuji Ephoevi-Ga,2022-02-27,13-3-0,30
322603,Yuji Inagaki,2025-03-09,3-1-0,
288339,Yuji Sato,2024-05-12,5-3-0,27
274606,Yuji Sawae,2023-03-26,3-3-4,
233141,Yukari Suzuki,2022-10-10,0-1-0,
192937,Yuki Angdembe,2021-12-10,8-3-0,0
298351,Yuki Hinata,2024-02-25,2-4-0,
195933,Yuki Ito,2017-12-10,20-7-0,37
282033,Yuki Ito,2023-08-27,0-3-0,
54385,Yuki Kawana,2009-10-11,18-12-5,
261,Yuki Kondo,1996-01-28,67-41-9,103
246367,Yuki Miwa,2021-11-07,1-5-0,
67727,Yuki Motoya,2011-05-07,39-15-0,57
172455,Yuki Nagai,2018-11-25,2-1-0,
143679,Yuki Narita,2015-04-05,11-7-2,
86161,Yuki Niimura,2011-08-26,12-5-0,
60101,Yuki Okano,2008-06-15,17-15-1,
235567,Yuki Ono,2020-01-26,2-3-2,
148809,Yuki Ota,2014-12-21,11-3-1,
101233,Yuki Takahashi,2012-11-18,7-3-1,
238219,Yuki Takahashi,2019-12-22,2-1-0,
42773,Yuki Takasaka,2008-03-02,13-7-1,
170463,Yuki Tashiro,2015-02-22,4-10-0,
149256,Yuki Teramoto,2015-05-24,4-6-1,
168370,Yuki Ueda,2017-01-22,7-13-1,40
112771,Yuki Ueno,2013-05-03,1-8-0,
158562,Yuki Yamamoto,2016-04-24,1-4-0,
102308,Yuki Yamasaki,2012-09-29,9-5-0,
47080,Yuki Yasunaga,2009-02-28,16-15-1,
34963,Yukinari Tamura,2004-10-03,16-15-9,
102450,Yukinori Akazawa,2012-10-27,8-6-0,43
170584,Yulia Kutsenko,2016-12-25,6-10-0,
173637,Yulia Litvinceva,2017-01-07,3-4-0,
182771,Yulia Sachkov,2017-12-16,0-2-0,
116890,Yuma Horiuchi,2013-07-20,11-7-0,33
165316,Yuma Kitamura,2017-02-12,5-1-0,
336350,Yuma Kondo,2025-11-09,1-2-0,
148154,Yuma Nakajima,2015-06-21,2-7-0,
186928,Yuma Nomura,2018-04-15,2-2-0,
305881,Yuma Onishi,2024-09-29,3-2-1,
154416,Yun Jae Jung,2015-03-21,8-3-1,
252758,Yun Seong Jang,2022-01-29,8-2-0,25
186126,Yuneisy Duben,2019-02-01,6-2-0,30
259196,Yunfei Zhang,2016-12-03,0-3-0,
192180,Yunus Emre Sahbaz,2021-04-25,4-2-0,0
26690,Yunus Evloev,2005-10-01,28-9-0,
231934,Yura Naito,2020-09-27,8-2-0,31
246698,Yuri Amari,2021-10-17,3-4-0,
281774,Yuri Anselmo,2023-05-27,6-3-0,27
141857,Yuri Chobuka,2014-12-13,10-2-0,
42716,Yuri Fraga,2007-03-09,13-13-1,
223924,Yuri Hernandez,2014-08-30,1-2-0,
210655,Yuri Neles,2019-04-13,12-11-0,39
191740,Yuri Panferov,2021-04-30,9-1-0,29
50815,Yuri Villefort,2009-04-24,12-8-0,
145530,Yuriy Verenitsen,2015-04-03,5-5-0,
103887,Yury Grishenko,2012-08-16,2-4-0,
93692,Yusaku Hayashi,2013-03-31,9-9-1,
45579,Yusaku Inoue,2009-04-25,11-5-1,
237869,Yusaku Kinoshita,2020-11-29,6-4-0,27
60139,Yusaku Nakamura,2010-01-24,20-10-2,57
277308,Yusaku Nishio,2023-05-28,1-0-0,
343205,Yusaku Tanaka,2026-02-11,0-1-0,
226496,Yusei Muramoto,2019-11-24,0-3-0,
265413,Yusei Nakui,2022-10-10,4-5-0,
11546,Yushin Okami,2002-07-20,39-15-0,
220821,Yusuf Karakaya,2019-11-15,2-0-0,
123820,Yusuf Nazokatov,2021-11-05,3-3-0,
336142,Yusufbai Akhmedov,2025-06-13,2-0-0,0
3854,Yusuke Kagiyama,2005-12-23,21-19-3,
125873,Yusuke Kamata,2016-02-27,6-4-0,
67388,Yusuke Kasuya,2009-02-21,16-11-2,47
3140,Yusuke Kawanago,2004-06-04,14-7-2,
114052,Yusuke Matsushita,2014-10-05,9-12-3,42
83173,Yusuke Ogikubo,2012-08-05,16-12-0,
271190,Yusuke Sasaki,2026-05-31,0-1-0,
279815,Yusuke Sato,2024-11-29,2-2-0,
325872,Yusuke Shinohara,2025-04-20,0-3-0,
196295,Yusuke Tamaki,2018-09-09,1-1-0,
28986,Yusuke Tamashiro,2007-09-16,5-2-1,
62619,Yusuke Uehara,2010-03-14,19-15-3,
49257,Yusuke Yachi,2009-04-10,29-16-0,59
298659,Yusuke Yagi,2024-03-03,1-3-2,
220967,Yusup Magomedov,2023-09-23,11-1-0,31
46392,Yusup Saadulaev,2008-09-10,20-6-1,
238748,Yuta Hamamoto,2020-08-30,6-7-0,40
273742,Yuta Hasuike,2023-03-26,4-5-0,
197759,Yuta Isobe,2018-11-18,0-3-2,
90180,Yuta Kaneko,2011-12-17,13-6-2,
244866,Yuta Kubo,2021-09-19,5-3-0,40
176402,Yuta Miyazawa,2017-03-20,17-6-0,39
38371,Yuta Nabekubo,2021-06-26,1-0-0,
22001,Yuta Nakamura,2003-10-18,23-27-3,
238969,Yuta Namihira,2020-11-29,0-9-4,
42520,Yuta Nezu,2007-03-25,23-12-2,
194592,Yuta Oue,2021-11-07,1-3-4,
64449,Yuta Sasaki,2010-04-11,24-10-2,
79344,Yuta Sato,2012-02-25,10-1-0,
274795,Yuta Takahashi,2021-07-24,4-3-4,
61237,Yuta Tezuka,2010-02-14,4-4-0,
158909,Yuta Ueyama,2015-09-22,6-4-0,
246200,Yuta Zhang,2024-12-15,2-2-0,
112763,Yutaka Hoshino,2016-11-06,5-8-1,
3141,Yutaka Kobayashi,2006-08-04,18-23-4,66
301137,Yutaka Morimoto,2024-04-07,0-2-0,
24009,Yutaka Nishioka,2005-02-06,6-1-0,
89458,Yutaka Saito,2011-11-27,21-9-2,
63975,Yutaka Shimamura,2010-04-04,16-12-4,
37406,Yutaka Ueda,2006-06-18,9-7-1,
321282,Yutaro Amano,2025-02-11,0-1-0,
144687,Yutaro Muramoto,2015-03-22,15-9-2,42
325870,Yutaro Suzuki,2025-05-06,1-2-0,
82470,Yuto Hokamura,2011-10-09,16-16-2,49
323648,Yuto Iino,2025-04-20,5-0-0,27
186408,Yuto Inoue,2018-04-08,5-2-0,
194440,Yuto Kimura,2020-07-31,4-2-1,
265155,Yuto Minami,2022-08-28,2-6-1,
159681,Yuto Nakamori,2016-06-12,6-2-0,
112793,Yuto Sekiguchi,2014-02-09,16-9-4,36
274479,Yuto Suzuki,2023-07-09,6-1-0,20
348253,Yuto Takai,2026-06-28,1-0-0,
282170,Yuto Tsuchiya,2025-02-11,1-1-0,
206726,Yuto Uda,2019-04-07,7-2-1,
328672,Yutoku Sakaguchi,2025-07-13,1-1-0,
236495,Yutoku Umeki,2021-03-13,5-6-1,28
278999,Yuuki Takeda,2025-03-02,4-3-0,
231340,Yuusuke Hatakeyama,2020-02-23,6-4-0,31
298349,Yuya Hosokawa,2024-02-25,1-3-0,
33394,Yuya Kaneuchi,2006-03-20,10-16-5,
104018,Yuya Kodama,2012-12-01,16-15-3,
81004,Yuya Shibata,2011-04-03,19-8-0,
179393,Yuya Tsumura,2017-09-10,1-3-1,
147748,Yuya Wakamatsu,2015-06-21,20-7-0,38
229764,Yve Nelson,2023-10-13,3-2-0,26
64395,Yves Landu,2010-04-10,21-11-0,51
207026,Zaakir Badat,2019-04-13,9-2-0,0
207882,Zabiullah Mubarez,2020-09-19,6-5-0,
169513,Zac Cavender,2018-11-16,5-3-0,
75715,Zac Kelley,2011-09-17,9-27-0,
217213,Zac Pauga,2020-07-31,7-4-0,
97357,Zac Riley,2014-01-25,9-7-0,
65409,Zach Cook,2014-05-24,3-5-0,
121818,Zach Fears,2014-08-23,10-5-0,
84812,Zach Freeman,2011-07-16,9-3-0,
219441,Zach Johnson,2019-10-25,0-1-0,
64828,Zach Juusola,2010-02-27,15-10-1,48
38322,Zach Makovsky,2006-12-09,21-12-0,
113788,Zach Rosol,2014-03-29,3-4-0,
6078,Zach Thumb,2007-11-10,4-4-0,
138874,Zach Zane,2015-01-23,15-17-0,47
155737,Zachariah Thorne,2019-09-21,2-2-0,
238740,Zachary Borrego,2021-06-19,10-6-0,35
191031,Zachary Bradshaw,2018-07-21,2-2-0,
41235,Zachary Burhans,2009-06-05,4-5-0,
131424,Zachary Buros-Nash,2018-09-08,1-2-0,
108412,Zachary Hicks,2014-05-10,9-6-0,
96170,Zachary Reese,2021-04-10,10-4-0,36
200401,Zachary Vaci,2018-11-09,4-2-0,
24060,Zack Schroeder,2004-09-04,9-15-0,
142336,Zafar Mohsen,2015-01-16,15-4-0,35
178853,Zagid Gaydarov,2017-08-29,7-2-0,0
328549,Zahid Ahmad,2025-05-14,0-3-0,
103904,Zairo Garcia,2012-09-01,5-6-1,
3652,Zak Bucia,2007-07-27,19-15-0,
190041,Zak Flessas,2023-02-04,3-2-0,
158329,Zaka Fatullazade,2016-03-30,22-13-1,
241272,Zaki Mohsin,2024-03-30,2-3-0,
213056,Zarko Sedoglavic,2019-06-27,2-1-0,
111783,Zarrukh Adashev,2015-06-05,5-4-0,36
200529,Zaulo Aldana,2018-10-13,0-1-0,
252780,Zayne Havener,2024-05-04,6-2-0,26
163209,Zdenek Polivka,2016-06-03,10-8-0,35
133085,Ze Wu,2014-06-07,29-18-0,46
191340,Zeb Vincent,2023-06-17,2-1-0,
140915,Zebenzui Ruiz,2014-11-15,12-5-0,35
62848,Zechariah Lange,2011-11-19,6-4-0,
95396,Zedekiah Montanez,2018-09-15,5-0-1,
178494,Zehao Zhang,2017-03-24,6-8-0,
19244,Zeilton Rodrigues,2006-10-25,13-5-0,
145691,Zenny Huang,2015-05-09,7-7-0,
137080,Zhalgas Zhumagulov,2014-09-07,19-9-0,51
231811,Zhanarbek Zhenishbek Uulu,2020-08-16,0-2-0,
212487,Zhanibek Tynyshtyk,2022-11-25,10-0-0,0
190285,Zhassulan Khussainov,2025-12-12,1-0-0,
158834,Zhasulan Akimzhanov,2016-04-15,12-5-0,0
205087,Zhasur Mirzamukhamedov,2017-07-30,7-3-0,41
237921,Zhawupasi Daermisi,2019-11-15,12-5-0,30
183959,Zhe Li,2017-04-07,6-8-0,
277641,Zhenglong Zhao,2023-02-24,1-4-0,
277640,Zhengwen Peng,2023-02-24,7-5-0,26
164945,Zhengyong Lu,2016-05-28,17-9-0,
100381,Zhenhong Lu,2012-09-08,18-7-0,
288030,Zhenzhu Ding,2023-09-15,2-3-0,
97672,Zhifa Shang,2012-06-07,45-11-0,60
237899,Zhihao Ren,2019-07-25,2-9-0,
262913,Zhiyuan Zhai,2020-10-04,3-1-0,
328853,Zhongyi Zhang,2024-08-09,0-1-0,
195923,Zhora Ayvazyan,2018-02-18,17-1-0,34
346886,Zhu Dun,2024-05-31,0-1-0,
164952,Zhu Rong,2016-03-26,28-6-0,33
151744,Zhuman Zhumabekov,2014-12-13,16-7-0,0
170607,Zhyrgalbek Chomonov,2016-11-20,8-4-0,
199572,Zia Mashwani,2018-10-27,7-3-0,0
278823,Zihier Bailey,2025-08-02,0-3-0,
264400,Zijie Cui,2022-06-18,1-2-0,
269967,Zoe Nowicki,2024-06-28,3-1-0,26
41139,Zoila Frausto,2009-02-13,14-6-0,
211341,Zokirzhon Khoshimov,2018-12-27,12-8-0,
186632,Zoran Solaja,2018-02-24,3-4-0,39
90966,Zsolt Fenyes,2011-03-03,6-19-0,
65301,Zubaira Tukhugov,2010-03-10,20-6-1,
302813,Zulfiya Kurbashova,2023-10-05,2-4-0,
168414,Zulkarnaiyn Kamchybekov,2018-09-15,6-3-0,
222302,Zumarr Archer,2022-01-14,3-1-0,
172791,Zuriko Jojua,2015-08-03,11-2-0,33
64811,Zury Valenzuela,2010-04-10,12-12-2,
215994,Zviad Lazishvili,2011-02-20,13-1-0,
116551,Zvonimir Kralj,2013-06-01,8-6-0,37
173054,Zygimantas Ramaska,2016-12-05,10-3-0,30
