nameKey,name,dob,source
a kwon sol,A Sol Kwon,1985-01-18,enumeration
agazarm aj,A.J. Agazarm,1990-07-26,search
aj bryant,A.J. Bryant,1987-09-22,search
aj cunningham,A.J. Cunningham,1994-09-07,search
aj matthews,A.J. Matthews,1988-01-23,search
aj mckee,A.J. McKee,1995-04-07,search
aj nichols,A.J. Nichols,1990-08-20,search
aalon cruz,Aalon Cruz,1989-09-20,search
aaron bush,Aaron Bush,1992-09-23,search
aaron canarte,Aaron Cañarte,1996-08-30,enumeration
aaron chalmers,Aaron Chalmers,1987-05-26,search
aaron chambers,Aaron Chambers,1993-09-26,search
aaron conway,Aaron Conway,1984-03-10,enumeration
aaron culpepper,Aaron Culpepper,1982-11-24,search
aaron davis,Aaron Davis,1977-01-27,enumeration
aaron derrow,Aaron Derrow,1987-07-10,search
aaron ely,Aaron Ely,1985-07-09,search
aaron gray,Aaron Gray,1997-08-28,enumeration
aaron hendrick,Aaron Hendrick,1981-07-31,enumeration
aaron highbaugh,Aaron Highbaugh,1985-04-29,search
aaron highfill,Aaron Highfill,1990-10-23,search
aaron hughes,Aaron Hughes,1994-08-30,search
aaron jeffery,Aaron Jeffery,1992-11-14,search
aaron johnson,Aaron Johnson,1986-04-01,enumeration
aaron khalid,Aaron Khalid,1993-07-17,search
aaron farge la,Aaron La Farge,1991-07-24,search
aaron mckenzie,Aaron McKenzie,1988-07-20,search
aaron mitchell,Aaron Mitchell,1995-03-05,search
aaron pico,Aaron Pico,1996-09-23,search
aaron reeves,Aaron Reeves,1989-08-19,search
aaron riley,Aaron Riley,1980-12-09,enumeration
aaron roberson,Aaron Roberson,1990-03-16,search
aaron robinson,Aaron Robinson,1979-02-23,enumeration
aaron rosa,Aaron Rosa,1983-05-28,search
aaron simpson,Aaron Simpson,1974-07-20,search
aaron smith,Aaron Smith,1987-03-20,search
aaron tau,Aaron Tau,1993-08-21,search
aaron thomas,Aaron Thomas,1987-01-31,enumeration
aaron thomson,Aaron Thomson,1995-05-12,enumeration
aaron trecell,Aaron Trecell,1994-02-25,search
aaron vickers,Aaron Vickers,1990-01-06,search
aaron villa,Aaron Villa,1998-12-26,enumeration
aaron webb,Aaron Webb,1986-08-07,search
abbas khan,Abbas Khan,1992-04-08,search
abdallah gamal,Abdallah Gamal,1995-06-26,enumeration
abdel ali hariri,Abdel Ali Hariri,1991-05-14,search
abdel emam rahman,Abdel Rahman Emam,1994-01-01,enumeration
abdellah erramy,Abdellah Er-Ramy,1996-09-19,enumeration
abdelmoumen mssaate,Abdelmoumen Mssaate,1993-08-02,search
abdelrahman mohamed,Abdelrahman Mohamed,2000-08-17,enumeration
abderrahman errachidy,Abderrahman Errachidy,2001-02-04,search
abdiel velazquez,Abdiel Velazquez,1993-07-12,search
abdikabyl kaldar,Abdikabyl Kaldar,1993-02-26,search
abdisalam kubanychbek,Abdisalam Kubanychbek,1994-06-04,search
abdoul abdouraguimov,Abdoul Abdouraguimov,1995-08-01,search
abdoulaye kane,Abdoulaye Kane,1998-08-15,search
abdul hussein,Abdul Hussein,1997-08-02,search
abdul kamara,Abdul Kamara,1991-11-14,search
abdul razac sankara,Abdul Razac Sankara,2001-01-10,enumeration
abdul alhassan razak,Abdul Razak Alhassan,1985-08-11,search
abdulaziz abdulvakhabov,Abdul-Aziz Abdulvakhabov,1989-01-16,search
abdulkareem alselwady,Abdul-Kareem Al-Selwady,1995-04-10,search
abdulkerim edilov,Abdul-Kerim Edilov,1991-11-25,search
abdulrahman dzhanaev,Abdul-Rahman Dzhanaev,1990-01-10,search
abdulrakhman yakhyaev,Abdul-Rakhman Yakhyaev,2001-01-03,search
abdula isaev,Abdula Isaev,1990-03-18,enumeration
abdulbasir vagabov,Abdulbasir Vagabov,1991-05-23,enumeration
abdulla aliev,Abdulla Aliev,1996-09-08,enumeration
abdullah al hafith,Abdullah Al Hafith,1992-12-25,enumeration
abdulmajid magomedov,Abdulmajid Magomedov,1987-09-02,enumeration
abdurakhman alimagomedov,Abdurakhman Alimagomedov,1998-02-25,search
abdurakhman gitinovasov,Abdurakhman Gitinovasov,1990-04-13,enumeration
abdushakhboz mirzoev,Abdushakhboz Mirzoev,1996-12-02,enumeration
abe alsaghir,Abe Alsaghir,2001-07-01,search
abe wagner,Abe Wagner,1980-03-04,search
abeer mansour,Abeer Mansour,2002-04-05,enumeration
abeku afful,Abeku Afful,1981-01-07,search
abel cullum,Abel Cullum,1987-04-21,search
abel trujillo,Abel Trujillo,1983-09-18,search
abhilash raut,Abhilash Raut,1992-08-28,enumeration
abias silva,Abias Silva,1989-01-24,enumeration
abigail montes,Abigail Montes,2000-03-29,search
abimael sagrero,Abimael Sagrero,2003-01-11,enumeration
abina santos,Abina Santos,1996-07-23,enumeration
abner cueva,Abner Cueva,1994-07-20,enumeration
abner ferreira rodrigues,Abner Ferreira Rodrigues,1995-06-19,search
abner hernandez,Abner Hernandez,1993-05-15,enumeration
abner lloveras,Abner Lloveras,1982-09-04,search
abolfazl mehrazaran,Abolfazl Mehrazaran,1994-06-02,search
abou tounkara,Abou Tounkara,1989-07-23,enumeration
aboubkeur houari,Aboubkeur Houari,1998-10-10,enumeration
abraao amorim magalhaes,Abraao Amorim Magalhaes,1986-08-16,enumeration
abraham bably,Abraham Bably,1995-12-30,search
abraham jalisco,Abraham Jalisco,1992-12-30,enumeration
abraham nava,Abraham Nava,1992-07-22,enumeration
abraham vaesau,Abraham Vaesau,1987-12-02,search
abraham vallejo,Abraham Vallejo,1984-05-04,enumeration
abram torres,Abram Torres,1982-10-29,enumeration
abril anguiano,Abril Anguiano,1999-04-12,search
abu azaitar,Abu Azaitar,1986-03-10,search
abu dzamaldaev,Abu Dzamaldaev,1984-04-25,enumeration
abu alikhanov muslim,Abu Muslim Alikhanov,1990-07-08,enumeration
abubakar nurmagomedov,Abubakar Nurmagomedov,1989-11-13,search
abubakar vagaev,Abubakar Vagaev,1993-04-14,search
abukar yandiev,Abukar Yandiev,1987-06-30,enumeration
abus magomedov,Abus Magomedov,1990-09-02,search
acacio dos santos,Acacio dos Santos,1991-09-29,search
achilles estremadura,Achilles Estremadura,1992-03-11,search
ackson junior,Ackson Junior,1982-08-09,enumeration
acoidan duque,Acoidan Duque,1987-12-14,search
acrisio junior,Acrisio Junior,1995-03-09,enumeration
adalberto da jr mota silva,Adalberto Mota da Silva Jr.,1988-10-07,enumeration
acquaviva adam,Adam Acquaviva,1992-07-10,search
adam antolin,Adam Antolin,1982-02-28,search
adam arredondo,Adam Arredondo,1982-07-07,search
adam assenza,Adam Assenza,1987-12-31,search
adam bieganski,Adam Bieganski,1993-12-22,search
adam bogatyrev,Adam Bogatyrev,1995-02-16,search
adam borics,Adam Borics,1993-07-07,search
adam brady,Adam Brady,1986-10-28,enumeration
adam bramhald,Adam Bramhald,1994-03-24,search
adam cella,Adam Cella,1985-06-26,search
adam cruz,Adam Cruz,1989-04-23,enumeration
adam cullen,Adam Cullen,1998-04-07,search
adam darby,Adam Darby,1998-11-13,enumeration
adam dyczka,Adam Dyczka,1991-04-24,enumeration
adam fritz,Adam Fritz,1992-07-29,enumeration
adam fugitt,Adam Fugitt,1989-01-12,search
adam hunter,Adam Hunter,1983-10-16,enumeration
adam kayoom,Adam Kayoom,1977-10-22,enumeration
adam keresh,Adam Keresh,1993-10-18,search
adam khaliev,Adam Khaliev,1984-04-16,enumeration
adam king,Adam King,1988-09-22,search
adam kowalski,Adam Kowalski,1983-06-06,search
adam laguna,Adam Laguna,1993-12-27,search
adam livingston,Adam Livingston,2001-08-15,search
adam lorenz,Adam Lorenz,1985-03-30,enumeration
adam macdougall,Adam MacDougall,1987-01-01,enumeration
adam mcgurk,Adam McGurk,1987-08-06,search
adam meskini,Adam Meskini,1996-07-29,search
adam milstead,Adam Milstead,1987-07-03,search
adam niedzwiedz,Adam Niedzwiedz,1993-12-20,enumeration
adam ortiz,Adam Ortiz,1994-05-11,search
adam piccolotti,Adam Piccolotti,1988-10-23,search
adam posener,Adam Posener,2004-10-07,enumeration
adam proctor,Adam Proctor,1995-11-01,search
adam schindler,Adam Schindler,1983-05-19,search
adam sepulveda,Adam Sepulveda,1990-12-19,search
adam smith,Adam Smith,1989-07-01,enumeration
adam soldaev,Adam Soldaev,1997-07-03,enumeration
adam townsend,Adam Townsend,1988-11-28,search
adam tsurov,Adam Tsurov,1996-01-05,enumeration
adam vigil,Adam Vigil,1989-07-10,search
adam wamsley,Adam Wamsley,1991-03-08,search
adam ward,Adam Ward,1986-02-28,search
adam wieczorek,Adam Wieczorek,1992-02-05,enumeration
adam yandiev,Adam Yandiev,1988-07-07,enumeration
adamo vasconcelos,Adamo Vasconcelos,1984-02-18,enumeration
adamu isah,Adamu Isah,1997-02-15,search
adel ayn zarka,Adel Ayn Zarka,1999-06-10,enumeration
adelson faustino santos,Adelson Faustino Santos,1989-11-28,enumeration
adelson santiago,Adelson Santiago,1993-05-26,enumeration
adercino de jesus,Adercino de Jesus,1986-07-05,search
adham mohamed,Adham Mohamed,1996-08-16,search
adi alic,Adi Alic,1989-06-25,search
adil benjilany,Adil Benjilany,1991-01-01,search
adilet nurmatov,Adilet Nurmatov,1997-08-02,search
adilson dias,Adilson Dias,1986-03-20,enumeration
adilson fernandes jr ribeiro,Adilson Fernandes Ribeiro Jr.,1989-10-20,search
adilson ramos silva,Adilson Ramos Silva,1988-03-06,search
adin duenas,Adin Duenas,1988-07-02,search
adis taalaybek uulu,Adis Taalaybek uulu,1995-07-23,enumeration
adlan amagov,Adlan Amagov,1984-08-27,search
adland benson,Adland Benson,1995-09-27,search
adli edwards,Adli Edwards,1989-08-28,search
adnan alic,Adnan Alic,1984-04-10,search
adnan larry,Adnan Larry,1992-05-09,enumeration
adonilton matos,Adonilton Matos,1988-01-02,search
adonis saucedo,Adonis Saucedo,1995-05-06,search
adonis sevilleno,Adonis Sevilleno,1993-06-08,search
adrian bartosinski,Adrian Bartosinski,1995-08-26,enumeration
adrian cruz,Adrian Cruz,1982-04-02,search
adrian diaz,Adrian Diaz,1988-04-26,search
adrian garcia,Adrian Garcia,1997-08-28,search
adrian gralak,Adrian Gralak,1997-08-10,search
adrian hadribeaj,Adrian Hadribeaj,1990-10-17,search
adrian haly,Adrian Haly,1998-05-23,search
adrian luna martinetti,Adrian Luna Martinetti,1995-08-20,search
adrian matheis,Adrian Matheis,1993-05-14,enumeration
adrian mattheis,Adrian Mattheis,1993-05-14,search
adrian mazza miranda,Adrian Mazza Miranda,1993-07-29,enumeration
adrian najera,Adrian Najera,1991-05-09,search
adrian pang,Adrian Pang,1977-09-02,enumeration
adrian ponz,Adrian Ponz,1989-09-15,enumeration
adrian sanchez,Adrian Sanchez,1992-01-29,search
adrian socorro,Adrian Socorro,1992-10-23,enumeration
adrian vilaca,Adrian Vilaca,1990-06-02,search
adrian yanez,Adrian Yanez,1993-11-29,search
adrian zielinski,Adrian Zielinski,1986-12-05,search
adriana fusini,Adriana Fusini,1988-09-17,search
adrianna kreft,Adrianna Kreft,1992-12-26,enumeration
adriano brandao,Adriano Brandão,1987-09-23,enumeration
adriano capitulino,Adriano Capitulino,1984-07-04,search
adriano deziderio,Adriano Deziderio,1992-08-15,enumeration
adriano florencio,Adriano Florencio,1984-05-04,enumeration
adriano martins,Adriano Martins,1982-06-12,search
adriano moraes,Adriano Moraes,1987-04-21,search
adriano de goncalves moreira queiroz,Adriano Moreira Goncalves de Queiroz,1981-11-25,search
adriano nunes,Adriano Nunes,1992-09-27,search
adriano ramos,Adriano Ramos,1991-07-17,search
adriano rodrigues,Adriano Rodrigues,1992-08-17,enumeration
adriano de oliveira rodrigues,Adriano Rodrigues de Oliveira,1989-09-03,search
adriano sena,Adriano Sena,1988-08-13,search
adriano souza,Adriano Souza,1985-09-19,enumeration
adriano verdelli,Adriano Verdelli,1976-11-15,enumeration
adriele castro,Adriele Castro,2001-06-26,search
adriely bastos,Adriely Bastos,2002-06-30,enumeration
adrienna jenkins,Adrienna Jenkins,1981-07-22,search
adrison cardoso,Adrison Cardoso,1993-05-13,search
adron morrison,Adron Morrison,1982-10-17,enumeration
adry raiol,Adry Raiol,1997-07-22,enumeration
adson nascimento,Adson Nascimento,1979-01-09,enumeration
aelson santos,Aelson Santos,1986-02-28,enumeration
agapito perez,Agapito Perez,1981-02-05,enumeration
agilan thani,Agilan Thani,1995-08-18,search
agnieszka niedzwiedz,Agnieszka Niedzwiedz,1995-02-27,enumeration
ago huskic,Ago Huskic,1994-03-04,search
agshin babaev,Agshin Babaev,1986-04-17,search
agulali,Agulali,2005-04-07,enumeration
agustin alamillo,Agustin Alamillo,1989-04-13,enumeration
agustin delarmino,Agustin Delarmino,1988-07-04,search
agustin marquez tejera,Agustin Marquez Tejera,1996-05-01,enumeration
agy sardari,Agy Sardari,1993-05-16,search
ahmad al boussairy,Ahmad Al Boussairy,1986-02-26,search
ahmad hamido,Ahmad Hamido,1991-09-19,search
ahmad hassanzada,Ahmad Hassanzada,1996-11-20,enumeration
ahmad kakar,Ahmad Kakar,1984-03-21,enumeration
abdulkadirov ahmed,Ahmed Abdulkadirov,1994-11-25,search
ahmed alrubaye,Ahmed Al-Rubaye,1989-12-06,search
ahmed albrahim,Ahmed Albrahim,1996-09-18,enumeration
ahmed amir,Ahmed Amir,1992-03-22,search
ahmed assas el,Ahmed El Assas,2003-09-11,enumeration
ahmed el idrissi,Ahmed El Idrissi,2000-08-14,enumeration
ahmed faisal,Ahmed Faisal,2005-02-17,enumeration
ahmed faress,Ahmed Faress,1991-08-18,enumeration
ahmed mostafa,Ahmed Mostafa,2003-05-23,enumeration
ahmed mujtaba,Ahmed Mujtaba,1993-02-21,enumeration
ahmed saeb,Ahmed Saeb,1991-12-22,search
ahmed sami,Ahmed Sami,1994-07-07,enumeration
ahmed samir,Ahmed Samir,2004-02-08,enumeration
ahmed tarek,Ahmed Tarek,1999-09-02,search
ahmed vila,Ahmed Vila,1996-04-14,search
ahmed yahia,Ahmed Yahia,1997-07-04,enumeration
ahmet kayretli,Ahmet Kayretli,1989-03-23,search
ahmet yalbirdak,Ahmet Yalbirdak,1987-05-01,enumeration
abdullah ahsan,Ahsan Abdullah,1992-08-02,search
ai shimizu,Ai Shimizu,1989-10-24,search
aidan james,Aidan James,1994-09-13,search
aiden lee,Aiden Lee,1995-04-29,search
aiemann zahabi,Aiemann Zahabi,1987-11-19,search
aigun akhmedov,Aigun Akhmedov,1988-03-18,search
ailed zubieta,Ailed Zubieta,1995-06-12,search
ailin perez,Ailin Perez,1994-10-05,search
ailton barbosa,Ailton Barbosa,1976-09-09,search
aimilia kapri,Aimilia Kapri,2001-10-05,enumeration
aireon tavarres,Aireon Tavarres,1992-11-18,search
aisling daly,Aisling Daly,1987-12-24,enumeration
aidinov aivaz,Aivaz Aidinov,1999-04-08,search
aj dobson,AJ Dobson,1992-01-18,search
aj fletcher,AJ Fletcher,1997-02-18,search
akash singh,Akash Singh,1990-11-03,enumeration
abdullaev akbar,Akbar Abdullaev,1997-09-20,enumeration
akbar gadzhiekperov,Akbar Gadzhiekperov,1993-06-07,enumeration
akbarh arreola,Akbarh Arreola,1983-01-14,search
akbarjon islomboev,Akbarjon Islomboev,1999-04-26,search
akeem bashir,Akeem Bashir,1988-02-28,search
akenbieke ayijiake,Akenbieke Ayijiake,1994-05-18,search
akhmed aliev,Akhmed Aliev,1990-01-05,search
akhmed arsaev,Akhmed Arsaev,2000-06-12,enumeration
akhmed magomedov,Akhmed Magomedov,1996-04-27,search
akhmed salamov,Akhmed Salamov,1993-08-12,enumeration
akihiro gono,Akihiro Gono,1974-10-07,search
akihiro murayama,Akihiro Murayama,1980-03-29,search
akihiro takanabe,Akihiro Takanabe,1985-08-06,enumeration
akinobu watanabe,Akinobu Watanabe,1983-06-09,search
akira corassani,Akira Corassani,1982-08-27,search
akira okada,Akira Okada,1987-01-18,search
akira shoji,Akira Shoji,1974-01-31,enumeration
akira smith,Akira Smith,1987-08-30,enumeration
akira tortiani,Akira Tortiani,1987-01-23,enumeration
akiyo nishiura,Akiyo Nishiura,1983-08-08,search
akram benali,Akram Benali,1987-04-15,search
akram nasri,Akram Nasri,1998-06-04,search
akuri ronda,Akuri Ronda,1989-03-20,search
al iaquinta,Al Iaquinta,1987-04-30,search
al matavao,Al Matavao,1994-02-23,search
allanna jones,Al-Lanna Jones,1986-07-14,enumeration
alaa elmasry,Alaa El-Masry,1993-10-26,enumeration
alaa mansour,Alaa Mansour,1991-03-17,search
alain majorique,Alain Majorique,1989-11-26,search
alain ngalani,Alain Ngalani,1975-07-07,enumeration
alain de merckt van,Alain Van De Merckt,1993-06-11,search
alan alves viera,Alan Alves Viera,1989-10-16,enumeration
alan baudot,Alan Baudot,1988-02-01,search
alan belcher,Alan Belcher,1984-04-24,search
alan bruno de souza,Alan Bruno de Souza,1995-01-08,search
alan carlos,Alan Carlos,1983-09-07,search
alan dominguez,Alan Dominguez,1996-11-21,search
alan dos santos,Alan Dos Santos,1985-09-11,enumeration
alan ferreira,Alan Ferreira,1995-11-23,enumeration
alan francis,Alan Francis,1983-12-30,search
alan dos gabriel santos,Alan Gabriel dos Santos,1999-05-15,enumeration
alan gomes,Alan Gomes,1994-08-04,enumeration
alan johnston,Alan Johnston,1991-04-02,search
alan jouban,Alan Jouban,1981-11-25,search
alan langer,Alan Langer,1990-05-01,search
alan matamoros,Alan Matamoros,1982-02-15,enumeration
alan olivas,Alan Olivas,1996-05-14,search
alan omer,Alan Omer,1988-09-14,search
alan patrick,Alan Patrick,1983-07-19,enumeration
alan philpott,Alan Philpott,1992-09-22,search
alan ribeiro,Alan Ribeiro,1998-07-05,search
alan silva,Alan Silva,1996-06-25,enumeration
alan soares,Alan Soares,1996-06-27,enumeration
alan vieira,Alan Vieira,1976-10-09,search
alan villalba,Alan Villalba,1996-01-19,search
alan yamaniha,Alan Yamaniha,1986-04-04,search
alandria rosales,Alandria Rosales,1994-06-17,search
alannah arnett,Alannah Arnett,1992-09-18,enumeration
alateng burigede,Alateng Burigede,1989-10-12,enumeration
alatengheili,Alatengheili,1991-12-14,enumeration
alban sinani,Alban Sinani,1994-06-04,enumeration
albert duraev,Albert Duraev,1989-01-05,search
albert gonzales,Albert Gonzales,1992-07-30,search
albert mccowin,Albert McCowin,1990-04-09,enumeration
albert morales,Albert Morales,1991-05-25,search
albert odzimkowski,Albert Odzimkowski,1989-01-01,search
albert tadevosyan,Albert Tadevosyan,1992-04-12,search
albert tapia,Albert Tapia,1987-12-25,search
albert tumenov,Albert Tumenov,1991-12-26,search
alberth dias,Alberth Dias,1992-01-20,search
alberto,"Alberto ",1989-03-31,enumeration
alberto blas,Alberto Blas,1994-10-08,search
alberto ciardo,Alberto Ciardo,1997-04-23,enumeration
alberto correia,Alberto Correia,1997-03-23,enumeration
alberto crane,Alberto Crane,1976-07-14,enumeration
alberto el patron,Alberto El Patron,1977-05-25,enumeration
alberto emiliano pereira,Alberto Emiliano Pereira,1984-08-08,search
alberto galera,Alberto Galera,1984-07-12,search
alberto ibanez,Alberto Ibanez,1988-10-26,enumeration
alberto jr martinez,Alberto Martinez Jr.,1988-02-08,search
alberto mina,Alberto Mina,1982-05-02,enumeration
alberto montes,Alberto Montes,1994-05-31,search
alberto luz pantoja,Alberto Pantoja Luz,1981-01-12,search
alberto rodriguez,Alberto Rodriguez,1989-10-15,search
alberto romo,Alberto Romo,1992-06-22,enumeration
alberto uda,Alberto Uda,1984-08-08,enumeration
aldar budanaev,Aldar Budanaev,1990-01-08,enumeration
alden coria,Alden Coria,1998-04-24,search
alderic keith,Alderic Keith,1987-06-09,enumeration
aldo espindola,Aldo Espindola,1988-04-15,enumeration
aldo pereira,Aldo Pereira,1998-06-08,search
ale joseph,Ale Joseph,1996-07-30,enumeration
aleandro caetano,Aleandro Caetano,1988-02-23,search
alec hooben,Alec Hooben,1992-10-31,search
aleczander castilhos,Aleczander Castilhos,1995-04-02,search
aledio de ferreira souza,Aledio Ferreira de Souza,1988-02-08,enumeration
alef carlos silva,Alef Carlos Silva,1996-06-19,enumeration
alejandra lara,Alejandra Lara,1994-08-04,search
alejandro corrales,Alejandro Corrales,1997-01-31,search
alejandro coslovsky ezequiel,Alejandro Ezequiel Coslovsky,1985-05-16,enumeration
alejandro flores,Alejandro Flores,1991-08-06,search
alejandro gavidia,Alejandro Gavidia,1989-04-08,search
alejandro gomez,Alejandro Gomez,1998-04-14,enumeration
alejandro gonzalez,Alejandro Gonzalez,1992-04-28,enumeration
alejandro marroquin,Alejandro Marroquin,1990-07-03,search
alejandro martinez,Alejandro Martinez,1991-03-04,search
alejandro mayorga,Alejandro Mayorga,1995-07-01,enumeration
alejandro quero,Alejandro Quero,1999-10-28,search
alejandro santiago,Alejandro Santiago,1976-02-10,search
alejandro rodriguez solano,Alejandro Solano Rodriguez,1978-04-01,enumeration
alejandro villalobos,Alejandro Villalobos,1978-10-26,search
alejandro zea,Alejandro Zea,1987-07-19,search
aleksa camur,Aleksa Camur,1995-09-25,search
aleksandar ilic,Aleksandar Ilic,1989-01-03,search
aleksandar radosavljevic,Aleksandar Radosavljevic,1983-08-03,enumeration
aleksandar rakas,Aleksandar Rakas,1990-08-22,search
aleksandar rakic,Aleksandar Rakic,1992-02-06,search
aleksander emelianenko,Aleksander Emelianenko,1981-08-02,search
aleksander georgas,Aleksander Georgas,1990-04-17,enumeration
aleksander kravchenko,Aleksander Kravchenko,1988-04-10,enumeration
aleksander podmarev,Aleksander Podmarev,1994-09-18,search
aleksandr lunga,Aleksandr Lunga,1992-07-15,search
aleksandr verevkin,Aleksandr Verevkin,1998-01-22,enumeration
aleksandr vertko,Aleksandr Vertko,1996-04-03,search
aleksandra rola,Aleksandra Rola,1991-06-06,enumeration
aleksandra savicheva,Aleksandra Savicheva,1998-05-29,search
aleksandra toncheva,Aleksandra Toncheva,1991-07-24,enumeration
aleksandra plamenova toncheva,Aleksandra Toncheva Plamenova,1991-07-24,enumeration
aleksandre topuria,Aleksandre Topuria,1996-01-28,enumeration
aleksei butorin,Aleksei Butorin,1986-07-08,search
aleksei kunchenko,Aleksei Kunchenko,1984-05-02,enumeration
aleksei oleinik,Aleksei Oleinik,1977-06-20,search
aleksi mantykivi,Aleksi Mantykivi,1994-04-22,search
aleksi nurminen,Aleksi Nurminen,1992-07-08,enumeration
aleksi toivonen,Aleksi Toivonen,1991-10-20,enumeration
alen amedovski,Alen Amedovski,1988-04-06,search
alesha zappitella,Alesha Zappitella,1995-02-28,search
albuquerque alessandro,Alessandro Albuquerque,1999-08-21,enumeration
alessandro botti,Alessandro Botti,1988-07-31,search
alessandro costa,Alessandro Costa,1996-01-28,search
alessandro esposito,Alessandro Esposito,1998-11-11,enumeration
alessandro gambulino,Alessandro Gambulino,1990-01-17,search
alessandro giordano,Alessandro Giordano,1997-11-05,search
alessandro leal,Alessandro Leal,1977-03-10,search
alessandro ricci,Alessandro Ricci,1982-07-21,search
aiello alessio,Alessio Aiello,2002-07-08,enumeration
alessio chirico di,Alessio Di Chirico,1989-12-12,search
alessio sakara,Alessio Sakara,1981-09-02,search
alessio tuppini,Alessio Tuppini,1996-09-12,enumeration
alex arredondo,Alex Arredondo,1984-10-29,search
alex arteaga,Alex Arteaga,1997-10-28,enumeration
alex black,Alex Black,1987-11-11,search
alex branom,Alex Branom,1989-03-15,enumeration
alex caceres,Alex Caceres,1988-06-20,search
alex chagas costa da,Alex Chagas da Costa,1987-03-04,enumeration
alex chambers,Alex Chambers,1978-10-25,enumeration
alex chizov,Alex Chizov,1997-12-04,enumeration
alex coover,Alex Coover,1997-03-11,search
alex coruja,Alex Coruja,1980-01-09,enumeration
alex cunuhay,Alex Cunuhay,1992-08-13,search
alex da silva,Alex da Silva,1996-02-04,enumeration
alex davidson,Alex Davidson,1992-08-18,enumeration
alex enlund,Alex Enlund,1987-05-27,search
alex garcia,Alex Garcia,1987-07-14,enumeration
alex gilpin,Alex Gilpin,1992-03-26,search
alex gluzman,Alex Gluzman,1996-08-06,enumeration
alex gorgees,Alex Gorgees,1995-08-11,enumeration
alex gutierrez,Alex Gutierrez,1998-10-25,enumeration
alex huddleston,Alex Huddleston,1986-08-11,search
alex junius,Alex Junius,1992-12-18,search
alex karalexis,Alex Karalexis,1977-09-20,enumeration
alex lohore,Alex Lohore,1989-12-19,search
alex marro,Alex Marro,1997-08-08,search
alex mcgowan,Alex McGowan,1992-01-30,search
alex montagnani,Alex Montagnani,1988-06-12,search
alex morono,Alex Morono,1990-08-16,search
alex nicholson,Alex Nicholson,1990-05-02,search
alex oliveira,Alex Oliveira,1988-02-21,enumeration
alex da oliveira silva,Alex Oliveira da Silva,1994-07-05,enumeration
alex oliver,Alex Oliver,1987-10-17,enumeration
alex ortiz,Alex Ortiz,1984-09-11,enumeration
alex pereira,Alex Pereira,1987-07-07,search
alex perez,Alex Perez,1992-03-21,enumeration
alex polizzi,Alex Polizzi,1991-12-22,search
alex reyes,Alex Reyes,1986-10-02,enumeration
alex sanchez,Alex Sanchez,1993-12-25,enumeration
alex alves sandro,Alex Sandro Alves,1984-04-20,search
alex serdyukov,Alex Serdyukov,1980-05-24,enumeration
alex silva,Alex Silva,1982-10-10,enumeration
alex soares,Alex Soares,1989-02-18,enumeration
alex soto,Alex Soto,1984-02-15,search
alex torres,Alex Torres,1988-05-29,search
alex trinidad,Alex Trinidad,1990-07-25,search
alex white,Alex White,1988-10-22,enumeration
alex wiggs,Alex Wiggs,1993-07-08,search
alexa conners,Alexa Conners,1991-02-15,search
alexa grasso,Alexa Grasso,1993-08-09,search
alexander barahona,Alexander Barahona,1993-12-10,search
alexander belikh,Alexander Belikh,1992-12-07,search
alexander bezkorovayny,Alexander Bezkorovayny,1998-10-06,search
alexander butenko,Alexander Butenko,1987-01-18,search
alexander dolotenko,Alexander Dolotenko,1987-04-26,search
alexander gorshechnik,Alexander Gorshechnik,1996-04-06,enumeration
alexander grebnev,Alexander Grebnev,1994-08-05,enumeration
alexander gustafsson,Alexander Gustafsson,1987-01-15,search
alexander heinrich,Alexander Heinrich,1986-06-16,enumeration
alexander hernandez,Alexander Hernandez,1992-10-01,search
alexander jacobsen,Alexander Jacobsen,1988-03-07,search
alexander kovbel,Alexander Kovbel,1989-01-11,enumeration
alexander krupenkin,Alexander Krupenkin,1994-04-28,enumeration
alexander lindgren,Alexander Lindgren,1994-05-10,search
alexander loginov,Alexander Loginov,1988-08-18,enumeration
alexander loof,Alexander Loof,1998-02-18,search
alexander mamonov,Alexander Mamonov,1992-10-09,enumeration
alexander martinez,Alexander Martinez,1994-05-21,enumeration
alexander matmuratov,Alexander Matmuratov,1989-10-09,search
alexander merezhko,Alexander Merezhko,1992-02-18,enumeration
alexander mikael,Alexander Mikael,1997-01-11,enumeration
alexander morgan,Alexander Morgan,1991-05-14,enumeration
alexander munoz,Alexander Munoz,1990-02-27,enumeration
alexander neufang,Alexander Neufang,1987-01-17,enumeration
alexander nikishenko,Alexander Nikishenko,1992-01-08,enumeration
alexander osetrov,Alexander Osetrov,1996-07-08,search
alexander peduson,Alexander Peduson,1992-12-21,search
alexander poppeck,Alexander Poppeck,1992-04-06,search
alexander riggs,Alexander Riggs,1991-09-13,enumeration
alexander sarnavskiy,Alexander Sarnavskiy,1989-01-17,enumeration
alexander pirev sasha,Alexander Sasha Pirev,1985-09-09,search
alexander schenk,Alexander Schenk,2000-11-06,search
alexander shabliy,Alexander Shabliy,1993-04-18,enumeration
alexander shingarenko,Alexander Shingarenko,1993-01-26,enumeration
alexander shlemenko,Alexander Shlemenko,1984-05-20,search
alexander soldatkin,Alexander Soldatkin,1993-06-10,search
alexander stolyarov,Alexander Stolyarov,1987-10-14,enumeration
alexander vogt,Alexander Vogt,1991-04-12,enumeration
alexander volkanovski,Alexander Volkanovski,1988-09-29,search
alexander volkov,Alexander Volkov,1988-10-24,search
alexander yakovlev,Alexander Yakovlev,1984-07-18,search
alexandr romanov,Alexandr Romanov,1990-12-11,enumeration
albu alexandra,Alexandra Albu,1990-07-14,enumeration
alexandra alvare,Alexandra Alvare,1984-02-12,enumeration
alexandra alves,Alexandra Alves,1999-06-24,enumeration
alexandra ballou,Alexandra Ballou,1992-01-21,search
alexandre almeida,Alexandre Almeida,1988-08-21,search
alexandre bezerra,Alexandre Bezerra,1987-09-25,search
alexandre cidade,Alexandre Cidade,1982-11-10,search
alexandre da netto silva,Alexandre Da Silva Netto,1974-12-24,enumeration
alexandre ferreira,Alexandre Ferreira,1979-04-25,enumeration
alexandre goncalves,Alexandre Goncalves,1983-02-23,search
alexandre hoffmann,Alexandre Hoffmann,1986-08-13,search
alexandre junior,Alexandre Junior,1993-11-11,enumeration
alexandre oliveira,Alexandre Oliveira,1977-04-03,enumeration
alexandre pantoja,Alexandre Pantoja,1990-04-16,search
alexandre pimentel,Alexandre Pimentel,1978-10-02,search
alexandre ribeiro,Alexandre Ribeiro,1992-06-30,search
alexandre silva,Alexandre Silva,1987-02-26,search
alexandro rodrigues santos,Alexandro Santos Rodrigues,1984-09-09,enumeration
alexei bell,Alexei Bell,1990-06-18,enumeration
alexei kudin,Alexei Kudin,1984-12-20,search
alexei maligin,Alexei Maligin,1982-06-06,enumeration
alexei nazarov,Alexei Nazarov,1984-10-24,enumeration
alexei pergande,Alexei Pergande,2001-05-11,enumeration
alexey kiser,Alexey Kiser,1991-09-27,enumeration
alexey logvinenko,Alexey Logvinenko,1993-11-22,enumeration
alexey lyapunov,Alexey Lyapunov,1994-07-25,search
alexey makhno,Alexey Makhno,1990-05-16,search
alexey naumov,Alexey Naumov,1991-06-06,search
alexey novikov,Alexey Novikov,1998-07-04,search
alexey oleinik,Alexey Oleinik,1982-04-19,search
alexey pastorov,Alexey Pastorov,1986-06-30,search
alexey polpudnikov,Alexey Polpudnikov,1992-09-15,search
alexey repalov,Alexey Repalov,1984-08-04,enumeration
alexey shaposhnikov,Alexey Shaposhnikov,1997-12-05,search
alexey shopin,Alexey Shopin,1987-10-16,enumeration
alexey shurkevich,Alexey Shurkevich,1992-04-30,search
alexey stoyan,Alexey Stoyan,1984-09-14,search
alexia de queiroz santana,Alexia Santana De Queiroz,1995-09-01,enumeration
alexia thainara,Alexia Thainara,1995-11-20,search
alexis davis,Alexis Davis,1984-10-04,search
alexis dufresne,Alexis Dufresne,1990-08-31,search
alexis miranda,Alexis Miranda,1999-01-03,enumeration
alexis ramos,Alexis Ramos,1995-12-27,enumeration
alexis savvidis,Alexis Savvidis,1995-08-18,search
alexis tsarmantidis,Alexis Tsarmantidis,1998-05-07,enumeration
alexis vila,Alexis Vila,1971-03-12,search
alexsandro cangaty lopes,Alexsandro Lopes Cangaty,1996-05-11,enumeration
alexsandro pereira,Alexsandro Pereira,1987-07-07,enumeration
alfan rocherlabes,Alfan Rocher-Labes,1997-05-29,enumeration
alfie davis,Alfie Davis,1992-02-25,search
alfonso leyva,Alfonso Leyva,1993-01-06,search
alfred khashakyan,Alfred Khashakyan,1988-07-17,search
alfred leisure,Alfred Leisure,1981-07-02,enumeration
alfred walker,Alfred Walker,1987-04-03,search
alfredo muaiad,Alfredo Muaiad,1988-11-29,search
alfredo souza,Alfredo Souza,1990-02-07,search
alfrego ruelas,Alfrego Ruelas,1989-07-22,search
abdulkhalikov ali,Ali Abdulkhalikov,1993-07-30,search
akbar ali golpour,Ali Akbar Golpour,2001-04-04,enumeration
ali alnaemi,Ali Alnaemi,1988-12-16,search
ali alqaisi,Ali AlQaisi,1990-09-23,search
ali bagautinov,Ali Bagautinov,1985-06-12,search
ali bagov,Ali Bagov,1990-02-12,search
ali eskiev,Ali Eskiev,1992-03-24,enumeration
ali foladi,Ali Foladi,1990-10-14,enumeration
ali hassan,Ali Hassan,1988-11-01,enumeration
ali hussein nedal,Ali Hussein Nedal,1998-08-10,enumeration
ali hussein nidal,Ali Hussein Nidal,1998-08-10,search
ali isaev,Ali Isaev,1983-12-18,search
ali isajew,Ali Isajew,1998-01-01,enumeration
ali aliev iskender,Ali Iskender Aliev,1997-12-09,enumeration
ali jafri,Ali Jafri,1993-09-07,enumeration
ali kabdulla,Ali Kabdulla,1995-07-29,search
ali maclean,Ali Maclean,1990-02-05,search
ali mashrapov,Ali Mashrapov,1996-03-01,search
ali bakhtiari mauro,Ali Mauro Bakhtiari,1993-01-15,enumeration
ali motamed,Ali Motamed,1991-01-30,search
ali omar,Ali Omar,1997-10-03,search
ali qaradaghy,Ali Qaradaghy,1991-01-26,enumeration
ali taleb,Ali Taleb,1997-09-21,search
ali yousefi,Ali Yousefi,1986-03-15,search
ali zebian,Ali Zebian,1994-02-15,search
aliaskhab khizriev,Aliaskhab Khizriev,1990-08-24,search
alibeg rasulov,Alibeg Rasulov,1992-12-01,enumeration
alibeth milliron,Alibeth Milliron,1990-06-20,search
alibi idiris,Alibi Idiris,1994-10-22,search
alice ardelean,Alice Ardelean,1992-04-19,search
alice pereira,Alice Pereira,2005-12-20,search
alice yauger,Alice Yauger,1978-10-05,search
alida gray,Alida Gray,1977-04-12,enumeration
alik lorenz,Alik Lorenz,1997-01-25,search
alikhan suleymanov,Alikhan Suleymanov,1994-06-17,search
alimjon shadmanov,Alimjon Shadmanov,1989-07-21,search
alinbek ulan,Alinbek Ulan,1994-11-23,enumeration
aline oliveira,Aline Oliveira,1999-01-22,search
aline pereira,Aline Pereira,1990-10-06,search
aline sattelmayer,Aline Sattelmayer,1990-12-17,search
aline serio,Aline Serio,1983-06-08,enumeration
alioune nahaye,Alioune Nahaye,1991-07-06,search
alireza sefidabi,Alireza Sefidabi,2000-07-24,enumeration
alisher gabdullin,Alisher Gabdullin,1996-09-15,search
alisson barbosa,Alisson Barbosa,1989-09-12,search
alisson deivid rodrigues,Alisson Deivid Rodrigues,1985-12-29,search
alisson lopes,Alisson Lopes,1997-03-30,search
alisson silva,Alisson Silva,1996-02-22,search
alistair overeem,Alistair Overeem,1980-05-17,search
aliston cordeiro,Aliston Cordeiro,1991-03-20,enumeration
alivia bierley,Alivia Bierley,1996-09-20,search
alix jeanguillaume,Alix JeanGuillaume,1987-11-17,enumeration
aljamain sterling,Aljamain Sterling,1989-07-31,search
allan begosso,Allan Begosso,1995-11-23,search
allan coelho,Allan Coelho,1988-02-09,enumeration
allan da pena silva,Allan da Silva Pena,1987-04-17,search
allan ferreira,Allan Ferreira,1995-11-23,search
allan goes,Allan Goes,1971-04-20,enumeration
allan love,Allan Love,1983-07-03,enumeration
allan costa da dantas miguel,Allan Miguel da Costa Dantas,1982-07-23,search
allan moziel,Allan Moziel,1986-12-07,search
allan munroe,Allan Munroe,1983-12-06,enumeration
allan nascimento,Allan Nascimento,1991-09-11,search
allan stgelais,Allan St-Gelais,1989-05-22,enumeration
allan wilson,Allan Wilson,1986-05-23,enumeration
allan zuniga,Allan Zuniga,1992-04-04,search
allef jordelly,Allef Jordelly,1994-07-29,enumeration
allen bose,Allen Bose,1986-08-09,search
allen crowder,Allen Crowder,1989-11-08,search
allen frye jr,Allen Frye Jr.,1998-04-15,search
allen gabriel silva,Allen Gabriel Silva,1993-05-18,search
allison schmidt,Allison Schmidt,1982-05-23,enumeration
almanbet zhanybekov,Almanbet Zhanybekov,1997-03-27,search
alonso sanchez,Alonso Sanchez,1993-09-15,search
alonso ganoza santos verona,Alonso Santos Verona Ganoza,1993-08-24,search
alonzo martinez,Alonzo Martinez,1984-04-22,search
alonzo menifield,Alonzo Menifield,1987-10-18,search
alonzo roane,Alonzo Roane,1978-11-13,enumeration
alonzo turner,Alonzo Turner,1996-08-21,search
adiatov alpamys,Alpamys Adiatov,1994-03-11,enumeration
alptekin ozkilic,Alptekin Ozkilic,1986-03-27,search
alton cunningham,Alton Cunningham,1993-06-19,search
alton meeks,Alton Meeks,1994-04-05,search
alvaro herrera,Alvaro Herrera,1990-05-14,search
alvaro monteiro tabosa,Alvaro Monteiro Tabosa,1991-10-31,enumeration
alvaro prado,Alvaro Prado,1998-02-19,search
alvaro vacacela,Alvaro Vacacela,1994-05-13,search
alvin davis,Alvin Davis,1985-10-27,enumeration
alvin hines,Alvin Hines,1991-10-20,search
alvin lowenski,Alvin Lowenski,1994-06-04,enumeration
alvin robinson,Alvin Robinson,1982-07-16,search
aly sharkawy,Aly Sharkawy,1998-05-13,enumeration
alyona rassohyna,Alyona Rassohyna,1990-06-11,enumeration
alyse anderson,Alyse Anderson,1995-01-13,search
alyssa garcia,Alyssa Garcia,1993-12-08,search
alyssa krahn,Alyssa Krahn,1987-12-29,enumeration
alyssa linduska,Alyssa Linduska,1993-01-27,enumeration
alysson paiva,Alysson Paiva,1991-10-30,enumeration
ama sow,Ama Sow,1995-01-15,enumeration
amaechi oselukwue,Amaechi Oselukwue,1985-04-24,search
amanda bell,Amanda Bell,1988-08-03,search
amanda cooper,Amanda Cooper,1991-10-22,enumeration
amanda ferreira,Amanda Ferreira,1992-09-01,enumeration
amanda jones,Amanda Jones,1983-06-13,enumeration
amanda lavoy,Amanda LaVoy,1983-04-03,enumeration
amanda lemos,Amanda Lemos,1987-05-22,search
amanda leve,Amanda Leve,1997-01-02,enumeration
amanda lino,Amanda Lino,1990-08-15,enumeration
amanda lovato,Amanda Lovato,1991-04-28,search
amanda macioce,Amanda Macioce,1992-07-05,search
amanda nunes,Amanda Nunes,1988-05-30,search
amanda ribas,Amanda Ribas,1993-08-26,search
amanda serrano,Amanda Serrano,1988-10-09,search
amanda torres,Amanda Torres,1992-09-09,search
amar suloev,Amar Suloev,1976-07-01,enumeration
amaury junior,Amaury Junior,1988-04-21,search
amazasp martirosyan,Amazasp Martirosyan,1998-09-15,enumeration
amber brown,Amber Brown,1988-12-14,search
amber leibrock,Amber Leibrock,1988-02-08,search
amer el shanshory,Amer El Shanshory,1992-11-16,search
amhad dzhanchuraev,Amhad Dzhanchuraev,1995-04-08,enumeration
alves amilcar,Amilcar Alves,1979-12-13,search
almelik amin,Amin Almelik,1995-11-16,enumeration
amin ayoub,Amin Ayoub,1995-11-08,search
amin ergashev,Amin Ergashev,1986-01-26,enumeration
aliakbari amir,Amir Aliakbari,1984-06-10,search
aliskerov amir,Amir Aliskerov,1987-09-08,enumeration
amir habibi hossein,Amir Hossein Habibi,1998-10-19,enumeration
amir ismail,Amir Ismail,1983-11-26,enumeration
amir khan,Amir Khan,1994-11-05,search
amir rahnavardi,Amir Rahnavardi,1974-07-12,enumeration
amir sadollah,Amir Sadollah,1980-08-27,enumeration
amir vakhobov,Amir Vakhobov,1998-09-06,enumeration
amiran gogoladze,Amiran Gogoladze,1997-12-09,search
amiran severni,Amiran Severni,1985-12-19,enumeration
alipour amirhossein,Amirhossein Alipour,1999-04-25,enumeration
amit kumar,Amit Kumar,1994-03-28,enumeration
amr wahman,Amr Wahman,1984-09-05,enumeration
amru magomedov,Amru Magomedov,1999-06-02,search
amun cosme,Amun Cosme,1991-09-21,search
amy coleman,Amy Coleman,1986-05-08,search
amy davis,Amy Davis,1974-12-05,enumeration
amy montenegro,Amy Montenegro,1983-11-01,search
an ho tuan,An Tuan Ho,2000-09-27,search
ana carolina da nascimento silva,Ana Carolina da Silva Nascimento,1998-05-06,search
ana julaton,Ana Julaton,1980-07-05,search
ana ferreira julia,Ana Julia Ferreira,2003-05-06,enumeration
ana maria pal,Ana Maria Pal,1993-12-16,enumeration
ana martinez,Ana Martinez,1996-08-06,search
ana palacios,Ana Palacios,1998-07-05,search
ana paula,Ana Paula,1992-12-21,enumeration
ananias mulumba,Ananias Mulumba,1998-09-18,search
anar huseyinov,Anar Huseyinov,2002-06-07,enumeration
anas azizoun,Anas Azizoun,1998-07-11,enumeration
anas mounir siraj,Anas Siraj Mounir,1986-03-01,search
anastasia bruce,Anastasia Bruce,1995-06-04,search
anastasia feofanova,Anastasia Feofanova,1989-11-06,search
anastasia gornostaeva,Anastasia Gornostaeva,1994-05-24,enumeration
anastasia nikolakakos,Anastasia Nikolakakos,1989-11-10,search
anastasia yankova,Anastasia Yankova,1991-03-01,search
anastasiya svetkivska,Anastasiya Svetkivska,1997-11-28,enumeration
anatoli ciumac,Anatoli Ciumac,1974-05-19,search
anatolie gafin,Anatolie Gafin,2003-06-21,enumeration
anatolij baal,Anatolij Baal,1992-09-15,search
anatoliy litvinov,Anatoliy Litvinov,1991-04-14,enumeration
anatoly malykhin,Anatoly Malykhin,1988-01-11,search
anatoly safronov,Anatoly Safronov,1983-10-14,search
anatoly tarasenko,Anatoly Tarasenko,1991-08-12,search
anatoly tokov,Anatoly Tokov,1990-02-17,search
anatpong bunrad,Anatpong Bunrad,1986-06-14,search
ander sanchez,Ander Sanchez,1995-05-18,search
anderson cruz,Anderson Cruz,1976-05-14,search
anderson da silva,Anderson da Silva,1978-09-28,enumeration
anderson da melo silva,Anderson Da Silva Melo,1994-01-18,enumeration
anderson da santos silva,Anderson da Silva Santos,1977-10-28,search
anderson de diniz queiroz,Anderson de Queiroz Diniz,1986-07-12,search
anderson dos santos,Anderson Dos Santos,1985-07-24,enumeration
anderson de dos santos souza,Anderson dos Santos de Souza,1987-12-16,search
anderson ferreira,Anderson Ferreira,1990-04-01,enumeration
anderson hutchinson,Anderson Hutchinson,1987-03-06,search
anderson melo,Anderson Melo,1987-09-11,enumeration
anderson dos melo santos,Anderson Melo dos Santos,1987-11-06,enumeration
anderson nascimento,Anderson Nascimento,1986-07-29,enumeration
anderson ferreira rocha,Anderson Rocha Ferreira,1997-10-10,enumeration
andi vrtacic,Andi Vrtacic,1994-11-15,search
andre azevedo,Andre Azevedo,1988-12-27,enumeration
andre belcarris,Andre Belcarris,1985-08-18,search
andre borges,Andre Borges,1991-03-31,search
andre ceara,Andre Ceara,1988-09-08,enumeration
andre colazingari,Andre Colazingari,1984-07-12,search
andre cuff,Andre Cuff,1993-07-05,search
andre ewell,Andre Ewell,1988-01-21,search
andre ferreira,Andre Ferreira,1990-01-22,enumeration
andre fialho,Andre Fialho,1994-04-07,search
andre fili,Andre Fili,1990-06-25,search
andre fischer,Andre Fischer,1991-07-30,search
andre goncalves,Andre Goncalves,1989-04-07,enumeration
andre hall,Andre Hall,1989-11-01,search
andre harrison,Andre Harrison,1988-05-16,search
andre lima,Andre Lima,1999-02-04,search
andre lobato,Andre Lobato,1984-11-27,enumeration
andre luis machado oliveira,Andre Luis Machado Oliveira,1989-07-16,enumeration
andre matos muniz,Andre Matos Muniz,1995-03-21,search
andre morera,Andre Morera,1995-08-07,enumeration
andre muniz,Andre Muniz,1990-02-17,enumeration
andre petroski,Andre Petroski,1991-06-12,search
andre reinders,Andre Reinders,1981-03-14,enumeration
andre ricardo,Andre Ricardo,1991-10-07,enumeration
andre dos goncalves ricardo santos,Andre Ricardo dos Santos Goncalves,1979-05-05,enumeration
andre soukhamthath,Andre Soukhamthath,1988-10-23,search
andre tieva,Andre Tieva,1989-12-25,enumeration
andre vieira,Andre Vieira,1989-07-17,search
andre winner,Andre Winner,1981-11-09,search
amaro andrea,Andrea Amaro,1995-02-12,search
andrea fusi,Andrea Fusi,1991-12-16,search
andrea lee,Andrea Lee,1989-02-11,search
andrea marrazzo,Andrea Marrazzo,1989-03-17,enumeration
andrea milano,Andrea Milano,1982-05-19,enumeration
andrea soraluz,Andrea Soraluz,1989-04-07,search
andrea vazquez,Andrea Vazquez,1993-12-22,search
andreas birgels,Andreas Birgels,1984-02-17,search
andreas gustafsson,Andreas Gustafsson,1991-02-20,search
andreas kraniotakes,Andreas Kraniotakes,1981-12-10,enumeration
andreas michailidis,Andreas Michailidis,1988-07-18,search
andreas spang,Andreas Spang,1978-11-07,enumeration
andreas stahl,Andreas Stahl,1988-05-20,search
andreeas binder,Andreeas Binder,1996-09-13,search
andrei arlovski,Andrei Arlovski,1979-02-04,search
andrei barbarosa,Andrei Barbarosa,1989-02-11,search
andrei caraus,Andrei Caraus,1999-05-19,search
andrei ciubotaru,Andrei Ciubotaru,1994-11-23,enumeration
andrei semenov,Andrei Semenov,1977-06-17,enumeration
andreina reis,Andreina Reis,1996-01-06,enumeration
andres cordero cordova,Andres Cordero Cordova,1991-11-19,enumeration
andres jeudi,Andres Jeudi,1983-04-12,search
andres leal,Andres Leal,1990-01-27,search
andres murray,Andres Murray,1980-05-16,search
andres ponce,Andres Ponce,1993-02-10,search
andres portocarrero,Andres Portocarrero,1989-12-17,enumeration
andres quintana,Andres Quintana,1991-07-15,search
andres velasquez,Andres Velasquez,1991-07-22,enumeration
andressa rocha,Andressa Rocha,1993-05-22,enumeration
andressa romero,Andressa Romero,1993-11-02,search
andrew chin,Andrew Chin,1992-09-22,enumeration
andrew chirico,Andrew Chirico,1990-07-21,search
andrew claborn,Andrew Claborn,1993-09-07,enumeration
andrew connors,Andrew Connors,1989-08-15,enumeration
andrew craig,Andrew Craig,1986-01-15,search
andrew cruz,Andrew Cruz,1990-11-26,search
andrew cseh,Andrew Cseh,1991-04-08,search
andrew curran,Andrew Curran,1987-06-11,enumeration
andrew davis,Andrew Davis,1988-08-07,enumeration
andrew fisher,Andrew Fisher,1985-05-15,search
andrew flores smith,Andrew Flores Smith,1984-08-03,search
andrew holbrook,Andrew Holbrook,1986-02-06,search
andrew johnson,Andrew Johnson,1994-10-05,enumeration
andrew kapel,Andrew Kapel,1985-08-04,search
andrew kimzey,Andrew Kimzey,1988-07-30,search
andrew lagdaan,Andrew Lagdaan,1985-05-05,search
andrew mcinnes,Andrew McInnes,1985-04-09,enumeration
andrew moreno,Andrew Moreno,1988-07-26,search
andrew perez,Andrew Perez,1988-08-08,search
andrew potter,Andrew Potter,1992-07-08,enumeration
andrew provost,Andrew Provost,1987-10-12,enumeration
andrew salas,Andrew Salas,1987-08-09,search
andrew sanchez,Andrew Sanchez,1988-04-08,search
andrew siegismund,Andrew Siegismund,1989-08-15,search
andrew sosa,Andrew Sosa,1990-12-02,search
andrew van zyl,Andrew van Zyl,1982-01-11,search
andrew ventimiglia,Andrew Ventimiglia,1989-05-26,enumeration
andrew whitney,Andrew Whitney,1984-06-10,search
andrew yates,Andrew Yates,1989-03-21,search
andrews nakahara,Andrews Nakahara,1983-03-12,enumeration
andrey augusto,Andrey Augusto,1992-07-10,search
andrey kazadaev,Andrey Kazadaev,1991-01-18,enumeration
andrey khokhlov,Andrey Khokhlov,1997-12-05,enumeration
andrey koreshkov,Andrey Koreshkov,1990-08-23,search
andrey krasnikov,Andrey Krasnikov,1988-07-25,enumeration
andrey odintsov,Andrey Odintsov,1993-01-21,enumeration
andrey pulyaev,Andrey Pulyaev,1997-09-10,search
andrey sapa,Andrey Sapa,1993-03-12,enumeration
andrey seledtsov,Andrey Seledtsov,1987-09-17,search
andrey stolnik,Andrey Stolnik,1991-02-14,enumeration
andrey teixeira,Andrey Teixeira,2000-10-12,enumeration
andrey zubenko,Andrey Zubenko,1989-03-23,enumeration
andreyna raquel,Andreyna Raquel,2001-04-07,enumeration
andreyna rocha,Andreyna Rocha,2001-04-07,enumeration
andria wawro,Andria Wawro,1978-02-25,enumeration
andriy vyguliarnyi,Andriy Vyguliarnyi,1987-08-30,enumeration
andrzej grzebyk,Andrzej Grzebyk,1990-11-25,search
andy devent,Andy DeVent,1978-03-28,enumeration
andy enz,Andy Enz,1991-08-15,enumeration
andy main,Andy Main,1989-03-24,search
andy manzolo,Andy Manzolo,1984-08-09,enumeration
andy miranda,Andy Miranda,1975-01-07,enumeration
andy nguyen,Andy Nguyen,1982-04-22,search
andy ogle,Andy Ogle,1989-02-16,search
andy perez,Andy Perez,1988-08-08,enumeration
andy riley,Andy Riley,1981-09-07,search
andy souwer,Andy Souwer,1982-11-09,search
anelya toktogonova,Anelya Toktogonova,2005-08-01,search
angad bisht,Angad Bisht,1995-06-05,search
ange loosa,Ange Loosa,1993-03-18,search
alvarez angel,Angel Alvarez,1995-01-20,enumeration
angel corchado,Angel Corchado,1986-11-22,enumeration
anda angel de,Angel De Anda,1985-05-28,enumeration
angel diaz,Angel Diaz,1985-07-10,enumeration
angel cruz luis,Angel Luis Cruz,1987-10-06,enumeration
angel mercado,Angel Mercado,1992-02-23,search
angel pacheco,Angel Pacheco,1992-01-13,search
angel ramirez,Angel Ramirez,1991-06-11,enumeration
angel rodriguez,Ángel Rodríguez,1986-08-14,enumeration
angel socorro,Angel Socorro,1997-12-23,enumeration
angela danzig,Angela Danzig,1978-06-08,search
angela hayes,Angela Hayes,1973-10-14,enumeration
angela hill,Angela Hill,1985-01-12,search
angela lee,Angela Lee,1996-07-08,search
angela magana,Angela Magana,1983-08-02,search
angela dos rosa santos,Angela Rosa Dos Santos,1997-06-06,enumeration
angelica chavez,Angelica Chavez,1987-07-20,enumeration
angelie sabanal,Angelie Sabanal,1989-11-10,enumeration
angelo lomboni,Angelo Lomboni,1994-06-12,search
angelo jr rivera,Angelo Rivera Jr.,1993-01-20,search
angelo rubino,Angelo Rubino,1988-04-21,search
angelo trevino,Angelo Trevino,1993-06-10,search
angelo trujillo,Angelo Trujillo,1997-10-15,search
angga,Angga,1989-01-13,enumeration
anildo dias jr,Anildo Dias Jr.,1987-09-19,enumeration
anistavio medeiros,Anistavio Medeiros,1988-05-01,enumeration
anita bekus,Anita Bekus,1990-08-04,search
anita karim,Anita Karim,1996-10-02,enumeration
ann osman,Ann Osman,1986-08-19,enumeration
anna astvik,Anna Astvik,1990-11-10,enumeration
anna bidenko,Anna Bidenko,2000-10-02,enumeration
anna elmose,Anna Elmose,1984-10-06,search
anna melisano,Anna Melisano,1997-05-20,search
annaisabella hubsch,Anna-Isabella Hubsch,1994-05-09,enumeration
annalisa bucci,Annalisa Bucci,1983-01-29,enumeration
anne karoline,Anne Karoline,1992-07-19,enumeration
anne karoline nascimento,Anne Karoline Nascimento,1992-07-19,search
annely garcia jimenez,Annely Jimenez Garcia,1986-03-26,enumeration
annet kiiza,Annet Kiiza,2001-01-14,enumeration
anselmo luna,Anselmo Luna,1985-05-03,enumeration
anshul jubli,Anshul Jubli,1995-01-13,search
ante delija,Ante Delija,1990-08-07,search
antero dos santos,Antero dos Santos,1997-11-23,enumeration
adams anthony,Anthony Adams,1988-01-13,search
anthony avila,Anthony Avila,1988-12-29,search
anthony baccam,Anthony Baccam,1989-01-31,search
anthony benevides,Anthony Benevides,1995-07-06,enumeration
anthony birchak,Anthony Birchak,1986-05-16,search
anthony castrejon,Anthony Castrejon,1991-03-12,search
anthony christodoulou,Anthony Christodoulou,1987-07-30,enumeration
anthony coleman,Anthony Coleman,1990-11-27,search
anthony curtiss,Anthony Curtiss,1984-04-18,search
anthony dilemme,Anthony Dilemme,1996-06-06,search
anthony dizy,Anthony Dizy,1988-07-12,search
anthony do,Anthony Do,1993-04-11,search
anthony drilich,Anthony Drilich,1994-03-17,search
anthony engelen,Anthony Engelen,1985-06-23,search
anthony garrett,Anthony Garrett,1989-11-10,search
anthony goldfield,Anthony Goldfield,1991-05-12,enumeration
anthony guarascio,Anthony Guarascio,1994-02-26,search
anthony gutierrez,Anthony Gutierrez,1990-09-29,search
anthony hamilton,Anthony Hamilton,1980-04-14,search
anthony ivy,Anthony Ivy,1990-01-23,search
anthony jimenez,Anthony Jimenez,1990-01-19,search
anthony johnson,Anthony Johnson,1984-03-06,search
anthony kellen,Anthony Kellen,1991-01-21,search
anthony lapsley,Anthony Lapsley,1980-02-13,search
anthony leone,Anthony Leone,1987-05-27,search
anthony livingston,Anthony Livingston,1985-04-27,search
anthony mcdavitt,Anthony McDavitt,1977-01-01,search
anthony morrison,Anthony Morrison,1984-03-29,search
anthony muller,Anthony Muller,1990-11-29,enumeration
anthony netzler,Anthony Netzler,1967-12-26,enumeration
anthony newton,Anthony Newton,1995-02-14,enumeration
anthony njokuani,Anthony Njokuani,1980-03-01,search
anthony perosh,Anthony Perosh,1972-05-10,search
anthony pettis,Anthony Pettis,1987-01-27,search
anthony retic,Anthony Retic,1988-04-30,search
anthony martin rocco,Anthony Rocco Martin,1989-12-11,search
anthony romero,Anthony Romero,1997-02-25,search
anthony rondeau,Anthony Rondeau,1987-06-12,enumeration
anthony rozema,Anthony Rozema,1989-08-08,search
anthony ruiz,Anthony Ruiz,1977-11-03,search
anthony salamone,Anthony Salamone,1995-07-10,enumeration
anthony segoviano,Anthony Segoviano,1989-05-17,enumeration
anthony sessions,Anthony Sessions,1986-08-13,search
anthony smith,Anthony Smith,1988-07-26,enumeration
anthony tatum,Anthony Tatum,1988-10-05,enumeration
anthony torres,Anthony Torres,1978-07-31,enumeration
anthony valenzuela,Anthony Valenzuela,1993-01-26,search
anthony vasta,Anthony Vasta,1999-05-25,search
anthony wilson,Anthony Wilson,1991-12-10,search
anthony wint,Anthony Wint,1995-09-14,search
anthony zeidan,Anthony Zeidan,1987-06-12,search
anthony zender,Anthony Zender,1985-03-19,search
antoine hidrio,Antoine Hidrio,1990-12-13,search
anton berzin,Anton Berzin,1989-09-29,search
anton chaban,Anton Chaban,1995-08-06,enumeration
anton kuivanen,Anton Kuivanen,1984-05-01,search
anton kulakov,Anton Kulakov,2000-09-07,enumeration
anton radko,Anton Radko,1990-03-31,search
anton radman,Anton Radman,1990-03-04,enumeration
anton telepnev,Anton Telepnev,1988-06-26,enumeration
anton turkalj,Anton Turkalj,1996-06-10,search
anton vasiliev,Anton Vasiliev,1988-08-08,search
anton vinnikov,Anton Vinnikov,1994-03-14,enumeration
anton zafir,Anton Zafir,1987-05-10,search
antoni hardonk,Antoni Hardonk,1976-05-02,enumeration
antonia prifti,Antonia Prifti,2001-08-10,enumeration
antonia da silva silvaneide,Antonia Silvaneide da Silva,1992-10-27,enumeration
antonina shevchenko,Antonina Shevchenko,1984-11-20,search
antonio arroyo,Antonio Arroyo,1989-07-01,search
antonio banuelos,Antonio Banuelos,1979-09-23,search
antonio barajas,Antonio Barajas,1991-02-19,search
antonio bezerra,Antonio Bezerra,1988-04-20,enumeration
antonio braga neto,Antonio Braga Neto,1987-10-29,search
antonio bushev,Antonio Bushev,1998-01-25,search
antonio carlos,Antônio Carlos,1979-12-24,enumeration
antonio carlos jr,Antonio Carlos Jr.,1990-03-16,search
antonio carrillo,Antonio Carrillo,1985-05-16,enumeration
antonio caruso,Antonio Caruso,1990-12-24,search
antonio carvalho,Antonio Carvalho,1979-05-30,search
antonio castillo jr,Antonio Castillo Jr.,1987-02-27,search
antonio chirlano,Antonio Chirlano,1996-04-10,enumeration
antonio da silva,Antonio da Silva,1984-11-07,enumeration
antonio da silva tavares,Antonio Da Silva Tavares,1993-09-24,enumeration
antonio dos santos,Antonio Dos Santos,1988-07-21,search
antonio figueiredo,Antonio Figueiredo,1999-07-25,search
antonio galvao,Antonio Galvao,1986-06-05,enumeration
antonio gordillo,Antonio Gordillo,1993-03-09,search
antonio grant,Antonio Grant,1980-12-26,enumeration
antonio hernandez,Antonio Hernandez,1993-06-09,search
antonio jones,Antonio Jones,1985-04-12,search
antonio colaco marcos,Antonio Marcos Colaco,1984-11-20,enumeration
antonio mckee,Antonio McKee,1970-03-12,search
antonio mendes,Antonio Mendes,1981-04-19,search
antonio monteiro,Antonio Monteiro,1995-07-02,search
antonio pompeu vitor,Antonio Pompeu Vitor,1990-07-02,enumeration
antonio roberto,Antonio Roberto,1986-05-29,enumeration
antonio nogueira rodrigo,Antonio Rodrigo Nogueira,1976-06-02,search
antonio rodrigues,Antonio Rodrigues,1989-12-07,enumeration
antonio rodriguez,Antonio Rodriguez,1996-02-11,search
antonio sanchez,Antonio Sanchez,1993-08-15,enumeration
antonio da santos silva,Antonio Santos da Silva,1993-07-04,enumeration
antonio de miranda santos,Antonio Santos de Miranda,1993-04-26,enumeration
antonio silva,Antonio Silva,1979-09-14,enumeration
antonio trocoli,Antonio Trocoli,1990-12-06,search
antonio zovak,Antonio Zovak,1995-01-18,search
antony rea,Antony Rea,1976-07-15,search
antowuan moseley,Antowuan Moseley,1983-12-07,search
antun racic,Antun Racic,1990-09-05,search
antwain britt,Antwain Britt,1987-05-09,enumeration
aburto anuar,Anuar Aburto,1997-12-28,enumeration
alizhanov anvar,Anvar Alizhanov,1989-02-04,enumeration
anvar boynazarov,Anvar Boynazarov,1989-01-10,search
anvarbek daniyalbekov,Anvarbek Daniyalbekov,1995-05-27,search
anyela perez,Anyela Perez,1993-12-29,enumeration
anying wang,Anying Wang,1991-04-04,enumeration
anzor azhiev,Anzor Azhiev,1990-09-20,enumeration
aori gele,Aori Gele,1995-05-06,enumeration
aoriqileng,Aoriqileng,1993-06-25,enumeration
apollo gomes,Apollo Gomes,2000-07-10,search
apostolos geropoulos,Apostolos Geropoulos,1991-08-08,search
aratz garmendia,Aratz Garmendia,1982-07-25,search
arben escayo,Arben Escayo,1987-06-19,search
arber murati,Arber Murati,1991-01-31,search
agujev arbi,Arbi Agujev,1987-12-07,search
arbi dzhambulatov,Arbi Dzhambulatov,2001-09-21,enumeration
arbi mezhidov,Arbi Mezhidov,1992-04-17,search
archie colgan,Archie Colgan,1995-07-22,search
archie lowe,Archie Lowe,1988-12-05,search
adas arda,Arda Adas,1992-04-22,search
ardany mora,Ardany Mora,1989-06-06,enumeration
ardarsher murodaliev,Ardarsher Murodaliev,1995-09-05,enumeration
akopyan aren,Aren Akopyan,1993-09-18,search
aren asatryan,Aren Asatryan,2000-05-13,enumeration
argen maratbek,Argen Maratbek,1996-03-01,enumeration
argen maratbek uulu,Argen Maratbek Uulu,1996-03-01,search
arian sharifi,Arian Sharifi,1987-07-18,enumeration
ariana melendez,Ariana Melendez,1995-12-20,search
ariane carnelossi,Ariane Carnelossi,1992-11-17,search
ariane da lipski silva,Ariane Lipski da Silva,1994-01-26,search
aric mercado,Aric Mercado,1993-09-06,search
arce ariel,Ariel Arce,1983-09-26,search
ariel beck,Ariel Beck,1990-09-16,enumeration
ariel oliveros,Ariel Oliveros,1993-04-14,search
ariel sepulveda,Ariel Sepulveda,1983-09-14,search
ariel sexton,Ariel Sexton,1982-01-17,enumeration
ariele ribeiro,Ariele Ribeiro,1994-06-20,enumeration
arielle souza,Arielle Souza,1993-10-05,search
arisa matsuda,Arisa Matsuda,1994-12-15,search
ariston franca,Ariston Franca,1992-03-25,search
arivaldo da lima silva,Arivaldo Lima da Silva,1981-12-30,search
arjan bhullar,Arjan Bhullar,1986-05-13,enumeration
arkadiusz jedraczka,Arkadiusz Jedraczka,1984-10-30,search
arkadiusz wrzosek,Arkadiusz Wrzosek,1992-06-03,search
arkaitz gudari ramos,Arkaitz Ramos Gudari,1988-10-30,enumeration
arkhat mynbaev,Arkhat Mynbaev,1993-07-10,enumeration
arlan faurillo,Arlan Faurillo,1989-04-20,search
arlen ribeiro,Arlen Ribeiro,1991-03-18,enumeration
arlene blencowe,Arlene Blencowe,1983-04-11,search
arley figueiredo,Arley Figueiredo,1988-03-27,enumeration
arlind berisha,Arlind Berisha,2000-11-05,enumeration
arlindo lima,Arlindo Lima,1988-05-23,enumeration
arman ospanov,Arman Ospanov,1989-12-07,search
arman tsarukyan,Arman Tsarukyan,1996-10-11,search
aguilar armando,Armando Aguilar,1993-10-28,enumeration
armando best,Armando Best,1991-04-06,search
armando crescenzo de,Armando de Crescenzo,1997-06-25,enumeration
armando gjetja,Armando Gjetja,1993-02-24,search
armando herrera,Armando Herrera,1982-03-08,enumeration
armando servin,Armando Servin,1978-09-11,search
armando villarreal,Armando Villarreal,1989-08-08,search
armands tilens,Armands Tilens,1991-05-04,enumeration
armen petrosyan,Armen Petrosyan,1990-11-03,search
armen stepanyan,Armen Stepanyan,1995-11-17,enumeration
armus guyton,Armus Guyton,1995-12-24,search
arnas sakocius,Arnas Sakocius,1993-05-23,enumeration
arnaud lepont,Arnaud Lepont,1980-05-13,enumeration
allen arnold,Arnold Allen,1994-01-22,search
arnold berdon,Arnold Berdon,1991-02-26,search
arnold jimenez,Arnold Jimenez,1994-04-28,search
arnoldo castillo,Arnoldo Castillo,1998-05-28,enumeration
arouna kanoute,Arouna Kanoute,1991-08-29,enumeration
arsen balyants,Arsen Balyants,1992-08-18,search
arsen batyrov,Arsen Batyrov,1989-08-06,search
arsen faitovich,Arsen Faitovich,1993-09-20,enumeration
arsen omarov,Arsen Omarov,1994-10-17,enumeration
arsen taigibov,Arsen Taigibov,1994-01-10,search
arseniy fomenkov,Arseniy Fomenkov,1993-12-31,enumeration
arseniy smirnov,Arseniy Smirnov,1991-02-16,search
arshiyan memon,Arshiyan Memon,1995-05-09,enumeration
arslan bilalov,Arslan Bilalov,1992-08-05,search
arslan eslemesov,Arslan Eslemesov,1991-08-15,search
arslan nurulaev,Arslan Nurulaev,1995-02-05,search
arciniega art,Art Arciniega,1981-10-15,search
art hernandez,Art Hernandez,1984-10-01,search
artak nazaryan,Artak Nazaryan,1988-01-04,search
artak petrosyan,Artak Petrosyan,1992-02-19,search
artem belakh,Artem Belakh,1996-01-18,search
artem buloychik,Artem Buloychik,1994-01-10,search
artem frolov,Artem Frolov,1991-09-07,search
artem gruzdov,Artem Gruzdov,1998-06-06,enumeration
artem kazbanov,Artem Kazbanov,1989-07-04,enumeration
artem lobov,Artem Lobov,1986-08-11,search
artem reznikov,Artem Reznikov,1992-01-11,search
artem shokalo,Artem Shokalo,1994-07-01,search
artem vakhitov,Artem Vakhitov,1991-04-04,search
artemji sitenkov,Artemji Sitenkov,1983-04-22,enumeration
arthur aslanyan,Arthur Aslanyan,1992-01-17,enumeration
arthur barros de rocha vieira,Arthur de Barros Vieira Rocha,1998-02-11,search
arthur dufloo,Arthur Dufloo,1993-01-07,enumeration
arthur estrazulas,Arthur Estrazulas,1989-06-23,search
arthur grass,Arthur Grass,1993-10-07,search
arthur karavaev,Arthur Karavaev,1991-12-01,search
arthur kascheev,Arthur Kascheev,1989-05-01,search
arthur lima,Arthur Lima,1996-01-12,search
arthur lopes,Arthur Lopes,1993-02-17,search
arthur oliveira,Arthur Oliveira,1990-12-02,search
arthur walcottceesay,Arthur Walcott-Ceesay,1989-09-10,enumeration
artiom cula,Artiom Cula,1991-07-05,search
artiom damkovsky,Artiom Damkovsky,1983-09-01,enumeration
artiom kula,Artiom Kula,1991-04-05,enumeration
artsem rahalevich,Artsem Rahalevich,1997-06-28,enumeration
aliev artur,Artur Aliev,1992-03-07,search
artur astakhov,Artur Astakhov,1988-01-07,search
artur bagautinov,Artur Bagautinov,1987-11-27,search
artur galiullin,Artur Galiullin,1996-03-11,enumeration
artur guseinov,Artur Guseinov,1984-05-14,search
artur isaev,Artur Isaev,1997-07-05,enumeration
artur jevsejcik,Artur Jevsejcik,1987-06-23,search
artur leandro,Artur Leandro,1990-11-30,search
artur minev,Artur Minev,2003-09-27,search
artur oumakhanov,Artur Oumakhanov,1979-02-27,enumeration
artur pawlik,Artur Pawlik,1998-08-04,enumeration
artur pronin,Artur Pronin,1988-05-21,search
artur sowinski,Artur Sowinski,1987-03-26,search
artur szczepaniak,Artur Szczepaniak,1996-11-14,search
artur szpilka,Artur Szpilka,1989-04-12,enumeration
arturo espinoza,Arturo Espinoza,1976-05-07,search
arturo guzman,Arturo Guzman,1988-10-13,search
artush grigoryan,Artush Grigoryan,1988-08-15,enumeration
andriuskevicus arunas,Arunas Andriuskevicus,1985-08-19,search
arut pogosjan,Arut Pogosjan,1988-04-01,search
ary farias,Ary Farias,1989-10-22,search
ary santos,Ary Santos,1986-06-05,enumeration
aryion young,Aryion Young,1997-05-22,search
arymarcel santos,Arymarcel Santos,1984-03-18,enumeration
asadbek ermatov,Asadbek Ermatov,2002-07-22,enumeration
adjoudj asael,Asael Adjoudj,1999-01-16,search
asami nakai,Asami Nakai,1994-10-27,search
ash majek,Ash Majek,1989-07-01,enumeration
ash mashreghi,Ash Mashreghi,1987-10-01,search
asha roka,Asha Roka,1998-10-04,enumeration
ashe bowman,Ashe Bowman,1976-11-17,enumeration
ajim ashiek,Ashiek Ajim,1994-06-19,search
ashkan mokhtarian,Ashkan Mokhtarian,1985-09-15,search
ashkan morvari,Ashkan Morvari,1978-03-03,search
ashlee evanssmith,Ashlee Evans-Smith,1987-07-09,enumeration
ashleigh curry,Ashleigh Curry,1985-09-17,enumeration
ashleigh grimshaw,Ashleigh Grimshaw,1982-01-28,search
ashley cummins,Ashley Cummins,1987-08-02,search
ashley deen,Ashley Deen,1989-07-18,search
ashley medina,Ashley Medina,1996-03-30,enumeration
ashley nichols,Ashley Nichols,1986-08-19,search
ashley reece,Ashley Reece,1988-09-08,search
ashley rosi,Ashley Rosi,1996-02-21,enumeration
ashley thiner,Ashley Thiner,1993-11-12,search
ashley yoder,Ashley Yoder,1987-10-20,search
ashraf bashandy,Ashraf Bashandy,1984-01-08,enumeration
ashton caniglia,Ashton Caniglia,1992-02-27,search
ashton kirby,Ashton Kirby,2000-09-03,search
asilder badouiev,Asilder Badouiev,1993-09-11,search
asim zaidi,Asim Zaidi,1989-11-04,enumeration
askar askar,Askar Askar,1994-08-19,enumeration
askar askarov,Askar Askarov,1992-10-09,search
askar mozharov,Askar Mozharov,1994-10-26,search
asker baragunov,Asker Baragunov,1990-12-02,search
arsamikov aslambek,Aslambek Arsamikov,1987-11-13,search
aslambek saidov,Aslambek Saidov,1984-04-25,search
aslan gunoyev,Aslan Gunoyev,1992-03-26,search
aslan toktarbaev,Aslan Toktarbaev,1983-12-09,search
aslan utegaliev,Aslan Utegaliev,1997-01-09,search
asliddin eshankulov,Asliddin Eshankulov,1997-12-27,enumeration
aspen ladd,Aspen Ladd,1995-03-01,search
assis sousa,Assis Sousa,1988-02-09,enumeration
assuerio silva,Assuerio Silva,1974-06-18,enumeration
almabayev asu,Asu Almabayev,1994-01-25,search
asuka mikami,Asuka Mikami,1985-04-04,enumeration
asuka tsubaki,Asuka Tsubaki,1995-11-11,search
akhmatov asvad,Asvad Akhmatov,1999-03-07,search
atanas djambazov,Atanas Djambazov,1969-12-31,search
ateba gautier,Ateba Gautier,2002-04-10,search
ateet gupta kelvin,Ateet Kelvin Gupta,1991-12-08,enumeration
athanasios herkeletzis,Athanasios Herkeletzis,1978-11-06,search
atila oliveira pininga,Atila Oliveira Pininga,1984-02-14,enumeration
atsushi fujino,Atsushi Fujino,1989-11-03,search
atsushi makigaya,Atsushi Makigaya,1979-10-04,search
atsushi takeuchi,Atsushi Takeuchi,1973-03-16,search
atsushi tamura,Atsushi Tamura,1993-11-22,enumeration
atsushi ueda,Atsushi Ueda,1982-11-18,search
atsushi yamamoto,Atsushi Yamamoto,1980-10-02,search
attila korkmaz,Attila Korkmaz,1991-07-23,search
attila vegh,Attila Vegh,1985-08-09,search
aubrey collier,Aubrey Collier,1982-10-06,enumeration
audrey kerouche,Audrey Kerouche,1988-07-02,search
augusto mendes,Augusto Mendes,1983-03-03,search
augusto montano,Augusto Montano,1984-10-25,enumeration
augusto sakai,Augusto Sakai,1991-05-09,search
augustus dangelo,Augustus D'Angelo,1993-11-04,enumeration
aung la n sang,Aung La N Sang,1985-05-21,enumeration
aurel pirtea,Aurel Pirtea,1988-08-01,search
aurtan daley,Aurtan Daley,1985-04-19,enumeration
austen heidlage,Austen Heidlage,1989-11-12,enumeration
austen lane,Austen Lane,1987-11-09,search
arnett austin,Austin Arnett,1991-10-22,search
austin bashi,Austin Bashi,2001-09-29,search
austin carter,Austin Carter,1991-05-15,enumeration
austin clayton,Austin Clayton,1998-10-24,search
austin clem,Austin Clem,1992-12-05,search
austin coleman,Austin Coleman,1997-05-08,search
austin green,Austin Green,1993-08-23,search
austin hubbard,Austin Hubbard,1991-12-22,search
austin jones,Austin Jones,1989-08-18,search
austin levine,Austin Levine,1994-02-07,enumeration
austin lingo,Austin Lingo,1994-07-10,search
austin miller,Austin Miller,1990-01-15,search
austin peterson,Austin Peterson,1987-05-21,search
austin robinson,Austin Robinson,1998-02-07,search
austin russell,Austin Russell,1995-06-19,search
austin ryan,Austin Ryan,1991-04-01,search
austin springer,Austin Springer,1987-05-12,search
austin trotman,Austin Trotman,1990-11-25,search
austin tweedy,Austin Tweedy,1990-09-25,search
austin vanderford,Austin Vanderford,1990-03-21,search
austin wilson,Austin Wilson,1998-03-13,enumeration
auttumn norton,Auttumn Norton,1994-02-08,search
ava knight,Ava Knight,1988-08-15,enumeration
avery mcphatter,Avery McPhatter,1989-02-07,search
aviv gozali,Aviv Gozali,2000-11-29,search
avliyohon hamidov,Avliyohon Hamidov,1991-04-01,search
awa sow,Awa Sow,1995-01-15,enumeration
axel sola,Axel Sola,1997-09-17,search
aya murakami,Aya Murakami,1992-03-17,search
aya saber saeid,Aya Saeid Saber,1991-03-20,enumeration
ayadi majdeddine,Ayadi Majdeddine,1991-01-22,enumeration
ayaka hamasaki,Ayaka Hamasaki,1982-03-31,search
ayaka miura,Ayaka Miura,1990-09-17,search
ayaka watanabe,Ayaka Watanabe,1997-06-14,search
ayan tursyn,Ayan Tursyn,1994-08-23,search
aydin kodekov,Aydin Kodekov,1994-04-04,search
aydos ismailov,Aydos Ismailov,1998-10-12,enumeration
ayinda octave,Ayinda Octave,1997-05-15,search
aylla caroline da lima silva,Aylla Caroline Lima da Silva,1993-10-25,enumeration
aymard guih,Aymard Guih,1988-04-29,search
ayodele esther,Ayodele Esther,1988-04-15,enumeration
ayoub grimes,Ayoub Grimes,2005-10-26,enumeration
ayoub nacer,Ayoub Nacer,2000-06-05,search
ayton de paepe,Ayton De Paepe,1994-05-28,search
ayub gaziev,Ayub Gaziev,1990-06-22,search
ayub tashkilot,Ayub Tashkilot,1985-12-31,search
ariungerel ayuush,Ayuush Ariungerel,1992-10-29,enumeration
azam gaforov,Azam Gaforov,1993-08-10,search
azamat bekoev,Azamat Bekoev,1995-12-30,search
azamat gashimov,Azamat Gashimov,1990-04-07,search
azamat murzakanov,Azamat Murzakanov,1989-04-12,search
azamat mustafaev,Azamat Mustafaev,1992-05-21,search
azamat nuftillaev,Azamat Nuftillaev,1994-01-01,search
azat maksum,Azat Maksum,1995-02-02,search
amuev aziz,Aziz Amuev,1983-06-13,enumeration
aziz calim,Aziz Calim,1997-10-10,enumeration
aziz karaoglu,Aziz Karaoglu,1977-05-14,search
aziz khaydarov,Aziz Khaydarov,1993-09-25,search
azjavkhlan baatar,Azjavkhlan Baatar,1992-07-31,enumeration
anyanwu azunna,Azunna Anyanwu,1981-08-05,search
bj ferguson,B.J. Ferguson,1981-05-28,enumeration
bj lacy,B.J. Lacy,1979-12-28,search
bj penn,B.J. Penn,1978-12-13,search
bj young,B.J. Young,1992-07-02,search
baasankhuu damnlanpurev,Baasankhuu Damnlanpurev,1984-09-13,search
asjabharan baataryn,Baataryn Asjabharan,1992-07-31,enumeration
baba boundjou nadjombe,Baba Boundjou Nadjombe,1991-05-05,enumeration
badmatsyren dorzhiev,Badmatsyren Dorzhiev,1994-03-18,search
badou zaky,Badou Zaky,1991-10-21,enumeration
bae kwon yong,Bae Yong Kwon,1981-03-17,enumeration
baergeng jieleyisi,Baergeng Jieleyisi,1995-11-24,enumeration
agaev baga,Baga Agaev,1985-03-19,enumeration
abasov bagautdin,Bagautdin Abasov,1982-07-11,enumeration
bagdos olzhabay,Bagdos Olzhabay,1996-08-12,search
bahatebole batebolati,Bahatebole Batebolati,1997-09-12,search
bailey gilbert,Bailey Gilbert,1999-12-03,search
bailey schoenfelder,Bailey Schoenfelder,1997-09-22,search
baisangur susurkaev,Baisangur Susurkaev,2001-01-08,search
babakulov baish,Baish Babakulov,1996-05-16,enumeration
baissangour chamsoudinov,Baissangour Chamsoudinov,2001-08-16,search
bakhodir shoabdukadirov,Bakhodir Shoabdukadirov,1992-08-17,enumeration
bakhram shakirbaev,Bakhram Shakirbaev,1999-08-17,enumeration
bakhromjon mashrapov,Bakhromjon Mashrapov,2000-06-27,enumeration
abbasov bakhtiyar,Bakhtiyar Abbasov,1985-11-30,enumeration
abdulaev bakhtiyar,Bakhtiyar Abdulaev,1987-08-30,enumeration
arzimanov bakhtiyar,Bakhtiyar Arzimanov,1984-10-26,enumeration
bakhtovar yunusov,Bakhtovar Yunusov,1998-10-26,search
balajin,Balajin,1992-03-31,enumeration
asler bangna,Bang'na Asler,1993-10-31,enumeration
banzaragch enkhjargal,Banzaragch Enkhjargal,1996-09-12,search
baraq hunter,Baraq Hunter,1988-09-24,enumeration
barb honchak,Barb Honchak,1979-08-30,search
acioly barbara,Barbara Acioly,1993-03-18,search
barbara nalepka,Barbara Nalepka,1993-05-29,enumeration
baron muller,Baron Muller,1990-11-30,search
bart palaszewski,Bart Palaszewski,1983-05-30,search
bartlomiej gladkowicz,Bartlomiej Gladkowicz,1996-06-19,search
bartlomiej kopera,Bartlomiej Kopera,1992-10-12,search
bartosz chyrek,Bartosz Chyrek,1983-05-15,enumeration
bartosz fabinski,Bartosz Fabinski,1986-04-26,search
bartosz lesko,Bartosz Lesko,1996-04-28,search
bartosz szewczyk,Bartosz Szewczyk,1997-09-18,search
basel shalaan,Basel Shalaan,2002-08-04,enumeration
bashir gagiev,Bashir Gagiev,1984-02-25,enumeration
amadov bashlam,Bashlam Amadov,1997-07-24,enumeration
basir saraliev,Basir Saraliev,1999-11-18,search
bassil hafez,Bassil Hafez,1992-01-31,search
bastiaan rejen,Bastiaan Rejen,1976-01-17,enumeration
batgerel danaa,Batgerel Danaa,1989-07-04,search
batjargal munkherdene,Batjargal Munkh-Erdene,1999-03-21,enumeration
batradz gazzaev,Batradz Gazzaev,1991-11-13,enumeration
batsumberel dagvadorj,Batsumberel Dagvadorj,1987-04-07,search
batsuren davaajamts,Batsuren Davaajamts,1987-09-21,search
bayanduuren gantumur,Bayanduuren Gantumur,1996-08-24,search
bayden mandich,Bayden Mandich,1991-09-29,enumeration
baysangur makaev,Baysangur Makaev,2000-04-11,search
baysangur vakhitov,Baysangur Vakhitov,1991-08-12,search
bayzet khatkhokhu,Bayzet Khatkhokhu,1991-01-19,search
baz mohammad mubariz,Baz Mohammad Mubariz,1990-01-01,enumeration
bea malecki,Bea Malecki,1991-08-23,enumeration
barros beatriz,Beatriz Barros,2000-05-13,enumeration
beatriz consuli,Beatriz Consuli,2000-04-25,enumeration
beatriz ferreira,Beatriz Ferreira,1997-01-27,search
beatriz gomes,Beatriz Gomes,2000-10-23,enumeration
baker beau,Beau Baker,1979-05-23,search
beau rawiri,Beau Rawiri,1983-06-02,search
beau samaniego,Beau Samaniego,1995-11-11,search
bec rawlings,Bec Rawlings,1989-02-11,enumeration
akbalaeva begayym,Begayym Akbalaeva,1994-12-12,enumeration
ariya behrozz,Behrozz Ariya,1998-09-25,enumeration
beibit nazarov,Beibit Nazarov,1987-09-02,search
abdylda bekbolot uulu,Bekbolot Abdylda Uulu,1994-09-04,enumeration
bekbulat magomedov,Bekbulat Magomedov,1990-11-05,search
bekhruz zugurov,Bekhruz Zugurov,1993-01-17,search
bekhzod tashbekov,Bekhzod Tashbekov,1991-12-27,enumeration
bekhzod usmonov,Bekhzod Usmonov,1995-08-10,search
bekmerey marks,Bekmerey Marks,2000-12-19,enumeration
bekmyrza dosmatov,Bekmyrza Dosmatov,1998-08-07,search
bektursun kaipnazar uulu,Bektursun Kaipnazar uulu,1994-11-05,enumeration
almakhan bekzat,Bekzat Almakhan,1997-10-08,search
bekzat isakov,Bekzat Isakov,1999-10-26,search
abdurakhmonov bekzod,Bekzod Abdurakhmonov,1990-03-15,search
belal muhammad,Belal Muhammad,1988-07-09,search
bella mir,Bella Mir,2003-01-01,enumeration
alloway ben,Ben Alloway,1981-02-19,search
askren ben,Ben Askren,1984-07-18,search
ben blouin,Ben Blouin,1999-03-05,enumeration
ben boekee,Ben Boekee,1987-05-29,enumeration
ben coyle,Ben Coyle,1996-06-27,search
ben deleon,Ben DeLeon,1987-01-28,search
ben edwards,Ben Edwards,1984-02-17,search
ben egli,Ben Egli,1988-03-08,search
ben ellis,Ben Ellis,1992-04-11,search
ben fodor,Ben Fodor,1988-05-25,search
ben forsyth,Ben Forsyth,1990-03-10,search
ben halder,Ben Halder,1991-07-23,search
ben hollier,Ben Hollier,1990-07-24,enumeration
ben jansen,Ben Jansen,1982-10-08,enumeration
ben johnston,Ben Johnston,1990-10-11,search
ben lugo,Ben Lugo,1989-10-03,search
ben moa,Ben Moa,1981-04-22,search
ben nguyen,Ben Nguyen,1988-08-03,search
ben parrish,Ben Parrish,1992-09-29,search
ben rees,Ben Rees,1993-10-30,search
ben reiter,Ben Reiter,1987-06-27,search
ben rothwell,Ben Rothwell,1981-10-17,search
ben saunders,Ben Saunders,1983-04-13,search
ben sosoli,Ben Sosoli,1989-12-10,search
ben tynan,Ben Tynan,1994-02-15,search
ben wall,Ben Wall,1989-03-25,search
ben westmoreland,Ben Westmoreland,1991-10-23,enumeration
ben wunder,Ben Wunder,1998-08-11,enumeration
ben yahia,Ben Yahia,1991-01-11,enumeration
ang benedict,Benedict Ang,1996-04-02,enumeration
benedito ferreira francis,Benedito Francis Ferreira,1989-07-30,enumeration
beneil dariush,Beneil Dariush,1989-05-06,search
benicio dias,Benicio Dias,1993-05-29,enumeration
benito lopez,Benito Lopez,1994-04-06,search
benjamin bennett,Benjamin Bennett,1994-05-08,enumeration
benjamin brander,Benjamin Brander,1987-08-23,search
benjamin davis,Benjamin Davis,1976-08-26,enumeration
benjamin duffy,Benjamin Duffy,1978-06-01,enumeration
benjamin fowler,Benjamin Fowler,1990-12-29,enumeration
benjamin molnar,Benjamin Molnar,1989-03-03,search
benjamin sehic,Benjamin Sehic,1995-03-09,search
benjamin smith,Benjamin Smith,1980-04-17,search
benji gomez,Benji Gomez,1988-12-13,search
benji radach,Benji Radach,1979-04-05,enumeration
benny delgado,Benny Delgado,1986-01-11,search
benny madrid,Benny Madrid,1980-08-08,search
benoit denis saint,Benoît Saint Denis,1995-12-18,enumeration
benson henderson,Benson Henderson,1983-11-16,enumeration
bentley syler,Bentley Syler,1982-12-22,enumeration
benton mitchell,Benton Mitchell,1993-08-20,search
benyamin ghahraman,Benyamin Ghahraman,2003-09-08,enumeration
bernard thomas,Bernard Thomas,1990-06-07,search
bernardo magalhaes,Bernardo Magalhaes,1981-04-08,search
bernardo sopaj,Bernardo Sopaj,2000-09-25,enumeration
batamag bertrand epoune,Bertrand Batamag Epoune,1991-06-27,enumeration
besam yousef,Besam Yousef,1985-03-25,enumeration
beslan isaev,Beslan Isaev,1983-10-03,search
beslan ushukov,Beslan Ushukov,1991-06-28,search
bestare kicaj,Bestare Kicaj,1987-10-24,enumeration
bethe correia,Bethe Correia,1983-06-22,enumeration
bevon lewis,Bevon Lewis,1991-05-05,search
bharat kandare,Bharat Kandare,1987-06-20,search
bi nguyen,Bi Nguyen,1989-10-30,search
bia mesquita,Bia Mesquita,1991-04-07,search
ali biaggio walsh,Biaggio Ali Walsh,1998-09-04,enumeration
bianca daimoni,Bianca Daimoni,1986-09-21,search
araujo bianca carvalho de,Bianca De Araujo Carvalho,1980-08-02,enumeration
bianca sattelmayer,Bianca Sattelmayer,1995-11-04,search
bibert tumenov,Bibert Tumenov,1997-04-15,search
bibiano fernandes,Bibiano Fernandes,1980-03-30,search
bilal hasan,Bilal Hasan,2001-07-16,search
bilal haga kai,Bilal Kai Haga,1996-11-22,search
bilal tipsaev,Bilal Tipsaev,1999-04-10,search
algeo bill,Bill Algeo,1989-06-09,search
bill finn,Bill Finn,1971-06-16,search
bill fraser,Bill Fraser,1973-06-15,enumeration
bill friday,Bill Friday,1986-08-23,search
bill mahood,Bill Mahood,1967-02-01,enumeration
bill smallwood,Bill Smallwood,1981-10-23,search
bill takeuchi,Bill Takeuchi,1991-02-05,search
billy brand,Billy Brand,1996-07-03,search
billy colon,Billy Colon,1986-10-05,search
billy combs,Billy Combs,1992-03-25,search
billy daniels,Billy Daniels,1992-07-27,enumeration
billy elekana,Billy Elekana,1995-05-28,search
billy evangelista,Billy Evangelista,1980-10-07,enumeration
billy giovanella,Billy Giovanella,1985-08-20,search
billy martin,Billy Martin,1990-04-22,enumeration
billy nyembo,Billy Nyembo,1995-10-30,enumeration
billy pasulatan,Billy Pasulatan,1991-08-07,enumeration
billy poe,Billy Poe,1989-12-14,enumeration
billy quarantillo,Billy Quarantillo,1988-12-08,search
billy goff ray,Billy Ray Goff,1998-06-18,search
billy ray valdez,Billy Ray Valdez,1994-11-12,search
billy swanson,Billy Swanson,1994-03-23,search
billy vaughan,Billy Vaughan,1982-10-15,search
bin xie,Bin Xie,1998-02-28,search
binh le son,Binh Son Le,1988-10-26,enumeration
bislan etleshev,Bislan Etleshev,1985-09-10,enumeration
blagoy ivanov,Blagoy Ivanov,1986-10-09,enumeration
blaine odriscoll,Blaine O'Driscoll,1991-12-31,enumeration
blaine shutt,Blaine Shutt,1992-04-27,search
blair oster,Blair Oster,1981-10-08,enumeration
bilder blake,Blake Bilder,1990-07-12,search
blake breitsprecher,Blake Breitsprecher,1989-01-13,enumeration
blake cooper,Blake Cooper,1996-09-05,enumeration
blake miles,Blake Miles,1987-08-24,enumeration
blake perry,Blake Perry,1994-11-03,search
blake sheppeard,Blake Sheppeard,1991-07-04,enumeration
blake sigvaldason,Blake Sigvaldason,1994-01-01,enumeration
blake smith,Blake Smith,1990-09-20,search
blake troop,Blake Troop,1987-10-22,search
blanca medina,Blanca Medina,1999-12-17,search
avena blas,Blas Avena,1983-06-30,enumeration
blayne richards,Blayne Richards,1991-09-11,search
blood diamond,Blood Diamond,1988-07-10,enumeration
bo cantrell,Bo Cantrell,1969-02-08,enumeration
bo hyun park,Bo Hyun Park,1999-05-14,search
bo kunz,Bo Kunz,1983-07-14,search
bo meng,Bo Meng,1996-04-21,search
bo nickal,Bo Nickal,1996-01-14,search
bo smith,Bo Smith,1991-03-29,enumeration
bob sapp,Bob Sapp,1972-09-22,enumeration
bobbi dalziel jo,Bobbi Jo Dalziel,1986-04-05,search
bobby brents,Bobby Brents,1982-04-14,search
bobby downs,Bobby Downs,1991-01-11,search
bobby emmons,Bobby Emmons,1981-11-15,search
bobby escalante,Bobby Escalante,1989-07-11,search
bobby king,Bobby King,1983-12-09,search
bobby lashley,Bobby Lashley,1976-07-16,search
bobby ledkins,Bobby Ledkins,1994-05-26,enumeration
bobby lee,Bobby Lee,1996-01-11,search
bobby malcolm,Bobby Malcolm,1987-05-09,enumeration
bobby mcintyre,Bobby McIntyre,1989-11-21,search
bobby moffett,Bobby Moffett,1990-06-01,search
bobby nash,Bobby Nash,1990-03-26,search
bobby ologun,Bobby Ologun,1973-04-08,enumeration
bobby pallett,Bobby Pallett,1991-09-30,search
bobby sanchez,Bobby Sanchez,1989-12-15,enumeration
bobby southworth,Bobby Southworth,1969-12-16,enumeration
bobby sullivan,Bobby Sullivan,1992-06-07,enumeration
bobby tucker,Bobby Tucker,1989-06-23,enumeration
bobby voelker,Bobby Voelker,1979-04-26,search
bogdan cherednichenko,Bogdan Cherednichenko,1994-09-15,enumeration
bogdan gnidko,Bogdan Gnidko,2001-01-06,enumeration
bogdan grad,Bogdan Grad,1995-09-28,search
bogdan guskov,Bogdan Guskov,1992-09-12,search
bogdan kotlovyanov,Bogdan Kotlovyanov,1990-02-07,search
bogdan stoica,Bogdan Stoica,1990-01-28,enumeration
boimah karmo,Boimah Karmo,1993-01-03,search
bojan kosednar,Bojan Kosednar,1983-06-21,search
bojan mihajlovic,Bojan Mihajlovic,1980-03-30,enumeration
bojan velickovic,Bojan Velickovic,1988-12-18,search
bokang masunyane,Bokang Masunyane,1994-06-18,search
bola omoyele,Bola Omoyele,1982-03-12,search
bolaji oki,Bolaji Oki,1995-11-15,search
bolat zamanbekov,Bolat Zamanbekov,1996-11-19,enumeration
arthur booker,Booker Arthur,1990-11-16,search
borce talevski,Borce Talevski,1998-08-29,search
anton boris garcia,Boris Garcia Anton,1990-01-31,search
boris miroshnichenko,Boris Miroshnichenko,1990-04-26,search
boris novachov,Boris Novachov,1989-11-29,enumeration
boris polejay,Boris Polejay,1993-02-20,enumeration
boris reyes,Boris Reyes,1991-04-28,enumeration
borislav nikolic,Borislav Nikolic,1993-01-29,search
borja garcia,Borja Garcia,2000-03-09,enumeration
borys mankowski,Borys Mankowski,1989-10-13,search
boston salmon,Boston Salmon,1990-11-20,search
boubacar niakate,Boubacar Niakate,1984-07-19,enumeration
bounmy somchay,Bounmy Somchay,1973-02-02,search
bourama camara,Bourama Camara,1997-09-13,search
allen boyd,Boyd Allen,1989-07-19,search
ataev bozigit,Bozigit Ataev,1979-03-12,search
brad conway,Brad Conway,1981-10-04,search
brad imes,Brad Imes,1977-03-16,enumeration
brad katona,Brad Katona,1991-12-19,search
brad kelly,Brad Kelly,1982-02-22,enumeration
brad lee,Brad Lee,1991-01-09,enumeration
brad pickett,Brad Pickett,1978-09-24,search
brad riddell,Brad Riddell,1991-09-30,search
brad robison,Brad Robison,1984-01-24,search
brad sustad,Brad Sustad,1990-06-15,search
brad tavares,Brad Tavares,1987-12-21,search
brad taylor,Brad Taylor,1989-08-08,search
brad wheeler,Brad Wheeler,1990-08-13,search
bradan erdman,Bradan Erdman,1994-02-09,search
braden peterson,Braden Peterson,1988-03-01,search
braden smith,Braden Smith,1996-01-21,search
braden workman,Braden Workman,1970-12-31,enumeration
bradley glover,Bradley Glover,1992-04-04,enumeration
bradley scott,Bradley Scott,1989-06-24,enumeration
bradley stafford,Bradley Stafford,1980-07-06,enumeration
brady hiestand,Brady Hiestand,1999-04-30,search
brady hovermale,Brady Hovermale,1991-07-14,search
brady huang,Brady Huang,1992-12-16,search
brady minner,Brady Minner,1992-03-10,search
brahyam zurcher,Brahyam Zurcher,1996-03-10,search
branden chevrefils,Branden Chevrefils,1992-10-24,enumeration
brando pericic,Brando Pericic,1994-08-03,search
anderson brandon,Brandon Anderson,1984-02-01,enumeration
atkins brandon,Brandon Atkins,1994-12-28,enumeration
bailey brandon,Brandon Bailey,1982-05-05,search
bell brandon,Brandon Bell,1984-11-13,search
bennett brandon,Brandon Bennett,1985-02-14,enumeration
brandon bushaw,Brandon Bushaw,1981-05-17,search
brandon calton,Brandon Calton,1980-06-03,search
brandon clawson,Brandon Clawson,1989-05-11,enumeration
brandon davis,Brandon Davis,1990-05-08,search
brandon ditterline,Brandon Ditterline,1992-08-20,enumeration
brandon dudley,Brandon Dudley,1977-03-08,enumeration
brandon evans,Brandon Evans,1996-01-15,search
brandon ezzo,Brandon Ezzo,1980-02-04,enumeration
brandon fagan,Brandon Fagan,1993-01-27,enumeration
brandon fleming,Brandon Fleming,1991-03-08,search
brandon gaitor,Brandon gaitor,1988-08-13,search
brandon girtz,Brandon Girtz,1985-03-06,search
brandon grimmett,Brandon Grimmett,1991-09-21,search
brandon halsey,Brandon Halsey,1986-09-16,search
brandon hastings,Brandon Hastings,1981-06-09,search
brandon hebert,Brandon Hebert,1989-02-10,enumeration
brandon holmes,Brandon Holmes,1997-02-05,search
brandon honsvick,Brandon Honsvick,1986-02-06,enumeration
brandon jenkins,Brandon Jenkins,1991-09-30,search
brandon johnson,Brandon Johnson,1979-01-24,enumeration
brandon kesler,Brandon Kesler,1982-06-27,enumeration
brandon laroco,Brandon Laroco,1995-03-02,search
brandon lewis,Brandon Lewis,1997-08-02,search
brandon longano,Brandon Longano,1987-11-15,search
brandon lopez,Brandon Lopez,1989-04-01,search
brandon martin,Brandon Martin,1987-02-18,enumeration
brandon mason,Brandon Mason,1987-08-18,enumeration
brandon mcconkey,Brandon McConkey,1980-08-30,enumeration
brandon mclaughlin,Brandon McLaughlin,1992-12-02,enumeration
brandon mcmahan,Brandon McMahan,1987-12-12,search
brandon melendez,Brandon Melendez,1983-03-24,search
brandon moreno,Brandon Moreno,1993-12-07,search
brandon newsome,Brandon Newsome,1980-07-15,enumeration
brandon odom,Brandon Odom,1992-01-24,search
brandon olson,Brandon Olson,1995-08-15,search
brandon phillips,Brandon Phillips,1989-11-05,search
brandon ropati,Brandon Ropati,1989-07-04,enumeration
brandon royval,Brandon Royval,1992-08-16,search
brandon saling,Brandon Saling,1986-01-28,enumeration
brandon sayles,Brandon Sayles,1981-04-23,enumeration
brandon seyler,Brandon Seyler,1989-09-01,search
brandon shavers,Brandon Shavers,1994-10-05,search
brandon suber,Brandon Suber,1986-04-18,search
brandon thatch,Brandon Thatch,1985-07-11,search
brandon urquijo,Brandon Urquijo,1991-10-12,search
brandon uruchurtu,Brandon Uruchurtu,1996-09-09,search
brandon vera,Brandon Vera,1977-10-10,enumeration
brandon webb,Brandon Webb,1995-08-26,search
brandt dewsbery,Brandt Dewsbery,1990-12-22,search
branislav dosenovic,Branislav Dosenovic,1985-10-16,search
branko busick,Branko Busick,1990-07-15,enumeration
brant moore,Brant Moore,1994-02-22,search
braxton smith,Braxton Smith,1990-01-01,search
akeo braydon,Braydon Akeo,1996-09-27,search
bren oneal,Bren O'Neal,1989-08-12,enumeration
bren oneill,Bren O'Neill,1989-08-12,enumeration
brena cardozo,Brena Cardozo,1994-01-12,search
arias brenda ramirez,Brenda Arias Ramirez,1990-07-09,enumeration
brenda enriquez,Brenda Enriquez,1989-06-19,search
brenda gonzales,Brenda Gonzales,1982-03-24,search
brenda gottig,Brenda Gottig,1991-06-18,search
allen brendan,Brendan Allen,1995-12-28,search
barrett brendan,Brendan Barrett,1981-10-22,enumeration
brendan clarke,Brendan Clarke,1999-11-03,search
brendan kornberger,Brendan Kornberger,1984-10-16,enumeration
brendan lesar,Brendan Lesar,1994-01-31,search
brendan loughnane,Brendan Loughnane,1989-12-05,search
brendan oreilly,Brendan O'Reilly,1987-06-24,enumeration
brendan schaub,Brendan Schaub,1983-03-18,search
brendan seguin,Brendan Seguin,1976-07-03,enumeration
bispo brendo de souza,Brendo Bispo de Souza,1993-11-02,enumeration
brendon marotte,Brendon Marotte,1996-01-12,search
brendson ribeiro,Brendson Ribeiro,1996-09-08,search
brennan ward,Brennan Ward,1988-06-28,search
alberth barreto brenner,Brenner Alberth Barreto,1995-08-01,search
brennon crow,Brennon Crow,1990-12-28,search
amaral breno do moura,Breno do Amaral Moura,1980-09-08,enumeration
breno marinho,Breno Marinho,1998-10-09,search
brent fryia,Brent Fryia,1981-12-18,enumeration
brent primus,Brent Primus,1985-04-12,search
brent weedman,Brent Weedman,1984-10-10,search
brenton taylor,Brenton Taylor,1985-07-20,enumeration
adams bret,Bret Adams,1991-03-14,enumeration
brett bye,Brett Bye,1996-12-26,enumeration
brett cooper,Brett Cooper,1987-07-02,search
brett johns,Brett Johns,1992-02-21,enumeration
brett martin,Brett Martin,1994-04-21,enumeration
brett oteri,Brett Oteri,1977-06-18,search
brett pastore,Brett Pastore,1995-01-25,search
brett rogers,Brett Rogers,1981-02-17,search
brett shoenfelt,Brett Shoenfelt,1989-07-07,search
brett sizeland,Brett Sizeland,1981-05-19,enumeration
brexton everett,Brexton Everett,1992-07-24,search
akins brian,Brian Akins,1992-03-21,search
booth brian,Brian Booth,1990-07-10,enumeration
bowles brian,Brian Bowles,1980-06-22,search
brian camozzi,Brian Camozzi,1991-06-24,search
brian castillo,Brian Castillo,1988-11-24,search
brian cobb,Brian Cobb,1980-09-03,search
brian davidson,Brian Davidson,1975-11-22,search
brian del rosario,Brian Del Rosario,1989-10-16,search
brian ebersole,Brian Ebersole,1980-11-27,search
brian eckstein,Brian Eckstein,1985-03-06,enumeration
brian gassaway,Brian Gassaway,1972-08-07,enumeration
brian green,Brian Green,1985-09-05,enumeration
brian grimshaw,Brian Grimshaw,1985-08-18,enumeration
brian grinnell,Brian Grinnell,1988-01-17,search
brian hall,Brian Hall,1982-06-13,search
brian hauser,Brian Hauser,1990-11-02,search
brian heden,Brian Heden,1985-04-26,search
brian hooi,Brian Hooi,1994-11-01,search
brian houston,Brian Houston,1981-04-26,enumeration
brian imes,Brian Imes,1978-05-06,search
brian jackson,Brian Jackson,1989-01-30,search
brian kelleher,Brian Kelleher,1986-08-19,search
brian kerr,Brian Kerr,1986-09-20,enumeration
brian loanjoe,Brian Lo-A-Njoe,1976-01-22,search
brian maxwell,Brian Maxwell,1987-08-16,search
brian melancon,Brian Melancon,1982-05-28,search
brian mitchell,Brian Mitchell,1996-03-06,search
brian monaghan,Brian Monaghan,1987-10-06,search
brian moore,Brian Moore,1987-09-13,search
brian nielson,Brian Nielson,1988-10-14,enumeration
brian ortega,Brian Ortega,1991-02-21,search
brian rogers,Brian Rogers,1984-02-15,search
brian stann,Brian Stann,1980-09-24,search
brian stapleton,Brian Stapleton,1997-07-12,enumeration
brian stevens,Brian Stevens,1986-06-06,enumeration
brian thomas,Brian Thomas,1980-01-31,enumeration
brian hoven van,Brian van Hoven,1974-04-27,enumeration
brianna fortino,Brianna Fortino,1993-08-04,search
brianna smith,Brianna Smith,1990-07-12,search
brice picaud,Brice Picaud,1989-05-29,search
brieta carpenter,Brieta Carpenter,1993-11-03,enumeration
brigid chase,Brigid Chase,1997-10-18,search
brinson ellery,Brinson Ellery,1986-02-24,enumeration
bristol marunde,Bristol Marunde,1982-04-20,search
ann brittany decker,Brittany Ann Decker,1987-12-30,enumeration
brittany camozzi,Brittany Camozzi,1992-01-02,enumeration
brittney cloudy,Brittney Cloudy,1990-01-14,search
brittney elkin,Brittney Elkin,1986-06-11,search
brittney victoria,Brittney Victoria,1991-06-04,enumeration
brock jardine,Brock Jardine,1985-07-10,enumeration
brock larson,Brock Larson,1977-08-23,search
brock lesnar,Brock Lesnar,1977-07-12,enumeration
brock smith,Brock Smith,1988-07-12,search
brogan stewartng,Brogan Stewart-Ng,1989-06-23,enumeration
brogan walker,Brogan Walker,1988-08-02,search
brok weaver,Brok Weaver,1991-12-05,enumeration
boyington bruce,Bruce Boyington,1979-05-05,search
bruce souto,Bruce Souto,1989-06-20,search
brasil bruna,Bruna Brasil,1993-09-07,search
bruna ellen,Bruna Ellen,1996-06-26,search
bruna may santos,Bruna May Santos,1997-12-18,enumeration
bruna vargas,Bruna Vargas,1989-09-25,search
brunno ferreira,Brunno Ferreira,1992-11-04,search
assis bruno,Bruno Assis,1992-05-23,enumeration
assis bruno de filho souza,Bruno Assis de Souza Filho,1996-03-07,enumeration
bruno cappelozza,Bruno Cappelozza,1989-05-20,search
bruno cardoso,Bruno Cardoso,1987-09-16,enumeration
bruno casillas,Bruno Casillas,1983-09-09,search
bruno cesar silva,Bruno Cesar Silva,1993-10-22,enumeration
bruno chaves,Bruno Chaves,1991-11-07,enumeration
bruno conti,Bruno Conti,1992-11-22,search
bruno da silva,Bruno Da Silva,1992-11-29,enumeration
bruno de jesus,Bruno de Jesus,1996-01-01,enumeration
bruno dias,Bruno Dias,1986-12-28,search
bruno fernandes,Bruno Fernandes,1991-11-04,enumeration
bruno ferreira,Bruno Ferreira,1988-05-13,search
bruno fontes,Bruno Fontes,1995-04-02,search
bruno frazatto,Bruno Frazatto,1984-07-12,search
bruno guimaraes santos,Bruno Guimaraes Santos,1992-03-02,enumeration
bruno conceicao da jose,Bruno Jose Da Conceicao,1997-08-21,enumeration
bruno justo,Bruno Justo,1983-04-27,search
bruno korea,Bruno Korea,1991-06-28,enumeration
bruno leandro lobato soares,Bruno Leandro Soares Lobato,1988-03-16,search
bruno leonardo,Bruno Leonardo,1989-04-13,enumeration
bruno lopes,Bruno Lopes,1993-04-24,search
bruno luiz nicolau,Bruno Luiz Nicolau,1992-12-08,enumeration
bruno machado,Bruno Machado,1986-11-08,search
bruno marks,Bruno Marks,1992-01-29,enumeration
bruno marques,Bruno Marques,1984-03-21,search
bruno de matos souza,Bruno Matos de Souza,1995-06-12,enumeration
bruno mesquita,Bruno Mesquita,1991-06-28,search
bruno miranda,Bruno Miranda,1990-06-16,search
bruno nunes,Bruno Nunes,1997-09-16,search
bruno oliveira,Bruno Oliveira,1984-05-02,enumeration
bruno dos oliveira santos,Bruno Oliveira dos Santos,1994-06-09,search
bruno pereira,Bruno Pereira,1991-03-21,enumeration
bruno pucci,Bruno Pucci,1990-07-23,search
bruno quintanilha,Bruno Quintanilha,1990-08-08,search
bruno coelho sa,Bruno Sa Coelho,1993-10-08,search
bruno souza,Bruno Souza,1996-03-07,enumeration
bruno silva souza,Bruno Souza Silva,1992-09-09,enumeration
baker bryan,Bryan Baker,1985-10-13,search
barberena bryan,Bryan Barberena,1989-05-03,search
battle bryan,Bryan Battle,1994-09-21,search
bryan caraway,Bryan Caraway,1984-08-04,search
bryan creighton,Bryan Creighton,1986-04-26,search
bryan goldsby,Bryan Goldsby,1982-03-24,search
bryan lashomb,Bryan Lashomb,1987-07-28,search
bryan mcdowell,Bryan McDowell,1995-01-22,search
bryan nuro,Bryan Nuro,1987-10-08,search
bryan porritt,Bryan Porritt,1986-02-11,search
bryan lopez ulises,Bryan Ulises López,2002-03-19,enumeration
bryant whitaker,Bryant Whitaker,1990-11-14,enumeration
bryce logan,Bryce Logan,1989-12-04,search
bryce meredith,Bryce Meredith,1995-04-30,search
bryce mitchell,Bryce Mitchell,1994-10-04,search
bubba bush,Bubba Bush,1985-07-24,search
bubba cruz,Bubba Cruz,1992-08-25,search
bubba jenkins,Bubba Jenkins,1988-02-05,search
bubba mcdaniel,Bubba McDaniel,1983-05-03,search
buck meredith,Buck Meredith,1982-05-17,enumeration
buck pineau,Buck Pineau,1985-01-22,search
buddy clinton,Buddy Clinton,1977-09-09,enumeration
buddy roberts,Buddy Roberts,1982-10-17,enumeration
buddy wallace,Buddy Wallace,1989-03-01,enumeration
batmunkh burenzorig,Burenzorig Batmunkh,1985-09-25,search
bloodworth byron,Byron Bloodworth,1983-08-16,search
byrd byron,Byron Byrd,1982-04-24,enumeration
cb dollaway,C.B. Dollaway,1983-08-10,search
cj lafragola,C.J. LaFragola,1997-05-25,search
cj leveque,C.J. Leveque,1985-04-26,search
cain carrizosa,Cain Carrizosa,1986-07-22,search
cain lugar,Cain Lugar,1995-10-11,search
cain velasquez,Cain Velasquez,1982-07-28,enumeration
alencar caio,Caio Alencar,1978-12-02,search
bittencourt caio,Caio Bittencourt,1991-05-22,enumeration
borralho caio,Caio Borralho,1993-01-16,search
caio forastieri,Caio Forastieri,1992-09-23,enumeration
caio magalhaes,Caio Magalhaes,1987-12-14,search
caio rabelo,Caio Rabelo,1993-04-20,enumeration
caio robson silva,Caio Robson Silva,1989-05-04,search
caio rodrigues,Caio Rodrigues,1991-06-21,enumeration
caio santos,Caio Santos,1997-03-31,enumeration
caio uruguai,Caio Uruguai,1993-05-07,enumeration
batista caiona,Caiona Batista,1995-12-07,search
araujo caique,Caique Araujo,1998-07-12,search
caique costa,Caique Costa,1993-07-28,search
caique luko,Caique Luko,1994-05-07,search
caitlin mcewan,Caitlin McEwan,1996-11-26,enumeration
caitlin sammons,Caitlin Sammons,1993-10-31,search
ajala caiubi da silva,Caiubi Ajala da Silva,1990-07-06,enumeration
cal ellenor,Cal Ellenor,1991-04-04,enumeration
caleb contreras,Caleb Contreras,1980-04-11,enumeration
caleb crump,Caleb Crump,1992-07-23,search
caleb hall,Caleb Hall,1996-09-14,enumeration
caleb jensen,Caleb Jensen,1992-07-07,search
caleb mcallister,Caleb McAllister,1987-08-03,enumeration
caleb moctezuma,Caleb Moctezuma,1995-05-13,search
caleb williams,Caleb Williams,1991-02-01,search
born calen,Calen Born,1988-05-24,search
calie cutler,Calie Cutler,1990-03-24,search
callan potter,Callan Potter,1984-06-09,search
calob ramirez,Calob Ramirez,1988-06-10,search
calogero torretta,Calogero Torretta,1994-06-30,enumeration
calvin glover,Calvin Glover,1992-10-25,search
calvin harbaugh,Calvin Harbaugh,1995-11-27,search
calvin kattar,Calvin Kattar,1988-03-26,search
calvin lyons,Calvin Lyons,1985-04-29,enumeration
calvin martin,Calvin Martin,1981-08-21,enumeration
calvin miller,Calvin Miller,1984-09-01,search
calyn hull,Calyn Hull,1987-03-09,search
cam rowston,Cam Rowston,1995-01-19,search
cam teague,Cam Teague,1998-02-13,search
adams camee,Camee Adams,1985-04-04,enumeration
ansel cameron,Cameron Ansel,1999-10-21,search
cameron chismbrungard,Cameron Chism-Brungard,1993-12-30,search
cameron church,Cameron Church,1990-09-27,search
cameron diffley,Cameron Diffley,1984-11-08,enumeration
cameron dollar,Cameron Dollar,1987-05-12,search
cameron else,Cameron Else,1987-04-27,search
cameron graham,Cameron Graham,1994-12-23,search
cameron graves,Cameron Graves,1993-12-10,search
cameron hardy,Cameron Hardy,1994-12-06,search
cameron kinzig,Cameron Kinzig,1992-08-20,search
cameron macdonald,Cameron MacDonald,1986-02-25,enumeration
cameron miller,Cameron Miller,1993-08-28,search
cameron nelson,Cameron Nelson,1998-07-28,enumeration
cameron olson,Cameron Olson,1989-11-22,search
cameron saaiman,Cameron Saaiman,2000-12-20,search
cameron sevillarivera,Cameron Sevilla-Rivera,1992-05-16,search
cameron smotherman,Cameron Smotherman,1997-09-17,search
cameron underhill,Cameron Underhill,1992-11-11,search
cameron vancamp,Cameron VanCamp,1993-04-27,search
camila lima,Camila Lima,1989-12-29,search
camila reynoso,Camila Reynoso,2003-08-28,enumeration
aslaner can,Can Aslaner,1993-03-24,search
canaan kawaihae,Canaan Kawaihae,1997-08-26,search
caol uno,Caol Uno,1975-05-08,search
caolan loughran,Caolan Loughran,1996-05-18,search
carina damm,Carina Damm,1979-02-16,search
carine cruz,Carine Cruz,1995-02-01,enumeration
booth carl,Carl Booth,1989-05-24,search
carl deaton,Carl Deaton,1989-11-24,search
carl seumanutafa,Carl Seumanutafa,1983-06-15,search
carl wittstock,Carl Wittstock,1986-01-11,search
carla esparza,Carla Esparza,1987-10-10,search
carlao silva,Carlao Silva,1993-09-09,enumeration
carli judice,Carli Judice,1999-03-02,search
carlisson diego dos oliveira santos,Carlisson Diego Oliveira dos Santos,1991-03-12,search
carlo jr pedersoli,Carlo Pedersoli Jr.,1993-06-08,search
carlo prater,Carlo Prater,1981-06-25,search
abreu carlos,Carlos Abreu,1992-05-12,search
alberto carlos,Carlos Alberto,1982-05-16,enumeration
alexandre carlos costa da,Carlos Alexandre da Costa,1990-11-10,enumeration
andre carlos,Carlos Andre,1993-09-15,enumeration
antonio carlos de souza,Carlos Antonio de Souza,1977-09-12,search
apodaca carlos,Carlos Apodaca,1997-12-21,search
arana carlos,Carlos Arana,1992-07-07,search
augusto carlos da santos silva,Carlos Augusto Santos da Silva,1993-10-30,enumeration
barbieri carlos,Carlos Barbieri,1991-07-08,enumeration
bazan carlos,Carlos Bazan,1986-08-04,search
cainan carlos,Carlos Cainan,1994-11-28,enumeration
calderon carlos,Carlos Calderon,1996-02-10,search
calvo calvo carlos,Carlos Calvo Calvo,1998-06-18,search
camargo carlos,Carlos Camargo,1995-11-04,enumeration
candelario carlos,Carlos Candelario,1991-06-04,search
carlos chable,Carlos Chable,1999-07-05,enumeration
carlos ciappino,Carlos Ciappino,1990-11-15,search
carlos condit,Carlos Condit,1984-04-26,search
carlos cordoba fonseca,Carlos Cordoba Fonseca,1993-10-28,search
carlos diogo,Carlos Diogo,1986-02-23,search
azevedo carlos de eduardo,Carlos Eduardo de Azevedo,1979-01-13,enumeration
carlos eduardo gomes,Carlos Eduardo Gomes,1980-12-19,enumeration
carlos eduardo rocha,Carlos Eduardo Rocha,1981-07-12,enumeration
ananias carlos eduardo rufino,Carlos Eduardo Rufino Ananias,1992-08-31,enumeration
canada carlos enrique,Carlos Enrique Canada,1986-07-27,enumeration
carlos espinosa,Carlos Espinosa,1987-07-25,search
carlos felipe,Carlos Felipe,1995-01-12,search
carlos garnett jr,Carlos Garnett Jr.,1993-04-11,search
carlos gomez,Carlos Gomez,1997-07-25,search
carlos gonzalez,Carlos Gonzalez,1985-07-25,enumeration
carlos guerra,Carlos Guerra,1988-01-20,search
carlos cruz da henrique,Carlos Henrique da Cruz,1994-09-23,enumeration
carlos hernandez,Carlos Hernandez,1993-10-25,search
carlos huachin,Carlos Huachin,1996-06-06,search
carlos jimenez,Carlos Jimenez,1987-04-16,search
carlos leal,Carlos Leal,1994-05-04,search
carlos lozoya,Carlos Lozoya,1995-09-24,search
carlos martinez,Carlos Martinez,1987-02-07,enumeration
carlos mascorro,Carlos Mascorro,1996-03-03,search
carlos matos,Carlos Matos,1996-12-06,search
carlos mota,Carlos Mota,1995-04-15,enumeration
carlos peixoto,Carlos Peixoto,1985-05-25,enumeration
carlos pereira,Carlos Pereira,1979-04-04,enumeration
carlos petruzzella,Carlos Petruzzella,1997-03-29,search
carlos prates,Carlos Prates,1993-08-17,search
carlos jr puente,Carlos Puente Jr.,1989-01-16,search
carlos rivera,Carlos Rivera,1993-08-21,search
carlos rodriguez,Carlos Rodriguez,1990-08-29,enumeration
araujo carlos de pereira ruan,Carlos Ruan Pereira de Araújo,1993-09-07,search
ananias carlos rufino rufino,Carlos Rufino Rufino Ananias,1992-08-31,enumeration
carlos sena,Carlos Sena,2000-05-05,search
carlos tenorio,Carlos Tenorio,1995-04-26,search
carlos ulberg,Carlos Ulberg,1990-11-07,search
carlos vera,Carlos Vera,1987-11-05,search
carlos vicente,Carlos Vicente,1984-10-13,enumeration
alves carlos vinicius,Carlos Vinicius Alves,1992-03-18,enumeration
carlos zevallos,Carlos Zevallos,1978-09-05,enumeration
carls de john tomas,Carls John de Tomas,1996-08-28,search
carlston harris,Carlston Harris,1987-07-09,search
carlton haselrig,Carlton Haselrig,1966-01-22,enumeration
carlton little sr,Carlton Little Sr.,1981-11-14,enumeration
carlton minus,Carlton Minus,1993-04-26,search
carmela james,Carmela James,1994-04-19,search
carmelo marrero,Carmelo Marrero,1981-01-26,search
carmen milagros,Carmen Milagros,1991-08-16,enumeration
arancibia carmen virginia,Carmen Virginia Arancibia,1992-02-03,enumeration
carol foro,Carol Foro,1997-03-21,search
carol kerr,Carol Kerr,1993-08-20,search
carolina jimenez,Carolina Jimenez,1984-12-19,search
caroline correia,Caroline Correia,1989-01-29,enumeration
caroline gallardo,Caroline Gallardo,1996-09-17,search
caroline silva,Caroline Silva,1994-06-22,enumeration
caroline yariwaki,Caroline Yariwaki,1987-05-04,enumeration
caros fodor,Caros Fodor,1984-01-07,enumeration
archer carrese,Carrese Archer,1989-07-03,search
banks carrington,Carrington Banks,1989-02-17,search
beebe carson,Carson Beebe,1988-08-13,search
carson hardman,Carson Hardman,1995-01-28,search
casey goulet,Casey Goulet,1992-08-06,search
casey jones,Casey Jones,1991-05-07,search
casey kenney,Casey Kenney,1991-03-20,search
casey manrique,Casey Manrique,1979-04-27,enumeration
casey noland,Casey Noland,1978-06-17,enumeration
casey oneill,Casey O'Neill,1997-10-07,enumeration
casey ryan,Casey Ryan,1987-06-27,search
bell cass,Cass Bell,1987-04-23,search
cassiano de freitas,Cassiano de Freitas,1988-07-29,enumeration
cassie robb,Cassie Robb,1990-08-03,search
cassie rodish,Cassie Rodish,1980-06-10,enumeration
barbosa cassio de oliveira,Cassio Barbosa de Oliveira,1983-04-12,enumeration
cat zingano,Cat Zingano,1982-07-01,search
cathal pendred,Cathal Pendred,1987-09-02,search
ce liu,Ce Liu,1996-09-04,enumeration
cebrail demir,Cebrail Demir,1999-01-03,enumeration
cedric doumbe,Cedric Doumbe,1992-08-13,search
cedric gunnison,Cedric Gunnison,1994-12-20,search
cedric jouvet,Cedric Jouvet,1978-09-11,enumeration
cedric marks,Cedric Marks,1974-07-15,search
cedric severac,Cedric Severac,1984-06-24,search
cedric savage terrell,Cedric Terrell Savage,1988-07-02,search
cee hamilton jay,Cee Jay Hamilton,1986-10-07,enumeration
ceileigh niedermayr,Ceileigh Niedermayr,1993-03-17,search
celine haga,Celine Haga,1984-06-12,search
celio terceiro,Celio Terceiro,1986-01-25,enumeration
cemir silva,Cemir Silva,1984-04-01,enumeration
almeida cesar,Cesar Almeida,1988-03-28,enumeration
alonso cesar,Cesar Alonso,1987-10-26,enumeration
arzamendia cesar,Cesar Arzamendia,1991-01-31,search
balanta cesar,Cesar Balanta,1989-07-05,search
balmaceda cesar,Cesar Balmaceda,1995-03-03,search
banuelos cesar,Cesar Banuelos,1993-04-16,search
benitez cesar,Cesar Benitez,1989-09-25,search
bennett cesar,Cesar Bennett,1987-10-05,enumeration
cardozo cesar,Cesar Cardozo,1993-04-09,enumeration
cesar fabiano rodrigues,Cesar Fabiano Rodrigues,1978-11-13,enumeration
cesar gonzalez,Cesar Gonzalez,1989-02-25,enumeration
cesar gutierrez,Cesar Gutierrez,1993-01-16,search
cezar ferreira,Cezar Ferreira,1985-02-15,search
cezary kesik,Cezary Kesik,1990-05-23,enumeration
cezary oleksiejczuk,Cezary Oleksiejczuk,2000-01-06,search
chabane chaibeddra,Chabane Chaibeddra,1988-10-10,search
anheliger chad,Chad Anheliger,1986-12-01,search
chad coon,Chad Coon,1980-10-22,enumeration
chad george,Chad George,1982-04-30,search
chad griggs,Chad Griggs,1978-05-15,enumeration
chad hanekom,Chad Hanekom,1990-04-20,search
chad jay,Chad Jay,1986-12-06,enumeration
chad johnson,Chad Johnson,1986-07-22,search
chad kelly,Chad Kelly,1988-09-24,search
chad laprise,Chad Laprise,1986-07-23,search
chad leonhardt,Chad Leonhardt,1980-02-19,enumeration
chad mendes,Chad Mendes,1985-05-01,search
chad obermiller,Chad Obermiller,1979-09-13,search
chad robichaux,Chad Robichaux,1975-08-18,enumeration
chad wiggington,Chad Wiggington,1995-04-15,search
chad williams,Chad Williams,1986-07-28,enumeration
chad yard,Chad Yard,1995-08-02,enumeration
chadricc kindle,Chadricc Kindle,1990-01-03,search
chael sonnen,Chael Sonnen,1977-04-03,search
chaitanya gavali,Chaitanya Gavali,1988-11-13,search
chaka worthy,Chaka Worthy,1990-09-02,search
chamber siddique,Chamber Siddique,1993-04-06,enumeration
chamy delva,Chamy Delva,1989-01-31,search
chan rothana,Chan Rothana,1986-02-08,enumeration
chan jung sung,Chan Sung Jung,1987-03-17,search
beck chance,Chance Beck,1986-09-26,search
chance farrar,Chance Farrar,1975-09-11,enumeration
chance rencountre,Chance Rencountre,1986-12-31,search
chance wilson,Chance Wilson,1991-07-06,enumeration
chandler cole,Chandler Cole,1995-01-09,search
chang min yoon,Chang Min Yoon,1994-05-09,enumeration
chang fu xin,Chang Xin Fu,1992-08-12,enumeration
changhyun song,Chang-Hyun Song,1991-08-01,enumeration
changho lee,ChangHo Lee,1994-05-09,search
chanmi jeon,Chanmi Jeon,1997-08-28,enumeration
castellanos chantalle,Chantalle Castellanos,1987-12-21,enumeration
chantel coates,Chantel Coates,1987-07-10,search
chaolong deng,Chaolong Deng,1993-11-06,enumeration
charalampos grigoriou,Charalampos Grigoriou,1992-03-31,search
batista charlene de souza,Charlene Batista de Souza,1981-08-10,enumeration
andrade charles,Charles Andrade,1982-02-10,search
anness charles,Charles Anness,1983-10-10,enumeration
bennett charles,Charles Bennett,1979-11-23,search
bridges charles,Charles Bridges,1992-05-29,enumeration
byrd charles,Charles Byrd,1983-10-11,search
charles cheeks iii,Charles Cheeks III,1988-06-17,search
charles johnson,Charles Johnson,1991-01-10,search
charles jourdain,Charles Jourdain,1995-11-27,search
charles kessinger,Charles Kessinger,1983-12-29,search
charles mccarthy,Charles McCarthy,1980-08-06,enumeration
charles oliveira,Charles Oliveira,1989-10-17,enumeration
charles jr penn,Charles Penn Jr.,1986-04-27,enumeration
charles philpot,Charles Philpot,1994-09-05,search
charles radtke,Charles Radtke,1990-07-09,search
charles rosa,Charles Rosa,1986-08-24,search
charleston pou,Charleston Pou,1991-08-14,search
alaniz charlie,Charlie Alaniz,1985-10-16,search
alexander charlie,Charlie Alexander,1990-12-01,search
brenneman charlie,Charlie Brenneman,1981-02-09,search
campbell charlie,Charlie Campbell,1995-07-03,search
charlie cleveland,Charlie Cleveland,1997-12-30,search
charlie decca,Charlie Decca,1994-07-16,enumeration
charlie durham,Charlie Durham,1984-10-06,search
charlie kennedy,Charlie Kennedy,1997-06-02,search
charlie leary,Charlie Leary,1982-12-20,search
charlie milner,Charlie Milner,1993-03-19,search
charlie ontiveros,Charlie Ontiveros,1991-07-04,search
charlie pearson,Charlie Pearson,1971-01-23,enumeration
charlie rader,Charlie Rader,1982-04-06,search
charlie ward,Charlie Ward,1980-12-17,search
charmaine tweet,Charmaine Tweet,1977-04-30,search
charon spain,Charon Spain,1988-03-11,search
chas skelly,Chas Skelly,1985-05-11,search
beebe chase,Chase Beebe,1985-03-29,search
boutwell chase,Chase Boutwell,1998-12-12,search
chase eastham,Chase Eastham,1994-08-05,search
chase gamble,Chase Gamble,1990-03-17,search
chase gibson,Chase Gibson,1990-02-07,search
chase gormley,Chase Gormley,1983-08-11,search
chase hooper,Chase Hooper,1999-09-13,search
chase kuebler,Chase Kuebler,1995-07-07,enumeration
chase maxwell,Chase Maxwell,1985-02-21,enumeration
chase rowden,Chase Rowden,1988-04-12,enumeration
chase sherman,Chase Sherman,1989-11-16,search
blair chasen,Chasen Blair,1998-10-14,search
chauncey foxworth,Chauncey Foxworth,1991-10-27,search
chay ingram,Chay Ingram,1989-01-11,enumeration
chayanne serrano,Chayanne Serrano,1996-12-26,enumeration
chaz dowdell,Chaz Dowdell,1993-04-24,search
chazz walton,Chazz Walton,1989-06-30,search
che mills,Che Mills,1982-09-29,search
cheick kone,Cheick Kone,1983-12-22,search
cheick kongo,Cheick Kongo,1975-05-17,search
chel erwindavis,Chel Erwin-Davis,1986-07-10,search
chandler chelsea,Chelsea Chandler,1990-11-23,search
chelsea conner,Chelsea Conner,1991-02-21,search
chelsea hackett,Chelsea Hackett,1998-08-16,search
chepe mariscal,Chepe Mariscal,1992-10-27,enumeration
cheri muraski,Cheri Muraski,1979-04-17,search
cherif drame,Cherif Drame,1988-12-12,search
cheriff larossi,Cheriff Larossi,2001-10-13,search
bowers cheyanne,Cheyanne Bowers,1994-08-16,search
cheyanne vlismas,Cheyanne Vlismas,1995-06-25,enumeration
cheyden leialoha,Cheyden Leialoha,1994-03-15,search
cheyenne hall,Cheyenne Hall,1992-01-23,enumeration
chi lewisparry,Chi Lewis-Parry,1983-08-10,search
chiara penco,Chiara Penco,1995-11-21,search
chibwikem onyenegecha,Chibwikem Onyenegecha,1994-04-18,search
camus chico,Chico Camus,1985-01-26,search
chidi njokuani,Chidi Njokuani,1988-12-31,search
chihaya ishizuki,Chihaya Ishizuki,1994-02-12,search
chihaya yoneyama,Chihaya Yoneyama,1996-01-25,search
chihiro sawada,Chihiro Sawada,1997-11-23,search
chihiro suzuki,Chihiro Suzuki,1999-05-14,search
chino duran,Chino Duran,1982-01-07,search
chinzo machida,Chinzo Machida,1977-03-09,search
avila chris,Chris Avila,1993-01-16,search
barnes chris,Chris Barnes,1985-10-17,search
barnett chris,Chris Barnett,1986-06-14,search
birchler chris,Chris Birchler,1987-06-05,search
brown chris,Chris Brown,1989-04-16,enumeration
bungard chris,Chris Bungard,1988-12-19,search
camozzi chris,Chris Camozzi,1986-11-20,search
cariaso chris,Chris Cariaso,1981-05-27,search
chapman chris,Chris Chapman,1993-03-13,enumeration
chris cisneros,Chris Cisneros,1979-12-24,search
chris clements,Chris Clements,1976-02-09,enumeration
chris cope,Chris Cope,1983-03-05,enumeration
chris crosby,Chris Crosby,1986-02-27,search
chris cross,Chris Cross,1990-12-04,enumeration
chris culley,Chris Culley,1986-03-25,enumeration
chris curtis,Chris Curtis,1987-07-15,search
chris daukaus,Chris Daukaus,1989-09-25,search
chris de la rocha,Chris de la Rocha,1979-05-15,search
chris disonell,Chris Disonell,1992-12-11,search
chris duncan,Chris Duncan,1993-05-10,search
chris dunn,Chris Dunn,1988-02-04,search
chris ewert,Chris Ewert,1993-09-06,enumeration
chris feist,Chris Feist,1984-04-02,enumeration
chris fields,Chris Fields,1983-06-21,search
chris fishgold,Chris Fishgold,1992-06-06,search
chris gonzalez,Chris Gonzalez,1991-07-29,enumeration
chris gruetzemacher,Chris Gruetzemacher,1986-06-16,search
chris guillen,Chris Guillen,1972-12-09,enumeration
chris gutierrez,Chris Gutierrez,1991-04-22,search
chris haney,Chris Haney,1987-12-13,search
chris harris,Chris Harris,1990-03-14,enumeration
chris haseman,Chris Haseman,1969-06-02,enumeration
chris heatherly,Chris Heatherly,1987-11-24,search
chris herrera,Chris Herrera,1984-04-23,search
chris hilger,Chris Hilger,1980-07-05,enumeration
chris hofmann,Chris Hofmann,1989-11-18,enumeration
chris holdsworth,Chris Holdsworth,1987-10-24,search
chris honeycutt,Chris Honeycutt,1988-07-25,search
chris horodecki,Chris Horodecki,1987-09-24,search
chris indich,Chris Indich,1987-04-22,enumeration
chris jones,Chris Jones,1981-11-16,enumeration
chris kelades,Chris Kelades,1981-02-21,search
chris kirtley,Chris Kirtley,1990-04-30,enumeration
chris larsen,Chris Larsen,1987-05-27,enumeration
chris leben,Chris Leben,1980-07-21,search
chris lokteff,Chris Lokteff,1986-09-05,search
chris lozano,Chris Lozano,1982-09-14,search
chris lytle,Chris Lytle,1974-08-18,enumeration
chris manuel,Chris Manuel,1987-07-21,search
chris mecate,Chris Mecate,1992-12-04,search
chris miah,Chris Miah,1991-05-12,search
chris mickle,Chris Mickle,1983-10-07,search
chris miller,Chris Miller,1988-03-01,enumeration
chris mixan,Chris Mixan,1998-11-26,search
chris mullins,Chris Mullins,1984-07-12,search
chris ocon,Chris Ocon,1996-02-05,search
chris padilla,Chris Padilla,1995-09-14,search
chris pecero,Chris Pecero,1986-10-10,search
chris petty,Chris Petty,1991-03-17,search
chris quitiquit,Chris Quitiquit,1984-07-16,enumeration
chris reed,Chris Reed,1988-04-27,enumeration
chris rojas,Chris Rojas,1996-08-22,enumeration
chris rollins,Chris Rollins,1989-12-06,search
chris sarro,Chris Sarro,1988-08-15,enumeration
chris saunders,Chris Saunders,1986-03-11,search
chris sherleyrios,Chris Sherley-Rios,1991-01-29,enumeration
chris spang,Chris Spang,1987-11-26,enumeration
chris stanton,Chris Stanton,1979-04-13,enumeration
chris stranger,Chris Stranger,1973-11-01,enumeration
chris tickle,Chris Tickle,1982-02-01,search
chris torres,Chris Torres,1988-02-18,enumeration
chris tuchscherer,Chris Tuchscherer,1975-09-08,enumeration
chris tucker,Chris Tucker,1984-05-06,enumeration
chris varner,Chris Varner,1987-07-16,enumeration
chris vasil,Chris Vasil,1994-04-08,search
chris wade,Chris Wade,1987-09-30,search
chris weidman,Chris Weidman,1984-06-17,search
chris wright,Chris Wright,1985-06-28,search
chrissie daniels,Chrissie Daniels,1986-05-13,search
christ franck,Christ Franck,1982-09-18,enumeration
aguilera christian,Christian Aguilera,1991-11-25,search
bizarretty christian,Christian Bizarretty,1983-06-05,search
burghartswieser christian,Christian Burghartswieser,1983-07-08,enumeration
camp christian,Christian Camp,1991-07-12,search
carnahan christian,Christian Carnahan,1994-06-01,search
carr christian,Christian Carr,1999-04-09,search
christian colombo,Christian Colombo,1980-07-01,search
christian echols,Christian Echols,1998-06-11,search
christian eckerlin,Christian Eckerlin,1986-11-16,search
christian edwards,Christian Edwards,1998-11-05,enumeration
christian espinosa,Christian Espinosa,1990-12-21,search
christian holley,Christian Holley,1988-05-13,enumeration
christian jones,Christian Jones,1993-07-23,enumeration
christian jungwirth,Christian Jungwirth,1987-02-25,search
christian lee,Christian Lee,1998-06-21,search
christian leonard,Christian Leonard,1994-09-13,search
christian lepe,Christian Lepe,1993-09-08,enumeration
christian duncan leroy,Christian Leroy Duncan,1995-07-24,search
christian lira,Christian Lira,1991-06-14,search
christian lohsen,Christian Lohsen,1995-01-24,search
christian mpumbu,Christian M'Pumbu,1977-06-02,enumeration
christian morecraft,Christian Morecraft,1986-09-08,enumeration
christian rodriguez,Christian Rodriguez,1997-12-17,enumeration
christian stigenberg,Christian Stigenberg,1991-06-20,enumeration
christian strong,Christian Strong,1997-08-13,search
christian torres,Christian Torres,1987-01-07,enumeration
christian tremayne,Christian Tremayne,1994-03-26,enumeration
christian turner,Christian Turner,2002-01-26,search
christian wellisch,Christian Wellisch,1981-04-17,enumeration
christian ynastrilla,Christian Ynastrilla,1996-03-18,search
christiano frohlich,Christiano Frohlich,1991-03-13,search
christien savoie,Christien Savoie,1992-08-29,search
adcock christina,Christina Adcock,1990-08-23,enumeration
christina marks,Christina Marks,1985-11-08,search
christina ricker,Christina Ricker,1990-08-23,search
christina stelliou,Christina Stelliou,1995-11-19,search
christoph steinmann,Christoph Steinmann,1990-05-06,enumeration
chapuis christophe,Christophe Chapuis,1975-02-21,search
christophe rea,Christophe Rea,1973-02-25,enumeration
christophe dijck van,Christophe Van Dijck,1985-07-05,enumeration
alvidrez christopher,Christopher Alvidrez,1996-12-27,search
anthony christopher,Christopher Anthony,1980-05-05,search
christopher daniel,Christopher Daniel,1991-01-01,enumeration
christopher fernandez,Christopher Fernandez,1987-04-29,enumeration
christopher hicks,Christopher Hicks,1990-11-06,search
christopher lavant,Christopher Lavant,1995-12-27,search
christopher miller,Christopher Miller,1986-03-16,search
christopher moly,Christopher Moly,1996-04-27,enumeration
christopher ramirez,Christopher Ramirez,1989-09-10,enumeration
christopher lopez ray,Christopher Ray Lopez,1986-01-30,search
christopher schlichter thad,Christopher Thad Schlichter,1983-05-18,enumeration
christopher wingate,Christopher Wingate,1988-09-16,search
christos giagos,Christos Giagos,1990-01-23,search
christy tyquiengco,Christy Tyquiengco,1987-02-05,search
chrysangelo moraes,Chrysangelo Moraes,1995-10-14,search
chuck grigsby,Chuck Grigsby,1972-08-15,search
chuck liddell,Chuck Liddell,1969-12-17,search
chuck oneil,Chuck O'Neil,1985-09-22,enumeration
chucky mady,Chucky Mady,1988-10-16,enumeration
chuji kato,Chuji Kato,1989-07-13,search
chuka willis,Chuka Willis,1993-05-09,search
chungreng koren,Chungreng Koren,1998-02-01,search
ciaran clarke,Ciaran Clarke,1995-05-25,search
ciaran mulholland,Ciaran Mulholland,1995-08-17,search
cicero coutinho,Cicero Coutinho,1985-11-25,search
cicero vitorino,Cicero Vitorino,1980-08-12,enumeration
akipa cihad,Cihad Akipa,1996-04-01,search
cilas matos,Cilas Matos,1981-12-16,enumeration
cindy dandois,Cindy Dandois,1984-10-26,search
cinja kiefer,Cinja Kiefer,1987-09-03,enumeration
ciprian maris,Ciprian Maris,1991-03-21,enumeration
ciro rodrigues,Ciro Rodrigues,1989-02-15,search
ciryl gane,Ciryl Gane,1990-04-12,search
alcantar citlalli,Citlalli Alcantar,2000-03-09,enumeration
cj fernandes,CJ Fernandes,1977-11-13,enumeration
cj keith,CJ Keith,1986-08-09,enumeration
cj vergara,CJ Vergara,1991-06-18,search
cjay hunter,CJay Hunter,1991-07-21,search
claire guthrie,Claire Guthrie,1995-09-19,search
claire lopez,Claire Lopez,1988-11-04,search
clara ricignuolo,Clara Ricignuolo,1997-11-19,search
brown clarence,Clarence Brown,1993-02-17,search
clarence jordan,Clarence Jordan,1989-03-04,search
claressa shields,Claressa Shields,1995-03-17,enumeration
claude patrick,Claude Patrick,1980-06-14,enumeration
claude wilcox,Claude Wilcox,1994-03-10,search
claudia diaz,Claudia Diaz,1995-04-08,search
claudia gadelha,Claudia Gadelha,1988-12-07,search
claudia leite,Claudia Leite,1996-11-04,search
claudia oliveria,Claudia Oliveria,2001-05-14,enumeration
claudia zamora,Claudia Zamora,1986-04-05,search
claudiere freitas,Claudiere Freitas,1981-04-10,search
cesario claudio,Claudio Cesario,1983-10-04,enumeration
cezario claudio,Claudio Cezario,1983-04-10,search
claudio conti,Claudio Conti,1990-12-13,search
claudio ledesma,Claudio Ledesma,1983-04-02,search
claudio pioto,Claudio Pioto,1985-02-27,enumeration
claudio puelles,Claudio Puelles,1996-04-21,search
claudio ribeiro,Claudio Ribeiro,1992-07-17,search
claudio silva,Claudio Silva,1982-09-06,search
claudir dutkevis,Claudir Dutkevis,1983-07-13,search
clay collard,Clay Collard,1993-03-10,search
clay dixon,Clay Dixon,1988-02-29,enumeration
clay french,Clay French,1980-10-07,search
clay guida,Clay Guida,1981-12-08,search
clay harvison,Clay Harvison,1980-09-25,search
carpenter clayton,Clayton Carpenter,1996-06-09,search
clayton jones,Clayton Jones,1988-06-23,enumeration
clayton york,Clayton York,1990-06-08,enumeration
cleber santana,Cleber Santana,1989-01-18,enumeration
cleber vinieri,Cleber Vinieri,1988-08-21,enumeration
clecio da gomes silva,Clecio Gomes da Silva,1986-09-17,search
araujo cleiton,Cleiton Araujo,1986-08-26,enumeration
butiski cleiton,Cleiton Butiski,1994-02-21,enumeration
cleiton pinheiro,Cleiton Pinheiro,1985-10-24,enumeration
cleiton silva,Cleiton Silva,1986-02-03,search
cleiver fernandes,Cleiver Fernandes,1995-02-25,search
clesio silva,Clesio Silva,1996-02-28,search
cabral cleuber,Cleuber Cabral,1988-04-11,search
cleudilene costa,Cleudilene Costa,1994-07-22,search
cleveland mclean,Cleveland Mclean,1989-04-27,search
cleyton gutierrez vieira,Cleyton Gutierrez Vieira,1997-01-22,enumeration
cliff thompson,Cliff Thompson,1978-08-25,enumeration
cliff wright,Cliff Wright,1979-01-22,search
clifford starks,Clifford Starks,1981-04-25,search
clint hester,Clint Hester,1986-11-21,search
clinton williams,Clinton Williams,1984-03-10,search
clodoaldo lima,Clodoaldo Lima,1982-06-05,search
clovis hancock,Clovis Hancock,1985-09-07,search
cm punk,CM Punk,1978-10-26,enumeration
cobey fehr,Cobey Fehr,1994-08-25,enumeration
bradford coby,Coby Bradford,1994-10-26,search
codale ford,Codale Ford,1979-05-13,search
beck cody,Cody Beck,1993-12-08,enumeration
bollinger cody,Cody Bollinger,1991-03-18,enumeration
brundage cody,Cody Brundage,1994-05-16,search
carrillo cody,Cody Carrillo,1982-04-15,search
chamberlain cody,Cody Chamberlain,1987-08-04,enumeration
chovancek cody,Cody Chovancek,1998-07-24,search
cody davis,Cody Davis,1994-08-17,search
cody donovan,Cody Donovan,1981-02-20,enumeration
cody durden,Cody Durden,1991-03-29,search
cody east,Cody East,1988-06-29,search
cody freeman,Cody Freeman,1995-06-29,search
cody fuller,Cody Fuller,1988-05-19,search
cody garbrandt,Cody Garbrandt,1991-07-07,enumeration
cody garness,Cody Garness,1991-07-12,search
cody gibson,Cody Gibson,1987-09-11,search
cody goodale,Cody Goodale,1990-01-17,search
cody groves,Cody Groves,1993-01-06,enumeration
cody haddon,Cody Haddon,1998-09-08,search
cody herbert,Cody Herbert,1991-01-05,search
cody hier,Cody Hier,1987-12-01,search
cody jenkins,Cody Jenkins,1993-01-25,search
cody jones,Cody Jones,1992-10-06,search
cody land,Cody Land,1990-08-23,search
cody law,Cody Law,1995-03-24,search
cody linne,Cody Linne,2000-05-26,search
cody matthews,Cody Matthews,1998-06-12,search
cody mccloud,Cody McCloud,1989-12-08,enumeration
cody mckenzie,Cody McKenzie,1987-12-16,search
cody mooney,Cody Mooney,1991-05-20,search
cody peterson,Cody Peterson,1989-03-05,search
cody pfister,Cody Pfister,1990-07-12,search
cody rolling,Cody Rolling,1988-06-04,search
cody schieve,Cody Schieve,1995-04-15,search
cody sheronick,Cody Sheronick,1989-01-19,search
cody sinclair,Cody Sinclair,1991-05-22,enumeration
cody stamann,Cody Stamann,1989-11-09,search
cody walker,Cody Walker,1988-01-15,search
cody williams,Cody Williams,1984-08-13,search
cody wilson,Cody Wilson,1988-01-20,search
colbey northcutt,Colbey Northcutt,1993-03-29,search
colby covington,Colby Covington,1988-02-22,search
colby fletcher,Colby Fletcher,1993-01-31,search
colby thicknesse,Colby Thicknesse,1999-06-23,search
colby tierney,Colby Tierney,1982-08-02,enumeration
alaxanian cole,Cole Alaxanian,1992-01-01,search
cole escovedo,Cole Escovedo,1981-08-30,search
cole fetzner,Cole Fetzner,1986-03-18,enumeration
cole konrad,Cole Konrad,1984-04-02,enumeration
cole milani,Cole Milani,1990-06-14,enumeration
cole miller,Cole Miller,1984-04-28,search
cole presley,Cole Presley,1986-05-14,search
cole shafer,Cole Shafer,1989-08-06,enumeration
cole smith,Cole Smith,1989-04-05,enumeration
cole williams,Cole Williams,1983-12-15,enumeration
colin fletcher,Colin Fletcher,1983-01-08,search
colin parr,Colin Parr,1991-10-19,search
colin robinson,Colin Robinson,1968-11-27,enumeration
colin wright,Colin Wright,1988-12-24,search
colleen schneider,Colleen Schneider,1982-03-12,search
anglin collin,Collin Anglin,1993-02-20,search
baikie collin,Collin Baikie,1989-09-04,enumeration
collin dunkley,Collin Dunkley,1990-07-12,enumeration
collin hart,Collin Hart,1989-10-12,search
collin huckbody,Collin Huckbody,1994-09-29,search
collin lubberts,Collin Lubberts,1995-09-29,search
cole coltin,Coltin Cole,1989-04-24,search
braden colton simon,Colton Braden Simon,1998-02-10,enumeration
colton creason,Colton Creason,1990-12-19,enumeration
colton hamm,Colton Hamm,1993-09-18,search
colton loud,Colton Loud,2000-12-07,search
colton smith,Colton Smith,1987-08-14,search
conce oliveira,Conce Oliveira,1998-12-07,enumeration
conceicao oliveira,Conceicao Oliveira,1998-12-07,enumeration
cong wang,Cong Wang,1992-05-15,enumeration
barry connor,Connor Barry,1995-04-20,search
connor dixon,Connor Dixon,1996-04-01,search
connor hughes,Connor Hughes,1997-06-05,search
connor matthews,Connor Matthews,1992-05-31,search
conor heun,Conor Heun,1979-11-02,enumeration
conor mcgregor,Conor McGregor,1988-07-14,search
constantin gnusarev,Constantin Gnusarev,1995-11-24,search
constantinos philippou,Constantinos Philippou,1979-11-29,enumeration
anderson corey,Corey Anderson,1989-09-22,search
atkinson corey,Corey Atkinson,1987-11-25,search
barreiro corey,Corey Barreiro,1987-07-29,search
breckner corey,Corey Breckner,1992-06-25,enumeration
conway corey,Corey Conway,1996-01-02,enumeration
corey davis,Corey Davis,1991-12-03,search
corey dulaney,Corey Dulaney,1989-11-24,search
corey hill,Corey Hill,1978-10-03,search
corey jackson,Corey Jackson,1988-04-18,search
corey jennings,Corey Jennings,1996-02-09,search
corey roberts,Corey Roberts,1988-01-05,search
corey salter,Corey Salter,1972-03-05,enumeration
corey samuels,Corey Samuels,1993-03-04,search
corina herrera,Corina Herrera,1989-04-15,search
corinne laframboise,Corinne Laframboise,1989-05-25,search
cornel thompson,Cornel Thompson,1995-03-02,search
cornelia holm,Cornelia Holm,1988-05-29,search
chapman cornelius,Cornelius Chapman,1986-05-26,enumeration
cornelius williams,Cornelius Williams,1988-09-12,enumeration
beachem cornell jr,Cornell Beachem Jr.,2000-08-04,enumeration
corrie ward,Corrie Ward,1993-07-29,search
cortavious romious,Cortavious Romious,1994-01-06,search
coleman cortez,Cortez Coleman,1982-01-28,search
casey cortney,Cortney Casey,1987-05-05,search
alexander cory,Cory Alexander,1989-04-25,enumeration
cory devela,Cory Devela,1984-08-05,enumeration
cory hendricks,Cory Hendricks,1988-05-10,search
cory mckenna,Cory McKenna,1999-07-11,search
cory sandhagen,Cory Sandhagen,1992-04-20,search
cory simpson,Cory Simpson,1986-10-08,search
baur cory vom,Cory Vom Baur,1986-07-06,enumeration
cosme santos,Cosme Santos,1989-09-01,enumeration
alexandre cosmo,Cosmo Alexandre,1982-04-24,enumeration
costello steenis van,Costello Van Steenis,1992-07-28,search
coty milhausen,Coty Milhausen,1996-12-16,enumeration
court mcgee,Court McGee,1984-12-12,search
courtney labuy,Courtney LaBuy,1996-12-10,enumeration
courtney martin,Courtney Martin,1993-01-13,search
campbell craig,Craig Campbell,1985-04-29,search
craig fairley,Craig Fairley,1992-03-25,search
craig fruth,Craig Fruth,1990-02-22,search
craig maclean,Craig MacLean,1987-11-03,enumeration
craig mcalpine,Craig McAlpine,1978-03-01,enumeration
craig rawlins,Craig Rawlins,1992-01-24,enumeration
craig shintani,Craig Shintani,1991-07-18,search
craig shitani,Craig Shitani,1991-07-18,enumeration
craig white,Craig White,1990-07-01,search
cris cyborg,Cris Cyborg,1985-07-09,enumeration
cris hadji,Cris Hadji,1991-07-07,search
cris lencioni,Cris Lencioni,1994-07-28,search
cris ferreira macedo macfer,Cris Macfer Ferreira Macedo,1993-05-10,enumeration
cris mims,Cris Mims,1988-10-07,search
cristhian rivas,Cristhian Rivas,1994-02-03,search
cristhian torres,Cristhian Torres,1992-03-31,enumeration
barraza cristian,Cristian Barraza,1993-11-07,search
cristian de los santos,Cristian De los Santos,1993-02-23,enumeration
cristian dominguez,Cristian Dominguez,1992-05-01,enumeration
cristian garcia,Cristian Garcia,1992-05-07,enumeration
cristian lopez,Cristian Lopez,2000-12-12,enumeration
cristian magro,Cristian Magro,1981-06-25,enumeration
cristian perez,Cristian Pérez,1999-08-17,enumeration
cristian quinonez,Cristian Quinonez,1996-04-26,search
cristian rodrigo roldan,Cristian Rodrigo Roldan,1994-05-20,search
cristian rodriguez,Cristian Rodriguez,1992-09-01,search
cristiane lima silva,Cristiane Lima Silva,1985-10-15,search
bonis cristiano,Cristiano Bonis,1991-02-12,search
cristiano cruz,Cristiano Cruz,1992-06-15,search
cristiano kaminishi,Cristiano Kaminishi,1979-07-14,enumeration
cristiano lazzarini,Cristiano Lazzarini,1976-05-02,enumeration
cristiano nogueira vargas,Cristiano Nogueira Vargas,1991-08-12,enumeration
brador cristina,Cristina Brador,1992-07-09,search
cristina stanciu,Cristina Stanciu,1994-03-29,enumeration
cristmi niero,Cristmi Niero,1984-08-09,enumeration
chavezdavila cristobal,Cristobal Chavez-Davila,1990-03-20,enumeration
cristobal ibanez,Cristobal Ibanez,1998-12-01,enumeration
adames criszaida,Criszaida Adames,1993-01-04,search
cruz johnson,Cruz Johnson,1989-10-30,enumeration
csaba hocz,Csaba Hocz,1993-03-10,search
cub swanson,Cub Swanson,1983-11-02,search
cung le,Cung Le,1972-05-25,enumeration
blaydes curtis,Curtis Blaydes,1991-02-18,search
curtis demarce,Curtis Demarce,1988-07-26,search
curtis millender,Curtis Millender,1987-12-01,search
curtis vert,Curtis Vert,1984-02-12,enumeration
arceo cynthia,Cynthia Arceo,1989-12-11,search
calvillo cynthia,Cynthia Calvillo,1987-07-13,search
candido cynthia,Cynthia Candido,1996-01-02,enumeration
cynthia jibidar,Cynthia Jibidar,1994-12-20,enumeration
cynthia vescan,Cynthia Vescan,1992-02-07,enumeration
asker cyril,Cyril Asker,1985-12-24,enumeration
cyrille diabate,Cyrille Diabate,1973-06-10,enumeration
czar sklavos,Czar Sklavos,1982-04-11,search
dj linderman,D.J. Linderman,1983-09-01,search
djuan owens,D'Juan Owens,1985-06-21,enumeration
da won yoon,Da Won Yoon,1998-11-07,enumeration
da jung woon,Da Woon Jung,1993-12-07,search
blackshear damon,Da'Mon Blackshear,1994-08-12,enumeration
dae hwan kim,Dae Hwan Kim,1987-01-31,search
dae kim myung,Dae Myung Kim,1981-09-28,enumeration
dae park sung,Dae Sung Park,1993-06-09,search
chagnaadorj dagiisuren,Dagiisuren Chagnaadorj,1999-12-31,search
dagoberto santos,Dagoberto Santos,2002-10-29,enumeration
daguir imavov,Daguir Imavov,1991-11-04,search
daiana torquato,Daiana Torquato,1990-11-17,search
da daiane silva,Daiane Da Silva,1995-03-28,enumeration
abe daichi,Daichi Abe,1991-11-27,search
daichi kamiya,Daichi Kamiya,1999-04-19,search
daichi kitakata,Daichi Kitakata,1991-03-30,search
daichi mikami,Daichi Mikami,1996-04-06,enumeration
daichi takenaka,Daichi Takenaka,1990-01-29,search
daiki hata,Daiki Hata,1982-08-24,search
daiki shimizu,Daiki Shimizu,1989-05-31,search
daiki takashima,Daiki Takashima,1983-04-15,search
dailon farias,Dailon Farias,1993-07-29,enumeration
buckley daiqwon,Daiqwon Buckley,1996-04-10,search
daisuke maku,Daisuke Maku,1983-11-10,enumeration
daisuke matsumoto,Daisuke Matsumoto,1977-10-07,search
daisuke nakamura,Daisuke Nakamura,1980-06-10,search
daisuke sugie,Daisuke Sugie,1980-10-12,enumeration
daisuke yamaguchi,Daisuke Yamaguchi,1987-08-24,search
daizo ishige,Daizo Ishige,1980-11-11,enumeration
bush dakota,Dakota Bush,1994-06-09,search
cochrane dakota,Dakota Cochrane,1988-05-01,search
dakota ditcheva,Dakota Ditcheva,1998-07-25,search
dakota hope,Dakota Hope,1997-01-29,search
dalcha lungiambula,Dalcha Lungiambula,1987-07-31,search
billett dale,Dale Billett,1979-01-13,enumeration
dale mitchell,Dale Mitchell,1983-04-16,search
dale sopi,Dale Sopi,1991-01-25,enumeration
daler yakhyaev,Daler Yakhyaev,1987-03-13,enumeration
daline gomes silvestre,Daline Gomes Silvestre,1992-01-07,enumeration
dallas jennings,Dallas Jennings,1990-11-07,search
dallas manspile,Dallas Manspile,1992-09-19,enumeration
dalton duncan,Dalton Duncan,1992-08-30,enumeration
dalton rosta,Dalton Rosta,1995-11-09,search
damacio page,Damacio Page,1982-09-30,search
damara vargas,Damara Vargas,1998-11-21,search
damarcus holmes,Damarcus Holmes,1989-04-04,enumeration
damaris olivares,Damaris Olivares,1991-02-05,search
damarques johnson,DaMarques Johnson,1982-06-28,search
dameron kirby,Dameron Kirby,1981-03-27,search
damian grabowski,Damian Grabowski,1980-05-12,search
damian herczyk,Damian Herczyk,1977-07-27,enumeration
damian janikowski,Damian Janikowski,1989-06-27,search
damian johnston,Damian Johnston,1995-07-01,enumeration
damian olszewski,Damian Olszewski,1986-01-13,search
damian pinas,Damian Pinas,2002-03-12,search
damian piwowarczyk,Damian Piwowarczyk,1997-09-14,search
damian ruiz,Damian Ruiz,1990-04-11,enumeration
damian rzepecki,Damian Rzepecki,2001-11-23,enumeration
damian skarzynski,Damian Skarzynski,1988-05-07,search
damian stasiak,Damian Stasiak,1990-02-20,search
damian zorczykowski,Damian Zorczykowski,1988-05-22,enumeration
anderson damien,Damien Anderson,1997-01-04,search
brown damien,Damien Brown,1984-12-25,search
damien lapilus,Damien Lapilus,1988-05-22,search
damien louloum,Damien Louloum,1986-09-02,enumeration
damien peltier,Damien Peltier,1994-09-24,search
damien rooney,Damien Rooney,1984-03-31,search
damion hill,Damion Hill,1992-01-04,search
damion nelson,Damion Nelson,1993-06-19,search
damir ferhatbegovic,Damir Ferhatbegovic,1994-09-14,search
damir hadzovic,Damir Hadzovic,1986-08-08,search
damir ismagulov,Damir Ismagulov,1991-02-03,search
damir mihajlovic,Damir Mihajlovic,1982-07-18,enumeration
damir mirenic,Damir Mirenic,1974-08-02,enumeration
damon jackson,Damon Jackson,1988-08-08,search
damon wilson,Damon Wilson,1993-04-29,search
damonte robinson,Damonte Robinson,1995-06-10,search
almario dan,Dan Almario,1990-04-13,search
argueta dan,Dan Argueta,1993-08-13,search
barrera dan,Dan Barrera,1980-12-23,search
bi dan kim,Dan Bi Kim,2001-03-09,enumeration
boehle dan,Dan Boehle,1994-02-02,enumeration
busch dan,Dan Busch,1988-09-12,enumeration
charles dan,Dan Charles,1985-09-24,search
christison dan,Dan Christison,1972-04-26,enumeration
cramer dan,Dan Cramer,1985-10-31,enumeration
currie dan,Dan Currie,1983-09-23,enumeration
dan dubuque,Dan Dubuque,1985-12-12,search
dan enson hyatt,Dan Enson Hyatt,1988-06-09,enumeration
dan evensen,Dan Evensen,1974-06-01,enumeration
dan hardy,Dan Hardy,1982-05-17,search
dan henderson,Dan Henderson,1970-08-24,search
dan hooker,Dan Hooker,1990-02-13,search
dan hope,Dan Hope,1986-01-10,search
dan hornbuckle,Dan Hornbuckle,1980-12-26,search
dan huber,Dan Huber,1987-10-25,search
dan ige,Dan Ige,1991-08-06,search
dan jones,Dan Jones,1990-08-15,enumeration
dan lauzon,Dan Lauzon,1988-03-30,enumeration
dan miller,Dan Miller,1981-06-30,search
dan molina,Dan Molina,1984-06-19,enumeration
dan moret,Dan Moret,1986-11-21,search
dan moriarty,Dan Moriarty,1992-10-05,search
dan oconnor,Dan O'Connor,1982-11-17,enumeration
dan severn,Dan Severn,1954-06-08,enumeration
dan shapiro,Dan Shapiro,1991-03-02,enumeration
dan sokolowski,Dan Sokolowski,1984-08-12,search
dan spohn,Dan Spohn,1984-10-12,search
dan stevenson,Dan Stevenson,1988-06-22,search
dan stittgen,Dan Stittgen,1980-11-17,enumeration
dan swift,Dan Swift,1975-01-15,search
dan vinni,Dan Vinni,1987-08-04,search
danasabe mohammed,Danasabe Mohammed,1990-10-06,search
dane edge,Dane Edge,1992-02-08,enumeration
dane espinosa,Dane Espinosa,1986-07-24,enumeration
dania ouhachi,Dania Ouhachi,2003-12-24,enumeration
besaz danial,Danial Besaz,1992-09-30,enumeration
danial williams,Danial Williams,1993-06-13,search
acacio daniel,Daniel Acacio,1977-12-27,search
aguirre daniel,Daniel Aguirre,1990-07-27,search
allen daniel,Daniel Allen,1992-08-10,enumeration
arriaga daniel,Daniel Arriaga,2000-02-15,search
ayala daniel,Daniel Ayala,1984-05-11,search
barez daniel,Daniel Barez,1988-12-10,search
bazant daniel,Daniel Bazant,1991-07-23,search
benjamin daniel grass,Daniel Benjamin Grass,1980-01-30,enumeration
carey daniel,Daniel Carey,1990-01-22,search
cassell daniel,Daniel Cassell,1991-04-26,search
compton daniel,Daniel Compton,1988-04-21,search
cormier daniel,Daniel Cormier,1979-03-20,search
cruz daniel de la,Daniel De La Cruz,1993-07-08,search
daniel doerrer,Daniel Doerrer,1984-12-28,enumeration
daniel dos ferreira santos,Daniel Ferreira Dos Santos,1989-02-03,enumeration
daniel frunza,Daniel Frunza,1994-04-13,search
daniel gonzales,Daniel Gonzales,1997-06-09,search
daniel hajzer,Daniel Hajzer,1990-09-26,enumeration
daniel head,Daniel Head,1986-07-23,search
daniel hortegas,Daniel Hortegas,1988-06-21,search
daniel iwuoha,Daniel Iwuoha,1997-09-19,enumeration
daniel james,Daniel James,1981-12-31,enumeration
daniel jefferson,Daniel Jefferson,1990-09-24,search
daniel jolly,Daniel Jolly,1984-09-03,search
daniel kelly,Daniel Kelly,1977-10-31,search
daniel kimmling,Daniel Kimmling,1990-09-05,enumeration
daniel konrad,Daniel Konrad,1996-04-15,search
daniel lacerda,Daniel Lacerda,1996-06-05,search
daniel madrid,Daniel Madrid,1984-04-24,search
daniel mahoney,Daniel Mahoney,1989-06-07,enumeration
daniel marcos,Daniel Marcos,1993-03-07,search
daniel mashamaite,Daniel Mashamaite,1976-12-06,enumeration
daniel matos,Daniel Matos,1991-09-25,enumeration
daniel mcwilliams,Daniel McWilliams,1983-01-14,search
daniel melo,Daniel Melo,1990-04-06,search
daniel morales,Daniel Morales,1981-12-24,search
daniel morrison,Daniel Morrison,1998-11-15,search
daniel naicu,Daniel Naicu,1997-12-05,enumeration
daniel nery,Daniel Nery,1985-05-02,enumeration
daniel omielanczuk,Daniel Omielanczuk,1982-08-31,search
daniel pineda,Daniel Pineda,1985-08-06,search
daniel reis,Daniel Reis,1992-05-17,search
daniel requeijo,Daniel Requeijo,1984-04-07,search
daniel richardson,Daniel Richardson,1984-11-22,enumeration
daniel riveron,Daniel Riveron,1999-01-21,enumeration
daniel roberts,Daniel Roberts,1980-01-01,search
daniel rodrigues,Daniel Rodrigues,1991-03-19,enumeration
daniel rodriguez,Daniel Rodriguez,1986-12-31,search
daniel romero,Daniel Romero,1990-09-18,enumeration
daniel rutkowski,Daniel Rutkowski,1989-01-20,search
daniel salas,Daniel Salas,1988-06-08,search
daniel sanchez,Daniel Sanchez,1990-02-20,search
daniel santos,Daniel Santos,1995-03-12,enumeration
daniel sarafian,Daniel Sarafian,1982-08-21,search
daniel schwindt,Daniel Schwindt,1998-10-12,search
daniel skibinski,Daniel Skibinski,1990-08-28,search
daniel skvor,Daniel Skvor,1989-04-07,search
daniel pereira souza,Daniel Souza Pereira,1990-12-13,search
daniel spitz,Daniel Spitz,1990-07-31,enumeration
daniel straus,Daniel Straus,1984-07-27,search
daniel swain,Daniel Swain,1991-01-30,search
daniel tabera,Daniel Tabera,1977-12-25,enumeration
daniel teymur,Daniel Teymur,1988-02-03,search
daniel tolbert,Daniel Tolbert,1988-12-18,enumeration
daniel torres,Daniel Torres,1994-02-06,search
daniel trejo,Daniel Trejo,1993-08-09,search
daniel vizcaya,Daniel Vizcaya,1985-07-01,enumeration
daniel watts,Daniel Watts,1981-09-01,enumeration
daniel weichel,Daniel Weichel,1984-11-22,search
daniel zellhuber,Daniel Zellhuber,1999-07-07,search
antonelli daniela,Daniela Antonelli,1998-03-13,enumeration
carrizo daniela,Daniela Carrizo,1997-09-09,enumeration
daniela kortmann,Daniela Kortmann,1987-09-26,enumeration
da daniela maria silva,Daniela Maria da Silva,1989-07-07,search
daniela ribeiro,Daniela Ribeiro,2002-09-06,enumeration
daniela villasmil,Daniela Villasmil,1993-09-18,enumeration
battaglia daniele,Daniele Battaglia,1997-10-21,enumeration
daniele miceli,Daniele Miceli,1987-10-20,search
daniele scatizzi,Daniele Scatizzi,1993-05-15,search
danielle hindley,Danielle Hindley,1984-01-09,search
danielle taylor,Danielle Taylor,1989-10-25,search
danielle wynn,Danielle Wynn,1987-05-22,search
arepyev daniil,Daniil Arepyev,1990-02-26,search
daniil donchenko,Daniil Donchenko,2001-08-04,search
arandjelovic danijel,Danijel Arandjelovic,1996-07-17,search
danijel kokora,Danijel Kokora,1989-10-10,search
danillo villefort,Danillo Villefort,1983-05-08,enumeration
adreani danilo,Danilo Adreani,1993-06-22,search
anderson carvalho danilo de,Danilo Anderson de Carvalho,1994-09-12,enumeration
belluardo danilo,Danilo Belluardo,1994-07-21,search
cherman danilo,Danilo Cherman,1983-01-21,enumeration
camilo danilo de oliveria,Danilo de Oliveria Camilo,1987-04-03,enumeration
danilo de silva souza,Danilo de Souza Silva,1985-04-30,enumeration
danilo marques,Danilo Marques,1985-12-26,search
danilo morais,Danilo Morais,1993-11-11,enumeration
danilo patusco,Danilo Patusco,1987-10-24,enumeration
danilo suzart,Danilo Suzart,1991-04-12,search
daniyal elbaev,Daniyal Elbaev,1996-09-02,enumeration
daniyar ismailov,Daniyar Ismailov,1990-04-22,search
cucuta dann,Dann Cucuta,1979-09-21,enumeration
danni mccormack,Danni McCormack,1990-03-15,search
barlow danny,Danny Barlow,1995-08-02,search
burawa danny,Danny Burawa,1988-12-30,enumeration
castillo danny,Danny Castillo,1979-08-25,search
chavez danny,Danny Chavez,1987-03-14,search
danny davis jr,Danny Davis Jr.,1982-07-28,search
danny downes,Danny Downes,1986-04-08,enumeration
danny henry,Danny Henry,1988-07-17,search
danny kingad,Danny Kingad,1995-09-28,search
danny lawson,Danny Lawson,1989-04-03,enumeration
danny mainus,Danny Mainus,1984-04-04,search
danny martinez,Danny Martinez,1985-06-14,search
danny missin,Danny Missin,1987-12-04,search
danny mitchell,Danny Mitchell,1986-08-08,search
danny navarro,Danny Navarro,1983-05-27,search
danny ramirez,Danny Ramirez,1989-02-22,search
danny roberts,Danny Roberts,1987-07-14,search
danny sabatello,Danny Sabatello,1993-03-31,search
danny silva,Danny Silva,1997-01-30,search
danny vega,Danny Vega,1994-08-23,enumeration
danny welsh,Danny Welsh,1987-08-22,search
dante diaz,Dante Diaz,2002-10-24,enumeration
dante harrell,Dante Harrell,1982-03-11,search
dante rivera,Dante Rivera,1974-12-08,enumeration
dante schiro,Dante Schiro,1993-12-18,search
danyelle williams,Danyelle Williams,1981-12-09,search
danyelle wolf,Danyelle Wolf,1983-09-08,search
danyllo lima pereira,Danyllo Pereira Lima,1988-02-12,enumeration
danylo voievodkin,Danylo Voievodkin,2000-07-19,search
chibisova daria,Daria Chibisova,1995-04-04,enumeration
daria ibragimova,Daria Ibragimova,1984-06-16,enumeration
daria regil,Daria Regil,1995-05-18,enumeration
daria zhelezniakova,Daria Zhelezniakova,1996-01-23,search
darian padgett,Darian Padgett,1998-07-01,enumeration
darian weeks,Darian Weeks,1993-11-23,search
cooley darin,Darin Cooley,1988-03-31,enumeration
darina mazdyuk,Darina Mazdyuk,1992-01-24,search
dario difalco,Dario Difalco,1992-01-21,enumeration
dario sinagoga,Dario Sinagoga,1988-05-29,search
abbey darion,Darion Abbey,1993-02-25,search
darion terry,Darion Terry,1983-04-07,enumeration
darius estell,Darius Estell,1988-09-16,search
darius mafi,Darius Mafi,1993-02-24,search
dariusz zimolag,Dariusz Zimolag,1976-08-29,enumeration
banovic darko,Darko Banovic,1991-08-10,search
darko stosic,Darko Stosic,1992-02-09,search
darlan ferreira,Darlan Ferreira,1995-10-20,search
darnell truett,Darnell Truett,1994-05-17,search
darnell jr white,Darnell White Jr.,1993-11-19,search
cruickshank daron,Daron Cruickshank,1985-06-11,search
darragh kelly,Darragh Kelly,1998-04-06,search
darrell horcher,Darrell Horcher,1987-07-28,search
darrell montague,Darrell Montague,1987-11-03,search
darrell smith,Darrell Smith,1976-08-16,enumeration
costa darren,Darren Costa,1992-07-16,search
darren elkins,Darren Elkins,1984-05-16,search
darren gibbs,Darren Gibbs,1984-11-25,search
darren mima,Darren Mima,1984-02-08,search
darren jr smith,Darren Smith Jr.,1987-04-05,search
darren stewart,Darren Stewart,1990-12-30,search
darren till,Darren Till,1992-12-24,search
darren uyenoyama,Darren Uyenoyama,1979-10-15,search
darren whitney,Darren Whitney,1990-06-06,search
darrick minner,Darrick Minner,1990-04-28,search
darrill schoonover,Darrill Schoonover,1985-06-18,search
caldwell darrion,Darrion Caldwell,1987-12-19,search
darrius flowers,Darrius Flowers,1994-08-25,search
darryl walker,Darryl Walker,1991-12-21,enumeration
darwin luna ortez,Darwin Luna Ortez,1997-08-23,search
darwin rodriguez,Darwin Rodriguez,1992-11-21,search
daryl lokoku,Daryl Lokoku,1993-04-17,enumeration
daryl wilson,Daryl Wilson,1992-08-06,search
dash harris,Dash Harris,2003-07-10,enumeration
boatwright dashawn,Dashawn Boatwright,1988-02-29,search
dasheng wu,Dasheng Wu,1995-06-04,enumeration
dashon johnson,Dashon Johnson,1988-01-25,search
dauda rajabu,Dauda Rajabu,1993-06-10,search
davaun mckoy,Davaun McKoy,1991-10-11,search
courchaine dave,Dave Courchaine,1983-02-08,enumeration
dalgliesh dave,Dave Dalgliesh,1978-04-05,enumeration
dave farfone,Dave Farfone,1986-09-07,enumeration
dave galera,Dave Galera,1978-01-12,search
dave herman,Dave Herman,1984-10-03,enumeration
dave huckaba,Dave Huckaba,1974-06-01,enumeration
dave jansen,Dave Jansen,1979-08-21,search
dave jones,Dave Jones,1987-03-28,enumeration
dave lastafka,Dave Lastafka,1989-06-24,enumeration
dave leduc,Dave Leduc,1991-12-13,enumeration
dave marfone,Dave Marfone,1986-09-07,search
dave menne,Dave Menne,1974-07-29,enumeration
dave morgan,Dave Morgan,1985-06-22,search
dave morris,Dave Morris,1976-11-26,enumeration
dave pearson,Dave Pearson,1988-08-09,enumeration
dave phillips,Dave Phillips,1980-01-12,enumeration
dave roberts,Dave Roberts,1982-07-23,search
dave strasser,Dave Strasser,1969-07-13,enumeration
dave terrel,Dave Terrel,1978-10-05,search
dave vader,Dave Vader,1977-07-04,enumeration
davey grant,Davey Grant,1985-12-18,search
almeida davi,Davi Almeida,1996-12-18,search
bittencourt davi,Davi Bittencourt,1994-10-12,search
cabral davi,Davi Cabral,1999-03-19,search
davi ramos,Davi Ramos,1986-11-05,search
davi rodrigues,Davi Rodrigues,1991-06-01,search
davi souza,Davi Souza,1996-12-18,enumeration
davi young,Davi Young,1995-11-13,enumeration
abbott david,David Abbott,1965-07-16,enumeration
alex david valente,David Alex Valente,1990-02-18,enumeration
allan david,David Allan,1992-06-07,enumeration
amaya david,David Amaya,1990-05-22,enumeration
aramyan david,David Aramyan,1999-10-01,enumeration
bangguigui david,David Bangguigui,1995-10-28,enumeration
barkhudaryan david,David Barkhudaryan,1996-12-16,enumeration
baron david,David Baron,1973-02-15,enumeration
bear david,David Bear,1990-12-09,search
bernas david,David Bernas,1988-09-21,enumeration
bielkheden david,David Bielkheden,1979-06-06,search
bollea david,David Bollea,1990-11-28,search
bosnick david,David Bosnick,1990-09-17,search
branch david,David Branch,1981-09-26,enumeration
briones david,David Briones,1988-02-29,search
burrow david,David Burrow,1991-10-11,enumeration
butt david,David Butt,1989-08-09,search
ciuclea david,David Ciuclea,1992-03-27,search
conte david,David Conte,1985-07-08,enumeration
david douglas,David Douglas,1982-08-18,search
david duran,David Duran,1985-01-16,search
david dvorak,David Dvorak,1992-06-05,search
david evans,David Evans,1994-01-06,enumeration
david fernandez,David Fernandez,1990-07-25,enumeration
david fernandez hernandez,David Fernandez Hernandez,1990-07-25,enumeration
david fuentes,David Fuentes,1999-10-09,enumeration
david gladfelter,David Gladfelter,1992-01-27,search
david harris,David Harris,1981-10-08,search
david heath,David Heath,1976-10-02,enumeration
david hernandez,David Hernandez,1994-10-17,enumeration
david hosek,David Hosek,1993-04-19,search
david jacobsson,David Jacobsson,1996-06-20,search
david jordan,David Jordan,1990-04-10,search
david kaplan,David Kaplan,1979-11-16,enumeration
david karp,David Karp,1991-11-06,enumeration
david kedzuch,David Kedzuch,1979-10-19,search
david khachatryan,David Khachatryan,1987-12-24,enumeration
david khalsa,David Khalsa,1987-11-10,search
david kozma,David Kozma,1992-08-13,search
david lewis,David Lewis,1991-05-28,enumeration
david loiseau,David Loiseau,1979-12-17,enumeration
david lopez,David Lopez,1991-01-25,enumeration
david luna,David Luna,1987-08-05,enumeration
david macias ruiz,David Macias Ruiz,1990-10-21,enumeration
david martin,David Martin,1991-01-05,enumeration
david martinik,David Martinik,1997-06-29,search
david mckinney,David McKinney,1991-11-27,search
david mgoyan,David Mgoyan,2004-06-25,search
david michaud,David Michaud,1988-11-10,search
david mitchell,David Mitchell,1979-10-24,search
david moore,David Moore,1976-07-05,enumeration
david mora,David Mora,1995-03-19,search
david mundell,David Mundell,1991-08-01,search
david onama,David Onama,1994-06-07,search
david pacheco,David Pacheco,1991-06-08,enumeration
david perron,David Perron,1981-03-06,enumeration
david pope,David Pope,1987-02-11,enumeration
david pregely,David Pregely,1980-03-11,enumeration
david putvin,David Putvin,1992-02-29,search
david ramires,David Ramires,1986-03-21,search
david richardson,David Richardson,1991-09-05,search
david rickels,David Rickels,1989-01-05,search
david robins,David Robins,1991-04-27,enumeration
david rodgers,David Rodgers,1988-04-04,enumeration
david rodrigues,David Rodrigues,1988-04-04,enumeration
david stone,David Stone,1981-06-19,search
david terrell,David Terrell,1978-01-09,enumeration
david teymur,David Teymur,1989-05-01,search
david trallero,David Trallero,1984-10-03,enumeration
david vasic,David Vasic,1982-08-25,enumeration
david white,David White,1989-05-04,enumeration
da david farias silva william,David William da Silva Farias,1984-03-13,enumeration
david zawada,David Zawada,1990-08-01,search
david zelner,David Zelner,1989-12-19,search
crol davidtonatiuth,David-Tonatiuth Crol,1997-03-22,enumeration
baneschi davide,Davide Baneschi,1989-06-25,search
davide gregorio la torre,Davide Gregorio La Torre,1989-12-11,search
davide martinez,Davide Martinez,1993-10-06,enumeration
clark davin,Davin Clark,1983-01-11,enumeration
davion franklin,Davion Franklin,1994-06-21,search
davion trotter,Davion Trotter,1996-12-09,search
davis jr oracio,Davis Oracio Jr.,1986-09-06,enumeration
davit khutsishvili,Davit Khutsishvili,1996-06-21,search
davlatbek khozhiev,Davlatbek Khozhiev,1992-09-04,enumeration
davronbek khamitkulov,Davronbek Khamitkulov,1986-01-29,enumeration
davy gallon,Davy Gallon,1989-04-28,search
dawid smieowski,Dawid Śmiełowski,1995-11-20,enumeration
dawid wylegala,Dawid Wylegala,1996-06-12,enumeration
dawond pickney,Dawond Pickney,1978-07-02,search
dayana silva,Dayana Silva,1990-08-17,enumeration
cardoso dayane,Dayane Cardoso,1996-04-30,enumeration
cristine dayane,Dayane Cristine,1991-12-29,enumeration
colmenares dayerlin,Dayerlin Colmenares,2000-12-29,enumeration
dayman lake,Dayman Lake,1986-01-22,enumeration
dayse nascimento santos,Dayse Santos Nascimento,1982-07-14,enumeration
daytroy lyonslee,Daytroy Lyons-Lee,1985-04-08,enumeration
dayvison silva,Dayvison Silva,1991-02-25,search
da daziel jr serafim silva,Daziel Serafim da Silva Jr.,1991-02-08,search
deaundre tipton,De'Aundre Tipton,1995-03-01,enumeration
amasinger dean,Dean Amasinger,1984-03-09,enumeration
barry dean,Dean Barry,1992-03-07,enumeration
dean garnett,Dean Garnett,1988-07-25,search
dean lister,Dean Lister,1976-02-13,enumeration
anderson deandre,Deandre Anderson,1997-02-02,search
deandrew jones,DeAndrew Jones,1993-11-23,search
bennett deanna,DeAnna Bennett,1984-11-28,search
batista deberson,Deberson Batista,1990-12-03,search
debora ferreira,Débora Ferreira,1993-04-05,enumeration
debora oliveira,Débora Oliveira,1995-04-09,enumeration
decariye rosby,Decariye Rosby,2001-01-19,enumeration
decky mcaleenan,Decky McAleenan,1991-10-04,enumeration
declan williams,Declan Williams,1984-08-10,search
dedrek sanders,Dedrek Sanders,1990-03-02,search
begley dee,Dee Begley,1994-12-10,search
bautista deego,Deego Bautista,1994-12-29,enumeration
deick nascimento,Deick Nascimento,1985-12-09,enumeration
deiveson figueiredo,Deiveson Figueiredo,1987-12-18,search
deividas taurosevicius,Deividas Taurosevicius,1977-08-28,search
deivison francisco ribeiro,Deivison Francisco Ribeiro,1989-03-06,search
araujo de deize lima mayelem,Deize Mayelem de Lima Araujo,1988-05-12,search
dejan dragosavac,Dejan Dragosavac,1998-02-04,enumeration
dejan kajic,Dejan Kajic,1984-09-21,search
amnuaysirichoke dejdamrong sor,Dejdamrong Sor Amnuaysirichoke,1978-11-07,search
delan monte,Delan Monte,1993-09-15,search
delane lamere,Delane Lamere,1996-10-30,enumeration
delaney owen,Delaney Owen,1992-11-20,enumeration
delbert lamark,Delbert Lamark,1989-01-27,search
benitez delfino,Delfino Benitez,1992-11-21,search
borges delis,Delis Borges,1981-01-03,search
delson heleno,Delson Heleno,1977-11-16,search
demagio smith,Demagio Smith,1990-02-12,enumeration
demarques jackson,Demarques Jackson,1990-08-22,search
demarte pena,Demarte Pena,1989-09-23,search
demba seck,Demba Seck,1993-07-07,search
demetri miller,Demetri Miller,1992-07-29,search
demetrious johnson,Demetrious Johnson,1986-08-13,search
deeds demi,Demi Deeds,1984-08-07,search
demian maia,Demian Maia,1977-11-06,search
demian papagni,Demian Papagni,1976-12-24,search
demoreo dennis,Demoreo Dennis,1987-10-21,search
carvalho da denes silva,Denes da Silva Carvalho,1990-04-04,search
daffa deni,Deni Daffa,1999-09-08,enumeration
deni mirnic,Deni Mirnic,1990-05-17,search
denice zamboanga,Denice Zamboanga,1997-01-14,enumeration
bischiliari denilson,Denilson Bischiliari,1989-03-10,enumeration
denilson lima,Denilson Lima,1998-06-25,enumeration
denilson matos,Denilson Matos,1989-07-28,search
denilson neves,Denilson Neves,1995-07-11,enumeration
araujo denis,Denis Araujo,1994-04-18,enumeration
arkhireev denis,Denis Arkhireev,1996-10-23,enumeration
denis goltsov,Denis Goltsov,1990-06-10,search
denis kanakov,Denis Kanakov,1990-12-14,enumeration
denis kang,Denis Kang,1977-09-17,search
denis lavrentyev,Denis Lavrentyev,1989-09-15,search
denis silva,Denis Silva,1994-10-10,enumeration
denis smoldarev,Denis Smoldarev,1990-04-01,search
denis stojnic,Denis Stojnic,1980-02-02,enumeration
denis tiuliulin,Denis Tiuliulin,1988-05-17,search
denis tukmachev,Denis Tukmachev,1983-03-21,enumeration
denis zalecki,Denis Zalecki,1997-05-17,enumeration
denise gomes,Denise Gomes,1999-12-30,search
denise kielholtz,Denise Kielholtz,1989-03-30,search
bermudez dennis,Dennis Bermudez,1986-12-13,search
buzukja dennis,Dennis Buzukja,1997-10-01,search
davis dennis,Dennis Davis,1978-03-15,enumeration
dennis fisher,Dennis Fisher,1989-11-13,search
dennis hallman,Dennis Hallman,1975-12-02,search
dennis hughes,Dennis Hughes,1998-05-24,enumeration
dennis lawrence,Dennis Lawrence,1986-02-12,enumeration
dennis maldonado,Dennis Maldonado,1984-08-05,enumeration
dennis olson,Dennis Olson,1986-03-20,search
dennis siver,Dennis Siver,1979-01-13,search
alcocer dennys,Dennys Alcocer,1994-08-28,search
bondar denys,Denys Bondar,1992-06-27,search
denzel freeman,Denzel Freeman,1991-11-10,search
clash deon,Deon Clash,1992-05-21,enumeration
butts deontre,Deontre Butts,1993-09-21,enumeration
dequan townsend,Dequan Townsend,1986-05-11,search
anderson derek,Derek Anderson,1990-02-20,search
benoit derek,Derek Benoit,1996-03-24,search
boyle derek,Derek Boyle,1984-11-26,search
brenon derek,Derek Brenon,1989-10-13,search
brunson derek,Derek Brunson,1984-01-04,search
campos derek,Derek Campos,1988-04-01,search
clardy derek,Derek Clardy,1988-10-03,search
derek downey,Derek Downey,1980-04-27,search
derek loffer,Derek Loffer,1988-02-09,search
derek palmer,Derek Palmer,1987-09-06,enumeration
derek perez,Derek Perez,1992-03-18,enumeration
derek smith,Derek Smith,1987-09-22,enumeration
derek thornton,Derek Thornton,1975-12-03,enumeration
derek varin,Derek Varin,1987-06-29,search
derek wilson,Derek Wilson,1988-06-03,search
borges derick,Derick Borges,1995-08-14,enumeration
derik overstreet,Derik Overstreet,1996-08-08,search
da derinaldo guerra silva,Derinaldo Guerra da Silva,1980-01-07,search
chapman derion,Derion Chapman,1987-10-14,search
deron winn,Deron Winn,1989-06-13,search
adkins derrick,Derrick Adkins,1989-12-12,search
ageday derrick,Derrick Ageday,1990-01-19,search
bradley derrick,Derrick Bradley,1987-05-19,enumeration
brown derrick,Derrick Brown,1989-09-25,enumeration
derrick kennington,Derrick Kennington,1983-05-18,search
derrick krantz,Derrick Krantz,1988-01-13,search
derrick lewis,Derrick Lewis,1985-02-07,search
derrick mandell,Derrick Mandell,1991-02-12,search
derrick mehmen,Derrick Mehmen,1985-05-30,search
derrick noble,Derrick Noble,1978-08-14,search
derrick weaver,Derrick Weaver,1990-08-23,search
derrick winslow,Derrick Winslow,1993-02-08,enumeration
desi rahayu,Desi Rahayu,1991-01-10,enumeration
bennett desiree,Desiree Bennett,1994-10-19,enumeration
desiree yanez,Desiree Yanez,1990-02-19,search
desmond green,Desmond Green,1989-10-11,search
desmond moore,Desmond Moore,1988-11-27,search
desmond tamungang,Desmond Tamungang,1993-01-03,enumeration
desmond torres,Desmond Torres,1997-01-06,search
despina karavas,Despina Karavas,1993-11-25,enumeration
deuzivan silva sousa,Deuzivan Sousa Silva,1993-03-17,search
devante kyse,Devante Kyse,1993-03-01,enumeration
devante sewell,Devante Sewell,1995-08-14,search
deven paulsen,Deven Paulsen,1999-10-30,search
devian golden,Devian Golden,1989-09-19,enumeration
adams devin,Devin Adams,1987-05-27,enumeration
clark devin,Devin Clark,1990-04-12,search
cole devin,Devin Cole,1976-10-01,search
cowan devin,Devin Cowan,1991-02-10,search
devin goodale,Devin Goodale,1993-03-10,search
devin miller,Devin Miller,1997-06-20,search
devin paulsen,Devin Paulsen,1999-10-30,enumeration
devin powell,Devin Powell,1988-03-01,search
devin smyth,Devin Smyth,1995-07-21,search
brock devon,Devon Brock,1995-09-21,enumeration
devon dixon,Devon Dixon,1996-12-20,search
devon lozej,Devon Lozej,1993-03-16,search
devon mcdonald,Devon McDonald,1997-02-08,search
devoniere jackson,Devoniere Jackson,1993-10-01,search
devonte smith,Devonte Smith,1993-07-30,search
dewayne diggs,DeWayne Diggs,1988-05-30,search
dewayne mcqueen,DeWayne McQueen,1980-07-17,enumeration
dewitt dixon,DeWitt Dixon,1989-07-07,search
dexter wright,Dexter Wright,1984-01-03,search
dez parker,Dez Parker,1987-11-09,search
alaberganov dghasur,Dghasur Alaberganov,1989-06-26,enumeration
dhiego lima,Dhiego Lima,1989-01-31,search
dhouglas ribeiro,Dhouglas Ribeiro,1995-01-13,search
chaudhary dhruv,Dhruv Chaudhary,1993-11-11,search
avsaragova diana,Diana Avsaragova,1998-08-07,search
belbita diana,Diana Belbita,1996-06-26,search
diana reyes,Diana Reyes,1986-12-26,search
diana tavares,Diana Tavares,1982-05-11,search
culpepper diara,Diara Culpepper,1997-03-06,search
buachalla diarmuid o,Diarmuid Ó Buachalla,1987-06-23,enumeration
baltazar diego,Diego Baltazar,1991-12-11,search
bianchini diego,Diego Bianchini,1996-09-21,search
bjorn diego valencia,Diego Bjorn Valencia,1987-08-01,search
brandao diego,Diego Brandao,1987-05-27,search
castro diego,Diego Castro,1991-12-11,enumeration
cesar diego santos,Diego Cesar Santos,1988-08-06,enumeration
costa diego proenca,Diego Costa Proenca,1995-07-04,enumeration
davella diego,Diego Davella,1988-03-13,search
dias diego,Diego Dias,1992-04-03,search
diego ferreira,Diego Ferreira,1985-01-18,search
diego dos fortunato santos,Diego Fortunato dos Santos,1983-01-28,search
diego frigotto,Diego Frigotto,1991-10-18,search
diego gonzalez,Diego Gonzalez,1984-08-29,search
da diego henrique silva,Diego Henrique da Silva,1986-08-22,search
diego herzog,Diego Herzog,1983-05-24,search
diego illescas,Diego Illescas,1992-03-19,search
diego jandozo,Diego Jandozo,1986-10-15,enumeration
diego lopes,Diego Lopes,1994-12-30,search
diego maia,Diego Maia,1991-01-08,enumeration
diego morillo,Diego Morillo,1995-02-19,search
diego nunes,Diego Nunes,1982-11-30,enumeration
diego paiva,Diego Paiva,1993-01-21,search
diego peao,Diego Peao,1988-01-19,search
diego peclat,Diego Peclat,1984-01-13,search
diego perez,Diego Perez,1988-05-23,enumeration
diego pichilingue,Diego Pichilingue,1991-06-07,search
diego pimenta,Diego Pimenta,1983-02-20,enumeration
diego rivas,Diego Rivas,1991-11-11,search
diego robledo,Diego Robledo,1979-03-21,search
diego pralon rodrigues,Diego Rodrigues Pralon,1986-12-27,search
diego sanchez,Diego Sanchez,1981-12-31,search
diego saraiva,Diego Saraiva,1982-04-23,search
diego souza,Diego Souza,2000-11-11,enumeration
diego teixeira,Diego Teixeira,1996-05-10,enumeration
diego vargas,Diego Vargas,1989-01-10,search
diego visanzay,Diego Visanzay,1996-01-07,enumeration
dienner dos reis,Dienner dos Reis,1993-12-14,search
dilano taylor,Dilano Taylor,1997-02-07,search
dileno lopes,Dileno Lopes,1984-09-26,search
dillard pegg,Dillard Pegg,1983-11-30,search
cox dillon,Dillon Cox,1995-07-28,enumeration
danis dillon,Dillon Danis,1993-08-22,enumeration
dillon manning,Dillon Manning,1993-01-22,enumeration
dillon tolbert,Dillon Tolbert,1992-11-18,search
dillon winemiller,Dillon Winemiller,1992-12-11,enumeration
dimarco hutchison,DiMarco Hutchison,1993-07-20,enumeration
dimitar kostov,Dimitar Kostov,1992-10-17,search
dimitre ivy,Dimitre Ivy,1990-01-23,search
dimitri henri,Dimitri Henri,1988-09-23,search
dimitri waardenburg,Dimitri Waardenburg,1989-10-12,search
andryushko dimitry,Dimitry Andryushko,1992-01-20,search
dimitry solimeis,Dimitry Solimeis,1994-05-20,search
dimps gillies,Dimps Gillies,1993-04-21,search
din thomas,Din Thomas,1976-09-28,search
da dina silva,Dina da Silva,1994-12-13,enumeration
dina okat,Dina Okat,2006-11-29,enumeration
dina osman,Dina Osman,1996-08-08,search
dinis paiva,Dinis Paiva,1988-05-26,search
dino gambatesa,Dino Gambatesa,1985-02-24,search
dino juklo,Dino Juklo,1992-11-28,enumeration
diogo esquilo,Diogo Esquilo,1991-11-15,enumeration
diogo joaquim silveira,Diogo Joaquim Silveira,1989-07-20,search
diogo nascimento,Diogo Nascimento,1995-12-14,enumeration
diogo nogueira,Diogo Nogueira,1991-12-15,enumeration
de diogo souza terencio,Diogo Terencio de Souza,1987-01-23,enumeration
diom machado,Diom Machado,1976-10-06,enumeration
dion staring,Dion Staring,1978-06-09,search
carvalho dionatan,Dionatan Carvalho,1990-03-16,search
barbosa dione,Dione Barbosa,1992-05-08,search
dionisio ramirez,Dionisio Ramirez,1986-10-29,search
broenstrup dirlei,Dirlei Broenstrup,1981-06-23,search
diulye duarte,Diulye Duarte,1994-06-30,enumeration
da divino jr rosa silva,Divino da Silva Rosa Jr.,1982-02-21,search
diyar kuraev,Diyar Kuraev,1994-07-10,enumeration
diyar nurgozhay,Diyar Nurgozhay,1997-04-22,search
chan djamil,Djamil Chan,1990-06-14,search
barbir djani,Djani Barbir,1997-08-09,search
djorden santos,Djorden Santos,1997-08-01,search
dmitrii smoliakov,Dmitrii Smoliakov,1982-08-05,enumeration
dmitriy krivulets,Dmitriy Krivulets,1992-05-20,search
dmitriy parubchenko,Dmitriy Parubchenko,1993-01-23,enumeration
aryshev dmitry,Dmitry Aryshev,1993-04-10,search
berezin dmitry,Dmitry Berezin,1990-08-27,enumeration
dmitry ermolaev,Dmitry Ermolaev,1992-06-21,enumeration
dmitry gorobets,Dmitry Gorobets,1992-08-03,enumeration
dmitry korobeynikov,Dmitry Korobeynikov,1984-04-22,enumeration
dmitry mischenko,Dmitry Mischenko,1996-07-06,enumeration
dmitry poberezhets,Dmitry Poberezhets,1985-06-11,search
dmitry sosnovskiy,Dmitry Sosnovskiy,1989-07-06,enumeration
dmitry voitov,Dmitry Voitov,1986-01-01,search
dmitry zabolotny,Dmitry Zabolotny,1981-08-18,enumeration
dmytrii hrytsenko,Dmytrii Hrytsenko,1997-04-23,enumeration
dmytro popov,Dmytro Popov,1983-06-24,enumeration
dmytro predebaylo,Dmytro Predebaylo,1995-11-10,search
do gyeom lee,Do Gyeom Lee,1990-05-25,search
dokonjonosuke mishima,Dokonjonosuke Mishima,1972-04-19,search
clark dom,Dom Clark,1982-09-28,search
dom fan mar,Dom Mar Fan,2000-03-19,search
colucci domenico,Domenico Colucci,1995-02-16,enumeration
domingo pilarte,Domingo Pilarte,1990-01-05,search
barros domingos,Domingos Barros,1992-02-07,search
brown dominic,Dominic Brown,1982-06-04,search
clark dominic,Dominic Clark,1985-08-01,search
dominic jones,Dominic Jones,1993-09-23,search
dominic mazzotta,Dominic Mazzotta,1987-06-17,search
dominic schober,Dominic Schober,1991-02-13,search
dominic stouder,Dominic Stouder,1992-01-18,search
dominic waters,Dominic Waters,1989-04-11,enumeration
cruz dominick,Dominick Cruz,1985-03-09,search
dominick reyes,Dominick Reyes,1989-12-26,search
dominik gierowski,Dominik Gierowski,1998-05-28,enumeration
dominik humburger,Dominik Humburger,1996-01-03,search
dominika steczkowska,Dominika Steczkowska,2002-03-14,enumeration
dominique smith,Dominique Smith,1989-05-31,enumeration
dominique steele,Dominique Steele,1988-01-25,search
dominique wooding,Dominique Wooding,1996-08-19,search
don frye,Don Frye,1965-11-23,enumeration
don hamilton,Don Hamilton,1976-08-19,enumeration
don madge,Don Madge,1990-11-12,search
don shainis,Don Shainis,1990-09-16,search
dontale mayes,Don'Tale Mayes,1992-01-16,search
brashear donald,Donald Brashear,1972-01-07,enumeration
bush donald,Donald Bush,1990-07-30,search
cerrone donald,Donald Cerrone,1983-03-29,search
crawford donald jr,Donald Crawford Jr.,1987-07-12,enumeration
donald njatah nya,Donald Njatah Nya,1992-05-27,search
donald sanchez,Donald Sanchez,1984-08-18,search
donald williams,Donald Williams,1988-02-12,search
donaldo holguin,Donaldo Holguin,1981-11-05,enumeration
donavon frelow,Donavon Frelow,1985-01-20,search
donavon hedrick,Donavon Hedrick,1997-03-21,search
abena donegi,Donegi Abena,1998-02-23,enumeration
benedetto donelei,Donelei Benedetto,1992-01-01,search
dong gyu kim,Dong Gyu Kim,1992-09-28,search
dong hwan lim,Dong Hwan Lim,1995-08-31,search
dong hyuk ko,Dong Hyuk Ko,1997-02-28,search
dong hyun kim,Dong Hyun Kim,1981-11-17,search
dong hyun ma,Dong Hyun Ma,1988-09-09,search
dong sik yoon,Dong Sik Yoon,1972-08-24,search
dong lee young,Dong Young Lee,1985-03-26,enumeration
choi donghun,DongHun Choi,1999-01-02,search
dongi yang,Dongi Yang,1984-12-07,enumeration
ballou donnie,Donnie Ballou,1991-06-30,search
donny walker,Donny Walker,1980-01-04,search
beard donovan,Donovan Beard,1989-11-05,search
desmae donovan,Donovan Desmae,1991-12-20,search
donte johnson,Donte Johnson,1999-01-25,search
donte stubbs,Donte Stubbs,1994-06-09,search
doo hwan kim,Doo Hwan Kim,1988-10-09,search
doo oh seok,Doo Seok Oh,1983-03-12,search
doo seo won,Doo Won Seo,1981-10-10,enumeration
choi dooho,Dooho Choi,1991-04-10,search
dorian ramos,Dorian Ramos,1993-12-31,search
dokaj dorjan,Dorjan Dokaj,1997-07-27,search
dorjderem munkhbayasgala,Dorjderem Munkhbayasgala,1979-08-21,enumeration
dorobshokh nabotov,Dorobshokh Nabotov,1999-01-31,search
doug marshall,Doug Marshall,1975-09-09,search
doug sauer,Doug Sauer,1976-04-06,enumeration
doug sparks,Doug Sparks,1982-10-14,enumeration
doug usher,Doug Usher,1983-01-24,enumeration
alves carvalho douglas,Douglas Carvalho Alves,1987-10-26,search
douglas evans,Douglas Evans,1980-10-10,search
douglas felipe santos,Douglas Felipe Santos,1992-03-15,enumeration
douglas frey,Douglas Frey,1982-08-08,search
douglas garcia,Douglas Garcia,1991-07-24,enumeration
douglas lima,Douglas Lima,1988-01-05,search
douglas rodrigues,Douglas Rodrigues,1999-01-13,search
douglas kobayashi ronca,Douglas Ronca Kobayashi,1986-06-24,enumeration
douglas rakchal santos,Douglas Santos Rakchal,1986-10-17,enumeration
andrade de douglas silva,Douglas Silva de Andrade,1985-06-22,search
dovlet yagshimuradov,Dovlet Yagshimuradov,1989-05-22,enumeration
dowen pugh,Dowen Pugh,1988-12-16,enumeration
dragan pesic,Dragan Pesic,1983-07-27,search
dragoljub stanojevic,Dragoljub Stanojevic,1998-05-07,search
drake heitfield,Drake Heitfield,1992-04-29,enumeration
drakkar klose,Drakkar Klose,1988-03-09,search
drako rodriguez,Drako Rodriguez,1996-06-16,search
angus drayton,Drayton Angus,1986-08-08,enumeration
dre miley,Dre Miley,1991-05-09,search
brokenshire drew,Drew Brokenshire,1986-06-27,search
dober drew,Drew Dober,1988-10-19,search
drew fickett,Drew Fickett,1979-12-14,search
drew lipton,Drew Lipton,1988-10-10,enumeration
drew mcfedries,Drew McFedries,1978-07-27,enumeration
drew morais,Drew Morais,1988-09-19,search
drex zamboanga,Drex Zamboanga,1989-06-07,search
drey mitchell,Drey Mitchell,1988-02-15,search
dricus du plessis,Dricus Du Plessis,1994-01-14,search
barjamaj dritan,Dritan Barjamaj,1978-07-14,search
davishenry dru,Dru Davis-Henry,1999-08-18,enumeration
duane johnson,Duane Johnson,1988-07-31,search
duane ludwig,Duane Ludwig,1978-08-04,search
duane helvoirt van,Duane van Helvoirt,1986-01-09,search
duda sales,Duda Sales,1982-04-30,search
duda santana,Duda Santana,1996-01-10,enumeration
duda yankovich,Duda Yankovich,1976-09-27,enumeration
duk jang young,Duk Young Jang,1978-06-26,enumeration
didier duke,Duke Didier,1989-04-20,enumeration
dulani perry,Dulani Perry,1986-01-31,search
dumar roa,Dumar Roa,1990-10-15,search
dumitru girlean,Dumitru Girlean,1994-11-07,search
djillali duncan,Duncan Djillali,1992-09-27,enumeration
dedek dusan,Dusan Dedek,1989-12-15,enumeration
dusko todorovic,Dusko Todorovic,1994-05-19,search
adams dustin,Dustin Adams,1983-09-07,enumeration
clements dustin,Dustin Clements,1990-11-02,search
dustin hazelett,Dustin Hazelett,1986-04-29,search
dustin holyko,Dustin Holyko,1985-11-10,enumeration
dustin jacoby,Dustin Jacoby,1988-04-04,search
dustin jenkins,Dustin Jenkins,1992-12-09,search
dustin joynson,Dustin Joynson,1985-10-14,search
dustin kempf,Dustin Kempf,1985-07-26,search
dustin kimura,Dustin Kimura,1989-05-21,search
dustin kramer,Dustin Kramer,1983-10-06,search
dustin lampros,Dustin Lampros,1994-04-17,search
dustin neace,Dustin Neace,1986-09-12,search
dustin ortiz,Dustin Ortiz,1988-12-25,search
dustin pague,Dustin Pague,1987-08-05,search
dustin pape,Dustin Pape,1991-08-07,search
dustin parrish,Dustin Parrish,1992-10-28,search
dustin poirier,Dustin Poirier,1989-01-19,search
dustin stoltzfus,Dustin Stoltzfus,1991-11-15,search
dustin winter,Dustin Winter,1989-05-12,search
dusty little,Dusty Little,1994-01-06,search
dusty shaffer,Dusty Shaffer,1996-08-18,search
dwayne hinds,Dwayne Hinds,1983-12-01,enumeration
dwayne holman jr,Dwayne Holman Jr.,1988-06-22,search
dwight grant,Dwight Grant,1984-09-14,search
dwight joseph,Dwight Joseph,1989-08-16,search
dyego roberto,Dyego Roberto,1987-02-13,search
andrews dylan,Dylan Andrews,1979-11-15,enumeration
budka dylan,Dylan Budka,2000-01-14,search
cala dylan,Dylan Cala,1993-03-05,search
diebitz dylan,Dylan Diebitz,1995-05-31,search
dylan hazan,Dylan Hazan,1994-09-29,search
dylan king,Dylan King,1993-05-18,search
dylan lockard,Dylan Lockard,1992-05-19,search
dylan mantello,Dylan Mantello,1992-11-19,search
dylan osullivan,Dylan O'Sullivan,1994-10-19,enumeration
dylan potter,Dylan Potter,1995-01-14,search
dylan salvador,Dylan Salvador,1993-05-20,search
dylan schulte,Dylan Schulte,1993-09-29,search
dylan smerillo,Dylan Smerillo,1999-06-03,search
dyllon muniz,Dyllon Muniz,1992-10-31,search
dzevad muftic,Dzevad Muftic,1992-12-17,search
duraev dzhokhar,Dzhokhar Duraev,1995-11-05,enumeration
dzhokhar eskiev,Dzhokhar Eskiev,1997-05-15,search
brooks ej,E.J. Brooks,1985-11-27,search
earl small,Earl Small,1994-04-08,search
earnest walls,Earnest Walls,1994-05-27,search
ebrahim hosseinpour,Ebrahim Hosseinpour,1983-08-02,search
ebrima faal,Ebrima Faal,1994-05-02,enumeration
ed herman,Ed Herman,1980-10-02,search
ed ruth,Ed Ruth,1990-10-21,search
ed smith,Ed Smith,1987-12-30,enumeration
ed west,Ed West,1983-10-30,search
eddey kalai,Eddey Kalai,1982-03-23,enumeration
abasolo eddie,Eddie Abasolo,1986-10-25,enumeration
arizmendi eddie,Eddie Arizmendi,1986-01-08,search
brown eddie,Eddie Brown,1991-03-16,enumeration
eddie gordon,Eddie Gordon,1983-07-22,search
eddie hardison,Eddie Hardison,1980-05-08,enumeration
eddie larrea,Eddie Larrea,1982-02-22,search
eddie mendez,Eddie Mendez,1984-01-16,search
eddie ng,Eddie Ng,1986-03-08,enumeration
eddie pelczynski,Eddie Pelczynski,1986-10-24,search
eddie sanchez,Eddie Sanchez,1982-04-11,search
eddie wineland,Eddie Wineland,1984-06-26,search
eddie yagin,Eddie Yagin,1979-03-23,enumeration
eddy george,Eddy George,1991-10-29,search
eddy torres,Eddy Torres,1986-10-21,search
costa da eder gama,Eder Costa da Gama,1985-09-02,enumeration
de eder souza,Eder de Souza,1982-08-26,search
eder gama,Eder Gama,1982-08-20,enumeration
ederson macedo,Ederson Macedo,1984-06-10,enumeration
da edezio hora santana,Edezio da Hora Santana,1992-09-05,search
chairez edgar,Edgar Chairez,1996-01-27,search
davalos edgar,Edgar Davalos,1995-03-13,search
delgado edgar,Edgar Delgado,1989-01-09,enumeration
edgar escarrega,Edgar Escarrega,1989-09-02,search
edgar garcia,Edgar Garcia,1984-02-22,enumeration
de edgar oliveira rodrigues,Edgar Rodrigues de Oliveira,1992-03-25,enumeration
berroteran edgar rodriguez,Edgar Rodriguez Berroteran,1986-07-20,enumeration
edgar santos,Edgar Santos,1981-07-26,enumeration
edgar urias,Edgar Urias,1991-09-02,enumeration
edgar verdin,Edgar Verdin,1987-07-10,search
edgars skrivers,Edgars Skrivers,1991-07-15,search
ediana silva,Ediana Silva,2001-11-21,search
ediane gomes,Ediane Gomes,1980-11-26,search
edil esengulov,Edil Esengulov,1998-11-09,search
de edilberto oliveira,Edilberto de Oliveira,1982-11-22,search
alves edilceu silva,Edilceu Silva Alves,1983-01-25,search
edilson jr santos,Edilson Santos Jr.,1986-12-07,search
da edilson silva souza,Edilson Souza da Silva,1994-10-06,search
edilson teixeira,Edilson Teixeira,1986-06-18,search
edimar teixeira,Edimar Teixeira,1988-12-10,enumeration
edimilson souza,Edimilson Souza,1984-10-17,search
edir terry,Edir Terry,1988-07-14,search
de edison ferreira souza,Edison Ferreira de Souza,1991-10-24,enumeration
edison lopes,Edison Lopes,1978-08-17,search
edivaldo siqueira,Edivaldo Siqueira,1986-07-08,enumeration
edivan santos,Edivan Santos,1992-05-03,enumeration
agostinho edjane,Edjane Agostinho,2002-06-23,enumeration
edmen shahbazyan,Edmen Shahbazyan,1997-11-20,search
edmilson freitas,Edmilson Freitas,1987-07-10,search
ajala edna oliveira,Edna Oliveira Ajala,1990-08-15,search
alaja edna oliveira,Edna Oliveira Alaja,1990-08-15,enumeration
ednaldo junior marques,Ednaldo Junior Marques,1993-08-23,search
ednaldo oliveira,Ednaldo Oliveira,1984-02-19,search
edney fequettia,Edney Fequettia,1984-12-09,enumeration
edrion macatangay,Edrion Macatangay,1995-04-26,enumeration
barboza edson,Edson Barboza,1986-01-21,search
berto edson,Edson Berto,1983-07-05,enumeration
da edson rosa,Edson Da Rosa,1995-11-27,enumeration
da edson silva,Edson da Silva,1992-02-17,enumeration
anjos dos edson,Edson dos Anjos,1991-03-17,search
edson gomez,Edson Gomez,1991-02-23,search
edson lourenco,Edson Lourenco,1989-10-19,search
edson machavane,Edson Machavane,1995-09-13,search
edson marques,Edson Marques,1988-10-16,search
edson silva,Edson Silva,1991-02-28,enumeration
arustamyan eduard,Eduard Arustamyan,1987-12-21,enumeration
demenko eduard,Eduard Demenko,1996-04-01,search
eduard folayang,Eduard Folayang,1984-11-22,search
eduard vartanyan,Eduard Vartanyan,1991-06-11,search
caloi eduarda,Eduarda Caloi,2001-03-30,enumeration
eduarda moura,Eduarda Moura,1994-02-28,search
alvarado eduardo,Eduardo Alvarado,1992-10-07,search
anaya eduardo,Eduardo Anaya,1998-05-20,search
bustillos eduardo,Eduardo Bustillos,1987-06-02,search
cardiel eduardo,Eduardo Cardiel,2003-05-27,enumeration
chapolin eduardo,Eduardo Chapolin,1995-11-23,enumeration
chaves eduardo,Eduardo Chaves,1993-05-02,enumeration
dantas eduardo,Eduardo Dantas,1989-02-03,search
de eduardo silva souza,Eduardo de Souza Silva,1985-09-03,search
diez eduardo,Eduardo Diez,1989-11-07,search
eduardo felipe,Eduardo Felipe,1980-09-28,search
eduardo garagorri,Eduardo Garagorri,1989-05-28,enumeration
eduardo garnier rodrigues,Eduardo Garnier Rodrigues,2001-10-20,enumeration
eduardo garvon,Eduardo Garvon,1996-03-28,search
da eduardo henrique silva,Eduardo Henrique da Silva,1995-11-23,enumeration
eduardo maiorino,Eduardo Maiorino,1979-08-16,enumeration
eduardo mora,Eduardo Mora,1991-08-16,enumeration
eduardo morales,Eduardo Morales,1990-09-07,search
eduardo neves,Eduardo Neves,2000-03-16,search
eduardo pamplona,Eduardo Pamplona,1975-08-20,enumeration
eduardo peralta,Eduardo Peralta,1994-02-06,search
eduardo perez,Eduardo Perez,1994-09-12,search
eduardo ramon,Eduardo Ramon,1991-03-15,search
eduardo santiago,Eduardo Santiago,1986-01-15,enumeration
eduardo silva,Eduardo Silva,1990-09-02,enumeration
caut eduardo torres,Eduardo Torres Caut,1995-04-26,enumeration
eduardo velazquez,Eduardo Velazquez,1997-01-20,enumeration
eduardo vieira,Eduardo Vieira,1996-01-06,enumeration
edukondal rao,Edukondal Rao,1993-06-02,search
de edvaldo jose oliveira,Edvaldo Jose de Oliveira,1976-05-05,enumeration
edvan reis,Edvan Reis,1989-05-10,enumeration
edward figueroa,Edward Figueroa,1994-12-09,enumeration
edward kelly,Edward Kelly,1984-03-01,search
cooper edwin jr,Edwin Cooper Jr.,1993-02-23,search
de edwin los santos,Edwin De Los Santos,1994-03-08,search
dewees edwin,Edwin Dewees,1982-08-07,enumeration
edwin figueroa,Edwin Figueroa,1984-07-31,search
edwin smart,Edwin Smart,1980-07-26,search
edwin williams,Edwin Williams,1981-08-24,search
eeva siiskonen,Eeva Siiskonen,1982-05-27,search
efrain escudero,Efrain Escudero,1986-01-15,search
efrain ruiz,Efrain Ruiz,1972-10-24,search
efren escareno,Efren Escareno,1994-08-27,search
egidijus valavicius,Egidijus Valavicius,1978-12-23,search
egon thiago,Egon Thiago,1989-10-13,enumeration
ehsan molaei,Ehsan Molaei,1999-01-15,search
eiji ishikawa,Eiji Ishikawa,1979-10-12,search
eiji mitsuoka,Eiji Mitsuoka,1976-01-01,search
eimar hernandez,Eimar Hernandez,1996-09-11,search
einar gonzalez,Einar Gonzalez,2003-10-30,enumeration
ekaterina makarova,Ekaterina Makarova,1991-02-18,search
ekaterina shakalova,Ekaterina Shakalova,1997-08-31,search
eko roni saputra,Eko Roni Saputra,1991-05-02,search
el hadji ndiaye,El Hadji Ndiaye,1991-10-08,enumeration
albuquerque elaine,Elaine Albuquerque,1985-09-09,search
elaine leal,Elaine Leal,1989-04-28,search
elaine lopes,Elaine Lopes,1994-04-09,search
dadonov elaman,Elaman Dadonov,1992-11-29,enumeration
batyraliev elbek,Elbek Batyraliev,1995-01-15,enumeration
elbek ravshanov,Elbek Ravshanov,1999-07-06,enumeration
elbert lukas steyn,Elbert Lukas Steyn,1997-01-25,enumeration
amorim elberte,Elberte Amorim,1996-12-03,enumeration
eldar eldarov,Eldar Eldarov,1991-06-03,search
dias elder,Elder Dias,1993-02-22,enumeration
eldon sproat,Eldon Sproat,1985-02-05,enumeration
andruschenko elena,Elena Andruschenko,1997-06-03,enumeration
aronov eli,Eli Aronov,1996-06-06,search
eli evangelista,Eli Evangelista,2000-02-15,enumeration
eli reger,Eli Reger,1985-05-02,enumeration
eli pinto reger schablatura,Eli Reger Schablatura Pinto,1985-05-02,enumeration
eli tamez,Eli Tamez,1985-08-22,search
eli wynter,Eli Wynter,1993-03-15,enumeration
anderson elias,Elias Anderson,1996-09-25,enumeration
boudegzdame elias,Elias Boudegzdame,1993-10-17,search
el elias rayess,Elias El Rayess,1991-01-16,enumeration
elias figueiredo,Elias Figueiredo,1986-08-22,search
elias goncalves,Elias Gonçalves,1997-07-19,enumeration
elias marks,Elias Marks,1975-05-25,enumeration
elias monteiro,Elias Monteiro,1972-05-08,search
elias silverio,Elias Silverio,1986-09-22,search
elias theodorou,Elias Theodorou,1988-05-31,search
elias urbina,Elias Urbina,1993-10-09,search
elicardo pinheiro,Elicardo Pinheiro,1986-10-07,enumeration
caille elie,Elie Caille,2000-07-21,search
eliel silva,Eliel Silva,1989-06-30,enumeration
eliezer kubanza,Eliezer Kubanza,1997-12-23,search
elijah gbollie jr,Elijah Gbollie Jr.,1985-10-12,enumeration
elijah harris,Elijah Harris,1995-10-03,enumeration
elijah harshbarger,Elijah Harshbarger,1982-03-17,enumeration
elijah johns,Elijah Johns,1996-03-20,enumeration
elijah leggett,Elijah Leggett,1996-07-11,search
elijah ross,Elijah Ross,1997-03-04,enumeration
elijah smith,Elijah Smith,2002-09-05,enumeration
da elijones pereira silva,Elijones Pereira Da Silva,1998-01-21,enumeration
elina kallionidou,Elina Kallionidou,1998-11-18,search
eliot marshall,Eliot Marshall,1980-07-07,enumeration
elipitua siregar,Elipitua Siregar,1996-04-04,enumeration
eliran vaknin,Eliran Vaknin,1999-09-17,enumeration
elisandra ferreira,Elisandra Ferreira,1998-03-19,enumeration
elise pone,Elise Pone,1985-04-21,search
elise reed,Elise Reed,1992-12-05,search
elisha ellison,Elisha Ellison,1997-03-05,search
elismar lima,Elismar Lima,1988-09-30,search
eliu trujillo,Eliu Trujillo,2001-10-14,enumeration
elivaldo lima martins,Elivaldo Lima Martins,1996-06-25,search
elizabeth phillips,Elizabeth Phillips,1986-08-20,search
elizabeth rodriguez,Elizabeth Rodriguez,1991-07-24,enumeration
elizabeth schroder,Elizabeth Schroder,1988-10-14,search
dos elizeu santos zaleski,Elizeu Zaleski dos Santos,1986-12-11,search
eljeria portee,Eljeria Portee,1995-04-01,search
ella tang,Ella Tang,1989-10-15,enumeration
elliot hebert,Elliot Hebert,1990-01-02,search
elliott hoye,Elliott Hoye,1996-12-11,search
elmar umarov,Elmar Umarov,1995-08-18,search
elnar ibragimov,Elnar Ibragimov,1997-07-10,search
eloah ribeiro,Eloah Ribeiro,1985-12-02,enumeration
dana elora,Elora Dana,1998-06-23,search
eloy garza,Eloy Garza,1990-05-18,search
dhonny elton,Elton Dhonny,2003-04-08,enumeration
brener elves,Elves Brener,1997-09-27,search
elves oliveira,Elves Oliveira,1991-04-15,search
elvin espinoza,Elvin Espinoza,1993-02-02,search
brito elvin leon,Elvin Leon Brito,1985-07-31,search
elvin romero,Elvin Romero,2000-07-28,search
batista da elvis silva,Elvis Batista da Silva,1989-10-19,enumeration
elvis lebronquiles,Elvis Lebron-Quiles,1995-07-29,enumeration
elvis moyo,Elvis Moyo,1984-01-12,search
elvis mutapcic,Elvis Mutapcic,1986-07-19,search
elvis sinosic,Elvis Sinosic,1971-02-13,enumeration
elhabily emad,Emad Elhabily,1996-06-01,enumeration
emanuel lopez,Emanuel Lopez,1995-02-13,search
emanuel newton,Emanuel Newton,1984-01-02,search
emanuel pugh,Emanuel Pugh,1998-07-15,search
emanuel souza,Emanuel Souza,1983-08-05,enumeration
emanuele palombi,Emanuele Palombi,1986-04-22,enumeration
emanuele zaccaria,Emanuele Zaccaria,1994-04-25,search
emeka ifekandu,Emeka Ifekandu,1986-08-09,search
emeric rouille,Emeric Rouillé,1990-10-18,enumeration
conceicao emerson,Emerson Conceicao,1985-09-25,enumeration
de emerson oliveria,Emerson de Oliveria,1988-07-17,enumeration
do domingo emerson nascimento,Emerson Domingo do Nascimento,1982-10-11,search
emerson galdino,Emerson Galdino,1995-11-28,enumeration
emerson rios,Emerson Rios,1988-12-25,search
emerson silva,Emerson Silva,1990-08-01,enumeration
emi fujino,Emi Fujino,1980-11-17,search
emi tomimatsu,Emi Tomimatsu,1982-04-13,search
abasov emil,Emil Abasov,1989-07-15,enumeration
emil jeries,Emil Jeries,1997-12-16,enumeration
emil meek,Emil Meek,1988-08-20,search
emil useinov,Emil Useinov,1994-04-24,enumeration
emilee gettys,Emilee Gettys,1993-02-19,enumeration
emilee king,Emilee King,1993-02-19,search
czerwinska emilia,Emilia Czerwinska,1990-07-01,search
calderon emiliano,Emiliano Calderon,1994-02-04,search
emiliano linares,Emiliano Linares,1997-04-21,search
emiliano sordi,Emiliano Sordi,1991-02-15,search
chavez emilio,Emilio Chavez,1986-12-18,search
emilio galindo,Emilio Galindo,1999-08-13,enumeration
emilio quissua,Emilio Quissua,1997-04-21,search
emilio urrutia,Emilio Urrutia,1986-11-19,search
emilio williams,Emilio Williams,1991-08-21,search
ducote emily,Emily Ducote,1994-01-01,search
emily kagan,Emily Kagan,1981-07-14,enumeration
emily martins,Emily Martins,2004-04-14,search
emily whitmire,Emily Whitmire,1991-05-24,search
berumen emmanuel,Emmanuel Berumen,1999-11-13,search
colon emmanuel,Emmanuel Colon,1991-07-03,search
dawa emmanuel,Emmanuel Dawa,1984-12-03,search
emmanuel gonzalez,Emmanuel Gonzalez,1996-07-01,enumeration
emmanuel palacio,Emmanuel Palacio,2005-02-09,enumeration
emmanuel rivera,Emmanuel Rivera,1988-11-12,search
emmanuel sanchez,Emmanuel Sanchez,1990-08-11,search
emmanuel vallejos,Emmanuel Vallejos,1987-06-20,enumeration
emmanuel verdier,Emmanuel Verdier,1993-12-25,search
emmanuel walo,Emmanuel Walo,1987-01-27,search
emrah sonmez,Emrah Sonmez,1992-06-26,search
emran sakhizada,Emran Sakhizada,1992-03-24,enumeration
emran khail tara,Emran Tara Khail,1998-08-17,search
emre orun,Emre Orun,1989-12-13,search
bussade emyr,Emyr Bussade,1980-05-25,enumeration
endreo teodero,Endreo Teodero,1990-11-02,enumeration
ahouli enis,Enis Ahouli,1986-12-07,enumeration
baatarkhuu enkhorgil,Enkh-Orgil Baatarkhuu,1988-12-30,search
cocco enrico,Enrico Cocco,1987-10-08,enumeration
cortese enrico,Enrico Cortese,1997-12-14,search
enrico manicaro,Enrico Manicaro,1994-08-21,enumeration
barzola enrique,Enrique Barzola,1989-04-28,search
enrique fernandez,Enrique Fernandez,1991-12-18,enumeration
enrique farrera granados,Enrique Granados Farrera,1985-01-02,enumeration
enrique marin,Enrique Marin,1986-09-02,search
enson inoue,Enson Inoue,1967-04-15,enumeration
enzo orellana,Enzo Orellana,1981-10-10,enumeration
enzo tobbia,Enzo Tobbia,1990-12-13,search
eoh jin park,Eoh Jin Park,2001-12-26,enumeration
eperaim ginting,Eperaim Ginting,1995-11-30,enumeration
ergys sigeta,Ergys Sigeta,1997-07-09,enumeration
erhan kartal,Erhan Kartal,1992-07-07,search
eri silveira,Eri Silveira,1987-04-17,enumeration
alequin eric,Eric Alequin,1990-05-18,search
attard eric,Eric Attard,1987-12-31,enumeration
barbosa eric,Eric Barbosa,1984-01-14,search
bedard eric,Eric Bedard,1984-09-11,search
belcher eric,Eric Belcher,1984-10-06,search
calderon eric,Eric Calderon,1982-01-05,search
crittendon eric,Eric Crittendon,1982-09-11,enumeration
davila eric,Eric Davila,1976-10-25,search
dos eric santos,Eric dos Santos,1995-09-29,search
duran eric,Eric Duran,1988-09-23,enumeration
ellington eric,Eric Ellington,1988-09-13,search
eric esch,Eric Esch,1966-08-03,enumeration
eric grant,Eric Grant,1991-08-14,search
eric hendricks,Eric Hendricks,1986-01-28,search
eric inman,Eric Inman,1978-06-20,enumeration
eric irvin,Eric Irvin,1986-01-10,search
eric johnson,Eric Johnson,1993-06-28,enumeration
eric kelly,Eric Kelly,1982-04-30,enumeration
eric luke,Eric Luke,1984-10-27,search
eric lunsford,Eric Lunsford,1990-02-17,search
eric marriott,Eric Marriott,1986-02-20,search
eric mcconico,Eric McConico,1990-05-09,search
eric mendiola,Eric Mendiola,1990-07-01,enumeration
eric fought michael,Eric Michael Fought,1986-03-26,search
eric nolan,Eric Nolan,1997-09-13,enumeration
eric olsen,Eric Olsen,1982-06-08,search
eric prindle,Eric Prindle,1976-08-30,search
eric ramirez,Eric Ramirez,1991-04-10,search
eric reynolds,Eric Reynolds,1983-05-11,search
eric roncoroni,Eric Roncoroni,1989-05-10,search
eric schafer,Eric Schafer,1977-09-20,enumeration
eric shelton,Eric Shelton,1991-02-02,search
eric smith,Eric Smith,1983-10-16,enumeration
eric spicely,Eric Spicely,1986-09-29,search
eric thomas,Eric Thomas,1992-05-24,search
eric thompson,Eric Thompson,1985-10-07,search
eric valdez,Eric Valdez,1987-12-05,search
eric wisely,Eric Wisely,1984-07-25,search
erica leidianny ribeiro,Erica Leidianny Ribeiro,1995-11-18,enumeration
erica montoya,Erica Montoya,1984-12-20,enumeration
erica torres,Erica Torres,1989-04-03,search
batista erick,Erick Batista,1991-08-06,enumeration
carlos erick silva,Erick Carlos Silva,1988-12-07,enumeration
da erick silva,Erick da Silva,1988-12-07,search
douglas erick,Erick Douglas,1990-01-30,enumeration
erick gonzalez,Erick Gonzalez,1992-01-20,search
erick loramartinez,Erick Lora-Martinez,1993-03-14,search
erick lozano,Erick Lozano,1982-09-10,search
erick montano,Erick Montano,1985-11-19,search
erick murray,Erick Murray,1993-06-21,search
erick ruano,Erick Ruano,1988-06-15,search
erick sanchez,Erick Sanchez,1990-10-04,search
erick silva,Erick Silva,1984-06-21,enumeration
erick visconde,Erick Visconde,1996-11-21,search
almeida ericka,Ericka Almeida,1989-03-05,search
apple erik,Erik Apple,1977-08-26,enumeration
erik koch,Erik Koch,1988-10-04,search
erik perez,Erik Perez,1989-11-19,search
erik radleim,Erik Radleim,1990-04-22,search
erik silva,Erik Silva,1987-03-16,search
erik vo,Erik Vo,1987-07-04,search
alcantara erika,Erika Alcantara,1995-04-28,enumeration
erika sousa,Erika Sousa,1995-07-14,search
benjamin costa de erikson faria,Erikson Benjamin Costa De Faria,1991-06-29,enumeration
erilene nascimento rayla,Erilene Rayla Nascimento,1996-01-07,enumeration
erimus mills,Erimus Mills,1989-06-14,enumeration
blanchfield erin,Erin Blanchfield,1999-05-04,search
erin harpe,Erin Harpe,1994-07-28,enumeration
carvalho erique,Erique Carvalho,1982-10-26,enumeration
erisson ferreira,Erisson Ferreira,1991-05-03,search
darmenov erkin,Erkin Darmenov,1996-08-03,search
erko jun,Erko Jun,1990-06-28,search
erman sakhizaada,Erman Sakhizaada,2001-01-03,enumeration
chavez ernest,Ernest Chavez,1983-06-27,search
ernesta kareckaite,Ernesta Kareckaite,1998-06-05,search
ernesto rodriguez,Ernesto Rodriguez,1997-08-09,search
ernesto schisano,Ernesto Schisano,1993-03-08,enumeration
ernesto zarate,Ernesto Zarate,1998-01-08,search
ernie juarez,Ernie Juarez,1998-01-12,search
baluyot eros,Eros Baluyot,1992-10-23,search
ershirley kessy,Ershirley Kessy,1995-06-28,enumeration
ahmet ersin toprak,Ersin Toprak Ahmet,2003-08-23,enumeration
erson yamamoto,Erson Yamamoto,1996-09-08,search
ervani melonio,Ervani Melonio,1994-11-12,enumeration
anders eryk,Eryk Anders,1987-04-21,search
abdul baset eslam,Eslam Abdul Baset,1993-10-27,enumeration
eslam mostafa,Eslam Mostafa,1995-01-20,search
eslam wheeb,Eslam Wheeb,1996-01-01,enumeration
espen kolltveit,Espen Kolltveit,1983-06-13,enumeration
amato estabili,Estabili Amato,1999-05-25,search
estafania rodrigez,Estafania Rodrigez,1997-10-06,enumeration
esteban ribovics,Esteban Ribovics,1996-04-27,search
esteban sedano,Esteban Sedano,2000-08-11,search
almeida estefani,Estefani Almeida,1988-10-17,search
estefania rodriguez,Estefania Rodriguez,1997-10-06,search
estevan payan,Estevan Payan,1982-04-03,search
esther marlene perez,Esther Marlene Perez,1995-08-17,enumeration
ethan goss,Ethan Goss,1992-01-08,search
ethan hayes,Ethan Hayes,1991-11-21,search
ethan hughes,Ethan Hughes,2001-09-18,search
ethyn ewing,Ethyn Ewing,1998-02-16,search
eti palu,Eti Palu,1994-08-26,enumeration
de euclides melo sales zacarias,Euclides Zacarias Sales de Melo,1993-06-13,search
eugen weber,Eugen Weber,1985-09-09,enumeration
aubry eugene,Eugene Aubry,1995-10-28,search
correa eugene,Eugene Correa,1993-04-22,search
eugene fadiora,Eugene Fadiora,1988-06-01,search
eulogio fernandez,Eulogio Fernandez,1981-08-21,search
eun kim soo,Eun Soo Kim,1983-10-24,search
eun lee soo,Eun Soo Lee,1982-03-07,enumeration
bandeira eurides,Eurides Bandeira,1994-11-29,enumeration
ev ting,Ev Ting,1989-08-11,enumeration
dos evaldo santos,Evaldo dos Santos,1997-02-26,search
cutts evan,Evan Cutts,1990-11-24,search
dunham evan,Evan Dunham,1981-12-18,search
elder evan,Evan Elder,1997-04-11,search
evan nedd,Evan Nedd,1986-07-22,search
evan tanner,Evan Tanner,1971-02-11,search
evan thompson,Evan Thompson,1984-06-26,enumeration
evan matus vasquez,Evan Vasquez Matus,1984-03-18,search
barbosa evandro,Evandro Barbosa,1984-04-23,search
evandro oliveira,Evandro Oliveira,1984-09-29,enumeration
evangelista santos,Evangelista Santos,1977-12-12,search
evelyn martins,Evelyn Martins,2002-09-07,search
cummings everett,Everett Cummings,1984-11-16,search
everett sims,Everett Sims,1988-09-04,search
anderson evers,Evers Anderson,1985-03-03,search
cruz everton,Everton Cruz,1992-01-27,enumeration
anjos dos everton,Everton dos Anjos,1993-05-19,enumeration
everton martins,Everton Martins,1989-02-01,enumeration
everton monteiro,Everton Monteiro,1991-01-08,enumeration
everton vasconcelos,Everton Vasconcelos,1990-04-25,search
evgeni guryanov,Evgeni Guryanov,1989-10-22,enumeration
evgeni myakinkin,Evgeni Myakinkin,1985-11-18,enumeration
belyaev evgeniy,Evgeniy Belyaev,1987-06-19,enumeration
bova evgeniy,Evgeniy Bova,1993-01-18,search
egemberdiev evgeniy,Evgeniy Egemberdiev,1985-02-09,search
evgeniy golub,Evgeniy Golub,1990-11-21,search
evgeniy goncharov,Evgeniy Goncharov,1986-08-03,search
evgeniy plaksin,Evgeniy Plaksin,1985-03-26,search
evgeniy prismakov,Evgeniy Prismakov,1993-08-20,enumeration
evgeniy skakun,Evgeniy Skakun,1997-12-29,enumeration
evgeniy vyatokha,Evgeniy Vyatokha,1994-06-14,enumeration
evgeniy zavgorodniy,Evgeniy Zavgorodniy,1997-10-15,search
belov evgeny,Evgeny Belov,1987-06-19,enumeration
bondar evgeny,Evgeny Bondar,1989-09-29,enumeration
erokhin evgeny,Evgeny Erokhin,1986-06-01,enumeration
evgeny gontarev,Evgeny Gontarev,1990-11-15,enumeration
evgeny lakhin,Evgeny Lakhin,1987-09-20,enumeration
evgeny perepechin,Evgeny Perepechin,1993-03-10,enumeration
evgeny ryazanov,Evgeny Ryazanov,1990-12-24,search
evian rodriguez,Evian Rodriguez,1982-05-26,enumeration
ewelina wozniak,Ewelina Wozniak,1993-05-05,search
ewerton ferreira,Ewerton Ferreira,1988-03-15,enumeration
ewerton polaquini,Ewerton Polaquini,1993-11-05,search
ewerton teixeira,Ewerton Teixeira,1982-02-13,enumeration
ezekiel latu,Ezekiel Latu,1990-12-27,search
ezequiel silvino,Ezequiel Silvino,1978-05-12,enumeration
elliott ezra,Ezra Elliott,2000-05-18,search
diatta fabacary,Fabacary Diatta,1996-10-16,search
edwards fabian,Fabian Edwards,1993-03-24,search
fabian loewke,Fabian Loewke,1990-04-04,enumeration
fabian saldivar,Fabian Saldivar,1984-12-12,search
conceicao da fabiano,Fabiano da Conceicao,1988-02-18,enumeration
fabiano fernandes,Fabiano Fernandes,1983-01-26,search
fabiano lopes rodrigues,Fabiano Lopes Rodrigues,1977-01-15,enumeration
fabiano scherner,Fabiano Scherner,1972-06-30,search
abreu fabio,Fabio Abreu,1983-11-24,search
aguiar fabio,Fabio Aguiar,1988-02-10,enumeration
assis augusto de fabio vasconcelos,Fabio Augusto de Assis Vasconcelos,1991-01-20,search
cherant fabio,Fabio Cherant,1994-11-25,search
bichaco fabio gava jr,Fabio Gava Bichaco Jr.,1994-02-15,enumeration
fabio gois,Fabio Gois,1983-01-01,enumeration
fabio leopoldo,Fabio Leopoldo,1977-04-17,enumeration
fabio maldonado,Fabio Maldonado,1980-03-17,search
fabio marongiu,Fabio Marongiu,1986-02-08,search
fabio mello,Fabio Mello,1975-06-28,search
fabio moreira,Fabio Moreira,1987-07-05,search
fabio neres,Fabio Neres,1986-06-28,enumeration
fabio nunes,Fabio Nunes,1984-11-16,enumeration
fabio serrao,Fabio Serrao,1981-03-10,search
fabiola pidroni,Fabiola Pidroni,1994-01-04,search
fabiulane melo,Fabiulane Melo,1990-03-02,search
almeida fabricio goncalves,Fabricio Almeida Goncalves,1989-09-25,enumeration
andrade fabricio,Fabricio Andrade,1997-10-10,search
camoes fabricio,Fabricio Camoes,1978-12-23,search
fabricio franco,Fabricio Franco,1994-07-07,search
fabricio guerreiro,Fabricio Guerreiro,1990-07-24,enumeration
fabricio martins,Fabricio Martins,1989-03-04,enumeration
fabricio oliveira,Fabricio Oliveira,1990-07-14,search
fabricio sarraff,Fabricio Sarraff,1992-10-09,enumeration
fabricio soares,Fabricio Soares,1991-09-08,search
fabricio werdum,Fabricio Werdum,1977-07-30,search
escarrega fabrizio,Fabrizio Escarrega,1998-02-18,search
faelly vitoria,Faelly Vitória,2001-10-22,enumeration
fafa owama,Fafa Owama,1992-08-03,enumeration
balci faith,Faith Balci,1982-01-05,enumeration
faith mcmah,Faith McMah,1986-06-26,search
falco lopes neto,Falco Neto Lopes,1985-04-02,enumeration
fallon fox,Fallon Fox,1975-11-29,enumeration
farbod iran nazhad,Farbod Iran Nazhad,1990-07-15,enumeration
farbod iran nezhad,Farbod Iran Nezhad,1990-07-15,search
farbod irannejad,Farbod Irannejad,1990-07-15,enumeration
fard muhammad,Fard Muhammad,1991-02-01,search
fares ziam,Fares Ziam,1997-03-21,search
basharat farid,Farid Basharat,1997-08-02,search
abdueva farida,Farida Abdueva,2004-05-15,enumeration
asha faris,Faris Asha,1992-07-16,enumeration
farkhad sharipov,Farkhad Sharipov,1984-04-18,search
farman hasanov,Farman Hasanov,1995-08-01,search
farshedi shamsidin,Farshedi Shamsidin,1998-04-26,enumeration
farshid gholami,Farshid Gholami,1982-09-21,enumeration
farzad ghaderi,Farzad Ghaderi,1985-09-21,search
aktas fatih,Fatih Aktas,1989-08-21,search
balci fatih,Fatih Balci,1982-01-05,enumeration
fatima juarez,Fatima Juarez,1993-08-05,enumeration
fatima kline,Fatima Kline,2000-07-12,search
fatkhidin sobirov,Fatkhidin Sobirov,1993-09-01,search
fausto gomez,Fausto Gómez,1992-04-28,enumeration
favian gutierrez,Favian Gutierrez,1985-01-05,search
bursell fay,Fay Bursell,1986-12-21,search
djoumoi fayad,Fayad Djoumoi,1994-07-20,enumeration
faycal hucin,Faycal Hucin,1988-01-17,enumeration
federico gentiluomo,Federico Gentiluomo,1991-07-18,enumeration
federico mini,Federico Mini,1988-10-20,enumeration
federico pasquali,Federico Pasquali,1994-03-04,enumeration
federico vento,Federico Vento,1995-11-08,search
emelianenko fedor,Fedor Emelianenko,1976-09-28,search
feier huang,Feier Huang,1994-03-12,enumeration
felice herrig,Felice Herrig,1984-09-18,enumeration
felicia spencer,Felicia Spencer,1990-11-29,search
alfredo diaz felipe gautier,Felipe Alfredo Diaz Gautier,1990-12-12,enumeration
arantes felipe,Felipe Arantes,1988-02-09,search
boaventura felipe,Felipe Boaventura,1987-01-29,search
bunes felipe,Felipe Bunes,1989-10-26,search
colares felipe,Felipe Colares,1994-03-31,search
conceicao felipe,Felipe Conceicao,1990-03-18,enumeration
dos felipe santos,Felipe dos Santos,2000-09-11,enumeration
douglas felipe,Felipe Douglas,1992-05-09,enumeration
efrain felipe,Felipe Efrain,1993-11-23,search
enomoto felipe,Felipe Enomoto,1982-08-27,enumeration
felipe franco,Felipe Franco,2001-01-22,search
felipe froes,Felipe Froes,1991-11-17,search
felipe gheno,Felipe Gheno,1992-11-27,search
felipe lima,Felipe Lima,1998-05-07,search
felipe maia,Felipe Maia,1989-04-27,enumeration
donis felipe martinez,Felipe Martinez Donis,1992-02-05,search
felipe masoni,Felipe Masoni,1986-03-21,search
felipe negochadle,Felipe Negochadle,1997-08-01,enumeration
felipe oliveira,Felipe Oliveira,1999-05-01,enumeration
dornella felipe oliveira,Felipe Oliveira Dornella,1991-04-09,enumeration
felipe olivieri,Felipe Olivieri,1985-04-12,search
felipe portela,Felipe Portela,1987-11-23,search
felipe silva,Felipe Silva,1984-08-05,enumeration
felipe vargas,Felipe Vargas,1993-11-06,search
da felipi ricardo silva,Felipi Ricardo da Silva,1993-03-09,enumeration
felista mugo,Felista Mugo,2000-02-15,enumeration
felix manga,Felix Manga,1994-04-02,enumeration
felix polianidis,Felix Polianidis,1977-11-06,search
felix scherubel,Felix Scherubel,1992-11-20,enumeration
feraris golden jr,Feraris Golden Jr.,1991-12-27,search
araujo fernanda,Fernanda Araujo,1991-06-09,search
barbosa fernanda,Fernanda Barbosa,1990-09-21,search
barros fernanda,Fernanda Barros,1989-01-05,enumeration
da fernanda silva souza,Fernanda da Silva Souza,1996-02-06,enumeration
diaz fernanda,Fernanda Diaz,1994-06-10,enumeration
fernanda marrufo,Fernanda Marrufo,1993-05-19,search
fernanda munoz,Fernanda Munoz,1996-02-13,search
batista fernando,Fernando Batista,1984-08-17,search
bruno fernando,Fernando Bruno,1982-02-24,search
calvo fernando,Fernando Calvo,1996-03-29,search
colman fernando,Fernando Colman,1997-11-12,search
da fernando lima silva,Fernando da Silva Lima,1980-01-22,enumeration
di fernando pierro,Fernando Di Pierro,1980-05-12,search
duarte fernando guerra,Fernando Duarte Guerra,1982-12-18,enumeration
fernando filho,Fernando Filho,1996-11-07,search
fernando flores,Fernando Flores,1983-11-18,search
fernando garcia,Fernando Garcia,1985-03-01,enumeration
fernando giacometti,Fernando Giacometti,1988-07-22,enumeration
fernando gonzalez,Fernando Gonzalez,1983-09-15,enumeration
fernando gonzalez trevino,Fernando Gonzalez Trevino,1987-10-12,search
fernando kleiton,Fernando Kleiton,1990-06-09,enumeration
fernando leitao,Fernando Leitao,1989-02-12,enumeration
fernando lima,Fernando Lima,1980-01-22,enumeration
fernando matsuki,Fernando Matsuki,1988-01-29,search
fernando oliva,Fernando Oliva,1990-07-06,enumeration
fernando padilla,Fernando Padilla,1996-12-15,search
fernando paulon,Fernando Paulon,1979-03-29,enumeration
fernando jr rodrigues,Fernando Rodrigues Jr.,1987-05-29,search
fernando venus,Fernando Venus,1985-09-05,enumeration
fernando zerbone,Fernando Zerbone,1991-04-13,enumeration
fernie garcia,Fernie Garcia,1992-04-12,search
badakhshi feroz,Feroz Badakhshi,2000-11-03,enumeration
feroz nejrabi,Feroz Nejrabi,2004-01-01,enumeration
ferrid kheder,Ferrid Kheder,1975-03-03,enumeration
darzanoff fikret,Fikret Darzanoff,1977-12-31,enumeration
bradaric filip,Filip Bradaric,1983-03-03,enumeration
filip le,Filip Le,1989-07-24,enumeration
filip macek,Filip Macek,1991-06-03,search
filip pejic,Filip Pejic,1992-07-21,search
filip stawowy,Filip Stawowy,1996-07-27,search
filip tomczak,Filip Tomczak,1991-06-28,search
filip wolanski,Filip Wolanski,1991-06-02,enumeration
esteves filipe,Filipe Esteves,1989-09-02,search
filipe moitinho,Filipe Moitinho,1995-06-10,search
filipe zacaron,Filipe Zacaron,1997-07-12,search
fiona muxlow,Fiona Muxlow,1977-05-13,enumeration
cardozo fiorella,Fiorella Cardozo,2001-04-15,enumeration
firdavs khasanov,Firdavs Khasanov,1994-04-15,search
firdavs nazarov,Firdavs Nazarov,1994-09-16,enumeration
carvalho flavio,Flavio Carvalho,1985-11-18,search
dos flavio santos,Flavio Dos Santos,1986-04-20,enumeration
flavio jasser,Flavio Jasser,1995-01-07,enumeration
de flavio pina sousa,Flavio Pina de Sousa,1986-03-24,search
flavio magon rodrigo,Flavio Rodrigo Magon,1984-05-28,search
flavio santos,Flávio Santos,1991-07-10,enumeration
flore hani,Flore Hani,1986-12-10,search
betorangal florent,Florent Betorangal,1983-05-01,search
burillon florent,Florent Burillon,1989-08-19,enumeration
cornette florian,Florian Cornette,1991-02-12,enumeration
florin gardan,Florin Gardan,1987-12-05,enumeration
forrest griffin,Forrest Griffin,1979-07-01,search
forrest petz,Forrest Petz,1975-09-22,search
fouad madani,Fouad Madani,1992-02-01,enumeration
francelis rivero,Francelis Rivero,1990-12-25,enumeration
francesco maione,Francesco Maione,2000-04-02,enumeration
francesco mazzeo,Francesco Mazzeo,1997-09-23,search
francesco moricca,Francesco Moricca,1990-09-08,search
francesco nuzzi,Francesco Nuzzi,1996-08-28,search
barroso francimar,Francimar Barroso,1980-02-28,search
ambang francios,Francios Ambang,1986-11-06,enumeration
carmont francis,Francis Carmont,1981-11-10,search
francis healy,Francis Healy,1989-10-11,search
francis marshall,Francis Marshall,1999-03-03,search
francis mozou,Francis Mozou,2002-03-23,enumeration
francis ngannou,Francis Ngannou,1986-09-05,search
albano barrio francisco,Francisco Albano Barrio,1989-06-22,search
alcantara francisco,Francisco Alcantara,1984-01-14,enumeration
ataliba francisco,Francisco Ataliba,1990-06-26,enumeration
benitez francisco,Francisco Benitez,1993-08-14,search
cleiton francisco monteiro,Francisco Cleiton Monteiro,2000-01-18,enumeration
assis da de francisco lima silva,Francisco de Assis Lima da Silva,1986-03-10,enumeration
de francisco lima maciel,Francisco de Lima Maciel,1988-01-11,search
figueiredo francisco,Francisco Figueiredo,1989-10-23,search
france francisco,Francisco France,1983-01-21,search
francisco gonzalez,Francisco Gonzalez,1988-11-11,enumeration
francisco isata,Francisco Isata,1985-03-10,search
asprilla francisco javier,Francisco Javier Asprilla,1989-11-02,enumeration
francisco obando,Francisco Obando,1992-03-08,search
dos francisco neto pinheiro santos,Francisco Pinheiro Dos Santos Neto,1970-12-31,enumeration
francisco prado,Francisco Prado,2002-06-16,search
francisco rivera,Francisco Rivera,1981-10-08,search
francisco saldarriaga,Francisco Saldarriaga,1988-06-16,enumeration
bezerra da francisco sandro silva,Francisco Sandro da Silva Bezerra,1984-07-07,enumeration
francisco trevino,Francisco Trevino,1981-12-17,search
francisco trinaldo,Francisco Trinaldo,1978-08-24,search
francivaldo trinaldo,Francivaldo Trinaldo,1982-02-27,enumeration
ferreira franckson,Franckson Ferreira,1997-02-17,enumeration
aranda franco,Franco Aranda,1996-01-21,search
franco tenaglia,Franco Tenaglia,1996-09-30,enumeration
francois kabulu,Francois Kabulu,1988-09-22,search
francois meyer,Francois Meyer,1995-03-01,enumeration
alcala frank,Frank Alcala,1969-08-28,enumeration
buenafuente frank,Frank Buenafuente,1987-12-09,search
byers frank,Frank Byers,1978-10-26,enumeration
camacho frank,Frank Camacho,1989-05-18,search
caraballo frank,Frank Caraballo,1984-12-18,search
carrillo frank,Frank Carrillo,1984-01-12,search
farmer frank,Frank Farmer,1987-10-23,enumeration
frank gomez,Frank Gomez,1986-03-31,enumeration
frank lester,Frank Lester,1984-06-10,search
frank mazepa,Frank Mazepa,1995-05-22,enumeration
frank mir,Frank Mir,1979-05-24,search
frank posko,Frank Posko,1995-09-18,search
frank santore,Frank Santore,1982-08-19,enumeration
frank schuman,Frank Schuman,1993-04-12,search
frank shamrock,Frank Shamrock,1972-12-08,enumeration
frank silva,Frank Silva,2004-08-25,enumeration
frank tate,Frank Tate,1976-04-22,search
frank trigg,Frank Trigg,1972-05-07,enumeration
frank wells,Frank Wells,1994-06-14,search
frank young,Frank Young,1984-10-01,search
edgar frankie,Frankie Edgar,1981-10-16,search
frankie perez,Frankie Perez,1989-05-11,search
frankie saenz,Frankie Saenz,1980-08-12,search
frankie shugart,Frankie Shugart,1989-10-01,enumeration
costa frankledson,Frankledson Costa,1989-10-30,enumeration
esoe franklin,Franklin Esoe,1989-06-18,enumeration
franklin torres,Franklin Torres,1998-06-20,search
frans mlambo,Frans Mlambo,1991-05-22,search
fransino tirta,Fransino Tirta,1981-03-29,enumeration
frantz slioa,Frantz Slioa,1991-04-09,search
dupras fred,Fred Dupras,1993-09-15,enumeration
fred freeman,Fred Freeman,1988-12-04,search
fred moncaio,Fred Moncaio,1989-03-18,search
fred stonehouse,Fred Stonehouse,1989-05-21,enumeration
fred zamora,Fred Zamora,1991-11-22,enumeration
freddie rodriguez,Freddie Rodriguez,1993-04-11,search
assuncao freddy,Freddy Assuncao,1982-07-19,search
freddy may,Freddy May,1993-12-20,enumeration
freddy vidal,Freddy Vidal,1994-05-06,search
fernandez frederic,Frederic Fernandez,1978-03-15,search
frederico gutzwiller,Frederico Gutzwiller,1994-01-29,search
frederico komuenha,Frederico Komuenha,1992-03-05,search
fredy serrano,Fredy Serrano,1979-09-22,search
aldin biagtan fritz,Fritz Aldin Biagtan,1995-07-25,enumeration
fuga izawa,Fuga Izawa,1998-11-14,search
fuhito hasegawa,Fuhito Hasegawa,1986-02-10,search
fumihiro kitahara,Fumihiro Kitahara,1984-05-22,search
fuminao odawara,Fuminao Odawara,1989-02-03,enumeration
fumiya sasaki,Fumiya Sasaki,1984-08-03,search
furkatbek yokubov,Furkatbek Yokubov,1994-10-28,search
cheema furqan,Furqan Cheema,1990-06-12,enumeration
gabby romero,Gabby Romero,1988-04-12,search
barletta gabe,Gabe Barletta,1994-04-19,search
eurit gabe,Gabe Eurit,2001-05-10,enumeration
gabe green,Gabe Green,1993-05-02,enumeration
gabe ruediger,Gabe Ruediger,1977-08-29,enumeration
gabe sagman,Gabe Sagman,1991-12-24,enumeration
brown gaberial,Gaberial Brown,2000-05-11,search
gable steveson,Gable Steveson,2000-05-31,enumeration
gabor nemeth,Gabor Nemeth,1973-03-06,enumeration
almeida gabriel,Gabriel Almeida,2001-01-05,enumeration
barreiro gabriel,Gabriel Barreiro,1988-09-12,search
bellomini gabriel,Gabriel Bellomini,2000-11-24,enumeration
benitez gabriel,Gabriel Benitez,1988-06-15,search
bonfim gabriel,Gabriel Bonfim,1997-08-20,search
braga gabriel,Gabriel Braga,1998-04-24,search
castro gabriel,Gabriel Castro,1996-03-12,search
checco gabriel,Gabriel Checco,1986-04-03,search
costa gabriel,Gabriel Costa,2001-06-12,search
echavarry gabriel,Gabriel Echavarry,1994-07-20,search
fernandes gabriel,Gabriel Fernandes,1994-12-02,search
freyre gabriel,Gabriel Freyre,1992-06-03,enumeration
gabriel gonzaga,Gabriel Gonzaga,1979-05-18,search
gabriel gregorio,Gabriel Gregorio,1993-04-05,enumeration
de gabriel leite oliveira,Gabriel Leite de Oliveira,1989-12-09,search
gabriel lima,Gabriel Lima,1990-04-20,enumeration
gabriel macario,Gabriel Macario,1993-06-28,search
gabriel miranda,Gabriel Miranda,1990-03-25,enumeration
gabriel mota,Gabriel Mota,1992-04-01,search
gabriel pimenta,Gabriel Pimenta,1995-03-23,search
gabriel rodrigues,Gabriel Rodrigues,1999-03-19,enumeration
gabriel rossi,Gabriel Rossi,1983-02-13,enumeration
gabriel ruman,Gabriel Ruman,1996-11-07,enumeration
gabriel santos,Gabriel Santos,1996-11-28,search
gabriel sartorio,Gabriel Sartorio,1992-07-08,enumeration
gabriel sayeg,Gabriel Sayeg,1986-08-11,search
gabriel silva,Gabriel Silva,1994-08-26,enumeration
gabriel souza,Gabriel Souza,1997-03-03,enumeration
gabriel tampu,Gabriel Tampu,1979-11-24,enumeration
gabriel thimoteo,Gabriel Thimoteo,1989-04-21,search
gabriel valdez,Gabriel Valdez,1990-02-10,enumeration
gabriel vargas,Gabriel Vargas,2000-07-27,enumeration
das gabriel neves vieira,Gabriel Vieira das Neves,1996-12-10,enumeration
gabriel wanderley,Gabriel Wanderley,2002-01-04,search
campo gabriela,Gabriela Campo,1986-03-22,search
gabriela santos,Gabriela Santos,1999-09-17,enumeration
gabriele santana,Gabriele Santana,1992-03-09,enumeration
fernandes gabriella,Gabriella Fernandes,1993-08-13,search
gabriella gulfin,Gabriella Gulfin,1992-02-27,search
gabrielle holloway,Gabrielle Holloway,1990-04-15,search
gadzhi gadzhiev,Gadzhi Gadzhiev,1984-08-05,enumeration
gadzhi omargadzhiev,Gadzhi Omargadzhiev,1993-02-24,search
gadzhi rabadanov,Gadzhi Rabadanov,1993-01-07,search
antigulov gadzhimurad,Gadzhimurad Antigulov,1987-02-09,search
gadzhimurad gasanguseinov,Gadzhimurad Gasanguseinov,1995-06-05,search
gadzhimurad khiramagomedov,Gadzhimurad Khiramagomedov,1991-08-21,search
gadzhimusa gaziev,Gadzhimusa Gaziev,1992-06-29,search
gael grimaud,Gael Grimaud,1979-09-21,search
gaetano pirrello,Gaetano Pirrello,1992-04-29,search
duhon gage,Gage Duhon,1995-01-25,search
gage morsette,Gage Morsette,1998-05-10,enumeration
gage saunders,Gage Saunders,1993-02-23,search
galina yakupova,Galina Yakupova,1995-09-17,enumeration
bofando galore,Galore Bofando,1982-05-22,search
gamzat khiramagomedov,Gamzat Khiramagomedov,1993-11-25,enumeration
gamzat magomedov,Gamzat Magomedov,1995-06-10,search
bayasgalan ganbat,Ganbat Bayasgalan,1989-05-23,search
ariunbileg gantulkhuur,Gantulkhuur Ariunbileg,1988-12-17,search
erdenebaatar ganzorig,Ganzorig Erdenebaatar,1991-06-30,search
davis garett,Garett Davis,1976-12-12,enumeration
garik shahbabyan,Garik Shahbabyan,1993-09-03,enumeration
garreth mclellan,Garreth McLellan,1982-01-09,search
armfield garrett,Garrett Armfield,1996-10-09,search
carlson garrett,Garrett Carlson,1997-06-18,search
davis garrett,Garrett Davis,1976-12-12,enumeration
fosdyck garrett,Garrett Fosdyck,1992-08-24,search
garrett gross,Garrett Gross,1988-08-08,search
garrett howell,Garrett Howell,1994-03-03,enumeration
garrett marks,Garrett Marks,1994-11-14,enumeration
garrett mueller,Garrett Mueller,1989-01-29,search
garrett wells,Garrett Wells,1992-07-21,search
garry tonon,Garry Tonon,1991-09-12,search
balletto gary,Gary Balletto,1995-01-20,enumeration
formosa gary,Gary Formosa,1996-07-24,enumeration
gary goodridge,Gary Goodridge,1966-01-17,enumeration
gary konkol,Gary Konkol,1994-05-06,search
gary michaels,Gary Michaels,1980-11-19,enumeration
gary padilla,Gary Padilla,1980-05-04,enumeration
gasan umalatov,Gasan Umalatov,1982-11-03,search
bolanos gaston,Gaston Bolanos,1992-09-14,search
gaston gomez manzur,Gaston Gomez Manzur,1989-03-05,enumeration
gaston palomino,Gaston Palomino,1986-04-02,enumeration
gaston reyno,Gaston Reyno,1986-11-11,search
gauge young,Gauge Young,2000-07-14,search
gavin sterritt,Gavin Sterritt,1979-08-27,search
gavin tucker,Gavin Tucker,1986-06-17,search
gean lobor,Gean Lobor,1989-08-09,enumeration
geane herrera,Geane Herrera,1990-05-27,search
coutinho geberson,Geberson Coutinho,1995-08-12,enumeration
gedan ni,Gedan Ni,1998-06-01,search
gegard mousasi,Gegard Mousasi,1985-08-01,search
geison moreno santana,Geison Santana Moreno,1995-08-14,search
geisyele nascimento,Geisyele Nascimento,1995-08-03,search
barbosa de geize salles souza,Geize Salles De Souza Barbosa,1996-11-06,enumeration
eustaquio geje,Geje Eustaquio,1989-04-06,search
adkins gemiyale,Gemiyale Adkins,1982-12-09,search
auld gemma,Gemma Auld,1990-09-04,enumeration
fabian genah,Genah Fabian,1989-09-05,search
da genair silva,Genair da Silva,1983-12-26,search
genaro valdez,Genaro Valdez,1992-01-16,search
gene perez,Gene Perez,1990-07-18,enumeration
genier panegos,Genier Panegos,1995-11-29,enumeration
genier penagos,Genier Penagos,1995-11-29,search
furtado genison,Genison Furtado,1993-08-04,enumeration
genpei hayashi,Genpei Hayashi,1989-11-09,search
geoff neal,Geoff Neal,1990-08-28,search
geoffrey john,Geoffrey John,1999-08-08,enumeration
geoffrey mellor thomas,Geoffrey Thomas Mellor,1996-06-26,enumeration
geoffroy puigvert,Geoffroy Puigvert,1986-09-21,search
emanuel george,George Emanuel,1983-01-18,enumeration
fialho george jr nunes,George Fialho Nunes Jr,1994-06-21,enumeration
garcia george,George Garcia,1990-09-20,search
george hardwick,George Hardwick,1996-12-06,search
george kechagias,George Kechagias,1995-09-29,enumeration
george mangos,George Mangos,2003-08-19,search
george martinez,George Martinez,1995-05-03,search
george roop,George Roop,1981-11-10,search
george sheppard,George Sheppard,1988-07-02,search
george smith,George Smith,1996-09-26,search
george sotiropoulos,George Sotiropoulos,1977-07-09,enumeration
george sullivan,George Sullivan,1981-03-13,search
eid georges,Georges Eid,1990-08-23,search
georges kopa,Georges Kopa,1988-11-16,search
georges sasu,Georges Sasu,1997-09-02,search
georges stpierre,Georges St-Pierre,1981-05-19,enumeration
georgi karakhanyan,Georgi Karakhanyan,1985-05-29,search
georgi valentinov,Georgi Valentinov,1993-04-01,search
georgie medina,Georgie Medina,1997-01-01,search
eivas georgii,Georgii Eivas,1996-04-17,search
georgina tartaletti,Georgina Tartaletti,1979-07-05,enumeration
georgiy kekelia,Georgiy Kekelia,1990-05-14,search
georgy kichigin,Georgy Kichigin,1989-03-05,search
geovane tauro,Geovane Tauro,1988-01-05,enumeration
geovane vargas,Geovane Vargas,1995-05-19,search
cruz geovani,Geovani Cruz,1986-05-31,enumeration
eduarda geovanna,Geovanna Eduarda,2001-01-26,search
geraint hill,Geraint Hill,1987-09-25,search
castillo geralbert,Geralbert Castillo,1989-12-26,search
gerald harris,Gerald Harris,1979-11-19,search
gerald meerschaert,Gerald Meerschaert,1987-12-18,search
gerald scott,Gerald Scott,1994-06-29,search
almonte geraldo,Geraldo Almonte,1993-04-17,enumeration
de freitas geraldo,Geraldo de Freitas,1991-09-30,enumeration
geraldo neto,Geraldo Neto,1990-12-09,enumeration
burns gerard,Gerard Burns,1996-08-22,search
gerard gilmore,Gerard Gilmore,1984-11-10,enumeration
gerard gordeau,Gerard Gordeau,1959-03-30,enumeration
fanny gerardo,Gerardo Fanny,1994-04-26,search
gerardo graniel,Gerardo Graniel,1994-01-11,search
gerasimos sioutis,Gerasimos Sioutis,1993-07-12,enumeration
de germaine randamie,Germaine de Randamie,1984-04-24,search
german orpineda ponce,German Orpineda Ponce,1997-12-19,search
dos geronimo santos,Geronimo dos Santos,1980-08-18,search
gerra goosen,Gerra Goosen,1985-07-12,enumeration
gerrica trias,Gerrica Trias,1993-01-12,enumeration
bontekoe gerrick,Gerrick Bontekoe,1992-04-24,search
cordeiro gerson,Gerson Cordeiro,1981-02-22,search
de gerson jesus pereira,Gerson Pereira de Jesus,1988-11-17,search
chaw gerzan,Gerzan Chaw,1987-07-21,search
cavalcante gesias,Gesias Cavalcante,1983-07-06,search
bergamo geverson pereira,Geverson Pereira Bergamo,1986-08-08,enumeration
gexi sanlang,Gexi Sanlang,1998-10-23,search
derouiche geysim,Geysim Derouiche,1996-07-15,enumeration
abdenabi ghassan,Ghassan Abdenabi,1991-11-05,enumeration
gheorghe gritko,Gheorghe Gritko,1991-07-11,search
gheorghe lupu,Gheorghe Lupu,1996-09-26,search
cutar gheorghi,Gheorghi Cutar,1993-08-05,enumeration
ghiles oudelha,Ghiles Oudelha,1993-11-17,search
giacomo lemos,Giacomo Lemos,1989-06-23,enumeration
giacomo santoro,Giacomo Santoro,1995-06-22,enumeration
gian maurente,Gian Maurente,2003-02-03,search
gian sarturi,Gian Sarturi,1993-02-28,search
gian siqueira,Gian Siqueira,1994-06-23,search
gian villante,Gian Villante,1985-08-18,search
gianluca rocca,Gianluca Rocca,1994-06-29,search
gianni massafra,Gianni Massafra,1997-12-09,enumeration
gianni vazquez,Gianni Vazquez,1994-07-13,search
bachar giannis,Giannis Bachar,1990-06-05,search
gideon ray,Gideon Ray,1973-05-27,enumeration
chikadze giga,Giga Chikadze,1988-08-25,search
giga kukhalashvili,Giga Kukhalashvili,1988-08-23,enumeration
canuto gigi,Gigi Canuto,2002-11-16,enumeration
don gil kim,Gil Don Kim,1990-03-25,search
gil guardado,Gil Guardado,1985-09-12,search
gilber ordonez,Gilber Ordonez,1991-08-09,search
aldana gilbert,Gilbert Aldana,1977-08-28,enumeration
burns gilbert,Gilbert Burns,1986-07-20,search
gilbert jimenez,Gilbert Jimenez,1985-05-11,search
gilbert mejia,Gilbert Mejia,1997-05-24,enumeration
gilbert melendez,Gilbert Melendez,1982-04-12,search
gilbert patrocinio,Gilbert Patrocinio,1991-08-13,search
gilbert smith,Gilbert Smith,1981-10-19,search
gilbert urbina,Gilbert Urbina,1996-04-05,search
gilbert yvel,Gilbert Yvel,1976-06-30,search
aguilar gilberto,Gilberto Aguilar,1980-05-26,search
dias gilberto,Gilberto Dias,1984-03-20,search
dos gilberto pantoja santos,Gilberto dos Santos Pantoja,1979-03-03,search
galvao gilberto,Gilberto Galvao,1982-03-09,search
gilberto santos,Gilberto Santos,1994-07-10,enumeration
de giliarde lima,Giliarde de Lima,1984-09-04,enumeration
gillian noll,Gillian Noll,1998-06-04,search
gillian robertson,Gillian Robertson,1995-05-17,search
dutra gilmar lima,Gilmar Dutra Lima,1984-07-25,search
gilmar sales,Gilmar Sales,1976-09-09,enumeration
gilsely perea,Gilsely Perea,1990-08-11,search
cardoso gilson,Gilson Cardoso,1972-07-09,search
begley gina,Gina Begley,1981-02-23,search
brito gina santana silva,Gina Brito Silva Santana,1982-11-28,enumeration
carano gina,Gina Carano,1982-04-16,search
elliott gina,Gina Elliott,1981-02-23,enumeration
gina mazany,Gina Mazany,1988-08-19,search
gino steenis van,Gino van Steenis,1998-02-15,search
du ginseng jour,Ginseng Du Jour,1980-02-07,enumeration
dujour ginseng poit,Ginseng Poit Du'Jour,1980-12-07,enumeration
gensini gionata,Gionata Gensini,1981-02-08,enumeration
egnatashvili giorgi,Giorgi Egnatashvili,1999-11-15,search
gelashvili giorgi,Giorgi Gelashvili,1994-03-07,enumeration
giorgi kankava,Giorgi Kankava,1988-01-30,search
giorgi khubejashvili,Giorgi Khubejashvili,1992-03-26,search
giorgi kotorashvili,Giorgi Kotorashvili,1993-10-09,enumeration
giorgi kudukhashvili,Giorgi Kudukhashvili,1995-07-12,search
giorgi kvelidze,Giorgi Kvelidze,1985-06-14,search
giorgi tabatadze,Giorgi Tabatadze,1989-01-21,search
belsanti giorgio,Giorgio Belsanti,1989-07-07,search
giorgio pietrini,Giorgio Pietrini,1991-06-23,search
da giovanni jr santos silva,Giovanni da Silva Santos Jr.,1987-05-02,enumeration
garofalo giovanni,Giovanni Garofalo,2000-02-05,enumeration
giovanni melillo,Giovanni Melillo,1985-02-05,search
giovanni sarran,Giovanni Sarran,1988-12-26,search
giovanny meza,Giovanny Meza,1999-09-03,search
gisela luna,Gisela Luna,1991-10-18,search
gisele moreira,Gisele Moreira,1981-01-14,search
chinello giulia,Giulia Chinello,1993-05-30,search
giuliano primaz,Giuliano Primaz,1974-02-17,enumeration
correa giuseppe,Giuseppe Correa,1995-10-04,enumeration
de francesco giuseppe,Giuseppe de Francesco,1985-07-10,enumeration
giuseppe mancuso,Giuseppe Mancuso,1984-06-29,enumeration
giuseppe ruggeri,Giuseppe Ruggeri,1999-07-10,search
giuseppe ruotolo,Giuseppe Ruotolo,1983-08-19,enumeration
francisco givago,Givago Francisco,1991-12-16,search
franca glaico,Glaico Franca,1991-02-28,search
eliziario glaucio,Glaucio Eliziario,1987-07-03,enumeration
daniel glaydson,Glaydson Daniel,1988-07-11,enumeration
cutis gleidson,Gleidson Cutis,1989-02-07,enumeration
dejesus gleidson,Gleidson DeJesus,1992-05-31,search
baker glen,Glen Baker,1981-03-01,search
glen ranillo,Glen Ranillo,1983-10-25,search
glendal whitney,Glendal Whitney,1991-10-31,search
glenn mcveigh,Glenn McVeigh,1997-04-02,search
glenn reeves,Glenn Reeves,1979-09-03,enumeration
glenn williams,Glenn Williams,1984-09-13,enumeration
gleristone santos,Gleristone Santos,1988-08-20,search
glody kanzeko,Glody Kanzeko,1997-02-02,enumeration
amaral gloria,Gloria Amaral,2000-01-18,enumeration
de gloria paula,Gloria de Paula,1995-06-10,search
gloria grachanin,Gloria Grachanin,1991-03-17,enumeration
barrios bravo gloria isabel,Gloria Isabel Bravo Barrios,1986-06-07,enumeration
glory watson,Glory Watson,1994-07-23,search
glover teixeira,Glover Teixeira,1979-10-28,search
go kashiwazaki,Go Kashiwazaki,1996-03-24,search
go minamide,Go Minamide,1993-05-10,search
gocha shainidze,Gocha Shainidze,2002-03-24,search
godofredo pepey,Godofredo Pepey,1987-07-02,enumeration
cornelius godpower,Godpower Cornelius,1994-12-28,enumeration
godwin langbayan,Godwin Langbayan,1989-11-11,enumeration
goiti yamauchi,Goiti Yamauchi,1993-01-05,search
aksu gokhan,Gokhan Aksu,1991-11-28,search
gokhan saki,Gokhan Saki,1983-10-19,enumeration
gokhan saricam,Gokhan Saricam,1991-02-26,search
contreras gonzalo,Gonzalo Contreras,1996-02-23,enumeration
gonzalo ponce,Gonzalo Ponce,1994-05-01,search
gor mnatsakanyan,Gor Mnatsakanyan,1984-03-12,enumeration
goran reljic,Goran Reljic,1984-03-20,search
cunningham gordon,Gordon Cunningham,1995-03-21,enumeration
gordon roodman,Gordon Roodman,1985-03-19,search
gordon wigington,Gordon Wigington,1991-09-30,enumeration
gorel zutova,Gorel Zutova,1985-04-08,enumeration
cleveland grace,Grace Cleveland,1993-09-01,enumeration
bozinyan grachik,Grachik Bozinyan,1995-07-18,search
campos gracie kelly,Gracie Kelly Campos,1993-10-03,enumeration
gracjan szadzinski,Gracjan Szadzinski,1989-11-02,search
gracy maia,Gracy Maia,1998-03-20,enumeration
graham park,Graham Park,1988-12-14,enumeration
graham turner,Graham Turner,1987-11-25,search
bogdanove grant,Grant Bogdanove,1994-11-01,enumeration
dawson grant,Grant Dawson,1994-02-20,search
grant neal,Grant Neal,1995-10-05,search
gray maynard,Gray Maynard,1979-05-09,search
childers greg,Greg Childers,1986-04-11,enumeration
criticos greg,Greg Criticos,1984-04-24,enumeration
fischer greg,Greg Fischer,1991-07-19,search
greg hardy,Greg Hardy,1988-07-28,enumeration
greg rebello,Greg Rebello,1982-06-13,search
greg soto,Greg Soto,1986-06-03,search
greg spearman,Greg Spearman,1985-11-23,search
greg velasco,Greg Velasco,1993-09-23,search
greg welsh,Greg Welsh,1979-07-25,enumeration
ellis gregg,Gregg Ellis,1993-08-08,search
gillespie gregor,Gregor Gillespie,1986-11-13,search
gracie gregor,Gregor Gracie,1986-12-26,enumeration
gregor herb,Gregor Herb,1978-02-22,search
gregor weibel,Gregor Weibel,1986-05-02,search
babene gregory,Gregory Babene,1984-01-26,search
campos gregory veloso,Gregory Campos Veloso,1991-07-16,enumeration
gregory hearne,Gregory Hearne,1983-07-08,enumeration
gregory milliard,Gregory Milliard,1983-09-14,search
gregory rodrigues,Gregory Rodrigues,1992-02-17,search
gregory saumenig,Gregory Saumenig,1989-03-06,search
gregory smith,Gregory Smith,1990-12-14,search
gregory wamytan,Gregory Wamytan,1987-04-20,enumeration
da gomes greicielen silva,Greicielen da Silva Gomes,1999-05-24,enumeration
fisk griffin,Griffin Fisk,1994-09-28,enumeration
griffin parriott,Griffin Parriott,1997-09-22,search
aschugbabjan grigor,Grigor Aschugbabjan,1985-07-17,enumeration
grigorii popov,Grigorii Popov,1984-04-18,enumeration
grigoriy kichigin,Grigoriy Kichigin,1989-03-05,enumeration
grigoriy ponomarev,Grigoriy Ponomarev,1995-07-18,enumeration
cieplinski grzegorz,Grzegorz Cieplinski,1992-03-23,search
grzegorz szulakowski,Grzegorz Szulakowski,1986-12-30,search
guangmei han,Guangmei Han,1997-10-03,enumeration
guangyou ning,Guangyou Ning,1981-12-15,search
guangzhen li,Guangzhen Li,1990-08-22,search
gugun gusman,Gugun Gusman,1990-03-03,enumeration
cury gui,Gui Cury,1986-09-09,search
cannetti guido,Guido Cannetti,1979-12-19,search
guido santos,Guido Santos,1993-09-08,enumeration
assis guilherme,Guilherme Assis,1994-07-22,search
cadena guilherme,Guilherme Cadena,1992-01-14,search
crossi guilherme,Guilherme Crossi,1994-04-09,search
de guilherme souza,Guilherme De Souza,1991-09-22,enumeration
doin guilherme,Guilherme Doin,1992-03-13,search
dos guilherme santos,Guilherme dos Santos,1993-05-07,enumeration
dos gomes guilherme santos,Guilherme Dos Santos Gomes,1990-07-07,enumeration
faria guilherme,Guilherme Faria,1991-09-22,enumeration
gabriel guilherme,Guilherme Gabriel,2003-07-06,enumeration
guilherme lazzarini,Guilherme Lazzarini,1995-05-02,enumeration
guilherme pat,Guilherme Pat,1994-04-20,search
guilherme soares,Guilherme Soares,1993-09-26,search
guilherme uriel,Guilherme Uriel,1997-02-18,search
guilherme vasconcelos,Guilherme Vasconcelos,1986-03-23,search
delorenzi guillaume,Guillaume DeLorenzi,1984-07-01,enumeration
guillermo navarro,Guillermo Navarro,1994-10-19,enumeration
guillermo torres,Guillermo Torres,1986-08-19,search
gunnar nelson,Gunnar Nelson,1988-07-28,search
gunther kalunda,Gunther Kalunda,1992-07-07,search
gugenishvili guram,Guram Gugenishvili,1986-07-23,enumeration
guram kutateladze,Guram Kutateladze,1992-01-08,search
gurami zviadadze,Gurami Zviadadze,1993-09-02,enumeration
gurdarshan mangat,Gurdarshan Mangat,1987-01-24,search
balart gustavo,Gustavo Balart,1987-02-10,search
batista gustavo,Gustavo Batista,1990-04-14,search
bazan gustavo,Gustavo Bazan,1992-08-22,search
dos gustavo santos,Gustavo Dos Santos,1977-09-13,enumeration
erak gustavo,Gustavo Erak,1992-05-08,search
falciroli gustavo,Gustavo Falciroli,1982-12-13,search
gabriel gustavo,Gustavo Gabriel,1994-04-01,enumeration
canuto guilherme gustavo,Gustavo Guilherme Canuto,1997-03-04,enumeration
gustavo henrique,Gustavo Henrique,1996-12-16,enumeration
gustavo henrique lima,Gustavo Henrique Lima,1997-12-18,enumeration
gustavo lopez,Gustavo Lopez,1989-06-27,search
gustavo machado,Gustavo Machado,1975-05-17,enumeration
gustavo nogueira,Gustavo Nogueira,1992-02-13,enumeration
gustavo oliveira,Gustavo Oliveira,1996-08-25,enumeration
faquini gustavo prado,Gustavo Prado Faquini,1994-02-14,enumeration
gustavo trujillo,Gustavo Trujillo,1993-02-28,search
gustavo wurlitzer,Gustavo Wurlitzer,1983-03-25,search
guto inocente,Guto Inocente,1986-05-29,search
delumeau guy,Guy Delumeau,1981-08-18,search
guy mezger,Guy Mezger,1968-01-01,search
gwan lim woo,Gwan Woo Lim,2001-07-27,search
gyu hwa kim,Gyu Hwa Kim,1987-08-17,enumeration
dias hacran,Hacran Dias,1984-05-16,search
hae jin park,Hae Jin Park,1992-10-25,search
hae jun yang,Hae Jun Yang,1988-04-11,enumeration
farag haiat youssef,Haiat Farag Youssef,1982-02-18,enumeration
cowan hailey,Hailey Cowan,1992-02-12,search
gozali haim,Haim Gozali,1973-05-05,search
dawodu hakeem,Hakeem Dawodu,1991-07-02,search
alshubrem hakem,Hakem Alshubrem,1999-03-29,enumeration
foss hakon,Hakon Foss,1986-07-05,search
hakop terpetrosyan,Hakop Ter-Petrosyan,1994-12-20,search
hale vaasa,Hale Vaa'sa,1981-07-11,enumeration
amir halil,Halil Amir,1994-09-02,search
halston williams,Halston Williams,1989-11-18,search
hamada razzouk,Hamada Razzouk,1996-07-21,enumeration
abdelwahab hamdy,Hamdy Abdelwahab,1993-01-22,search
amiri hamid,Hamid Amiri,2003-06-15,enumeration
hamid salihi,Hamid Salihi,2002-03-05,enumeration
ash hamilton,Hamilton Ash,1990-02-14,search
hammer morton,Hammer Morton,1994-05-05,search
dos hamyrez oliveira santos,Hamyrez Oliveira dos Santos,1994-07-06,enumeration
hamza kooheji,Hamza Kooheji,1993-01-30,search
guk han jun,Han Guk Jun,1992-05-28,enumeration
guk han jung,Han Guk Jung,1992-05-28,search
han lee sol,Han Sol Lee,1989-01-03,enumeration
hana yamada,Hana Yamada,1997-01-15,search
ferreira handesson,Handesson Ferreira,1988-03-22,search
handong kong,Handong Kong,1980-12-12,enumeration
gujwan hanna,Hanna Gujwan,1992-04-23,search
cifers hannah,Hannah Cifers,1992-06-26,search
elswick hannah,Hannah Elswick,1990-08-15,enumeration
goldy hannah,Hannah Goldy,1992-05-18,search
guy hannah,Hannah Guy,1995-05-04,search
hannah kampf,Hannah Kampf,1990-10-27,enumeration
hannah ramos,Hannah Ramos,2001-07-01,enumeration
hannah summers,Hannah Summers,1993-05-06,enumeration
canko hans,Hans Canko,1972-09-20,enumeration
hans nijman,Hans Nijman,1959-09-23,enumeration
hans stringer,Hans Stringer,1987-07-06,search
hanseul kim,HanSeul Kim,1990-06-19,enumeration
hansraj samota,Hansraj Samota,2001-08-03,search
hao jie li,Hao Jie Li,1995-06-28,enumeration
haojie li,Haojie Li,1995-06-28,search
haotian wu,Haotian Wu,1986-10-12,search
harald staden van,Harald van Staden,1990-01-07,enumeration
harda karim,Harda Karim,1996-03-26,search
haris talundzic,Haris Talundzic,1995-12-21,search
harri maatta,Harri Maatta,1989-02-11,enumeration
harris sarmiento,Harris Sarmiento,1983-09-09,search
harris stephenson,Harris Stephenson,1989-03-24,enumeration
harrison layne,Harrison Layne,1995-03-06,search
duiven harry jr,Harry Duiven Jr.,1987-06-18,enumeration
hardwick harry,Harry Hardwick,1994-09-29,search
harry hunsucker,Harry Hunsucker,1989-01-03,search
harry webb,Harry Webb,1999-11-13,enumeration
harsh pandya,Harsh Pandya,1995-09-20,enumeration
harsh yadav,Harsh Yadav,1993-07-28,enumeration
haruka hasegawa,Haruka Hasegawa,1990-12-05,search
armoa haruki onishi,Haruki Armoa Onishi,1991-01-04,search
haruo ochi,Haruo Ochi,1984-02-07,search
harvey mardis,Harvey Mardis,2003-01-03,search
harvey park,Harvey Park,1986-03-22,search
abdelhafez hasan,Hasan Abdelhafez,1992-02-05,enumeration
chamzatov hasan,Hasan Chamzatov,1997-01-01,enumeration
hasan mezhiev,Hasan Mezhiev,1992-07-26,search
hasanbek isaev,Hasanbek Isaev,1994-12-27,enumeration
arkhagha hashem,Hashem Arkhagha,1989-09-11,search
abdelmonem ahmed hassan mohamed,Hassan Ahmed Mohamed Abdelmonem,2004-03-24,enumeration
hassan mandour,Hassan Mandour,1988-06-05,search
hassan shaaban,Hassan Shaaban,2001-09-19,search
hassan subhi,Hassan Subhi,2000-03-11,enumeration
hassna jaber,Hassna Jaber,1985-11-28,enumeration
hatef moeil,Hatef Moeil,1986-09-21,search
hatsu hioki,Hatsu Hioki,1983-07-18,search
hawraz syan,Hawraz Syan,1989-10-28,enumeration
hayato ishii,Hayato Ishii,1995-05-30,search
hayato sakurai,Hayato Sakurai,1975-08-24,search
hayato sasaki,Hayato Sasaki,1992-03-04,search
hayato suzuki,Hayato Suzuki,1986-07-19,search
hassan hayder,Hayder Hassan,1982-10-20,search
gasparyan hayk,Hayk Gasparyan,1991-07-20,search
hayley turner,Hayley Turner,1993-02-24,search
charles hayward,Hayward Charles,1989-03-14,search
de hazael jesus soares,Hazael Soares de Jesus,1994-08-23,enumeration
heath herring,Heath Herring,1978-03-02,search
clark heather,Heather Clark,1980-09-19,search
hardy heather,Heather Hardy,1982-01-25,search
heather walkerleahy,Heather Walker-Leahy,1987-01-06,search
federico heber pereyra,Heber Federico Pereyra,1992-12-18,enumeration
hecher sosa,Hecher Sosa,1995-08-25,search
aldana hector,Hector Aldana,1988-08-17,enumeration
fajardo hector,Hector Fajardo,1988-07-25,search
ferral hector,Hector Ferral,1988-12-20,search
hector lombard,Hector Lombard,1978-02-02,search
hector ramirez,Hector Ramirez,1976-03-28,search
hector saenz,Hector Saenz,1996-10-27,search
hector sandoval,Hector Sandoval,1986-07-19,search
hector urbina,Hector Urbina,1987-09-17,search
hector valenzuela,Hector Valenzuela,1990-04-09,search
araujo heder,Heder Araujo,1984-02-28,search
heider prais,Heider Prais,1989-06-05,enumeration
heinrich wassmer,Heinrich Wassmer,1990-05-30,search
helaine ribeiro,Helaine Ribeiro,1985-12-27,search
harper helen,Helen Harper,1987-05-05,search
helen lucero,Helen Lucero,1977-09-17,search
helen peralta,Helen Peralta,1988-07-10,search
cristina de figueredo helena lima,Helena Cristina Figueredo de Lima,1995-03-03,enumeration
cruz helison,Helison Cruz,1985-02-22,enumeration
heliton santos,Heliton Santos,1990-06-12,enumeration
bastos hellen,Hellen Bastos,1988-11-22,enumeration
helson henriques,Helson Henriques,1984-08-02,enumeration
hemerson souza,Hemerson Souza,1989-07-27,enumeration
henri lintula,Henri Lintula,1990-11-29,search
da henrique silva,Henrique da Silva,1989-09-01,enumeration
fantini henrique,Henrique Fantini,1992-05-21,enumeration
henrique madureira,Henrique Madureira,1989-07-02,search
henrique shiguemoto,Henrique Shiguemoto,1989-06-22,enumeration
batista henrique vasconcelos,Henrique Vasconcelos Batista,1985-04-30,enumeration
briones henry,Henry Briones,1980-10-22,enumeration
cejudo henry,Henry Cejudo,1987-02-09,enumeration
corrales henry,Henry Corrales,1986-08-11,search
escalona henry,Henry Escalona,2002-08-12,enumeration
essley henry,Henry Essley,1991-09-27,enumeration
fadipe henry,Henry Fadipe,1991-09-04,enumeration
henry huff,Henry Huff,1991-01-30,search
henry lincango,Henry Lincango,1986-02-05,enumeration
henry lindsay,Henry Lindsay,1984-12-02,search
henry martinez,Henry Martinez,1983-08-07,search
henry miller,Henry Miller,1969-07-16,enumeration
henry moya,Henry Moya,1986-08-20,search
heqin lin,Heqin Lin,1993-10-28,search
heraldo souza,Heraldo Souza,1994-12-15,search
dean herb,Herb Dean,1970-09-30,enumeration
batista herbert,Herbert Batista,1991-03-03,search
burns herbert,Herbert Burns,1988-02-02,search
herbeth sousa,Herbeth Sousa,1994-03-12,search
alacabek herdem,Herdem Alacabek,1991-06-07,search
batista herdeson,Herdeson Batista,1992-07-21,search
herica tiburcio,Herica Tiburcio,1994-01-01,search
grebaba herman,Herman Grebaba,1993-11-09,search
herman terrado,Herman Terrado,1989-09-29,search
franca hermes,Hermes Franca,1974-08-27,search
hernan muniz,Hernan Muniz,1988-07-27,enumeration
cruz hernando rezende,Hernando Cruz Rezende,1984-05-28,search
hernani perpetuo,Hernani Perpetuo,1985-05-24,enumeration
herschel walker,Herschel Walker,1962-03-03,enumeration
gerges hesdy,Hesdy Gerges,1984-02-20,enumeration
hesham nasser,Hesham Nasser,1997-07-06,enumeration
heverton vasconcelos,Heverton Vasconcelos,1995-05-05,enumeration
hexigetu,Hexigetu,1985-03-24,enumeration
heydar mamedaliev,Heydar Mamedaliev,1991-12-31,enumeration
hasegawa hidehiko,Hidehiko Hasegawa,1978-07-13,search
hidehiko yoshida,Hidehiko Yoshida,1969-09-03,search
asakura hidekazu,Hidekazu Asakura,1968-08-22,search
fukushima hidekazu,Hidekazu Fukushima,1984-12-25,search
hideki nishino,Hideki Nishino,1981-12-27,enumeration
hidenobu koike,Hidenobu Koike,1976-05-11,enumeration
hideo matsui,Hideo Matsui,1983-05-21,search
hideo tokoro,Hideo Tokoro,1977-08-22,search
hidetaka monma,Hidetaka Monma,1973-10-23,search
hideto okada,Hideto Okada,1986-07-08,search
hideto tatsumi,Hideto Tatsumi,1985-01-11,enumeration
hidetora hidetora,Hidetora Hidetora,1979-07-18,enumeration
hideyoshi okamoto,Hideyoshi Okamoto,1999-05-08,enumeration
hikaru shinohara,Hikaru Shinohara,1974-10-09,enumeration
hikaru yoshino,Hikaru Yoshino,1995-07-22,search
hilarie rose,Hilarie Rose,1992-11-11,search
himanshu kaushik,Himanshu Kaushik,1992-06-04,enumeration
furukawa hiram,Hiram Furukawa,1992-08-06,search
hiroaki shishino,Hiroaki Shishino,1984-12-13,search
hiroba minowa,Hiroba Minowa,1999-07-24,enumeration
hiroki nagaoka,Hiroki Nagaoka,1980-03-04,search
hiroki sato,Hiroki Sato,1980-01-10,enumeration
hiroki yamashita,Hiroki Yamashita,1988-01-08,search
hiroko yamanaka,Hiroko Yamanaka,1978-10-24,enumeration
hiromasa ougikubo,Hiromasa Ougikubo,1987-04-01,enumeration
hiromitsu miura,Hiromitsu Miura,1981-09-22,search
hiroshi nakamura,Hiroshi Nakamura,1981-02-14,search
hiroshi osato,Hiroshi Osato,1982-04-06,search
hiroshi roppongi,Hiroshi Roppongi,1980-07-07,search
hiroshi takahashi,Hiroshi Takahashi,1986-08-24,search
hiroshi tomita,Hiroshi Tomita,1983-07-03,search
hiroshige tanaka,Hiroshige Tanaka,1981-12-12,search
hirotaka miyakawa,Hirotaka Miyakawa,1979-06-17,search
hirotaka nakada,Hirotaka Nakada,1996-04-01,search
hirotaka tomiyama,Hirotaka Tomiyama,1978-02-27,enumeration
hirotaka uehara,Hirotaka Uehara,1981-08-01,search
hirotaka yokoi,Hirotaka Yokoi,1978-06-08,enumeration
hiroto kishida,Hiroto Kishida,2001-11-30,search
hiroto onishi,Hiroto Onishi,1989-01-31,search
hiroto uesako,Hiroto Uesako,1987-05-03,search
hiroto yamaguchi,Hiroto Yamaguchi,1997-08-06,enumeration
hiroya takada,Hiroya Takada,1977-08-16,search
hiroyuki nozawa,Hiroyuki Nozawa,1975-07-29,search
hiroyuki oshiro,Hiroyuki Oshiro,1986-08-05,search
hiroyuki shimizu,Hiroyuki Shimizu,1996-06-11,search
hiroyuki takahashi,Hiroyuki Takahashi,1980-03-29,search
hiroyuki takaya,Hiroyuki Takaya,1977-06-10,search
hiroyuki tetsuka,Hiroyuki Tetsuka,1990-02-15,search
hisaki kato,Hisaki Kato,1982-09-17,search
hisho takeda,Hisho Takeda,1991-04-10,search
akano hitomi,Hitomi Akano,1974-07-27,search
hitoshi ogasawara,Hitoshi Ogasawara,1987-08-16,search
ho oh taek,Ho Taek Oh,1993-07-20,search
holli salazar,Holli Salazar,1991-08-22,enumeration
cline holly,Holly Cline,1980-12-07,enumeration
holly holm,Holly Holm,1981-10-17,enumeration
homer mangram,Homer Mangram,1990-05-22,search
gang hong tu,Hong Gang Tu,1997-10-09,enumeration
choi hong man,Hong Man Choi,1980-10-30,search
banario honorio,Honorio Banario,1989-09-25,search
hoon kim,Hoon Kim,1980-01-11,enumeration
chase hope,Hope Chase,1998-11-27,search
hopeton stewart,Hopeton Stewart,1994-03-27,search
gutierrez horacio,Horacio Gutierrez,1990-09-15,search
friedrich hoshi,Hoshi Friedrich,1994-03-01,search
alexander houston,Houston Alexander,1972-03-22,search
hovik zakarian,Hovik Zakarian,1989-10-06,enumeration
darpinyan hracho,Hracho Darpinyan,1986-05-13,search
hu yaozong,Hu Yaozong,1995-04-07,enumeration
dong huaxiang,Huaxiang Dong,1998-08-21,enumeration
hubert szymajda,Hubert Szymajda,1989-06-07,search
hudson melo,Hudson Melo,1994-08-11,enumeration
cunha hugo,Hugo Cunha,1993-02-04,search
deux hugo,Hugo Deux,1996-04-02,enumeration
diniz hugo,Hugo Diniz,1987-10-13,enumeration
hernando hugo prada,Hugo Hernando Prada,1986-01-13,enumeration
hugo lezama,Hugo Lezama,1988-06-14,search
hugo oyarzun,Hugo Oyarzun,1992-06-27,search
hugo paiva,Hugo Paiva,1997-11-07,enumeration
hugo peixoto,Hugo Peixoto,1981-10-17,enumeration
hugo pereira,Hugo Pereira,1981-10-15,search
hugo prieto,Hugo Prieto,1992-01-28,enumeration
hugo vargas,Hugo Vargas,1997-05-28,search
hugo viana,Hugo Viana,1982-09-26,search
barbosa huinderton,Huinderton Barbosa,1983-04-22,search
hulk hulk,Hulk Hulk,1995-05-04,enumeration
bandenay humberto,Humberto Bandenay,1994-09-04,search
brown humberto,Humberto Brown,1984-11-03,enumeration
humberto storti,Humberto Storti,1989-02-14,enumeration
humberto jr rangel vieira,Humberto Vieira Rangel Jr.,1985-10-01,search
azure hunter,Hunter Azure,1992-03-02,search
ali hunter mohamed,Hunter Mohamed Ali,1995-09-09,enumeration
hunter muscrat,Hunter Muscrat,1991-07-17,enumeration
hunter smith,Hunter Smith,1998-10-27,enumeration
hunter starner,Hunter Starner,1996-01-25,search
bu ga huo you,Huo You Ga Bu,1992-08-03,enumeration
husein kadimagomaev,Husein Kadimagomaev,1999-10-01,search
aliyev huseyn,Huseyn Aliyev,1990-07-21,search
husiletu husiletu,Husiletu Husiletu,1995-09-23,enumeration
husiman siwuhaer,Husiman Siwuhaer,1997-08-20,search
abbaszade hussein,Hussein Abbas-Zade,1991-08-26,enumeration
fakher hussein,Hussein Fakher,1991-02-25,search
hussein salem,Hussein Salem,1993-01-01,search
hyae son suk,Hyae Suk Son,1986-09-05,enumeration
amil hyder,Hyder Amil,1990-05-28,search
hyeon jong song,Hyeon Jong Song,2002-04-23,enumeration
hyoryeong kim,Hyo-Ryeong Kim,1992-02-28,enumeration
hyram rodriguez,Hyram Rodriguez,1982-06-20,search
hyuga miyagawa,Hyuga Miyagawa,2002-07-12,search
gyu hyun lim,Hyun Gyu Lim,1985-01-16,search
hyun jang ji,Hyun Ji Jang,1993-12-18,search
hyun jang woo,Hyun Woo Jang,1988-10-02,enumeration
hyung lee seok,Hyung Seok Lee,1987-03-25,search
hyunsung park,HyunSung Park,1995-11-04,search
iago lopes,Iago Lopes,1992-09-20,enumeration
iago ribeiro,Iago Ribeiro,1993-08-30,search
chaouech iamia,Iamia Chaouech,2001-12-18,enumeration
furtado iamik,Iamik Furtado,1986-11-30,search
allston ian,Ian Allston,1997-01-01,search
brofsky ian,Ian Brofsky,1992-07-30,enumeration
butler ian,Ian Butler,1989-10-09,search
cuesta dela ian,Ian Dela Cuesta,1988-02-16,search
entwistle ian,Ian Entwistle,1986-11-19,search
freeman ian,Ian Freeman,1970-12-31,enumeration
heinisch ian,Ian Heinisch,1988-08-05,search
ian loveland,Ian Loveland,1983-09-07,search
garry ian machado,Ian Machado Garry,1997-11-17,enumeration
ian mccall,Ian McCall,1984-07-05,search
ian rammel,Ian Rammel,1985-07-22,search
ian stephens,Ian Stephens,1988-09-28,search
ian stonehouse,Ian Stonehouse,1986-10-07,search
iasmin lucindo,Iasmin Lucindo,2002-01-08,search
aslan ibo,Ibo Aslan,1996-04-23,search
chuzhigaev ibragim,Ibragim Chuzhigaev,1991-07-16,search
ibragim ibragimov,Ibragim Ibragimov,2004-05-09,enumeration
ibragim magomedov,Ibragim Magomedov,1995-02-10,search
ibragim shaymanov,Ibragim Shaymanov,1993-07-22,enumeration
ibragim tibilov,Ibragim Tibilov,1982-08-11,search
ibrahim kallie,Ibrahim Kallie,1997-02-09,search
dosso ibrahima,Ibrahima Dosso,2000-06-05,enumeration
ibrahima mane,Ibrahima Mane,1989-03-16,search
ibuki shimada,Ibuki Shimada,1995-04-16,search
brito icaro,Icaro Brito,1999-03-09,search
idrees wasi,Idrees Wasi,1989-12-11,search
amizhaev idris,Idris Amizhaev,1992-03-30,enumeration
igeu kabesa,Igeu Kabesa,1993-12-14,search
bahamondes ignacio,Ignacio Bahamondes,1997-08-27,search
famozo ignacio,Ignacio Famozo,2000-01-27,enumeration
ignacio ortiz,Ignacio Ortiz,1993-03-10,search
araujo igor,Igor Araujo,1980-12-06,search
cavalcanti igor,Igor Cavalcanti,1997-10-10,search
egorov igor,Igor Egorov,1988-06-09,search
goncharov igor,Igor Goncharov,1999-05-15,enumeration
gracie igor,Igor Gracie,1980-02-04,enumeration
grytskiv igor,Igor Grytskiv,1981-02-26,enumeration
igor kukurudziak,Igor Kukurudziak,1986-03-21,enumeration
igor makoedov,Igor Makoedov,1994-04-23,enumeration
igor michaliszyn,Igor Michaliszyn,1996-05-03,search
igor montes,Igor Montes,1987-01-05,search
igor pokrajac,Igor Pokrajac,1979-01-02,search
igor pontes,Igor Pontes,1986-10-20,enumeration
igor siqueira,Igor Siqueira,1994-02-02,enumeration
igor sliusarchuk,Igor Sliusarchuk,1989-08-04,search
igor soares,Igor Soares,1982-02-08,search
igor soeiro,Igor Soeiro,1996-01-17,enumeration
igor subora,Igor Subora,1980-06-03,enumeration
igor svirid,Igor Svirid,1986-07-24,search
igor taylon,Igor Taylon,1995-01-17,search
igor vovchanchyn,Igor Vovchanchyn,1973-08-06,search
igor wojtas,Igor Wojtas,1995-02-04,search
ihor potieria,Ihor Potieria,1996-05-29,search
ike villanueva,Ike Villanueva,1984-04-04,enumeration
ikkei nagamura,Ikkei Nagamura,1978-09-02,search
aliskerov ikram,Ikram Aliskerov,1992-12-07,search
ikuhisa minowa,Ikuhisa Minowa,1976-01-12,search
hak il oh,Il Hak Oh,2002-05-28,search
ilara joanne,Ilara Joanne,1994-06-06,search
barzilay ilay,Ilay Barzilay,2001-04-24,search
alcantara ildemar,Ildemar Alcantara,1982-11-18,search
aliev ilhom,Ilhom Aliev,1996-05-13,enumeration
ilia topuria,Ilia Topuria,1997-01-21,search
bouafia ilian,Ilian Bouafia,1996-11-13,search
iliarde santos,Iliarde Santos,1980-09-25,search
bulaid ilias,Ilias Bulaid,1995-05-01,search
ilimalei macfarlane,Ilima-Lei Macfarlane,1990-04-02,enumeration
akylbek ilimbek uulu,Ilimbek Akylbek Uulu,2003-09-01,search
ilir latifi,Ilir Latifi,1982-07-28,search
cistjakov ilja,Ilja Cistjakov,1995-03-20,enumeration
gasimov ilkin,Ilkin Gasimov,1992-03-10,enumeration
bochkov ilya,Ilya Bochkov,1986-01-13,enumeration
cherkashin ilya,Ilya Cherkashin,1997-03-09,enumeration
freymanov ilya,Ilya Freymanov,1995-10-29,search
gladkiy ilya,Ilya Gladkiy,1997-12-29,search
ilya maksimov,Ilya Maksimov,1986-03-02,enumeration
ilya martisyuk,Ilya Martisyuk,1994-12-03,enumeration
ilya tsegelnikov,Ilya Tsegelnikov,1991-07-10,enumeration
ilya volynets,Ilya Volynets,1999-09-11,enumeration
askhanov ilyar,Ilyar Askhanov,1991-05-04,search
ilyaz mamadaliyev,Ilyaz Mamadaliyev,1998-07-22,search
aliev imamshafi,ImamShafi Aliev,1998-08-23,search
gamzatkhanov imanali,Imanali Gamzatkhanov,1988-12-23,enumeration
imanol rodriguez,Imanol Rodriguez,1999-11-15,search
impa kasanganay,Impa Kasanganay,1994-01-17,search
bukaev imran,Imran Bukaev,1996-02-27,enumeration
imran khadiev,Imran Khadiev,1992-12-14,enumeration
in jae la,In Jae La,1986-09-16,search
hwang in soo,In Soo Hwang,1994-01-18,enumeration
inaildo santos,Inaildo Santos,1995-12-08,search
inayatullah siddique,Inayatullah Siddique,1993-04-06,search
indalecio romero tat,Indalecio Tat Romero,1980-03-27,search
indrees wasi,Indrees Wasi,1989-12-11,enumeration
de inglesson lara,Inglesson de Lara,1994-08-04,search
ingrid silva,Ingrid Silva,2000-03-23,search
cojocaru ioan,Ioan Cojocaru,1982-10-13,enumeration
antonopoulos ioannis,Ioannis Antonopoulos,1986-09-08,enumeration
ioannis palaiologos,Ioannis Palaiologos,1987-08-19,search
cutelaba ion,Ion Cutelaba,1993-12-14,search
grigore ion,Ion Grigore,1978-03-15,search
ion pascu,Ion Pascu,1982-04-18,search
ion surdu,Ion Surdu,1995-04-27,search
ippo watanuki,Ippo Watanuki,1980-12-02,enumeration
ira lukowsky,Ira Lukowsky,1986-11-25,search
cueto irak,Irak Cueto,1984-05-19,enumeration
irakli kuchukhidze,Irakli Kuchukhidze,1998-03-09,search
andrade irauna moura,Irauna Andrade Moura,1996-12-04,enumeration
aldana irene,Irene Aldana,1988-03-26,search
cholewa ireneusz,Ireneusz Cholewa,1981-09-20,search
ireni oliveira,Ireni Oliveira,1984-08-07,enumeration
ahmed irfan,Irfan Ahmed,1996-02-12,enumeration
irfan mulabitinovic,Irfan Mulabitinovic,1995-01-01,search
alekseeva irina,Irina Alekseeva,1990-06-27,search
degtyareva irina,Irina Degtyareva,1990-12-16,enumeration
da irinaldo rodrigues silva,Irinaldo Rodrigues da Silva,1998-11-27,enumeration
amaya irvin,Irvin Amaya,1995-11-07,search
irvin jones,Irvin Jones,1988-02-27,search
cardona irving,Irving Cardona,1994-03-01,search
hernandez irving,Irving Hernandez,1993-12-19,search
irving molina,Irving Molina,1997-01-22,search
irving nicholas,Irving Nicholas,1988-01-24,enumeration
irwin rivera,Irwin Rivera,1989-02-14,search
irwing machado romero,Irwing Romero Machado,1989-01-06,search
iryana kyselova,Iryana Kyselova,1995-07-13,enumeration
iryna kyselova,Iryna Kyselova,1995-07-13,enumeration
dalipaj isa,Isa Dalipaj,1995-08-02,search
dulgarian isaac,Isaac Dulgarian,1996-07-04,search
isaac moreno,Isaac Moreno,1997-09-11,search
isaac muluh,Isaac Muluh,1994-02-22,search
isaac steele,Isaac Steele,1989-07-05,search
isaac thomson,Isaac Thomson,2002-05-03,search
isaac vallieflagg,Isaac Vallie-Flagg,1978-04-08,search
isaac ware,Isaac Ware,1985-09-29,enumeration
de isabela padua,Isabela de Padua,1991-09-04,search
batingonzalez isaiah,Isaiah Batin-Gonzalez,1985-01-11,search
chapman isaiah,Isaiah Chapman,1989-11-06,search
diggs isaiah,Isaiah Diggs,1996-11-09,search
gutierrez isaiah,Isaiah Gutierrez,1992-08-22,search
hokit isaiah,Isaiah Hokit,1996-05-07,search
isaiah mahto,Isaiah Mahto,1982-09-22,search
isaiah pinson,Isaiah Pinson,1995-04-25,search
isaiah wright,Isaiah Wright,1992-09-02,enumeration
alvarado isaias,Isaias Alvarado,1985-02-20,enumeration
isaias simoes,Isaias Simoes,1995-12-15,search
isamael padavia,Isamael Padavia,1981-01-19,enumeration
isamu sugiuchi,Isamu Sugiuchi,1978-02-16,search
isao kobayashi,Isao Kobayashi,1988-10-28,search
isao sakiyama,Isao Sakiyama,1992-10-30,search
isiah torres,Isiah Torres,1998-02-15,search
isis verbeek,Isis Verbeek,1995-01-12,search
aibatov islam,Islam Aibatov,2000-11-30,enumeration
barakhoev islam,Islam Barakhoev,2001-03-26,enumeration
begidov islam,Islam Begidov,1989-03-22,search
dulatov islam,Islam Dulatov,1998-08-02,search
islam khapilaev,Islam Khapilaev,1994-08-08,search
islam makhachev,Islam Makhachev,1991-10-27,search
islam mamedov,Islam Mamedov,1990-02-10,search
islam meshev,Islam Meshev,1990-04-26,search
islam omarov,Islam Omarov,1997-06-02,search
islam reda,Islam Reda,1993-12-16,search
islam siszbulatow,Islam Siszbulatow,1988-03-01,enumeration
islem masraf,Islem Masraf,1996-06-07,search
bandiwan ismael,Ismael Bandiwan,1995-03-27,enumeration
de ismael jesus,Ismael de Jesus,1980-02-17,search
foscarini ismael,Ismael Foscarini,1986-07-01,search
ismael zamora,Ismael Zamora,2000-04-19,search
gamal ismail,Ismail Gamal,2001-01-01,search
haidari ismail,Ismail Haidari,1993-01-27,search
ismail khan,Ismail Khan,2002-08-20,search
ismail naurdiev,Ismail Naurdiev,1996-08-18,search
adesanya israel,Israel Adesanya,1989-07-22,search
delgado israel,Israel Delgado,1985-11-22,search
galvan israel,Israel Galvan,2000-08-06,search
israel mano phinees,Israel Phinees Mano,1993-08-04,enumeration
israel silva,Israel Silva,1996-10-26,enumeration
isakov issa,Issa Isakov,1989-10-22,search
hardman issac,Issac Hardman,1995-09-05,search
issac shelton,Issac Shelton,1988-07-13,enumeration
issei tamura,Issei Tamura,1984-03-12,search
istela nunes,Istela Nunes,1992-07-23,search
cruz italo,Italo Cruz,1997-02-07,search
da goncalves italo silva,Italo Da Silva Goncalves,1990-05-13,enumeration
gomes italo,Italo Gomes,1996-05-01,search
italo nascimento,Italo Nascimento,2000-02-07,enumeration
italo trindade,Italo Trindade,1999-07-11,enumeration
itchaku murata,Itchaku Murata,1972-07-06,search
babulaidze itso,Itso Babulaidze,1993-04-09,search
hirata itsuki,Itsuki Hirata,1999-08-24,search
esquivel itzel,Itzel Esquivel,1996-07-11,search
alcantara iuri,Iuri Alcantara,1980-08-04,search
iuri lapicus,Iuri Lapicus,1995-10-22,enumeration
iuri leal silva,Iuri Silva Leal,1983-01-17,search
andrushchenko ivan,Ivan Andrushchenko,1996-02-20,search
batinich ivan,Ivan Batinich,1985-12-07,search
bogdanov ivan,Ivan Bogdanov,1998-01-13,search
buchinger ivan,Ivan Buchinger,1986-02-14,search
burgos ivan,Ivan Burgos,1992-03-30,enumeration
castillo ivan,Ivan Castillo,1990-07-21,search
cole ivan,Ivan Cole,1990-11-30,enumeration
erslan ivan,Ivan Erslan,1991-11-15,search
gluhak ivan,Ivan Gluhak,1983-12-19,search
gnizditskiy ivan,Ivan Gnizditskiy,1996-05-10,enumeration
grinyuk ivan,Ivan Grinyuk,1992-07-07,enumeration
flores hernandez ivan,Ivan Hernandez Flores,1987-06-12,enumeration
ivan jorge,Ivan Jorge,1980-11-11,search
ivan kibala,Ivan Kibala,1995-01-31,enumeration
ivan kramedov,Ivan Kramedov,1997-01-25,enumeration
ivan maya,Ivan Maya,1990-02-27,enumeration
ivan menjivar,Ivan Menjivar,1982-05-30,search
ivan rats,Ivan Rats,1996-04-26,search
de ivan melo rodrigues,Ivan Rodrigues de Melo,1991-07-06,enumeration
ivan safonov,Ivan Safonov,1995-03-12,enumeration
ivan sakic,Ivan Sakic,1990-09-04,search
ivan salaverry,Ivan Salaverry,1971-01-11,enumeration
ivan sedo,Ivan Sedo,1981-05-08,enumeration
ivan shtyrkov,Ivan Shtyrkov,1988-09-06,search
ivan tena,Ivan Tena,1999-04-01,search
ivan valenzuela,Ivan Valenzuela,1992-11-17,search
ivan vitasovic,Ivan Vitasovic,1992-03-03,search
ivan vulchin,Ivan Vulchin,1996-05-04,enumeration
ivan zagubinoga,Ivan Zagubinoga,1984-08-08,search
ivan zidar,Ivan Zidar,1991-10-13,search
ivana petrovic,Ivana Petrovic,1994-06-11,search
delfino ivanildo,Ivanildo Delfino,1990-03-14,search
ivey nixon,Ivey Nixon,1990-07-10,search
ivica jakopic,Ivica Jakopic,1989-12-12,search
ivica truscek,Ivica Truscek,1987-12-15,search
cuk ivo,Ivo Cuk,1980-01-24,enumeration
ivo skopljak,Ivo Skopljak,1985-05-03,search
dias ivonilson santos,Ivonilson Dias Santos,1999-03-31,enumeration
caro ivonne,Ivonne Caro,2000-02-04,enumeration
baraniewski iwo,Iwo Baraniewski,1998-11-20,search
badurek izabela,Izabela Badurek,1991-07-11,search
izuru takeuchi,Izuru Takeuchi,1974-08-05,search
al derbani izzeddine,Izzeddine Al Derbani,1988-01-01,search
izzet seitumerov,Izzet Seitumerov,1994-02-25,enumeration
izzy william,Izzy William,1988-01-16,enumeration
dudley ja,J.A. Dudley,1980-04-26,search
cottrell jc,J.C. Cottrell,1989-11-04,search
jc llamas,J.C. Llamas,1984-12-18,search
burns jd,J.D. Burns,1991-07-20,search
aldrich jj,J.J. Aldrich,1992-09-29,search
ambrose jj,J.J. Ambrose,1987-02-06,search
jj okanovich,J.J. Okanovich,1990-11-04,search
jp reese,J.P. Reese,1980-12-21,enumeration
jp louis saint,J.P. Saint Louis,1992-09-18,search
donaldson jt,J.T. Donaldson,1992-07-09,search
jw kiser,J.W. Kiser,1977-09-22,search
jacare souza,Jacare Souza,1979-12-07,enumeration
charles jaccob,Jaccob Charles,1986-03-04,enumeration
bednorz jacek,Jacek Bednorz,1989-08-03,search
jacek jedraszczyk,Jacek Jedraszczyk,1986-11-06,search
jacek kreft,Jacek Kreft,1990-12-07,enumeration
austin jacinta,Jacinta Austin,1994-10-12,search
becker jack,Jack Becker,1992-12-20,search
cartwright jack,Jack Cartwright,1994-05-26,search
claffey jack,Jack Claffey,1990-01-07,enumeration
congdon jack,Jack Congdon,1997-05-21,search
della jack maddalena,Jack Della Maddalena,1996-09-10,search
duffy jack,Jack Duffy,1995-10-02,search
gooderham jack,Jack Gooderham,1993-05-04,search
grant jack,Jack Grant,1992-02-22,search
hermansson jack,Jack Hermansson,1988-06-10,search
jack jenkins,Jack Jenkins,1993-11-03,search
jack magee,Jack Magee,1984-12-18,enumeration
jack marshman,Jack Marshman,1989-12-19,search
jack may,Jack May,1981-04-14,search
jack mcgann,Jack McGann,1993-05-18,search
jack shore,Jack Shore,1995-02-06,search
casariego jackelin,Jackelin Casariego,1994-08-04,enumeration
cataline jackie,Jackie Cataline,1988-05-27,search
gosh jackie,Jackie Gosh,1983-05-05,search
farias jackson,Jackson Farias,1988-09-21,enumeration
glass jackson,Jackson Glass,2007-08-21,search
goncalves jackson,Jackson Goncalves,1981-12-24,enumeration
jackson maciel santos,Jackson Maciel Santos,1991-10-20,enumeration
jackson mcvey,Jackson Mcvey,1999-03-25,search
cruz jackson santa,Jackson Santa Cruz,1991-05-22,enumeration
jackson velasco,Jackson Velasco,1979-07-24,search
akin jacob,Jacob Akin,1985-06-02,search
blurton jacob,Jacob Blurton,1990-02-20,enumeration
bohn jacob,Jacob Bohn,1989-01-16,search
bradley jacob williams,Jacob Bradley Williams,1986-01-16,search
brunelle jacob,Jacob Brunelle,1977-10-02,search
diaz jacob,Jacob Diaz,2001-01-17,enumeration
dorman jacob,Jacob Dorman,1985-08-18,search
hebeisen jacob,Jacob Hebeisen,1984-03-21,search
jacob kilburn,Jacob Kilburn,1995-06-28,search
jacob landin,Jacob Landin,1986-05-09,search
jacob mahony,Jacob Mahony,1989-04-27,search
jacob malkoun,Jacob Malkoun,1995-08-26,search
jacob mcclintock,Jacob McClintock,1988-02-25,search
jacob miller,Jacob Miller,1993-08-25,enumeration
jacob noe,Jacob Noe,1980-07-29,enumeration
jacob oconnell,Jacob O'Connell,1986-10-17,enumeration
jacob ortiz,Jacob Ortiz,1981-07-03,search
jacob pais,Jacob Pais,2003-02-09,enumeration
jacob rosales,Jacob Rosales,1995-07-28,search
jacob silva,Jacob Silva,1988-02-23,search
jacob thrall,Jacob Thrall,1995-04-09,search
jacob volkmann,Jacob Volkmann,1980-09-05,search
jacob zogg,Jacob Zogg,1982-09-07,search
jacobe smith,Jacobe Smith,1996-01-17,search
jacobi jones,Jacobi Jones,1996-05-24,search
jacobo martos,Jacobo Martos,1995-08-17,search
jacoryon larry,Jacoryon Larry,1997-12-01,enumeration
cavalcanti jacqueline,Jacqueline Cavalcanti,1997-08-29,search
jacques marsters,Jacques Marsters,1988-08-17,enumeration
carvalho jacson,Jacson Carvalho,1991-08-15,enumeration
jade jorand,Jade Jorand,2000-10-10,search
jade massonwong,Jade Masson-Wong,1992-10-05,search
jaden ortega,Jaden Ortega,2002-09-18,search
jadson moraes,Jadson Moraes,1993-08-06,search
eun jae kim,Jae Eun Kim,1993-08-15,enumeration
hoon jae moon,Jae Hoon Moon,1984-04-26,search
bang hyuk jae,Jae Hyuk Bang,1998-02-06,search
hyun jae park,Jae Hyun Park,2001-12-10,enumeration
hyun jae so,Jae Hyun So,1989-02-07,search
jae nam yoo,Jae Nam Yoo,1987-09-17,search
jae lee sun,Jae Sun Lee,1980-02-17,enumeration
jae oh sung,Jae Sung Oh,1991-02-04,enumeration
jae kim woong,Jae Woong Kim,1993-03-23,search
jae woong yoon,Jae Woong Yoon,1991-11-02,enumeration
ahn jae young,Jae Young Ahn,1989-09-21,search
jae kim young,Jae Young Kim,1983-09-19,search
jaeleen robledo,Jaeleen Robledo,2003-10-05,search
ismiev jafar,Jafar Ismiev,1991-08-28,search
jafar lofton,Jafar Lofton,1990-04-07,enumeration
filho jafel,Jafel Filho,1993-05-05,search
herrera jafeth quiros,Jafeth Herrera Quiros,1997-07-13,enumeration
jahongir saidjamolov,Jahongir Saidjamolov,1995-09-22,search
cromartie jahrael,Jahrael Cromartie,1990-06-16,search
jahsua marsh,Jahsua Marsh,1990-12-07,search
herbert jai,Jai Herbert,1988-05-13,search
jai santos,Jai Santos,1980-10-12,enumeration
jaideep singh,Jaideep Singh,1987-08-21,enumeration
almeida jailton,Jailton Almeida,1991-06-26,search
alvarez jaime,Jaime Alvarez,1988-03-08,enumeration
cordoba jaime,Jaime Cordoba,1989-03-30,enumeration
hernandez jaime,Jaime Hernandez,1985-05-25,search
jaime jara,Jaime Jara,1969-08-02,search
jaime londono,Jaime Londono,1994-01-09,search
jaime medina,Jaime Medina,1994-05-25,search
jaimelene nievera,Jaimelene Nievera,1984-10-28,search
aguiar jainne lais,Jainne Lais Aguiar,2000-05-15,enumeration
de jair oliveira,Jair de Oliveira,1996-05-09,search
farias jair,Jair Farias,1993-03-16,search
jair jesuino,Jair Jesuino,1997-12-27,search
jair junior,Jair Junior,1991-06-01,search
jair perez,Jair Perez,1997-12-12,search
jairo pacheco,Jairo Pacheco,1997-10-27,search
jairo soares,Jairo Soares,1982-07-26,search
jairzinho rozenstruik,Jairzinho Rozenstruik,1988-03-17,search
albinio jake,Jake Albinio,1981-03-19,enumeration
bostwick jake,Jake Bostwick,1989-10-28,enumeration
childers jake,Jake Childers,1988-08-04,search
constant jake,Jake Constant,1990-02-22,search
daley jake,Jake Daley,1996-05-04,enumeration
ellenberger jake,Jake Ellenberger,1985-03-28,search
hadley jake,Jake Hadley,1996-08-03,search
hager jake,Jake Hager,1982-03-24,search
hecht jake,Jake Hecht,1984-02-09,enumeration
heffernan jake,Jake Heffernan,1989-11-21,search
heun jake,Jake Heun,1987-08-24,enumeration
hixenbaugh jake,Jake Hixenbaugh,1999-02-23,search
jake kozorosky,Jake Kozorosky,1991-02-02,search
jake lindsey,Jake Lindsey,1986-06-21,search
jake matthews,Jake Matthews,1994-08-19,search
jake mendez,Jake Mendez,1991-03-26,search
jake methric,Jake Methric,1991-02-18,enumeration
jake obrien,Jake O'Brien,1984-09-25,enumeration
jake paul,Jake Paul,1997-01-17,enumeration
jake piper,Jake Piper,2004-02-04,enumeration
jake rosholt,Jake Rosholt,1982-02-09,enumeration
jake shields,Jake Shields,1979-01-09,search
jakhongir jumaev,Jakhongir Jumaev,1992-10-13,search
jakob nedoh,Jakob Nedoh,1996-10-01,search
jakori savage,Jakori Savage,1998-07-18,search
dohnal jakub,Jakub Dohnal,1991-12-03,search
jakub kamieniarz,Jakub Kamieniarz,1994-12-06,enumeration
jakub kaszuba,Jakub Kaszuba,1995-06-02,search
jakub kowalewicz,Jakub Kowalewicz,1993-03-14,search
jakub martys,Jakub Martys,1994-06-12,enumeration
jakub tichota,Jakub Tichota,1999-06-09,search
jakub wikacz,Jakub Wikłacz,1996-09-10,enumeration
al daaja jalal,Jalal Al Daaja,1987-06-30,enumeration
al daja jalal,Jalal Al Daja,1987-06-30,search
jaleel willis,Jaleel Willis,1992-03-11,search
jackson jalen,Jalen Jackson,1995-05-20,search
jaleon reid,Jaleon Reid,1993-04-06,search
fuller jalin,Jalin Fuller,1992-11-11,search
jalin turner,Jalin Turner,1995-05-18,search
hill jamahal,Jamahal Hill,1991-05-19,search
facey jamaine,Jamaine Facey,1985-01-01,enumeration
jamal johnson,Jamal Johnson,1992-03-20,search
jamal mohammed,Jamal Mohammed,1989-08-08,search
jamal parks,Jamal Parks,1988-08-08,search
jamal pogues,Jamal Pogues,1995-12-01,search
emmers jamall,Jamall Emmers,1989-07-24,search
jamario mulder,Jamario Mulder,1995-08-17,search
jameel massouh,Jameel Massouh,1984-09-12,search
jamelle jones,Jamelle Jones,1988-01-31,search
adcock james,James Adcock,1988-08-30,search
barnes james,James Barnes,1982-05-28,search
bawden james,James Bawden,1986-02-18,search
bennett james,James Bennett,1994-05-09,search
blair james,James Blair,1987-08-02,search
bochnovic james,James Bochnovic,1989-02-13,search
brasco james,James Brasco,1972-09-05,enumeration
brown james,James Brown,1993-09-09,enumeration
brum james,James Brum,1987-04-17,search
cannon james,James Cannon,1995-03-08,search
chaney james,James Chaney,1987-08-12,search
christopherson james,James Christopherson,1987-08-28,enumeration
cianci james,James Cianci,1985-10-01,enumeration
clarke james,James Clarke,1994-05-07,search
dysard james,James Dysard,1991-08-16,search
ford james,James Ford,1997-09-23,search
gallagher james,James Gallagher,1996-10-24,search
gonzales james,James Gonzales,1979-11-20,enumeration
gonzalez james,James Gonzalez,1990-07-02,search
gray james,James Gray,1987-10-25,enumeration
guidry james,James Guidry,1994-06-28,search
hay james,James Hay,1992-11-05,search
head james,James Head,1984-02-09,enumeration
herd james,James Herd,1994-10-14,search
horne james,James Horne,1987-12-10,search
irvin james,James Irvin,1978-09-12,search
james king,James King,1981-11-11,enumeration
james kouame,James Kouame,1978-09-28,search
james krause,James Krause,1986-06-04,search
james lee,James Lee,1973-09-22,enumeration
james llontop,James Llontop,1999-08-02,search
james lynch,James Lynch,1990-10-17,search
james lyons,James Lyons,1996-06-06,search
james martin,James Martin,1994-06-29,search
james martinez,James Martinez,1974-03-14,enumeration
james mcglashan,James McGlashan,1991-07-30,search
james mcsweeney,James McSweeney,1980-10-24,search
james meals,James Meals,1982-07-27,enumeration
james moontasri,James Moontasri,1988-04-10,search
james mulheron,James Mulheron,1988-02-20,search
james nakashima,James Nakashima,1988-10-26,search
james pennington,James Pennington,1987-04-08,search
james pfeiffer,James Pfeiffer,1988-06-01,search
james polodna,James Polodna,1984-05-11,enumeration
james porter,James Porter,1992-09-11,enumeration
james pou,James Pou,1988-12-07,search
james saville,James Saville,1990-08-04,search
james settle,James Settle,1993-03-08,search
huna james te,James Te Huna,1981-09-29,enumeration
james terry,James Terry,1981-03-16,search
james thompson,James Thompson,1978-12-16,search
james toney,James Toney,1968-08-24,enumeration
james vake,James Vake,1994-06-01,search
james vick,James Vick,1987-02-23,search
james warfield,James Warfield,1978-05-09,search
james warren,James Warren,1985-07-18,search
james webb,James Webb,1990-02-06,search
james wilks,James Wilks,1978-04-05,enumeration
james wilson,James Wilson,1993-09-05,enumeration
james wynn,James Wynn,1978-03-07,enumeration
james zikic,James Zikic,1977-03-01,enumeration
iii jamese taylor,Jamese Taylor III,1988-11-12,search
jameson oliveira,Jameson Oliveira,1991-08-11,search
jamey simmons,Jamey Simmons,1992-09-11,search
horth jameylyn,Jamey-Lyn Horth,1990-03-30,search
colleen jamie miller,Jamie Colleen Miller,1985-11-02,search
hay jamie,Jamie Hay,1985-09-25,search
jamie kelly,Jamie Kelly,1999-02-17,search
jamie moyle,Jamie Moyle,1989-03-17,search
jamie mullarkey,Jamie Mullarkey,1994-08-17,search
jamie pickett,Jamie Pickett,1988-08-29,search
jamie richardson,Jamie Richardson,1996-06-24,search
jamie siraj,Jamie Siraj,1994-06-28,search
jamie sporne,Jamie Sporne,1994-06-20,enumeration
jamie thorton,Jamie Thorton,1984-01-26,search
jamie varner,Jamie Varner,1984-10-12,search
jamie yager,Jamie Yager,1983-11-29,search
conceicao da jamil silveira,Jamil Silveira da Conceicao,1986-09-02,search
dos farias jamile santos,Jamile Farias dos Santos,1992-03-18,enumeration
blachowicz jan,Jan Blachowicz,1983-02-24,search
cvejn jan,Jan Cvejn,2001-09-12,enumeration
jan jorgensen,Jan Jorgensen,1984-08-21,enumeration
jan lysak,Jan Lysak,1984-11-29,enumeration
jan quaeyhaegens,Jan Quaeyhaegens,1992-12-17,search
de janaildo oliveira,Janaildo De Oliveira,1992-02-25,enumeration
barbosa calves janaina,Janaina Calves Barbosa,1986-05-14,search
janaina silva,Janaina Silva,1992-02-16,search
janaisa morandin,Janaisa Morandin,1994-10-31,search
harding janay,Janay Harding,1994-09-28,search
jandos khurmangaz,Jandos Khurmangaz,1994-09-22,enumeration
jane osigwe,Jane Osigwe,2005-06-14,enumeration
acquah janet,Janet Acquah,1994-08-16,enumeration
jang kim yong,Jang Yong Kim,1984-06-13,search
janice meyer,Janice Meyer,1986-10-03,enumeration
janio rodrigues,Janio Rodrigues,1985-01-20,enumeration
elonenkulmala janne,Janne Elonen-Kulmala,1989-08-22,search
jansey silva,Jansey Silva,1995-05-30,search
carvalho jaoa,Jaoa Carvalho,1985-10-08,enumeration
jaoa lucas neto,Jaoa Lucas Neto,1995-04-07,enumeration
amorim jaqueline,Jaqueline Amorim,1995-06-24,search
jaquis williams,Jaquis Williams,1991-11-21,search
evangelista jardel,Jardel Evangelista,1984-12-17,search
jardel silva,Jardel Silva,1995-05-03,enumeration
almazan jared,Jared Almazan,1996-07-01,search
cannonier jared,Jared Cannonier,1984-03-16,search
crawford jared,Jared Crawford,1989-01-10,enumeration
gooden jared,Jared Gooden,1993-12-05,search
gordon jared,Jared Gordon,1988-09-06,search
hamman jared,Jared Hamman,1982-03-07,enumeration
henderson jared,Jared Henderson,1987-06-03,enumeration
hess jared,Jared Hess,1983-11-13,enumeration
jared kilkenny,Jared Kilkenny,1982-02-05,enumeration
jared mazurek,Jared Mazurek,1986-08-25,search
jared mccomb,Jared McComb,1983-07-12,enumeration
jared mcloughlin,Jared McLoughlin,1999-04-21,search
jared papazian,Jared Papazian,1988-02-01,search
jared perez,Jared Perez,1988-07-21,enumeration
jared revel,Jared Revel,1984-07-03,search
jared rollins,Jared Rollins,1977-01-26,search
jared rosholt,Jared Rosholt,1986-08-04,search
jared scoggins,Jared Scoggins,1995-03-08,search
jared torgeson,Jared Torgeson,1986-10-27,search
jared vanderaa,Jared Vanderaa,1992-05-12,search
bussemakers jarid,Jarid Bussemakers,1985-07-11,enumeration
danho jarjis,Jarjis Danho,1983-10-15,enumeration
errens jarno,Jarno Errens,1994-11-17,search
jarod milko,Jarod Milko,1987-07-23,enumeration
jarod trice,Jarod Trice,1989-02-28,search
altergott jaroslav,Jaroslav Altergott,1994-09-25,enumeration
jaroslaw lech,Jaroslaw Lech,1996-07-01,search
alsilawi jarrah,Jarrah Al-Silawi,1992-06-25,enumeration
brooks jarred,Jarred Brooks,1993-05-02,search
jarred mercado,Jarred Mercado,1985-02-19,search
jarrel miller,Jarrel Miller,1985-08-11,search
jarrett walden,Jarrett Walden,1981-06-19,search
jarrod lheureux,Jarrod L'Heureux,1982-11-19,enumeration
jarrod thomas,Jarrod Thomas,1981-12-16,enumeration
jasmine jasudavicius,Jasmine Jasudavicius,1989-03-01,search
jasmine pouncy,Jasmine Pouncy,1996-12-09,search
cive jasminka,Jasminka Cive,1981-07-24,enumeration
alexander jason,Jason Alexander,1987-09-24,enumeration
black jason,Jason Black,1972-08-15,enumeration
brilz jason,Jason Brilz,1975-07-07,search
brown jason,Jason Brown,1978-07-06,enumeration
butcher jason,Jason Butcher,1984-10-23,search
cardillo jason,Jason Cardillo,1983-03-08,enumeration
cefalu jason,Jason Cefalu,1992-02-25,enumeration
cortez jason,Jason Cortez,1981-12-17,enumeration
danner jason,Jason Danner,1995-08-09,enumeration
dent jason,Jason Dent,1980-06-12,search
eastman jason,Jason Eastman,1992-02-25,search
faglier jason jr,Jason Faglier Jr.,1992-11-25,search
fischer jason,Jason Fischer,1985-03-03,search
fisher jason,Jason Fisher,1982-10-05,enumeration
gilliam jason,Jason Gilliam,1972-10-31,enumeration
gonzalez jason,Jason Gonzalez,1990-02-28,search
gorny jason,Jason Gorny,1984-09-28,enumeration
guida jason,Jason Guida,1977-08-04,enumeration
high jason,Jason High,1981-10-12,search
huntley jason,Jason Huntley,1978-07-10,search
ireland jason,Jason Ireland,1979-12-30,enumeration
jackson jason,Jason Jackson,1990-10-30,search
jason jenkins,Jason Jenkins,1989-02-18,search
jason jensen,Jason Jensen,1986-04-30,enumeration
jason jones,Jason Jones,1981-06-12,enumeration
jason king,Jason King,1989-05-02,enumeration
jason knight,Jason Knight,1992-07-14,search
jason lambert,Jason Lambert,1977-09-23,enumeration
jason langellier,Jason Langellier,1983-10-29,search
jason macdonald,Jason MacDonald,1975-06-03,enumeration
jason manly,Jason Manly,1981-04-17,enumeration
jason miller,Jason Miller,1980-12-24,enumeration
jason mullen,Jason Mullen,1997-11-08,search
jason novelli,Jason Novelli,1979-06-08,enumeration
jason perrotta,Jason Perrotta,1987-04-29,search
jason pierce,Jason Pierce,1977-01-06,search
jason ponet,Jason Ponet,1988-12-11,search
jason powell,Jason Powell,1993-04-07,search
jason radcliffe,Jason Radcliffe,1985-10-21,search
jason rine,Jason Rine,1987-10-05,search
jason rivera,Jason Rivera,1984-12-12,search
jason saggo,Jason Saggo,1985-11-23,search
jason sampson,Jason Sampson,1982-02-21,search
jason soares,Jason Soares,1989-11-04,search
jason tipaldos,Jason Tipaldos,1984-10-29,enumeration
jason weiss,Jason Weiss,1979-01-28,enumeration
jason wilnis,Jason Wilnis,1990-12-10,enumeration
jason witt,Jason Witt,1986-11-07,search
jason wolf,Jason Wolf,1981-11-25,search
jason young,Jason Young,1986-06-28,enumeration
jason zentgraf,Jason Zentgraf,1988-03-22,enumeration
jasper rivers,Jasper Rivers,1993-03-02,enumeration
jasur mirzamukhamedov,Jasur Mirzamukhamedov,1986-01-26,enumeration
dea jaures,Jaures Dea,1994-08-01,enumeration
javanis ross,Javanis Ross,1995-01-07,search
basharat javid,Javid Basharat,1995-09-07,search
ames javier,Javier Ames,1995-02-08,search
basurto javier,Javier Basurto,1990-08-01,search
cepeda javier,Javier Cepeda,1995-05-15,enumeration
garcia javier,Javier Garcia,1992-07-03,enumeration
javier minjarez,Javier Minjarez,1990-11-23,enumeration
javier obregon,Javier Obregon,1987-10-24,search
javier oyarzabal,Javier Oyarzabal,1979-12-15,search
javier reyes,Javier Reyes,1993-10-10,enumeration
javier torres,Javier Torres,1985-04-10,search
javier valdebenito,Javier Valdebenito,2003-02-19,search
javier vazquez,Javier Vazquez,1977-07-16,search
javon wright,Javon Wright,1991-04-07,search
ayala javy,Javy Ayala,1988-08-22,search
bethly jawaski,Jawaski Bethly,1991-09-20,search
jawaun lee,Jawaun Lee,1994-10-18,enumeration
bogan jay,Jay Bogan,1983-09-13,search
cucciniello jay,Jay Cucciniello,1986-07-23,search
ellis jay,Jay Ellis,1984-02-07,enumeration
furness jay,Jay Furness,1987-04-02,search
gray jay,Jay Gray,1991-09-11,search
hieron jay,Jay Hieron,1976-07-29,enumeration
jackson jay,Jay Jackson,1989-07-05,search
jay manning,Jay Manning,1992-08-01,search
jay palmer,Jay Palmer,1971-07-16,enumeration
jay perrin,Jay Perrin,1993-06-15,search
jay pressley,Jay Pressley,1989-11-10,search
jay radick,Jay Radick,1984-02-15,search
jay silva,Jay Silva,1981-05-25,search
jay thomas tovee,Jay Thomas Tovee,1991-01-07,enumeration
jayjay wilson,Jay-Jay Wilson,1997-08-02,enumeration
jayden taulker,Jayden Taulker,1995-11-01,search
bates jaylon,Jaylon Bates,1997-01-28,search
hinshaw jayme,Jayme Hinshaw,1989-10-16,search
jayme mckinney,Jayme Mckinney,1980-07-09,enumeration
jaymee jones,Jaymee Jones,1985-04-07,search
espinosa jaypee,Jaypee Espinosa,1985-01-04,enumeration
jayro martinez,Jayro Martinez,1993-02-07,enumeration
jayson margallo,Jayson Margallo,1994-09-18,search
jayson scott,Jayson Scott,1999-12-07,search
jazmin navarrete,Jazmin Navarrete,1998-09-19,search
ablasi jazor,Jazor Ablasi,1983-05-28,enumeration
alexander jean romano,Jean Alexander Romano,1995-11-16,enumeration
carlos jean santino,Jean Carlos Santino,1997-05-02,enumeration
christophe jean kpele,Jean Christophe Kpele,2000-12-11,enumeration
claude da jean silva,Jean Claude da Silva,1991-09-14,enumeration
dos felipe jean prestes santos,Jean Felipe Prestes dos Santos,1988-05-17,search
inacio jean soares,Jean Inacio Soares,1993-11-18,search
jean martins silva,Jean Martins Silva,2000-04-03,enumeration
jean matsumoto,Jean Matsumoto,1999-09-09,search
jean ndoye,Jean N'doye,1987-09-19,enumeration
jean petrick,Jean Petrick,1989-01-09,search
anselmo jean pierre,Jean Pierre Anselmo,1990-03-30,enumeration
jean pierre ramos,Jean Pierre Ramos,1997-12-01,enumeration
jeanjacques lubaya,Jean-Jacques Lubaya,1997-03-18,enumeration
jeanpaul lebosnoyani,Jean-Paul Lebosnoyani,1999-01-27,search
jeanphael promeneur,Jean-Phael Promeneur,1978-09-20,search
croes jeandrick,Jeandrick Croes,2002-12-19,enumeration
alexandre jeferson serafim,Jeferson Alexandre Serafim,1995-08-09,search
bastos jeferson,Jeferson Bastos,1993-04-15,enumeration
guilherme jeferson pereira,Jeferson Guilherme Pereira,1978-02-04,enumeration
bates jeff,Jeff Bates,1992-09-03,enumeration
bedard jeff,Jeff Bedard,1970-02-06,enumeration
black jeff,Jeff Black,1986-05-11,enumeration
carson jeff,Jeff Carson,1991-06-03,search
cox jeff,Jeff Cox,1969-12-31,search
creighton jeff,Jeff Creighton,1995-09-29,enumeration
curran jeff,Jeff Curran,1977-09-02,search
denz jeff,Jeff Denz,1977-09-26,search
doyle jeff,Jeff Doyle,1985-12-12,enumeration
escobar jeff,Jeff Escobar,1985-05-30,enumeration
hughes jeff,Jeff Hughes,1988-05-17,search
jeff jepsen,Jeff Jepsen,1989-09-26,search
jeff joslin,Jeff Joslin,1975-04-30,enumeration
jeff lentz,Jeff Lentz,1989-02-26,search
jeff martin,Jeff Martin,1984-06-07,enumeration
jeff molina,Jeff Molina,1997-07-17,search
jeff monson,Jeff Monson,1971-01-18,search
jeff nielsen,Jeff Nielsen,1991-12-25,search
jeff peterson,Jeff Peterson,1990-01-07,search
jeff porter,Jeff Porter,1988-11-04,enumeration
jeff rexroad,Jeff Rexroad,1979-11-24,enumeration
jeff roman,Jeff Roman,1989-03-02,search
jeff smith,Jeff Smith,1987-11-08,search
jeff torch,Jeff Torch,1988-05-02,enumeration
faustino jefferson,Jefferson Faustino,1984-12-13,enumeration
de filippis jefferson machado,Jefferson Machado De Filippis,1984-04-16,enumeration
jefferson nascimento,Jefferson Nascimento,1998-11-19,enumeration
jefferson pontes,Jefferson Pontes,1996-10-14,enumeration
jefferson rodrigues,Jefferson Rodrigues,1988-06-14,enumeration
jeffery pelton,Jeffery Pelton,1989-07-07,enumeration
blachly jeffrey,Jeffrey Blachly,1981-01-24,search
glossner jeffrey,Jeffrey Glossner,1996-07-16,search
chaves jeisla,Jeisla Chaves,1997-02-02,search
jeka saragih,Jeka Saragih,1995-01-01,search
jelle zeegers,Jelle Zeegers,1995-04-27,search
aniano jen,Jen Aniano,1986-03-02,enumeration
bishop jena,Jena Bishop,1986-02-22,search
jenefer rodriguez,Jenefer Rodriguez,1998-08-18,enumeration
jenel lausa,Jenel Lausa,1988-08-01,search
aguiar de jeniffer pereira,Jeniffer Pereira de Aguiar,1995-10-06,search
jennah macallister,Jennah Macallister,1990-09-03,search
chieng jennifer,Jennifer Chieng,1986-04-29,search
gonzalez jennifer,Jennifer Gonzalez,1986-03-22,enumeration
howe jennifer,Jennifer Howe,1973-11-18,search
jennifer maia,Jennifer Maia,1988-10-06,search
jennifer olsim,Jennifer Olsim,1996-12-13,search
jennifer scott,Jennifer Scott,1980-03-02,enumeration
clausius jenny,Jenny Clausius,1993-04-10,enumeration
gotti jenny,Jenny Gotti,1995-10-06,enumeration
huang jenny,Jenny Huang,1991-01-16,enumeration
jenny line,Jenny Line,1981-11-03,search
jens pulver,Jens Pulver,1974-12-06,search
eun jeong park,Jeong Eun Park,1996-09-17,search
jeongyeong lee,JeongYeong Lee,1995-11-13,search
de jeovanny maia oliveira,Jeovanny Maia de Oliveira,1997-04-03,enumeration
colbert jerald,Jerald Colbert,1989-12-14,enumeration
clark jerel,Jerel Clark,1988-06-17,enumeration
jerell nettles,Jerell Nettles,1996-10-10,search
jeremia siregar,Jeremia Siregar,1991-07-27,enumeration
constant jeremiah,Jeremiah Constant,1974-07-19,enumeration
curtright jeremiah,Jeremiah Curtright,1990-10-08,search
cutright jeremiah,Jeremiah Cutright,1990-10-08,enumeration
jeremiah labiano,Jeremiah Labiano,1986-11-18,search
jeremiah metcalf,Jeremiah Metcalf,1981-07-09,search
jeremiah scott,Jeremiah Scott,1993-10-20,search
jeremiah talley,Jeremiah Talley,1982-11-27,search
jeremiah wells,Jeremiah Wells,1986-10-30,search
jeremiah yeager,Jeremiah Yeager,1990-05-10,search
fernandez jeremias,Jeremias Fernandez,1990-08-14,search
holloway jeremie,Jeremie Holloway,1984-09-29,search
bastian jeremy,Jeremy Bastian,1991-01-12,enumeration
bethea jeremy,Jeremy Bethea,1985-02-10,enumeration
carper jeremy,Jeremy Carper,1979-04-24,enumeration
hardy jeremy,Jeremy Hardy,1987-09-23,search
henry jeremy,Jeremy Henry,1994-01-29,enumeration
horn jeremy,Jeremy Horn,1975-08-25,search
jeremy kennedy,Jeremy Kennedy,1992-09-16,search
jeremy kimball,Jeremy Kimball,1991-03-01,search
jeremy larsen,Jeremy Larsen,1986-03-11,enumeration
jeremy mahon,Jeremy Mahon,1979-09-28,search
jeremy may,Jeremy May,1986-10-23,search
jeremy miado,Jeremy Miado,1992-12-28,search
jeremy murphy,Jeremy Murphy,1978-07-14,search
jeremy pacatiw,Jeremy Pacatiw,1996-05-07,search
jeremy pender,Jeremy Pender,1986-11-13,search
jeremy perdue,Jeremy Perdue,1987-02-10,search
jeremy petley,Jeremy Petley,1985-03-03,search
jeremy riley,Jeremy Riley,1993-09-30,search
jeremy rogers,Jeremy Rogers,1978-07-07,search
jeremy spoon,Jeremy Spoon,1985-04-01,search
jeremy stephens,Jeremy Stephens,1986-05-25,search
jeremy stevens,Jeremy Stevens,1983-01-10,enumeration
dos jerffeson oliveira santos,Jerffeson dos Santos Oliveira,1990-09-25,search
holloway jermaine,Jermaine Holloway,1984-09-29,enumeration
harris jernato,Jernato Harris,1988-11-05,search
jeroen mullers,Jeroen Mullers,1994-07-30,enumeration
featherstone jerome,Jerome Featherstone,1984-07-05,search
jerome jones,Jerome Jones,1984-10-31,search
banner jerome le,Jerome Le Banner,1972-12-26,enumeration
jerome lebanner,Jerome LeBanner,1972-12-26,enumeration
jerome mickle,Jerome Mickle,1988-04-23,search
jerome rivera,Jerome Rivera,1995-04-22,search
jeromy mitchell,Jeromy Mitchell,1996-12-13,search
hodge jerrell,Jerrell Hodge,1989-11-24,search
jennings jerrod,Jerrod Jennings,1986-10-30,enumeration
jerrod osthoff,Jerrod Osthoff,1987-08-16,enumeration
jerrod sanders,Jerrod Sanders,1979-10-01,search
jerry kambata,Jerry Kambata,1997-10-10,enumeration
jerry kvarnstrom,Jerry Kvarnstrom,1980-10-08,search
jerry olsim,Jerry Olsim,1994-12-17,enumeration
jerry shapiro,Jerry Shapiro,1986-11-28,search
jeslen mishelle,Jeslen Mishelle,1989-01-27,enumeration
jess martinez,Jess Martinez,1993-11-09,search
duke jessamyn,Jessamyn Duke,1986-06-24,search
almaraz jesse,Jesse Almaraz,1984-11-16,search
armstrong jesse,Jesse Armstrong,1987-08-26,enumeration
arnett jesse,Jesse Arnett,1984-07-11,search
bazzi jesse,Jesse Bazzi,1991-07-03,search
butler jesse,Jesse Butler,1992-05-24,search
chaffin jesse,Jesse Chaffin,1989-03-29,search
chilton jesse,Jesse Chilton,1981-09-18,enumeration
cruz jesse,Jesse Cruz,1982-10-14,search
forbes jesse,Jesse Forbes,1984-10-24,search
fujarczyk jesse,Jesse Fujarczyk,1983-01-28,enumeration
gross jesse,Jesse Gross,1987-09-15,search
hannam jesse,Jesse Hannam,1996-03-29,search
jacobsen jesse,Jesse Jacobsen,1990-11-04,enumeration
james jesse,Jesse James,1991-06-28,enumeration
james jesse lee,Jesse James Lee,1995-07-01,enumeration
jesse kueber,Jesse Kueber,1988-04-23,enumeration
jesse martinelli,Jesse Martinelli,1993-04-10,search
jesse mcelligott,Jesse McElligott,1990-05-30,search
jesse murray,Jesse Murray,1993-01-26,search
jesse peterson,Jesse Peterson,1981-05-31,enumeration
jesse riley,Jesse Riley,1986-02-22,enumeration
jesse roberts,Jesse Roberts,1995-12-17,search
jesse romans,Jesse Romans,1993-03-05,enumeration
jesse romero,Jesse Romero,1984-10-30,enumeration
jesse ronson,Jesse Ronson,1985-12-24,search
jesse sanderson,Jesse Sanderson,1991-09-07,search
jesse stirn,Jesse Stirn,1992-04-27,search
jesse strader,Jesse Strader,1991-05-29,search
jesse tafoya,Jesse Tafoya,1996-01-19,search
jesse taylor,Jesse Taylor,1983-01-02,search
jesse urholin,Jesse Urholin,1989-05-18,search
jesse wable,Jesse Wable,1991-08-09,enumeration
jesse wallace,Jesse Wallace,1992-11-17,enumeration
jesse wannemacher,Jesse Wannemacher,1986-11-15,search
gengler jessee,Jessee Gengler,1995-08-18,search
aguilar jessica,Jessica Aguilar,1982-05-08,search
andrade jessica,Jessica Andrade,1991-09-25,enumeration
artavia jessica tijerino,Jessica Artavia Tijerino,1990-09-29,enumeration
borga jessica,Jessica Borga,1989-12-18,search
coelho cruz da jessica nepomuceno,Jessica Coelho da Cruz Nepomuceno,1995-04-09,enumeration
cunha jessica,Jessica Cunha,1994-11-08,search
delboni jessica,Jessica Delboni,1993-09-07,search
evelyn jessica monteiro,Jessica Evelyn Monteiro,1994-11-08,enumeration
eye jessica,Jessica Eye,1986-07-27,search
jessica middleton,Jessica Middleton,1988-05-15,search
jessica miele,Jessica Miele,1985-03-28,enumeration
jessica penne,Jessica Penne,1983-01-30,search
jessica rakoczy,Jessica Rakoczy,1977-04-14,enumeration
jessica ruiz,Jessica Ruiz,1984-07-02,search
jessica solis,Jessica Solis,1995-12-23,enumeration
jessica sotack,Jessica Sotack,1991-02-12,search
doelle jessica suelem,Jessica Suelem Doelle,1992-05-16,search
clark jessicarose,Jessica-Rose Clark,1987-11-28,search
henry jessie,Jessie Henry,1993-08-24,enumeration
jessie rosas,Jessie Rosas,2002-12-04,search
ayari jessin,Jessin Ayari,1992-05-31,search
ebrecht jessy,Jessy Ebrecht,1994-03-24,search
aguilar jesus,Jesus Aguilar,1996-03-13,search
diaz jesus,Jesus Diaz,1999-01-01,enumeration
flores jesus,Jesus Flores,2000-07-28,enumeration
jesus pinedo,Jesus Pinedo,1996-06-22,search
jesus ramos,Jesus Ramos,1994-12-30,enumeration
chavarria jesus samuel,Jesus Samuel Chavarria,2001-04-07,search
jesus urbina,Jesus Urbina,1989-08-27,search
jett shell,Jett Shell,1994-05-24,search
jevgeniy mahteenko,Jevgeniy Mahteenko,1987-05-08,search
jewel scott,Jewel Scott,1984-10-16,search
jhanlo mark sangiao,Jhanlo Mark Sangiao,2002-07-02,enumeration
jhoao ruiz,Jhoao Ruiz,1986-12-11,search
bryan jhon,Jhon Bryan,2006-08-28,search
jhon ribeiro,Jhon Ribeiro,1994-08-20,enumeration
jhon tacha,Jhon Tacha,1996-03-11,search
alencar de jhon wilhames,Jhon Wilhames de Alencar,1994-09-12,enumeration
jhonasky sojo,Jhonasky Sojo,1987-06-27,search
de jhonata peres souza,Jhonata De Souza Peres,1994-12-21,enumeration
diniz jhonata,Jhonata Diniz,1991-06-23,enumeration
jhonata silva,Jhonata Silva,1997-04-24,search
jhonata vasconcelos,Jhonata Vasconcelos,1994-12-25,enumeration
cordeiro jhonatan santos,Jhonatan Santos Cordeiro,1997-07-11,enumeration
jhonatas souza,Jhonatas Souza,1999-10-22,enumeration
jhonathan souza,Jhonathan Souza,1986-08-04,enumeration
jhonmar sopranes sopranes,Jhonmar Sopranes Sopranes,1996-08-18,enumeration
carlos jhonny,Jhonny Carlos,1988-02-09,search
jhonny pereira,Jhonny Pereira,1994-11-03,search
jhonoven pati,Jhonoven Pati,1990-04-29,search
gregory jhony,Jhony Gregory,1994-01-21,search
choi ji un,Ji Un Choi,2001-11-16,enumeration
ji kang won,Ji Won Kang,1995-10-08,enumeration
ji kim yeon,Ji Yeon Kim,1989-10-18,search
ji yang yong,Ji Yong Yang,1996-01-14,search
ji park young,Ji Young Park,1989-08-10,enumeration
jia ma wen,Jia Wen Ma,1996-09-11,enumeration
jiaci zhang,Jiaci Zhang,1995-08-09,enumeration
jiahefu wuziazibieke,Jiahefu Wuziazibieke,1990-04-09,search
jianbing yang,Jianbing Yang,1994-04-05,enumeration
jianping wan,Jianping Wan,1984-07-27,enumeration
jianping yang,Jianping Yang,1986-01-07,search
jiarong qi,Jiarong Qi,1994-04-21,enumeration
jiayidaer kaha,Jiayidaer Kaha,2000-08-05,enumeration
chen jie,Jie Chen,1992-01-04,enumeration
jihin radzuan,Jihin Radzuan,1998-09-04,search
decoursey jillian,Jillian DeCoursey,1984-07-26,search
alers jim,Jim Alers,1986-10-14,search
jim miller,Jim Miller,1983-08-30,search
jimi manuwa,Jimi Manuwa,1980-02-18,search
jimmie jr pace,Jimmie Pace Jr.,1996-04-09,search
jimmie rivera,Jimmie Rivera,1989-06-29,search
alexander jimmy,Jimmy Alexander,1979-11-24,search
ambriz jimmy,Jimmy Ambriz,1977-03-20,search
crute jimmy,Jimmy Crute,1996-03-04,search
donahue jimmy,Jimmy Donahue,1988-03-18,search
drago jimmy,Jimmy Drago,1995-02-18,search
fell jimmy,Jimmy Fell,1993-04-11,enumeration
flick jimmy,Jimmy Flick,1990-09-07,search
jimmy jones,Jimmy Jones,1986-08-10,search
jimmy lawson,Jimmy Lawson,1991-11-13,search
jimmy meza,Jimmy Meza,1991-09-17,search
jimmy millar,Jimmy Millar,1983-07-30,enumeration
jimmy miller,Jimmy Miller,1983-07-30,enumeration
jimmy sandlin,Jimmy Sandlin,1994-11-27,search
jimmy scully,Jimmy Scully,1987-11-26,search
jimmy spicuzza,Jimmy Spicuzza,1985-01-24,search
horn jimmy van,Jimmy Van Horn,1990-09-10,search
jimmy vienot,Jimmy Vienot,1995-06-09,search
jimmy wallhead,Jimmy Wallhead,1980-04-08,enumeration
jimmy yabo,Jimmy Yabo,1981-04-30,enumeration
hettes jimy,Jimy Hettes,1987-06-09,enumeration
aoi jin,Jin Aoi,1997-01-21,search
jin kazeta,Jin Kazeta,1971-01-28,search
jin seo soo,Jin Soo Seo,1990-02-05,enumeration
jin son soo,Jin Soo Son,1993-04-01,search
asikeerbai jinensibieke,Jinensibieke Asikeerbai,1988-07-10,search
jingjia wang,Jingjia Wang,1992-06-08,search
jingliang li,Jingliang Li,1988-03-20,search
jingnan xiong,Jingnan Xiong,1988-01-12,search
jingtao li,Jingtao Li,1990-09-28,enumeration
frey jinh yu,Jinh Yu Frey,1985-05-20,search
jiniushiyue,Jiniushiyue,2000-12-09,enumeration
jinnosuke kashimura,Jinnosuke Kashimura,2001-08-12,search
jiri prochazka,Jiri Prochazka,1992-10-14,search
jivko stoimenov,Jivko Stoimenov,1996-07-16,search
jj nelson,JJ Nelson,1996-07-30,enumeration
aswegen jj van,JJ van Aswegen,1981-11-10,enumeration
jo maisonnueve,Jo Maisonnueve,1991-01-05,enumeration
jo sungbin,Jo Sungbin,1992-07-17,enumeration
christensen joachim,Joachim Christensen,1978-11-07,search
hansen joachim,Joachim Hansen,1979-05-26,search
joachim tollefsen,Joachim Tollefsen,1991-08-03,search
ferreira joackim neto pedro,Joackim Pedro Neto Ferreira,1991-08-05,enumeration
arastey joan,Joan Arastey,1991-04-11,search
brito joanderson,Joanderson Brito,1995-02-11,search
jedrzejczyk joanna,Joanna Jedrzejczyk,1987-08-18,search
joanne wood,Joanne Wood,1985-12-23,search
joans lorca,Joans Lorca,1992-01-07,search
camilo joao,Joao Camilo,1992-07-29,search
dantas joao,Joao Dantas,1996-07-05,search
de e joao moura silva,Joao de Moura e Silva,1989-07-11,enumeration
elias joao,Joao Elias,1995-01-08,search
almeida isidoro joao,Joao Isidoro Almeida,1983-06-21,enumeration
joao luiz nogueira,Joao Luiz Nogueira,1984-10-21,search
joao lustosa,Joao Lustosa,1986-01-28,enumeration
joao machado,João Machado,1986-06-20,enumeration
azevedo joao marcos,Joao Marcos Azevedo,1997-12-10,enumeration
joao menezes,Joao Menezes,1999-01-15,search
joao nunes,João Nunes,1984-07-12,enumeration
joao oliveira,João Oliveira,1997-12-07,enumeration
joao paulo,João Paulo,1993-08-05,enumeration
dos joao paulo santos,Joao Paulo dos Santos,1988-02-12,search
fagundes joao paulo,Joao Paulo Fagundes,1992-06-23,search
de joao paulo rodrigues souza,Joao Paulo Rodrigues de Souza,1981-05-29,search
joao paulo silva,Joao Paulo Silva,1992-06-01,enumeration
joao pedro,Joao Pedro,2001-06-03,enumeration
joao pedro saldanha,Joao Pedro Saldanha,1995-09-18,search
joao pierini,Joao Pierini,1971-12-11,enumeration
joao roberto,Joao Roberto,1998-07-14,enumeration
dos joao santos victor,Joao Victor dos Santos,1991-11-04,enumeration
joao zeferino,Joao Zeferino,1986-01-15,search
joaquim silva,Joaquim Silva,1989-02-05,search
buckley joaquin,Joaquin Buckley,1994-04-27,search
joaquin lopez,Joaquin Lopez,1988-07-13,search
jobson nogueira santos,Jobson Santos Nogueira,1988-04-09,search
joby sanchez,Joby Sanchez,1991-06-24,search
jocelyn joneslybarger,Jocelyn Jones-Lybarger,1985-10-04,search
ferreira jocimar,Jocimar Ferreira,1979-12-31,search
esquibel jodie,Jodie Esquibel,1986-05-07,search
abouata joe,Joe Abouata,1982-07-19,enumeration
angel joe zamora,Joe Angel Zamora,1971-12-26,search
baize joe,Joe Baize,1983-06-08,enumeration
boerschig joe,Joe Boerschig,1989-03-15,search
brammer joe,Joe Brammer,1983-08-30,enumeration
bunch joe,Joe Bunch,1984-01-09,enumeration
camacho joe,Joe Camacho,1972-03-10,search
cason joe,Joe Cason,1988-01-19,enumeration
cronin joe,Joe Cronin,1981-10-25,search
davis joe,Joe Davis,2001-05-26,enumeration
doerksen joe,Joe Doerksen,1977-09-10,enumeration
duarte joe,Joe Duarte,1983-08-04,search
duffy joe,Joe Duffy,1988-02-18,enumeration
ellenberger joe,Joe Ellenberger,1985-03-28,enumeration
elmore joe,Joe Elmore,1982-09-23,search
giannetti joe,Joe Giannetti,1995-07-05,search
gigliotti joe,Joe Gigliotti,1993-08-13,enumeration
heiland joe,Joe Heiland,1982-03-21,search
hurley joe,Joe Hurley,1978-06-24,enumeration
joe jordan,Joe Jordan,1978-07-27,search
joe kropschot,Joe Kropschot,1995-06-19,search
joe lauzon,Joe Lauzon,1984-05-22,search
joe lowry,Joe Lowry,1989-12-12,enumeration
joe mabin,Joe Mabin,1974-11-24,enumeration
joe madrid,Joe Madrid,1990-08-16,search
joe maiani,Joe Maiani,1974-10-25,search
joe mccormick,Joe McCormick,1990-01-30,enumeration
joe merritt,Joe Merritt,1984-03-07,enumeration
joe murphy,Joe Murphy,1987-09-20,enumeration
joe neal,Joe Neal,1986-07-29,search
joe pacheco,Joe Pacheco,1985-02-19,enumeration
joe pearson,Joe Pearson,1978-03-28,enumeration
joe penafiel,Joe Penafiel,1986-09-18,enumeration
joe pingitore,Joe Pingitore,1990-12-27,search
joe pirrotta,Joe Pirrotta,1994-10-24,enumeration
joe proctor,Joe Proctor,1985-08-10,search
joe pyfer,Joe Pyfer,1996-09-17,enumeration
joe ray,Joe Ray,1984-12-17,enumeration
joe richardson,Joe Richardson,1988-06-03,search
joe riggs,Joe Riggs,1982-09-23,search
joe roye,Joe Roye,1992-05-17,search
joe saucedo,Joe Saucedo,1989-06-01,search
joe schilling,Joe Schilling,1984-01-13,search
joe solecki,Joe Solecki,1993-08-27,search
joe soto,Joe Soto,1987-03-22,search
joe stevenson,Joe Stevenson,1982-06-15,search
joe stripling,Joe Stripling,1983-12-22,search
joe supino,Joe Supino,1994-08-29,enumeration
joe taimanglo,Joe Taimanglo,1984-06-27,search
joe taylor,Joe Taylor,1984-03-28,search
joe valadez,Joe Valadez,1994-01-04,enumeration
joe vedepo,Joe Vedepo,1983-01-01,search
joe veres,Joe Veres,1977-11-09,enumeration
joe warren,Joe Warren,1976-10-31,search
joe wilk,Joe Wilk,1982-04-12,search
alvarez joel,Joel Alvarez,1993-03-02,search
bauman joel,Joel Bauman,1991-06-13,search
blanton joel,Joel Blanton,1971-05-21,enumeration
dos joel santos,Joel dos Santos,1993-02-08,search
downeycave joel,Joel Downey-Cave,1997-07-21,search
guzman joel,Joel Guzman,1988-08-04,search
joel madak,Joel Madak,1995-03-25,search
de joel oliveira paiva,Joel Paiva de Oliveira,1979-12-01,enumeration
joel pena,Joel Pena,2001-12-16,search
joel powell,Joel Powell,1980-06-06,enumeration
joel scott,Joel Scott,1983-02-11,search
joel winters,Joel Winters,2000-05-27,enumeration
brandenburg joelson,Joelson Brandenburg,1984-03-05,enumeration
guerra joelson,Joelson Guerra,1979-03-25,enumeration
joelson nascimento,Joelson Nascimento,1997-10-11,search
joelson pantoja,Joelson Pantoja,1998-03-17,search
gallaza joemar,Joemar Gallaza,1990-04-20,search
joevincent so,Joevincent So,1994-02-24,search
angelo joey,Joey Angelo,1989-04-04,enumeration
beltran joey,Joey Beltran,1981-12-09,search
bernard holt joey,Joey Bernard Holt,1985-06-21,enumeration
crisostomo joey jr,Joey Crisostomo Jr.,1990-11-08,search
davis joey,Joey Davis,1993-12-29,search
elzea joey,Joey Elzea,1989-09-07,search
estrada joey,Joey Estrada,1992-05-19,search
gambino joey,Joey Gambino,1988-10-26,enumeration
hart joey,Joey Hart,1997-06-24,search
joey kuiten,Joey Kuiten,1992-03-23,search
joey miolla,Joey Miolla,1985-02-12,search
joey pierotti,Joey Pierotti,1989-11-08,search
joey rodriguez,Joey Rodriguez,1990-08-22,enumeration
joey ruquet,Joey Ruquet,1992-07-15,search
joey villasenor,Joey Villasenor,1975-10-17,enumeration
houlton joffie,Joffie Houlton,1993-08-24,search
fernandez johan,Johan Fernandez,1987-05-05,search
johan romming,Johan Romming,1986-05-12,search
de hel johan van,Johan Van de Hel,1987-06-25,search
johan staden van,Johan van Staden,1985-03-02,enumeration
johan vanttinen,Johan Vanttinen,1989-08-08,search
correa johanner,Johanner Correa,1983-11-09,enumeration
johannes michalik,Johannes Michalik,1993-02-12,enumeration
de johil oliveira,Johil de Oliveira,1969-08-07,enumeration
adajar john,John Adajar,1991-06-22,enumeration
albert john,John Albert,1986-10-13,search
alessio john,John Alessio,1979-07-05,search
allan john,John Allan,1993-02-22,search
andrew john law,John Andrew Law,1988-07-01,search
armstrong john,John Armstrong,1990-06-21,enumeration
buttner john,John Buttner,1995-03-04,search
caldone john,John Caldone,1996-12-13,search
cardenas john,John Cardenas,1990-04-01,enumeration
castaneda john,John Castaneda,1991-12-18,search
cholish john,John Cholish,1983-12-17,enumeration
chrisostomo john,John Chrisostomo,1973-06-11,enumeration
cofer john,John Cofer,1984-04-29,search
cook john,John Cook,1969-07-19,enumeration
almanza dave john,John Dave Almanza,2004-03-22,enumeration
david john,John David,1992-05-01,enumeration
de jesus john,John de Jesus,1990-07-30,enumeration
devall john,John DeVall,1985-09-17,search
dirham john,John Dirham,1995-02-13,enumeration
dodson john,John Dodson,1984-09-26,search
douma john,John Douma,1996-08-10,search
garcia john,John Garcia,1982-08-16,enumeration
garza john,John Garza,2002-10-30,search
gorman john,John Gorman,1992-02-19,enumeration
gotti iii john,John Gotti III,1992-11-02,search
gunderson john,John Gunderson,1979-01-05,enumeration
gunther john,John Gunther,1985-11-24,enumeration
halverson john,John Halverson,1972-09-08,enumeration
hathaway john,John Hathaway,1987-07-01,search
hawk john,John Hawk,1979-12-10,search
howard john,John Howard,1983-03-01,search
john johnston,John Johnston,1970-10-30,enumeration
john kolosci,John Kolosci,1974-11-26,search
john lineker,John Lineker,1990-06-12,enumeration
john lopez,John Lopez,1990-10-25,enumeration
john maguire,John Maguire,1983-05-19,search
john mahlow,John Mahlow,1980-06-28,enumeration
john makdessi,John Makdessi,1985-05-03,search
john marquez,John Marquez,1993-09-01,search
fraser john martin,John Martin Fraser,1992-07-04,enumeration
john mcdonald,John McDonald,1986-01-22,enumeration
john mcelroy,John McElroy,1984-04-05,enumeration
john michael sheil,John Michael Sheil,1985-04-26,search
john michael wilson,John Michael Wilson,1986-05-09,enumeration
john moraga,John Moraga,1984-03-20,search
john morehouse,John Morehouse,1989-02-28,enumeration
john mosley,John Mosley,1987-09-17,enumeration
john nguyen,John Nguyen,1992-07-03,search
john noland,John Noland,1986-05-10,enumeration
john ortolani,John Ortolani,1986-06-09,search
john ott,John Ott,1987-08-07,search
john pham,John Pham,1993-09-03,search
john phillips,John Phillips,1985-06-09,search
john poppie,John Poppie,1990-01-24,search
john quinn,John Quinn,1983-01-25,enumeration
john ramirez,John Ramirez,1996-08-28,search
john robles,John Robles,1982-08-30,enumeration
john salter,John Salter,1985-03-21,search
john simon,John Simon,1991-12-21,search
john spencer,John Spencer,1990-03-21,enumeration
john sweeney,John Sweeney,1995-04-06,search
john teixeira,John Teixeira,1986-11-18,enumeration
conceicao da john teixeira,John Teixeira da Conceicao,1986-11-18,enumeration
john troyer,John Troyer,1985-08-13,search
john turner,John Turner,1983-08-05,enumeration
john white,John White,1993-04-23,enumeration
john winter,John Winter,1993-09-01,enumeration
john yannis,John Yannis,1994-07-07,search
einemo johnolav,John-Olav Einemo,1975-12-10,enumeration
harkins johnross,John-Ross Harkins,1986-07-01,search
dos guido johnatha santos silveira,Johnatha Guido Dos Santos Silveira,1993-09-08,enumeration
johnathan miller,Johnathan Miller,1992-07-06,enumeration
johnnie roades,Johnnie Roades,1988-12-23,search
baldridge johnny,Johnny Baldridge,1994-08-04,search
bedford johnny,Johnny Bedford,1983-01-06,search
campbell johnny,Johnny Campbell,1987-03-25,search
cardona johnny,Johnny Cardona,1981-05-23,enumeration
case johnny,Johnny Case,1989-06-26,search
cisneros johnny,Johnny Cisneros,1980-02-05,search
eblen johnny,Johnny Eblen,1991-12-13,search
eduardo johnny,Johnny Eduardo,1978-08-03,search
frachey johnny,Johnny Frachey,1983-10-30,search
hopper johnny,Johnny Hopper,1996-05-15,search
johnny lopez,Johnny Lopez,1983-05-04,search
johnny marigo,Johnny Marigo,1993-12-20,search
johnny munoz,Johnny Munoz,1993-02-16,enumeration
johnny nunez,Johnny Nunez,1985-08-29,enumeration
johnny pantoja,Johnny Pantoja,1994-04-30,search
johnny robles,Johnny Robles,1996-10-17,search
johnny rodriguez,Johnny Rodriguez,1987-12-10,enumeration
johnny santos,Johnny Santos,1995-06-15,enumeration
johnny soto,Johnny Soto,1992-10-11,search
johnny taunton,Johnny Taunton,1982-08-22,enumeration
johnny walker,Johnny Walker,1992-03-30,enumeration
jajout johnson,Johnson Jajout,1982-10-04,enumeration
hendricks johny,Johny Hendricks,1983-09-12,search
andrade de joice,Joice de Andrade,1991-05-08,enumeration
joicy tabosa,Joicy Tabosa,1997-07-15,enumeration
joilton lutterbach,Joilton Lutterbach,1992-11-05,search
goto joji,Joji Goto,1996-03-09,search
adams jon,Jon Adams,1993-03-27,enumeration
arce jon,Jon Arce,1993-12-04,enumeration
barnard jon,Jon Barnard,1989-06-01,enumeration
cunningham jon,Jon Cunningham,1995-08-31,enumeration
delos jon reyes,Jon delos Reyes,1987-08-19,search
fitch jon,Jon Fitch,1978-02-24,search
hill jon,Jon Hill,1982-02-24,search
jon jones,Jon Jones,1987-07-19,enumeration
jon kennedy,Jon Kennedy,1985-06-07,enumeration
jon kirk,Jon Kirk,1978-09-25,search
jon knutson,Jon Knutson,1989-01-06,enumeration
jon kunneman,Jon Kunneman,1999-07-14,search
jon madsen,Jon Madsen,1980-02-12,enumeration
jon manley,Jon Manley,1986-07-07,search
cortez jon marc,Jon Marc Cortez,1990-09-14,search
jon mcneil,Jon McNeil,1990-08-31,enumeration
jon milledge,Jon Milledge,1990-01-12,enumeration
jon neal,Jon Neal,1988-08-20,search
jon queiroz,Jon Queiroz,1987-03-19,search
jon tuck,Jon Tuck,1984-08-28,search
furuheim jon vetle,Jon Vetle Furuheim,2002-08-20,search
alves da jonas lins silva,Jonas Alves Lins Da Silva,1989-02-27,enumeration
bilharinho jonas,Jonas Bilharinho,1990-05-22,search
billstein jonas,Jonas Billstein,1991-07-08,search
boeno jonas,Jonas Boeno,1985-09-01,search
dos ferreira jonas santos,Jonas Ferreira dos Santos,1988-08-01,enumeration
flok jonas,Jonas Flok,1987-05-07,search
jonas magard,Jonas Magard,1992-06-08,search
jonatan westin,Jonatan Westin,1990-05-20,search
jonatas novaes,Jonatas Novaes,1981-12-03,enumeration
jonatham santiago,Jonatham Santiago,1988-11-28,enumeration
bosuku jonathan,Jonathan Bosuku,1995-10-26,search
brookins jonathan,Jonathan Brookins,1985-08-13,search
burdine jonathan,Jonathan Burdine,1979-02-21,search
caetano jonathan,Jonathan Caetano,1996-06-17,search
calderon jonathan,Jonathan Calderon,1988-11-18,search
carlos jonathan,Jonathan Carlos,1996-11-07,search
carvalho jonathan,Jonathan Carvalho,1989-09-14,enumeration
cook jonathan,Jonathan Cook,1988-06-02,enumeration
cruz jonathan santos,Jonathan Cruz Santos,1990-08-22,enumeration
davis jonathan,Jonathan Davis,1997-12-17,enumeration
delbrugge jonathan,Jonathan DelBrugge,1985-11-08,search
di jonathan lorenzo,Jonathan Di Lorenzo,1991-09-05,enumeration
dubois jonathan,Jonathan Dubois,1982-04-10,enumeration
enriquez jonathan,Jonathan Enriquez,1990-12-09,search
fanard jonathan,Jonathan Fanard,1995-03-13,enumeration
figueroa jonathan,Jonathan Figueroa,1995-02-05,enumeration
gary jonathan,Jonathan Gary,1985-04-22,search
goulet jonathan,Jonathan Goulet,1979-07-13,enumeration
griffin jonathan,Jonathan Griffin,1990-02-03,search
hamm jonathan,Jonathan Hamm,1985-10-14,enumeration
harris jonathan,Jonathan Harris,1984-06-12,search
hughes jonathan,Jonathan Hughes,1987-04-04,search
jackson jonathan,Jonathan Jackson,1988-01-13,search
jonathan lamptey,Jonathan Lamptey,1997-07-16,enumeration
jonathan martin,Jonathan Martin,1996-06-29,enumeration
jonathan meunier,Jonathan Meunier,1987-08-04,enumeration
jonathan micallef,Jonathan Micallef,1999-03-05,search
jonathan mix,Jonathan Mix,1980-11-09,enumeration
jonathan noriega,Jonathan Noriega,1991-05-24,search
jonathan ortiz,Jonathan Ortiz,1992-11-24,search
jonathan pearce,Jonathan Pearce,1992-05-01,search
jonathan piersma,Jonathan Piersma,1996-03-03,search
jonathan quiroz,Jonathan Quiroz,1987-04-17,search
jonathan rivera,Jonathan Rivera,1990-12-22,search
jonathan maria santa,Jonathan Santa Maria,1984-12-02,search
jonathan meneses silva,Jonathan Silva Meneses,1995-05-25,enumeration
jonathan svensson,Jonathan Svensson,1989-08-23,enumeration
jonathan valles,Jonathan Valles,1983-09-20,search
jonathan vinyard,Jonathan Vinyard,1984-03-26,search
alexandre de jonathan weslley,Jonathan Weslley de Alexandre,2002-03-12,enumeration
jonathan wilson,Jonathan Wilson,1987-07-17,search
jonathan wise,Jonathan Wise,1987-12-23,enumeration
cavalcanti jonathas,Jonathas Cavalcanti,1993-10-02,search
jonathon moskowitz,Jonathon Moskowitz,1996-03-18,search
jonathon thomson,Jonathon Thomson,1991-01-18,search
jonavin webb,Jonavin Webb,1989-04-28,search
hwan jong lee,Jong Hwan Lee,1993-05-31,enumeration
hyun jong kwak,Jong Hyun Kwak,1994-08-17,enumeration
jong kwan lee,Jong Kwan Lee,1989-12-07,enumeration
jongdae kim,Jong-Dae Kim,1981-02-03,enumeration
joni salovaara,Joni Salovaara,1985-12-29,search
jonny kruschinske,Jonny Kruschinske,1987-03-19,search
jonny parsons,Jonny Parsons,1991-09-06,search
jonny touma,Jonny Touma,1994-06-22,search
joop kasteel,Joop Kasteel,1964-08-27,enumeration
joosang yoo,JooSang Yoo,1994-01-21,search
bailey jordan,Jordan Bailey,1993-05-10,search
barton jordan,Jordan Barton,1993-03-18,search
beltran jordan,Jordan Beltran,1989-11-23,search
bloch jordan,Jordan Bloch,1980-02-16,enumeration
donais jordan,Jordan Donais,1986-09-23,enumeration
dowdy jordan,Jordan Dowdy,1986-05-23,search
downey jordan,Jordan Downey,1990-09-05,search
espinosa jordan,Jordan Espinosa,1989-11-08,search
fowler jordan,Jordan Fowler,1991-08-01,enumeration
graham jordan,Jordan Graham,1994-08-10,search
griffin jordan,Jordan Griffin,1990-02-28,search
christensen hayes jordan,Jordan Hayes Christensen,1985-01-16,search
heiderman jordan,Jordan Heiderman,1991-09-03,search
hernandez jordan,Jordan Hernandez,1993-10-23,search
howard jordan,Jordan Howard,1990-03-11,search
johnson jordan,Jordan Johnson,1988-11-18,enumeration
jordan leavitt,Jordan Leavitt,1995-06-02,search
jordan lucas,Jordan Lucas,1994-01-19,enumeration
jordan mackin,Jordan Mackin,1991-08-26,search
jordan mapa,Jordan Mapa,1995-04-14,search
jordan mein,Jordan Mein,1989-10-10,search
jordan mitchell,Jordan Mitchell,1990-12-08,enumeration
jordan morales,Jordan Morales,1989-09-25,search
jordan nash,Jordan Nash,1997-01-14,search
jordan newman,Jordan Newman,1995-07-06,search
jordan nickelatti,Jordan Nickelatti,1991-02-24,enumeration
jordan oliver,Jordan Oliver,1990-05-08,search
jordan parsons,Jordan Parsons,1990-08-26,search
jordan plasiance,Jordan Plasiance,1989-01-04,search
jordan powell,Jordan Powell,1987-05-18,search
jordan rinaldi,Jordan Rinaldi,1987-09-25,search
jordan rocha,Jordan Rocha,1990-05-25,search
jordan seufzer,Jordan Seufzer,1986-10-09,search
jordan smith,Jordan Smith,1984-12-25,enumeration
jordan titoni,Jordan Titoni,1987-09-25,search
jordan vucenic,Jordan Vucenic,1996-03-02,search
jordan weeks,Jordan Weeks,1991-11-29,search
jordan wheater,Jordan Wheater,1996-03-20,search
jordan williams,Jordan Williams,1990-10-13,search
jordan winski,Jordan Winski,1989-02-16,search
jordan wright,Jordan Wright,1991-10-07,search
jordan young,Jordan Young,1994-11-23,enumeration
fillo jordi sensarrich,Jordi Sensarrich Fillo,1990-08-23,enumeration
hinman jordin,Jordin Hinman,1985-08-28,search
bakkes jordy,Jordy Bakkes,1994-07-14,search
adrian jorge ramirez,Jorge Adrian Ramirez,1997-11-15,enumeration
bueno jorge,Jorge Bueno,1989-05-14,search
calvo jorge martin,Jorge Calvo Martin,1991-10-06,enumeration
casiano jorge,Jorge Casiano,1990-07-09,enumeration
de jorge oliveira,Jorge de Oliveira,1985-12-31,enumeration
gonzalez jorge,Jorge Gonzalez,1984-02-29,search
gurgel jorge,Jorge Gurgel,1977-01-25,enumeration
jorge la terra,Jorge La Terra,1988-11-17,enumeration
jorge lopez,Jorge Lopez,1988-11-21,search
bezerra jorge luis,Jorge Luis Bezerra,1986-04-02,search
jorge luiz,Jorge Luiz,1987-07-09,enumeration
jorge masvidal,Jorge Masvidal,1984-11-12,search
jorge molina,Jorge Molina,1996-05-06,enumeration
jorge olea,Jorge Olea,1996-06-01,search
jorge patino,Jorge Patino,1973-05-08,search
jorge rivera,Jorge Rivera,1972-02-28,enumeration
jorge rodrigues silva,Jorge Rodrigues Silva,1977-02-11,search
jorge santiago,Jorge Santiago,1980-10-09,enumeration
jorge serrano,Jorge Serrano,1991-05-12,search
jorgen kruth,Jorgen Kruth,1974-05-08,enumeration
jorick montagnac,Jorick Montagnac,1993-12-03,search
de joriedson reis souza,Joriedson Reis de Souza,1987-03-15,search
jornel lugo,Jornel Lugo,1995-11-30,search
aguayo jose,Jose Aguayo,1991-03-17,search
agustin garcia jiminez jose,Jose Agustin Jiminez Garcia,1986-04-03,enumeration
alday jose,Jose Alday,1991-09-14,search
aldo jose,Jose Aldo,1986-09-09,search
alexandre jose,Jose Alexandre,1988-05-29,search
alfredo jose leija,Jose Alfredo Leija,1982-07-28,search
andres cortes jose,Jose Andres Cortes,1984-09-24,search
antonio do jose maria moraes nascimento,Jose Antonio Maria Do Nascimento Moraes,1977-05-30,enumeration
aparecido gomes jose santos,Jose Aparecido Santos Gomes,1986-02-08,search
arly jose,Jose Arly,1994-08-03,enumeration
armoa jose,Jose Armoa,1984-04-12,enumeration
augusto jose,Jose Augusto,1992-03-28,search
avalos jose,Jose Avalos,1991-11-23,enumeration
barrios jose vargas,Jose Barrios Vargas,1990-03-19,enumeration
cabral jose,Jose Cabral,1987-03-25,search
caceres jose,Jose Caceres,1987-06-05,search
carlos jose,Jose Carlos,1990-09-21,enumeration
ceja jose,Jose Ceja,1985-08-11,search
daniel jose medina,Jose Daniel Medina,1991-05-17,enumeration
cavada de jose la,José De La Cavada,1997-04-04,enumeration
delano jose,Jose Delano,1996-09-11,search
estrada jose,Jose Estrada,1990-12-10,search
eudes jose tavares,Jose Eudes Tavares,1981-06-06,search
faustino jose silva,Jose Faustino Silva,1984-04-19,enumeration
feliciano jose,Jose Feliciano,1996-09-02,enumeration
figueroa jose,Jose Figueroa,1984-10-16,enumeration
filho jose,Jose Filho,1987-10-26,enumeration
flores jose,Jose Flores,1988-03-17,enumeration
galaviz jose,Jose Galaviz,1984-03-23,enumeration
carvalho de geovanne jose rosas,Jose Geovanne Rosas de Carvalho,1992-09-01,enumeration
gomes jose,Jose Gomes,1982-10-20,enumeration
henrique jose,Jose Henrique,2002-05-23,enumeration
johnson jose,Jose Johnson,1995-05-20,search
jose laguar,Jose Laguar,1981-07-27,enumeration
jose landijons,Jose Landi-Jons,1973-09-15,search
jose leon,Jose Leon,1994-08-27,enumeration
jose leyva,Jose Leyva,1989-11-09,enumeration
bravo jose luis,Jose Luis Bravo,1984-10-26,enumeration
calvo jose luis,Jose Luis Calvo,1993-06-28,enumeration
jose luis verdugo,Jose Luis Verdugo,1984-04-16,search
jose manoel ribeiro,Jose Manoel Ribeiro,1996-10-18,enumeration
huerta jose manual,Jose Manual Huerta,1991-08-20,enumeration
jose marcos,Jose Marcos,1988-04-19,enumeration
jose maria tome,Jose Maria Tome,1982-01-04,search
jose martinez,Jose Martinez,1990-11-21,enumeration
jose matuz,Jose Matuz,1998-03-28,search
jose medina,Jose Medina,1990-02-20,enumeration
jose jr medrano,Jose Medrano Jr.,1986-08-01,enumeration
delgado jose miguel,Jose Miguel Delgado,1998-04-21,enumeration
farias jose milton,Jose Milton Farias,1988-12-05,search
jose montanha,José Montanha,1996-08-25,enumeration
jose nagor,Jose Nagor,1992-01-15,enumeration
jose ochoa,Jose Ochoa,2000-12-31,search
dos jose lacerda otavio santos,Jose Otavio dos Santos Lacerda,1984-06-08,enumeration
jose penaloza,Jose Penaloza,1994-09-25,search
jose perez,Jose Perez,1995-03-13,enumeration
jose quinonez,Jose Quinonez,1990-07-28,search
galheta jose ricardo,Jose Ricardo Galheta,1982-05-29,enumeration
jose rivera,Jose Rivera,1987-12-30,enumeration
jose rocha,Jose Rocha,1994-07-31,enumeration
guelke jose rodrigo,Jose Rodrigo Guelke,1986-03-13,search
jose rodriguez,Jose Rodriguez,1985-11-28,enumeration
jose roura,Jose Roura,1988-06-16,search
jose ruelas,Jose Ruelas,1989-08-12,search
jose soto,Jose Soto,1985-10-06,enumeration
jose torres,Jose Torres,1992-08-02,enumeration
jose trindade,Jose Trindade,1991-10-23,search
jose soares vagno,Jose Vagno Soares,1990-11-18,search
jose vasquezlopez,Jose Vasquez-Lopez,2002-12-14,search
da jose silva wilker,Jose Wilker Da Silva,1988-06-22,enumeration
jose zarauz,Jose Zarauz,1993-04-10,search
joseanne kelly,Joseanne Kelly,1984-03-28,enumeration
josee storts,Josee Storts,1998-05-22,search
josefine knutsson,Josefine Knutsson,1996-01-16,search
joseilton santos,Joseilton Santos,1996-12-05,search
edwards joselyne,Joselyne Edwards,1995-09-29,search
da jose josema paz,Josema Jose da Paz,1987-01-15,search
josemir raimundi,Josemir Raimundi,1990-05-17,enumeration
josenaldo silva,Josenaldo Silva,1986-08-26,enumeration
josenildo pantoja,Josenildo Pantoja,1996-06-04,enumeration
benavidez joseph,Joseph Benavidez,1984-07-31,search
creer joseph,Joseph Creer,1981-12-28,search
fulk joseph,Joseph Fulk,1984-03-19,search
galaviz joseph,Joseph Galaviz,1990-05-14,search
holmes joseph,Joseph Holmes,1995-07-04,search
joseph kropschot,Joseph Kropschot,1995-06-19,search
joseph larcinese,Joseph Larcinese,1998-10-01,enumeration
joseph luciano,Joseph Luciano,1992-03-27,search
berkenbosch joseph michael,Joseph Michael Berkenbosch,1982-11-08,enumeration
joseph morales,Joseph Morales,1994-08-22,search
joseph morone,Joseph Morone,1993-06-12,enumeration
joseph omana,Joseph Omana,1990-03-19,search
joseph ramirez,Joseph Ramirez,1988-05-25,search
joseph salas,Joseph Salas,1982-08-20,search
joseph sandoval,Joseph Sandoval,1986-05-11,search
joseph schick,Joseph Schick,1985-10-29,search
joseph yshua,Joseph Y'Shua,1995-06-25,enumeration
abraham josh,Josh Abraham,1997-05-18,enumeration
altum josh,Josh Altum,1997-01-29,search
appelt josh,Josh Appelt,1983-06-19,search
barnett josh,Josh Barnett,1977-11-10,search
bateman josh,Josh Bateman,1981-01-26,enumeration
blyden josh,Josh Blyden,1987-03-18,enumeration
bonner josh,Josh Bonner,1992-02-24,enumeration
boudreaux josh,Josh Boudreaux,1982-09-06,enumeration
brueckner josh,Josh Brueckner,1995-03-11,search
carter josh,Josh Carter,1988-08-04,search
cavan josh,Josh Cavan,1984-01-05,search
clark josh,Josh Clark,1984-11-02,enumeration
clopton josh,Josh Clopton,1981-07-11,search
copeland josh,Josh Copeland,1982-10-20,search
culibao josh,Josh Culibao,1994-05-24,enumeration
delgadillo josh,Josh Delgadillo,1995-03-11,enumeration
diekmann josh,Josh Diekmann,1976-10-09,search
eagans josh,Josh Eagans,1988-11-08,enumeration
emmett josh,Josh Emmett,1985-03-04,search
ferguson josh,Josh Ferguson,1988-05-13,enumeration
fremd josh,Josh Fremd,1994-01-15,search
grispi josh,Josh Grispi,1988-10-14,search
hardy josh,Josh Hardy,1999-07-21,search
harvey josh,Josh Harvey,1990-04-10,search
hendricks josh,Josh Hendricks,1976-08-28,search
henry josh,Josh Henry,1989-08-21,search
hill josh,Josh Hill,1986-11-24,enumeration
hokit josh,Josh Hokit,1997-11-12,enumeration
jackson josh,Josh Jackson,1991-09-20,search
janousek josh,Josh Janousek,1980-09-25,enumeration
josh koscheck,Josh Koscheck,1977-11-30,search
josh krizan,Josh Krizan,1992-08-20,enumeration
josh machan,Josh Machan,1986-12-04,enumeration
josh marsh,Josh Marsh,1993-08-17,search
josh muller,Josh Muller,1989-03-21,enumeration
josh nealy,Josh Nealy,1985-05-08,search
josh neer,Josh Neer,1983-03-24,search
josh paiva,Josh Paiva,1991-04-05,search
josh parisian,Josh Parisian,1989-06-28,search
josh quayhagen,Josh Quayhagen,1986-08-30,search
josh quinlan,Josh Quinlan,1993-02-06,search
josh rettinghouse,Josh Rettinghouse,1990-02-27,search
josh ricci,Josh Ricci,1993-10-06,enumeration
josh robinson,Josh Robinson,1985-06-04,search
josh rohler,Josh Rohler,1987-10-25,search
josh samman,Josh Samman,1988-03-14,enumeration
josh sampo,Josh Sampo,1984-07-24,search
diego josh san,Josh San Diego,1985-03-08,search
josh schockman,Josh Schockman,1980-12-29,enumeration
josh shockley,Josh Shockley,1989-11-15,enumeration
josh silveira,Josh Silveira,1992-12-25,enumeration
josh smith,Josh Smith,1982-07-02,search
josh stansbury,Josh Stansbury,1984-11-19,search
josh streacker,Josh Streacker,1992-02-01,search
josh thomson,Josh Thomson,1978-09-21,search
josh trainor,Josh Trainor,1988-04-23,search
josh tully,Josh Tully,1983-11-20,enumeration
josh wangkim,Josh Wang-Kim,1992-11-16,enumeration
josh weston,Josh Weston,1981-12-13,search
josh wick,Josh Wick,1994-10-04,search
josh zuckerman,Josh Zuckerman,1988-03-12,search
anderson joshua,Joshua Anderson,1986-04-10,enumeration
aveles joshua,Joshua Aveles,1988-06-20,enumeration
burkman joshua,Joshua Burkman,1980-04-10,search
ciulla joshua,Joshua Ciulla,1990-09-13,enumeration
dillon joshua,Joshua Dillon,1992-03-12,search
doster joshua,Joshua Doster,1991-06-26,search
francis joshua,Joshua Francis,1993-04-11,search
hallford joshua,Joshua Hallford,1984-01-19,enumeration
hewlett joshua,Joshua Hewlett,1990-11-27,enumeration
hunter joshua,Joshua Hunter,1986-04-20,search
jones joshua,Joshua Jones,1990-04-04,enumeration
joshua key,Joshua Key,1982-03-29,search
joshua khiew,Joshua Khiew,1988-10-18,enumeration
joshua lee,Joshua Lee,1988-04-02,search
joshua marer,Joshua Marer,1990-10-09,search
joshua montoya,Joshua Montoya,1990-01-30,search
joshua murphy,Joshua Murphy,1989-11-03,enumeration
joshua oconnor,Joshua O'Connor,1998-11-04,enumeration
joshua pacio,Joshua Pacio,1996-01-10,search
joshua thorpe,Joshua Thorpe,1986-08-19,search
joshua timms,Joshua Timms,1993-11-26,search
joshua van,Joshua Van,2001-10-10,search
joshua weems,Joshua Weems,1994-05-05,search
joshua wright,Joshua Wright,1992-04-27,enumeration
harrell josiah,Josiah Harrell,1998-11-13,search
josiane nunes,Josiane Nunes,1993-12-23,enumeration
josias musasa,Josias Musasa,1998-10-10,search
josiel silva,Josiel Silva,1991-02-19,search
cuevas josimar,Josimar Cuevas,1994-02-18,search
josimar ventura,Josimar Ventura,1984-01-02,enumeration
hernandez josua,Josua Hernández,1998-09-01,enumeration
borilli josue,Josue Borilli,1994-12-09,enumeration
josue junior souza,Josue Junior Souza,1988-06-28,enumeration
journey newson,Journey Newson,1989-03-07,search
jovan leka,Jovan Leka,2002-03-15,search
jovan white,Jovan White,1980-04-17,enumeration
jovidon khojaev,Jovidon Khojaev,1998-11-01,search
joy pendell,Joy Pendell,1989-11-28,search
jozef wittner,Jozef Wittner,1993-02-21,search
cotton jozette,Jozette Cotton,1988-03-17,search
boye joziro,Joziro Boye,1985-05-03,search
jozsef tarnai,Jozsef Tarnai,1990-08-12,enumeration
buys jp,JP Buys,1996-04-30,search
adams juan,Juan Adams,1992-01-16,search
andres juan luna,Juan Andres Luna,1995-08-20,enumeration
archuleta juan,Juan Archuleta,1987-09-13,search
cabrera juan,Juan Cabrera,2004-02-17,enumeration
campos juan,Juan Campos,1984-12-03,search
chavana juan,Juan Chavana,1997-11-16,enumeration
cipriani cruz juan,Juan Cruz Cipriani,1993-04-04,search
da juan silva,Juan Da Silva,1990-04-06,search
deantes juan,Juan Deantes,1990-10-15,search
diaz juan,Juan Diaz,1998-06-03,search
espino juan,Juan Espino,1980-10-09,enumeration
dieppa espino juan,Juan Espino Dieppa,1980-10-09,enumeration
gandara jr juan,Juan Gandara Jr.,1993-12-11,enumeration
juan manuel suarez,Juan Manuel Suarez,1979-01-29,search
juan mendoza pablo,Juan Pablo Mendoza,1984-01-21,search
juan pablo reyna,Juan Pablo Reyna,1986-11-11,enumeration
juan puerta,Juan Puerta,1988-01-20,search
juan puig,Juan Puig,1989-04-23,enumeration
juan ramirez,Juan Ramirez,1994-11-17,enumeration
juan roman,Juan Roman,1984-10-26,search
juan silva,Juan Silva,1993-10-06,enumeration
juancamilo ronderos,Juancamilo Ronderos,1995-02-17,search
judith ruis,Judith Ruis,1985-02-19,search
juecir neumann,Juecir Neumann,1984-07-19,enumeration
dolch juergen,Juergen Dolch,1976-06-24,search
avila julia,Julia Avila,1988-05-11,search
berezikova julia,Julia Berezikova,1983-11-17,enumeration
budd julia,Julia Budd,1983-07-04,search
dorny julia,Julia Dorny,1990-02-20,enumeration
jones julia,Julia Jones,1987-09-03,search
julia polastri,Julia Polastri,1998-03-05,search
baez julian,Julian Baez,1995-06-15,search
erosa julian,Julian Erosa,1989-07-31,search
fernandez julian,Julian Fernandez,1985-06-24,enumeration
julian lane,Julian Lane,1987-07-24,search
julian marquez,Julian Marquez,1990-05-08,search
julian matenga,Julian Matenga,1985-05-15,enumeration
julian ruiz,Julian Ruiz,1996-09-21,search
da juliana nogueira silva,Juliana Da Silva Nogueira,1994-06-07,enumeration
juliana lima,Juliana Lima,1982-03-15,search
juliana miller,Juliana Miller,1996-05-07,search
juliana velasquez,Juliana Velasquez,1986-10-19,search
juliana werner,Juliana Werner,1981-06-10,search
julianna pena,Julianna Pena,1989-08-19,search
costa juliano,Juliano Costa,1991-03-23,enumeration
coutinho juliano,Juliano Coutinho,1978-07-30,search
julie kedzie,Julie Kedzie,1981-03-18,search
julie mezabarba,Julie Mezabarba,1993-02-15,search
boussuge julien,Julien Boussuge,1981-08-04,search
bouteix julien,Julien Bouteix,1986-05-14,search
da julien silva,Julien da Silva,1989-01-13,enumeration
julien leblanc,Julien Leblanc,1992-01-21,search
julien lopez pierre,Julien Pierre Lopez,1990-03-01,enumeration
julien williams,Julien Williams,1982-10-06,search
chukwu juliet,Juliet Chukwu,1995-10-10,enumeration
juliet ukah,Juliet Ukah,1999-05-26,search
julieta martinez,Julieta Martinez,2004-09-14,search
julija pajic,Julija Pajic,1997-10-15,enumeration
julija stoliarenko,Julija Stoliarenko,1993-04-08,search
arce julio,Julio Arce,1989-10-27,search
araujo cesar fernandes julio,Julio Cesar Araujo Fernandes,1990-07-25,enumeration
almeida cesar de julio,Julio Cesar de Almeida,1985-06-14,search
cesar jr julio neves,Julio Cesar Neves Jr.,1994-04-25,search
cesar julio ramirez,Julio Cesar Ramirez,1992-09-12,enumeration
diaz julio,Julio Diaz,1988-07-19,enumeration
julio matos,Julio Matos,1987-04-01,enumeration
julio pereira,Julio Pereira,1998-11-05,enumeration
anglickas julius,Julius Anglickas,1991-07-23,search
holmes julius,Julius Holmes,1993-12-14,enumeration
julius walker,Julius Walker,1999-07-16,search
jumabieke tuerxun,Jumabieke Tuerxun,1986-04-17,search
doi jun,Jun Doi,1986-10-17,search
hee jun jung,Jun Hee Jung,2001-12-16,enumeration
hoe jeong jun,Jun Hoe Jeong,1989-08-19,enumeration
jun kitagawa,Jun Kitagawa,1973-07-14,enumeration
jun lee young,Jun Young Lee,1995-05-31,search
ahn hyun jung,Jung Hyun Ahn,1995-07-21,enumeration
jung kyo park,Jung Kyo Park,1979-02-16,search
choi jung yoon,Jung Yoon Choi,1998-03-20,enumeration
junghyun lee,JungHyun Lee,2002-09-10,enumeration
hirata junichi,Junichi Hirata,1973-01-14,search
browning junie,Junie Browning,1985-05-12,enumeration
junifer kimmayong,Junifer Kimmayong,1987-06-22,search
albini junior,Junior Albini,1991-03-15,search
alves de junior oliveira,Junior Alves de Oliveira,1982-01-04,enumeration
andrade junior,Junior Andrade,1990-03-26,enumeration
assis junior,Junior Assis,1989-07-30,enumeration
assuncao junior,Junior Assuncao,1981-06-24,search
barbosa de junior lima,Junior Barbosa de Lima,1988-03-05,enumeration
dos junior santos,Junior dos Santos,1984-01-30,search
duarte junior,Junior Duarte,1991-04-17,enumeration
hicks junior,Junior Hicks,1992-08-21,enumeration
junior karanta,Junior Karanta,1991-09-09,search
junior magal,Junior Magal,1989-07-21,search
junior maranhao,Junior Maranhao,1992-12-17,enumeration
junior marques,Junior Marques,1993-08-23,enumeration
junior morgan,Junior Morgan,1986-02-15,search
junior sales,Junior Sales,1987-05-08,enumeration
junior tafa,Junior Tafa,1996-09-21,search
ito junji,Junji Ito,1986-08-23,search
juntarou ushiku,Juntarou Ushiku,1995-02-28,enumeration
junyong park,JunYong Park,1991-02-27,enumeration
hong junyoung,JunYoung Hong,1990-12-18,enumeration
juri ohara,Juri Ohara,1990-11-02,search
juris verza,Juris Verza,1991-11-14,enumeration
ferreira juscelino,Juscelino Ferreira,1985-08-19,enumeration
juscelino pantoja,Juscelino Pantoja,1993-03-11,search
formiga jussier,Jussier Formiga,1985-04-14,search
justice torres,Justice Torres,1997-10-19,search
arteaga justin,Justin Arteaga,1997-01-20,enumeration
baesman justin,Justin Baesman,1981-06-03,search
barry justin,Justin Barry,1988-09-12,search
baseman justin,Justin Baseman,1981-06-03,enumeration
buchholz justin,Justin Buchholz,1983-08-22,search
burlinson justin,Justin Burlinson,1997-05-19,search
clarke justin,Justin Clarke,1991-01-11,enumeration
condie justin,Justin Condie,1989-05-25,enumeration
cruz justin,Justin Cruz,1986-04-29,search
demoney justin,Justin DeMoney,1985-07-01,search
doege justin,Justin Doege,1993-12-11,enumeration
dorsey justin,Justin Dorsey,1989-09-22,search
edwards justin,Justin Edwards,1983-01-26,search
eilers justin,Justin Eilers,1978-06-28,enumeration
frazier justin,Justin Frazier,1989-06-15,search
fuson justin,Justin Fuson,1984-05-28,enumeration
gaethje justin,Justin Gaethje,1988-11-14,search
gonzales justin,Justin Gonzales,1991-04-28,search
governale justin,Justin Governale,1986-03-06,search
guthrie justin,Justin Guthrie,1981-01-19,search
harrington justin,Justin Harrington,1984-07-27,search
haskins justin,Justin Haskins,1979-08-30,enumeration
howard justin,Justin Howard,1990-11-15,enumeration
hughes justin,Justin Hughes,1987-12-04,search
jaynes justin,Justin Jaynes,1989-08-10,search
jones justin,Justin Jones,1987-09-06,enumeration
justin lawrence,Justin Lawrence,1990-05-15,search
justin ledet,Justin Ledet,1988-09-28,search
justin lesko,Justin Lesko,1987-04-22,search
justin linn,Justin Linn,1989-06-19,search
justin lovrich,Justin Lovrich,1992-02-09,search
justin mccully,Justin McCully,1976-02-18,enumeration
justin montalvo,Justin Montalvo,1996-04-21,search
justin moore,Justin Moore,1984-11-09,search
justin murray,Justin Murray,1981-04-28,enumeration
justin overton,Justin Overton,1989-05-30,search
justin patterson,Justin Patterson,1985-12-07,search
justin patton,Justin Patton,1993-12-05,search
justin polendey,Justin Polendey,1986-10-28,enumeration
justin reeser,Justin Reeser,1988-03-15,search
justin reiswerg,Justin Reiswerg,1987-12-15,search
justin richwine,Justin Richwine,1986-04-06,search
justin roswell,Justin Roswell,1988-12-13,search
justin scoggins,Justin Scoggins,1992-05-02,search
justin smith,Justin Smith,1993-11-10,enumeration
justin steave,Justin Steave,1986-07-06,enumeration
justin street,Justin Street,1992-11-18,search
justin sumter,Justin Sumter,1989-11-10,search
justin tafa,Justin Tafa,1993-12-13,search
heerden justin van,Justin Van Heerden,1994-02-20,search
justin vargas,Justin Vargas,1989-08-20,search
justin vazquez,Justin Vazquez,1992-04-24,search
justin wetzell,Justin Wetzell,1992-01-23,search
justin williamshugo,Justin Williams-Hugo,1993-03-31,search
justin willis,Justin Willis,1987-07-19,search
justin woods,Justin Woods,1990-01-25,enumeration
justin wren,Justin Wren,1987-04-27,search
justine kish,Justine Kish,1988-04-13,search
faaiu justus,Justus Faaiu,1995-02-25,search
haba justyna,Justyna Haba,1992-01-25,enumeration
jutaro nakao,Jutaro Nakao,1970-11-30,search
juvencio pereira,Juvencio Pereira,1997-07-09,enumeration
bhullar kb,K.B. Bhullar,1991-10-12,search
kj noons,K.J. Noons,1982-12-07,search
kaan kazgan,Kaan Kazgan,1994-10-03,search
kaan ofli,Kaan Ofli,1993-06-19,search
joe kacey sanders,Kacey Joe Sanders,1988-02-14,search
formela kacper,Kacper Formela,1996-03-31,search
kacper karski,Kacper Karski,1988-11-14,enumeration
kacper koziorzebski,Kacper Koziorzebski,1995-05-05,search
kacper matyszewski,Kacper Matyszewski,2001-03-30,enumeration
kacper miklasz,Kacper Miklasz,2000-11-14,search
kade lindstrom,Kade Lindstrom,1988-09-03,enumeration
kade ruotolo,Kade Ruotolo,2003-01-22,enumeration
kaheem murray,Kaheem Murray,1989-10-19,search
asakura kai,Kai Asakura,1993-10-31,search
iii kai kamaka,Kai Kamaka III,1995-01-05,search
kai karafrance,Kai Kara-France,1993-03-26,search
kai lu,Kai Lu,1994-03-01,search
kai puolakka,Kai Puolakka,1985-09-20,enumeration
kai tang,Kai Tang,1996-01-10,search
kai yoshida,Kai Yoshida,1999-10-10,search
hoovelson kaido,Kaido Hoovelson,1984-11-05,enumeration
brito kaik,Kaik Brito,1997-03-26,search
hill kailan,Kailan Hill,1994-12-01,search
curran kailin,Kailin Curran,1991-04-11,search
de kaio santanna tavares,Kaio Tavares de Santanna,1994-06-29,search
kaique modesto,Kaique Modesto,1994-06-06,search
akhmetov kairat,Kairat Akhmetov,1987-10-12,search
kairat nurbay uulu,Kairat Nurbay uulu,2000-07-18,enumeration
kaitlin young,Kaitlin Young,1985-09-15,search
kaito oda,Kaito Oda,1998-02-13,search
kaito yoshimura,Kaito Yoshimura,1999-03-27,search
kaiwen,Kaiwen,1995-10-16,enumeration
kaiwen li,Kaiwen Li,1995-10-16,search
johnson kajan,Kajan Johnson,1984-04-21,search
harris kaleb,Kaleb Harris,1993-09-21,search
kaleb petereit,Kaleb Petereit,1995-03-03,search
kaleb rideout,Kaleb Rideout,1997-06-19,enumeration
kaleio romero,Kaleio Romero,1996-04-19,search
kaleo kwan,Kaleo Kwan,1973-08-01,enumeration
kali robbins,Kali Robbins,1984-07-05,search
kalib starnes,Kalib Starnes,1975-01-06,search
faria kalindra,Kalindra Faria,1986-07-23,search
dos kallew santos,Kallew dos Santos,1993-10-29,search
kallum parker,Kallum Parker,2000-04-07,search
kaloyan kolev,Kaloyan Kolev,1992-10-17,search
kalyn schwartz,Kalyn Schwartz,1989-05-10,enumeration
kamal magomedov,Kamal Magomedov,1991-05-15,search
kamal shalorus,Kamal Shalorus,1972-08-27,enumeration
kamaru usman,Kamaru Usman,1987-05-11,search
jordan kameron,Kameron Jordan,1998-04-28,search
bazelak kamil,Kamil Bazelak,1975-01-09,search
cibinski kamil,Kamil Cibinski,1983-09-29,search
gniadek kamil,Kamil Gniadek,1994-06-12,search
kamil korycki,Kamil Korycki,1986-09-12,enumeration
kamil krzeminski,Kamil Krzeminski,1985-05-28,enumeration
kamil lebkowski,Kamil Lebkowski,1988-02-10,search
kamil lipski,Kamil Lipski,1983-07-29,enumeration
kamil magomedov,Kamil Magomedov,1992-07-17,search
kamil minda,Kamil Minda,1984-10-19,search
kamil mosgalik,Kamil Mosgalik,1995-02-06,search
kamil oniszczuk,Kamil Oniszczuk,1996-09-28,search
kamil szymuszowski,Kamil Szymuszowski,1989-10-25,search
kamil wojciechowski,Kamil Wojciechowski,1989-04-24,search
kamrin naville,Kamrin Naville,1988-04-12,search
kamron ortikov,Kamron Ortikov,2001-03-26,search
kamuela kirk,Kamuela Kirk,1994-04-13,search
kana watanabe,Kana Watanabe,1988-08-21,search
kanako murata,Kanako Murata,1993-08-10,search
kanat tassybay,Kanat Tassybay,1994-12-29,search
kane mousah,Kane Mousah,1986-06-01,search
kaneaki watanabe,Kaneaki Watanabe,1985-05-06,search
kangjie zhu,Kangjie Zhu,1996-01-16,search
correa kani,Kani Correa,1983-10-27,search
asakura kanna,Kanna Asakura,1997-10-12,search
agasa kantharaj,Kantharaj Agasa,1992-02-16,search
kara vislosky,Kara Vislosky,1988-07-15,enumeration
changy karaool,Kara-Ool Changy,1997-09-01,enumeration
chauhan karan,Karan Chauhan,1998-11-08,enumeration
kareem kline,Kareem Kline,1991-03-30,search
darabedyan karen,Karen Darabedyan,1986-12-18,search
ghajji karim,Karim Ghajji,1981-01-16,search
henniene karim,Karim Henniene,1995-07-06,search
aryadne karina,Karina Aryadne,1996-07-15,enumeration
karina rodriguez,Karina Rodriguez,1985-08-28,search
cristine karine,Karine Cristine,1997-08-09,enumeration
gevorgyan karine,Karine Gevorgyan,1989-03-09,enumeration
karine silva,Karine Silva,1993-12-02,search
albrektsson karl,Karl Albrektsson,1993-09-27,search
amoussou karl,Karl Amoussou,1985-11-21,search
etherington karl,Karl Etherington,1975-09-17,enumeration
fletcher karl,Karl Fletcher,1996-02-07,enumeration
karl moore,Karl Moore,1991-10-24,search
karl roberson,Karl Roberson,1990-10-04,search
karl williams,Karl Williams,1990-01-06,search
benitez karla,Karla Benitez,1979-02-15,search
hernandez karla,Karla Hernandez,1992-09-28,enumeration
karla thais,Karla Thais,1993-04-18,enumeration
karlee pangilinan,Karlee Pangilinan,1994-03-06,search
karlen minasyan,Karlen Minasyan,2000-09-18,enumeration
caput karlo,Karlo Caput,1992-09-18,search
karlos vemola,Karlos Vemola,1985-07-01,search
karo parisyan,Karo Parisyan,1982-08-28,search
bedorf karol,Karol Bedorf,1983-09-27,enumeration
celinski karol,Karol Celinski,1980-06-22,search
karol kutya,Karol Kutyła,1995-11-02,enumeration
karol rosa,Karol Rosa,1994-12-30,search
karol rysavy,Karol Rysavy,1993-03-26,search
karol lopez naranjo ximena,Karol Ximena Naranjo Lopez,1998-04-23,enumeration
karolina kowalkiewicz,Karolina Kowalkiewicz,1985-10-15,search
karolina sobek,Karolina Sobek,1999-08-31,search
karolina wojcik,Karolina Wojcik,1994-09-12,search
karoline martins,Karoline Martins,1997-02-16,enumeration
buslys karolis,Karolis Buslys,1996-07-04,search
dautbek karshyga,Karshyga Dautbek,1993-12-07,search
kasey tanner,Kasey Tanner,1992-01-11,search
kasheem peterson,Kasheem Peterson,1982-04-23,search
aras kasim,Kasim Aras,1987-07-11,search
annan kassim,Kassim Annan,1980-12-18,enumeration
kassius kayne,Kassius Kayne,1986-08-29,search
kane kassoum,Kassoum Kane,1987-10-24,enumeration
kastriot xhema,Kastriot Xhema,1992-01-22,search
kasum kasumov,Kasum Kasumov,1994-07-19,search
katalina malungahu,Katalina Malungahu,1981-09-17,enumeration
katarzyna sadura,Katarzyna Sadura,1991-04-20,search
bacik kate,Kate Bacik,1993-05-25,search
bloomfield kate,Kate Bloomfield,1987-11-21,enumeration
da kate silva,Kate Da Silva,1982-12-26,search
jackson kate,Kate Jackson,1986-08-13,search
dykas katelyn,Katelyn Dykas,1991-10-24,enumeration
dalisda katharina,Katharina Dalisda,1991-09-17,search
katharina lehner,Katharina Lehner,1990-04-09,search
corogenes katherine,Katherine Corogenes,1989-04-16,search
katherine mansilla,Katherine Mansilla,2002-06-03,enumeration
katherine roy,Katherine Roy,1985-04-15,search
kathina lowe,Kathina Lowe,1985-10-14,enumeration
kathleen nelson noy,Kathleen Noy Nelson,1995-05-25,search
kathryn paprocki,Kathryn Paprocki,1993-04-28,search
katie perez,Katie Perez,1993-05-24,search
katie saull,Katie Saull,1987-08-20,search
kankaanpaa katja,Katja Kankaanpaa,1987-06-30,search
cerminara katlyn,Katlyn Cerminara,1988-12-28,search
hirasawa katsuaki,Katsuaki Hirasawa,1980-07-18,search
katsunori kikuno,Katsunori Kikuno,1981-10-30,search
inoue katsuya,Katsuya Inoue,1979-08-10,search
katsuyori shibata,Katsuyori Shibata,1979-11-17,enumeration
hironaka katsuyuki,Katsuyuki Hironaka,1975-11-07,search
collins katy,Katy Collins,1987-09-04,search
fernandes kaue,Kaue Fernandes,1995-03-17,search
kaushik saikumar,Kaushik Saikumar,1997-12-11,search
hansen kay,Kay Hansen,1999-08-14,search
alencar kayck,Kayck Alencar,1994-02-08,search
harrison kayla,Kayla Harrison,1990-07-02,search
hracho kayla,Kayla Hracho,1991-06-03,search
kaynan kruschewsky,Kaynan Kruschewsky,1991-04-04,search
kaytlin neil,Kaytlin Neil,1992-01-07,search
ashimov kazbek,Kazbek Ashimov,1989-09-20,search
kalabekov kazbek,Kazbek Kalabekov,1999-02-11,enumeration
kazuhiro nakamura,Kazuhiro Nakamura,1979-07-16,search
kazuhisa tazawa,Kazuhisa Tazawa,1979-11-16,enumeration
date kazuki,Kazuki Date,1997-02-25,search
kazuki tokudome,Kazuki Tokudome,1987-03-04,search
kazula vargas,Kazula Vargas,1985-08-15,enumeration
kazuma kuramoto,Kazuma Kuramoto,1986-10-29,search
kazuma maruyama,Kazuma Maruyama,1992-07-19,search
kazuma sone,Kazuma Sone,1988-02-11,search
kanai kazumasa,Kazumasa Kanai,1999-05-14,search
kazumasa majima,Kazumasa Majima,1991-10-16,search
kazunori yokota,Kazunori Yokota,1978-04-03,search
kazuo misaki,Kazuo Misaki,1976-04-25,search
kazuo takahashi,Kazuo Takahashi,1969-03-13,enumeration
kazushi sakuraba,Kazushi Sakuraba,1969-07-14,search
fujita kazutoshi,Kazutoshi Fujita,1985-06-19,enumeration
fujita kazuyuki,Kazuyuki Fujita,1970-10-16,search
kazuyuki miyata,Kazuyuki Miyata,1976-01-29,search
keanan patershuk,Keanan Patershuk,1993-09-04,search
keaneo moyer,Keaneo Moyer,1998-04-03,search
keanu subba,Keanu Subba,1994-07-05,enumeration
harris kedrick,Kedrick Harris,1987-08-10,search
agnew kegan,Kegan Agnew,1996-04-02,search
gennrich kegan,Kegan Gennrich,1993-10-20,search
kei maezono,Kei Maezono,1999-04-03,enumeration
keigo maeda,Keigo Maeda,2002-03-09,search
keiichiro nakamura,Keiichiro Nakamura,1988-12-02,search
fantroy keilen,Keilen Fantroy,1991-07-25,search
harvie keir,Keir Harvie,1998-05-21,search
keishi yagi,Keishi Yagi,1995-06-15,search
keismilyn shayene,Keismilyn Shayene,1999-06-01,enumeration
fujiwara keisuke,Keisuke Fujiwara,1982-09-17,search
keisuke sakai,Keisuke Sakai,1979-09-13,enumeration
keisuke sasu,Keisuke Sasu,1994-09-30,search
ishibashi keita,Keita Ishibashi,1986-07-16,search
keita kono,Keita Kono,1983-08-18,search
keita nakamura,Keita Nakamura,1984-05-22,search
bell keith,Keith Bell,1979-08-10,search
berish keith,Keith Berish,1985-11-14,enumeration
berry keith,Keith Berry,1987-10-25,search
carson keith,Keith Carson,1992-01-20,search
cunagin keith,Keith Cunagin,1984-02-11,enumeration
ellis keith,Keith Ellis,1982-07-29,search
jardine keith,Keith Jardine,1975-10-31,search
johnson keith,Keith Johnson,1982-11-15,enumeration
keith lee,Keith Lee,1996-10-04,search
keith phathaem,Keith Phathaem,1989-03-10,search
keith richardson,Keith Richardson,1983-11-29,search
keith smetana,Keith Smetana,1984-09-29,enumeration
keith speed,Keith Speed,1989-09-27,search
keith wisniewski,Keith Wisniewski,1981-10-25,search
keito yamakita,Keito Yamakita,1996-08-04,search
kelig pinson,Kelig Pinson,1985-09-17,enumeration
kellen vancamp,Kellen VanCamp,1997-01-25,search
anundson kelly,Kelly Anundson,1984-08-29,search
bourassa kelly,Kelly Bourassa,1982-11-19,enumeration
clayton kelly,Kelly Clayton,1983-11-30,search
dangelo kelly,Kelly D'Angelo,1987-02-04,enumeration
dullanty kelly,Kelly Dullanty,1977-07-04,enumeration
faszholz kelly,Kelly Faszholz,1985-04-09,search
kelly offield,Kelly Offield,1991-07-25,enumeration
kelly ottoni,Kelly Ottoni,1985-04-08,enumeration
kelly rundle,Kelly Rundle,1962-08-10,enumeration
kelly vilarino,Kelly Vilarino,1986-04-05,search
kelly warren,Kelly Warren,1985-01-07,enumeration
desantis kelsey,Kelsey DeSantis,1988-08-30,enumeration
kelton sneve,Kelton Sneve,1999-12-14,search
fitial kelvin,Kelvin Fitial,1983-09-13,search
gastelum kelvin,Kelvin Gastelum,1991-10-24,search
kelvin rayford,Kelvin Rayford,1985-10-13,search
kelvin tiller,Kelvin Tiller,1990-06-26,search
haley kemmyelle,Kemmyelle Haley,1989-10-16,search
kemran lachinov,Kemran Lachinov,1990-07-19,search
beverly ken,Ken Beverly,1997-04-05,search
coulter ken,Ken Coulter,1987-07-05,search
hasegawa ken,Ken Hasegawa,1987-02-26,search
ken nakano,Ken Nakano,1991-05-16,search
ken porter,Ken Porter,1989-11-25,search
ken shamrock,Ken Shamrock,1964-02-11,search
ken stone,Ken Stone,1982-10-08,search
jackson kenan,Kenan Jackson,1992-09-06,search
jafarli kenan,Kenan Jafarli,1990-06-08,search
kenan song,Kenan Song,1990-03-10,search
kenani mangakahia,Kenani Mangakahia,1986-01-25,enumeration
carnahan kendall,Kendall Carnahan,1992-12-10,search
grove kendall,Kendall Grove,1982-12-11,search
kendall whited,Kendall Whited,1999-06-09,search
kendly louis st,Kendly St. Louis,1991-01-03,search
kendra mcintyre,Kendra McIntyre,1995-05-24,search
kendrick latchman,Kendrick Latchman,1993-06-14,search
kendrick miree,Kendrick Miree,1983-04-15,enumeration
kendrik williams,Kendrik Williams,1984-06-28,enumeration
andrade gualande kenedy,Kenedy Gualande Andrade,1984-12-18,enumeration
kengo watanabe,Kengo Watanabe,1976-01-31,search
kenia santana,Kenia Santana,1994-07-21,enumeration
hattori kenichi,Kenichi Hattori,1978-04-15,enumeration
ito kenichi,Kenichi Ito,1975-11-09,search
kenichiro togashi,Kenichiro Togashi,1980-12-05,search
arai kenji,Kenji Arai,1979-10-05,search
bortoluzzi kenji,Kenji Bortoluzzi,1989-10-13,search
kenji takeshige,Kenji Takeshige,1977-05-20,enumeration
kenjiro takahashi,Kenjiro Takahashi,1987-02-03,search
freeman kennedy,Kennedy Freeman,1996-11-26,enumeration
kennedy nzechukwu,Kennedy Nzechukwu,1992-06-13,search
allen kenneth,Kenneth Allen,1980-06-12,search
bergh kenneth,Kenneth Bergh,1989-06-26,search
cross kenneth,Kenneth Cross,1994-10-04,search
glenn kenneth,Kenneth Glenn,1985-08-02,enumeration
kenneth nagle,Kenneth Nagle,1987-06-23,enumeration
kenneth rayside,Kenneth Rayside,1990-01-29,enumeration
kenneth richmond,Kenneth Richmond,1991-02-25,search
kenneth seegrist,Kenneth Seegrist,1980-10-21,search
florian kenny,Kenny Florian,1976-05-26,enumeration
foster kenny,Kenny Foster,1985-06-16,search
garner kenny,Kenny Garner,1975-01-06,search
gaudreau kenny,Kenny Gaudreau,1987-08-30,search
hill kenny,Kenny Hill,1985-04-28,search
kenny licea,Kenny Licea,1987-10-22,search
kenny locsei,Kenny Locsei,1991-08-12,enumeration
kenny mokhonoana,Kenny Mokhonoana,1997-01-20,search
ii kenny porter,Kenny Porter II,1991-08-20,enumeration
kenny rivera,Kenny Rivera,1987-12-26,enumeration
kenny robertson,Kenny Robertson,1984-02-14,search
kensaku nakamura,Kensaku Nakamura,1983-10-26,search
kensuke nakamura,Kensuke Nakamura,1981-10-14,enumeration
kauppinen kent,Kent Kauppinen,1991-12-12,search
kent mafileo,Kent Mafileo,1987-04-02,search
kenta kubo,Kenta Kubo,1982-06-11,search
kenta sakuma,Kenta Sakuma,1987-03-03,search
kenta takagi,Kenta Takagi,1986-05-11,search
kenta takizawa,Kenta Takizawa,1994-11-16,search
kentaro maeda,Kentaro Maeda,1978-09-28,enumeration
kentaro watanabe,Kentaro Watanabe,1983-10-03,search
imai kento,Kento Imai,1999-08-10,search
kento mizutani,Kento Mizutani,1991-07-23,search
kento yamamoto,Kento Yamamoto,1994-03-04,search
da kenya miranda silva,Kenya Miranda da Silva,1988-04-05,enumeration
kenyon moore,Kenyon Moore,1994-03-15,enumeration
kenzo soares,Kenzo Soares,2001-08-23,enumeration
caldwell keon,Keon Caldwell,1989-11-16,enumeration
diggs keoni,Keoni Diggs,1986-11-19,search
keri taylormelendez,Keri Taylor-Melendez,1984-05-12,enumeration
engizek kerim,Kerim Engizek,1991-05-13,search
de kerisson leal rezende,Kerisson Leal de Rezende,1996-04-19,search
kenneson kerri,Kerri Kenneson,1986-09-17,search
isom kerry,Kerry Isom,1989-03-03,search
kerry lattimer,Kerry Lattimer,1985-03-20,search
kerry schall,Kerry Schall,1971-08-09,enumeration
kester mark,Kester Mark,1992-06-25,search
arbocius kestutis,Kestutis Arbocius,1974-11-28,enumeration
kethylen rothenburg,Kethylen Rothenburg,1996-08-10,enumeration
ketlen souza,Ketlen Souza,1994-08-18,search
ketlen vieira,Ketlen Vieira,1991-08-26,search
felipe kevem,Kevem Felipe,1994-04-28,enumeration
aguilar kevin,Kevin Aguilar,1988-09-07,search
barberena kevin,Kevin Barberena,1990-10-20,search
belingon kevin,Kevin Belingon,1987-10-30,search
boehm kevin,Kevin Boehm,1994-08-13,search
borjas kevin,Kevin Borjas,1997-12-06,search
brooks kevin,Kevin Brooks,1977-08-10,enumeration
brown jr kevin,Kevin Brown Jr.,1986-08-15,search
casey kevin,Kevin Casey,1981-06-15,enumeration
childs kevin,Kevin Childs,1994-09-23,enumeration
christian kevin,Kevin Christian,1995-01-21,search
chung kevin,Kevin Chung,1993-01-14,search
church kevin,Kevin Church,1988-03-03,enumeration
cordero kevin lopez,Kevin Cordero Lopez,1999-11-24,enumeration
croom kevin,Kevin Croom,1987-07-15,search
enz kevin,Kevin Enz,1998-11-28,search
fall kevin,Kevin Fall,1987-06-02,enumeration
ferguson kevin,Kevin Ferguson,1974-02-08,enumeration
ferguson jr kevin,Kevin Ferguson Jr.,1992-01-01,search
fernandez kevin,Kevin Fernandez,1999-09-09,search
genereux kevin,Kevin Genereux,1990-11-30,search
haley kevin,Kevin Haley,1982-08-24,search
henry kevin,Kevin Henry,1980-10-18,search
holland kevin,Kevin Holland,1992-11-05,search
jordan kevin,Kevin Jordan,1970-12-31,enumeration
jousset kevin,Kevin Jousset,1993-05-02,search
kevin lee,Kevin Lee,1992-09-04,search
kevin medinilla,Kevin Medinilla,1991-10-08,enumeration
kevin natividad,Kevin Natividad,1993-04-02,search
kevin pease,Kevin Pease,1997-10-03,search
kevin petshi,Kevin Petshi,1990-05-15,search
kevin powers,Kevin Powers,1985-04-23,enumeration
kevin randleman,Kevin Randleman,1971-08-10,search
kevin rosas,Kevin Rosas,2002-03-13,search
kevin schmidt,Kevin Schmidt,1990-08-30,search
kevin sears,Kevin Sears,1986-08-30,enumeration
kevin soza,Kevin Soza,1998-07-15,enumeration
kevin syler,Kevin Syler,1993-07-29,search
kevin szaflarski,Kevin Szaflarski,1994-12-30,search
kevin thompson,Kevin Thompson,1981-09-24,search
kevin treny,Kevin Treny,1992-06-10,enumeration
kevin troyer,Kevin Troyer,1980-09-16,enumeration
kevin vallejos,Kevin Vallejos,2001-12-08,search
kevin walker,Kevin Walker,1991-05-29,enumeration
jr kevin walker,Kevin Walker Jr.,1988-06-16,search
kevin wirth,Kevin Wirth,1987-06-15,search
kewei xu,Kewei Xu,1995-10-29,search
keweny lopes,Keweny Lopes,1995-07-26,search
jacques kewin rangel,Kewin Jacques Rangel,2000-08-17,search
keyes nelson,Keyes Nelson,1995-09-05,search
keyon wilkins,Keyon Wilkins,1990-06-29,enumeration
dawson keyth,Keyth Dawson,1992-10-02,search
dalini keyvan rezaei,Keyvan Rezaei Dalini,1996-11-28,enumeration
khabib nurmagomedov,Khabib Nurmagomedov,1988-09-20,search
azizov khabibullo,Khabibullo Azizov,2001-01-05,enumeration
dia khadim,Khadim Dia,1997-07-24,search
ibragimov khadis,Khadis Ibragimov,1995-05-21,search
bestaev khadzhi,Khadzhi Bestaev,1988-07-16,enumeration
khai wu,Khai Wu,1995-07-03,search
amr khaled,Khaled Amr,2003-07-26,search
khaled mahmoud,Khaled Mahmoud,2005-06-21,enumeration
khalid murtazaliev,Khalid Murtazaliev,1993-07-15,search
khalid taha,Khalid Taha,1992-02-15,search
jr khalil rountree,Khalil Rountree Jr.,1990-02-26,enumeration
khalim nazruloev,Khalim Nazruloev,1998-10-10,enumeration
khama worthy,Khama Worthy,1986-10-15,search
khamid sultanbiev,Khamid Sultanbiev,1991-01-01,search
abaev khamzat,Khamzat Abaev,1996-09-24,enumeration
chimaev khamzat,Khamzat Chimaev,1994-05-01,search
dalgiev khamzat,Khamzat Dalgiev,1991-07-06,enumeration
eshaqzai khan mohammad,Khan Mohammad Eshaqzai,1996-08-07,enumeration
khanyo maqam,Khanyo Maqam,1998-07-05,enumeration
khaos williams,Khaos Williams,1994-03-30,enumeration
atlangeriev kharun,Kharun Atlangeriev,1992-10-05,enumeration
askhabov khasan,Khasan Askhabov,1995-02-13,search
khasan magomedsharipov,Khasan Magomedsharipov,2000-10-06,search
abdulaev khasanbek,Khasanbek Abdulaev,1991-11-28,enumeration
khaya mackillop,Khaya MacKillop,2001-06-12,enumeration
khetag pliev,Khetag Pliev,1984-02-20,search
dima khim,Khim Dima,1991-02-11,enumeration
abdulaev khirzri,Khirzri Abdulaev,1997-07-17,enumeration
gracie khonry,Khonry Gracie,1997-04-23,search
da khristhian oliveira silva,Khristhian Da Silva Oliveira,1979-05-17,enumeration
kakhorov khurshed,Khurshed Kakhorov,1992-02-20,search
bozarboev khurshidbek,Khurshidbek Bozarboev,1996-02-04,enumeration
askhabov khusein,Khusein Askhabov,1995-02-13,search
abbasov kiamrian,Kiamrian Abbasov,1993-07-08,search
kian pham,Kian Pham,1979-12-12,enumeration
gordon kibedy,Kibedy Gordon,2000-01-16,search
crosbie kiefer,Kiefer Crosbie,1990-04-05,search
joblin kieran,Kieran Joblin,1988-09-19,search
kieran malone,Kieran Malone,1991-08-30,search
kiichi kunimoto,Kiichi Kunimoto,1981-05-01,search
ishikawa kikuyo,Kikuyo Ishikawa,1984-05-02,search
kil lee woo,Kil Woo Lee,1983-02-19,enumeration
killys mota,Killys Mota,1990-11-03,search
benzha kim,Kim Benzha,1988-05-29,enumeration
couture kim,Kim Couture,1975-12-18,enumeration
gu kim myung,Kim Myung Gu,1988-07-23,enumeration
kim tran,Kim Tran,1996-11-22,enumeration
alintozon kimbert,Kimbert Alintozon,1999-01-21,search
eto kimihiro,Kimihiro Eto,1988-12-19,search
kin moy,Kin Moy,1990-06-26,search
kinberly novaes tanaka,Kinberly Tanaka Novaes,1991-04-30,search
green king,King Green,1986-09-09,search
jendrasik kinga,Kinga Jendrasik,1996-07-31,search
crawford kingsley,Kingsley Crawford,1997-11-27,search
kiran mehra,Kiran Mehra,1991-03-22,enumeration
kiran singh,Kiran Singh,2000-07-25,search
gorobets kirill,Kirill Gorobets,1994-02-28,enumeration
grishenko kirill,Kirill Grishenko,1991-07-12,enumeration
karpekin kirill,Kirill Karpekin,2000-07-11,enumeration
kirill kornilov,Kirill Kornilov,1991-04-25,search
kirill medvedovski,Kirill Medvedovski,1992-11-14,enumeration
kirill sidelnikov,Kirill Sidelnikov,1988-08-17,search
kirill sukhomlinov,Kirill Sukhomlinov,1988-01-31,enumeration
kirill tropinin,Kirill Tropinin,1995-12-03,search
kirklyn sorrel,Kirklyn Sorrel,2000-09-21,enumeration
kirt patterson,Kirt Patterson,1976-12-10,enumeration
kiru sahota,Kiru Sahota,1995-05-28,search
khudoyerov kishvar,Kishvar Khudoyerov,1994-08-28,enumeration
cope kit,Kit Cope,1977-03-17,enumeration
campbell kitt,Kitt Campbell,1994-06-26,search
kiyonobu nishikata,Kiyonobu Nishikata,1984-10-23,search
kiyoshi kuwabara,Kiyoshi Kuwabara,1982-01-22,search
kiyoshi tamura,Kiyoshi Tamura,1969-12-17,search
akasaki kiyoshiro,Kiyoshiro Akasaki,1990-08-31,search
kiyotaka shimizu,Kiyotaka Shimizu,1984-03-14,search
kizaemon saiga,Kizaemon Saiga,1989-02-13,search
klaudia sygua,Klaudia Syguła,1998-12-30,enumeration
klaudio vecani,Klaudio Vecani,1991-12-20,enumeration
klayton mai,Klayton Mai,1986-11-30,search
erbst kleber koike,Kleber Koike Erbst,1989-10-16,search
kleber silva,Kleber Silva,1987-12-21,search
kleberson tavares,Kleberson Tavares,1985-02-18,search
kleovoulos loucaides,Kleovoulos Loucaides,1992-06-18,enumeration
cruz kleverson,Kleverson Cruz,1995-03-27,search
kleydson rodrigues,Kleydson Rodrigues,1995-10-22,search
abreu klidson,Klidson Abreu,1992-12-24,search
kody nordby,Kody Nordby,1993-02-20,search
kody steele,Kody Steele,1995-04-21,search
kody vogels,Kody Vogels,1993-10-28,search
koetsu okazaki,Koetsu Okazaki,1979-07-03,search
koha minowa,Koha Minowa,1999-07-24,search
kohei maeda,Kohei Maeda,1995-05-12,search
kohei sugiyama,Kohei Sugiyama,1995-11-21,search
kohei tokeshi,Kohei Tokeshi,1988-06-04,search
kohlman scribner,Kohlman Scribner,1996-02-02,search
ishizuka koichi,Koichi Ishizuka,1987-02-26,search
koichiro takekawa,Koichiro Takekawa,1985-12-12,enumeration
ando koji,Koji Ando,1985-03-09,search
kanda koji,Koji Kanda,1992-01-01,search
koji nakamura,Koji Nakamura,1985-08-26,search
koji oishi,Koji Oishi,1977-05-31,search
koji shikuwa,Koji Shikuwa,1991-08-02,search
koji takeda,Koji Takeda,1995-08-13,search
koken kusanobu,Koken Kusanobu,1994-11-06,search
hirasawa koki,Koki Hirasawa,1998-02-23,search
englund kolton,Kolton Englund,1993-07-09,search
kona oliveira,Kona Oliveira,1998-07-25,search
bakatukanda kongo,Kongo Bakatukanda,1991-03-18,enumeration
deh konmon,Konmon Deh,1984-11-22,search
dyrschka konrad,Konrad Dyrschka,1991-10-26,search
furmanek konrad,Konrad Furmanek,1994-11-01,enumeration
andreitsev konstantin,Konstantin Andreitsev,1994-06-10,search
erokhin konstantin,Konstantin Erokhin,1983-01-02,search
gluhov konstantin,Konstantin Gluhov,1980-01-17,enumeration
konstantin merkulov,Konstantin Merkulov,1995-05-20,enumeration
konstantin veselkin,Konstantin Veselkin,1994-09-16,enumeration
charisis konstantinos,Konstantinos Charisis,1998-05-08,enumeration
konstantinos leonidou,Konstantinos Leonidou,1988-03-27,search
konstantinos ntelis,Konstantinos Ntelis,2001-06-14,search
kordian waclaw,Kordian Waclaw,1999-05-13,enumeration
korey kuppe,Korey Kuppe,1989-01-23,search
korey sutcliffe,Korey Sutcliffe,1995-07-04,search
korey taylor,Korey Taylor,1994-08-13,search
kornel zapadka,Kornel Zapadka,1977-12-05,search
kory pena,Kory Pena,1989-05-10,enumeration
kosei kubota,Kosei Kubota,1977-08-11,search
koshi matsumoto,Koshi Matsumoto,1983-07-12,search
enev kostadin vasilev,Kostadin Vasilev Enev,1985-11-11,search
kosuke suzuki,Kosuke Suzuki,1984-10-22,search
kosuke terashima,Kosuke Terashima,1988-06-30,search
kawabata kota,Kota Kawabata,2000-03-06,search
kota okazawa,Kota Okazawa,1986-11-29,search
kota shimoishi,Kota Shimoishi,1987-06-26,enumeration
kota shirakawa,Kota Shirakawa,1993-05-31,search
boku kotetsu,Kotetsu Boku,1977-05-27,search
hirasawa kouki,Kouki Hirasawa,1998-02-23,enumeration
kouki nakagawa,Kouki Nakagawa,1996-10-10,search
kanda koya,Koya Kanda,1995-12-20,enumeration
koyomi matsushima,Koyomi Matsushima,1992-10-08,search
krasimir mladenov,Krasimir Mladenov,1986-04-11,enumeration
berberich kris,Kris Berberich,1997-05-28,search
hocum kris,Kris Hocum,1985-05-11,search
kris lee,Kris Lee,1985-12-05,enumeration
kris mccray,Kris McCray,1981-09-24,enumeration
kris moutinho,Kris Moutinho,1992-08-09,search
kris vereen,Kris Vereen,1989-06-14,search
krishna payasi,Krishna Payasi,1998-05-08,enumeration
kristi lopez,Kristi Lopez,1983-02-04,search
ivanukovich kristina,Kristina Ivanukovich,1998-05-08,enumeration
katsikis kristina,Kristina Katsikis,1990-12-14,search
kristina stepanyan,Kristina Stepanyan,1999-07-02,enumeration
kristina williams,Kristina Williams,1989-09-09,search
gratalo kristopher,Kristopher Gratalo,1991-03-24,search
krisztian simon,Krisztian Simon,1994-06-28,search
gracie kron,Kron Gracie,1988-07-11,search
kaszubowski krystian,Krystian Kaszubowski,1994-07-29,search
dobrzynski krzysztof,Krzysztof Dobrzynski,1995-07-11,search
jotko krzysztof,Krzysztof Jotko,1989-08-19,search
klaczek krzysztof,Krzysztof Klaczek,1989-05-05,search
krzysztof kulak,Krzysztof Kulak,1981-01-03,search
krzysztof soszynski,Krzysztof Soszynski,1977-08-22,enumeration
guseva kseniia,Kseniia Guseva,1994-01-20,search
kseniya lachkova,Kseniya Lachkova,1995-09-04,search
khamitov kuat,Kuat Khamitov,1988-02-22,search
gill kultar,Kultar Gill,1979-03-29,search
hironaka kuniyoshi,Kuniyoshi Hironaka,1976-06-17,search
khizriev kurban,Kurban Khizriev,1994-05-12,enumeration
kurban radzhabov,Kurban Radzhabov,1995-12-01,enumeration
holobaugh kurt,Kurt Holobaugh,1986-09-08,search
kinser kurt,Kurt Kinser,1988-01-11,enumeration
kurt pellegrino,Kurt Pellegrino,1979-05-07,search
kurt southern,Kurt Southern,1983-02-19,enumeration
kurt weinrich,Kurt Weinrich,1986-08-27,enumeration
campbell kurtis,Kurtis Campbell,2002-07-29,search
cloward kurtis,Kurtis Cloward,1985-08-13,search
ellis kurtis,Kurtis Ellis,1993-05-01,search
kushal vyas,Kushal Vyas,1992-07-27,search
ito kuya,Kuya Ito,1996-10-07,search
ho kwak kwan,Kwan Ho Kwak,1989-06-18,search
il kwon won,Kwon Won Il,1995-06-24,enumeration
bennett ky,Ky Bennett,1998-01-28,search
kyacey uscola,Kyacey Uscola,1981-10-07,search
kim kyeungpyo,KyeungPyo Kim,1992-01-29,enumeration
aguon kyle,Kyle Aguon,1989-04-14,search
baker kyle,Kyle Baker,1980-10-05,enumeration
bochniak kyle,Kyle Bochniak,1987-02-05,search
bradley kyle,Kyle Bradley,1982-08-19,search
broadwater kyle,Kyle Broadwater,1986-07-06,search
carver kyle,Kyle Carver,1989-03-26,search
causey kyle,Kyle Causey,1988-09-27,enumeration
crutchmer kyle,Kyle Crutchmer,1993-05-05,search
daukaus kyle,Kyle Daukaus,1993-02-27,search
driscoll kyle,Kyle Driscoll,1994-09-23,search
estrada kyle,Kyle Estrada,1990-08-13,search
gibbons kyle,Kyle Gibbons,1983-09-12,enumeration
keeney kyle,Kyle Keeney,1983-01-07,search
kingsbury kyle,Kyle Kingsbury,1982-03-22,enumeration
kurtz kyle,Kyle Kurtz,1990-08-05,search
kyle nelson,Kyle Nelson,1991-04-20,search
kyle noke,Kyle Noke,1980-03-18,search
kyle parton,Kyle Parton,1991-09-25,enumeration
kyle prepolec,Kyle Prepolec,1989-08-30,search
kyle pufahl,Kyle Pufahl,1999-08-24,search
kyle rozewski,Kyle Rozewski,1983-07-30,enumeration
kyle simpson,Kyle Simpson,1984-12-21,enumeration
kyle stewart,Kyle Stewart,1989-01-31,search
kyle todrank,Kyle Todrank,1996-08-13,search
kyle walker,Kyle Walker,1986-12-31,search
kyle watson,Kyle Watson,1979-08-09,enumeration
kyle wright,Kyle Wright,1995-11-16,search
kyle zimick,Kyle Zimick,1995-02-18,search
collins kyleb,Kyleb Collins,1991-02-09,enumeration
kyler phillips,Kyler Phillips,1995-06-12,search
kyles vang,Kyles Vang,1992-02-21,search
kylie ohearn,Kylie O'Hearn,1997-08-18,enumeration
kyna sisson,Kyna Sisson,1982-10-01,search
hagiwara kyohei,Kyohei Hagiwara,1995-12-28,search
kyohei wakimoto,Kyohei Wakimoto,1988-12-15,search
horiguchi kyoji,Kyoji Horiguchi,1990-10-12,search
kyoko takabayashi,Kyoko Takabayashi,1981-03-15,search
akimoto kyoma,Kyoma Akimoto,2006-03-08,search
kyosuke yokoyama,Kyosuke Yokoyama,1991-12-05,search
batara kyra,Kyra Batara,1994-09-04,search
bowen kyron,Kyron Bowen,1993-12-22,search
hwa kim kyu,Kyu Hwa Kim,1987-08-17,search
ho kang kyung,Kyung Ho Kang,1987-09-09,search
ho kyung park,Kyung Ho Park,1991-03-09,enumeration
kim kyusung,KyuSung Kim,1992-11-05,enumeration
davis lc,L.C. Davis,1980-10-28,search
hermreck lj,L.J. Hermreck,1989-09-06,search
lj torres,L.J. Torres,1989-06-15,search
lacey schuckman,Lacey Schuckman,1988-07-16,enumeration
jackson ladarious,Ladarious Jackson,1992-01-08,search
de laerte melo pedro,Laerte Pedro de Melo,1989-06-29,enumeration
laerte pichierri,Laerte Pichierri,1999-06-01,enumeration
blot laetitia,Laetitia Blot,1983-04-22,search
laid zerhouni,Laid Zerhouni,1995-09-20,search
bores laion,Laion Bores,1989-12-03,enumeration
anderson laird,Laird Anderson,1998-07-11,search
coimbra laisa,Laisa Coimbra,1992-01-20,search
etelaki lajos,Lajos Etelaki,1994-02-15,enumeration
davis lajuan,Lajuan Davis,1997-08-25,search
gee lake,Lake Gee,1995-10-01,enumeration
brown lamar,Lamar Brown,1988-10-15,search
gosey lamar,Lamar Gosey,1988-04-23,search
lamar reed,Lamar Reed,1989-02-10,search
lamont lister,Lamont Lister,1979-03-03,enumeration
benoist lance,Lance Benoist,1988-08-26,enumeration
bush lance,Lance Bush,1987-07-07,enumeration
gibson jr lance,Lance Gibson Jr.,1995-02-02,search
lance lawrence,Lance Lawrence,1993-06-26,search
lance lee,Lance Lee,1987-06-28,search
lance palmer,Lance Palmer,1988-02-07,search
lance peterson,Lance Peterson,1978-07-23,enumeration
lance wright,Lance Wright,1992-12-23,search
green lanchana,Lanchana Green,1989-06-25,search
lando vannata,Lando Vannata,1992-03-14,search
landon piercy,Landon Piercy,1983-07-27,enumeration
landon quinones,Landon Quinones,1995-11-21,search
landry ward,Landry Ward,1996-12-09,search
langston sykes,Langston Sykes,1993-04-20,enumeration
dardar lanny,Lanny Dardar,1987-06-30,search
lany silva,Lany Silva,2002-09-03,enumeration
abdul haris laode sofyan,Laode Abdul Haris Sofyan,1994-10-10,enumeration
lara procopio,Lara Procopio,1995-11-14,search
larissa pacheco,Larissa Pacheco,1994-09-07,search
dasch larkyn,Larkyn Dasch,1996-08-18,enumeration
crowe larry,Larry Crowe,1984-05-09,search
gonzales larry,Larry Gonzales,1995-03-29,search
greene larry,Larry Greene,1986-08-14,enumeration
larry ray,Larry Ray,1977-11-01,enumeration
burley larue,LaRue Burley,1984-04-25,enumeration
abramishvili lasha,Lasha Abramishvili,1991-03-11,search
furko laszlo,Laszlo Furko,1990-02-27,search
kiss laszlo,Laszlo Kiss,1992-11-30,enumeration
lathon lawson,Lathon Lawson,1993-08-19,search
latoya walker,Latoya Walker,1979-09-30,search
collick latra,Latra Collick,1988-10-29,search
balin laura,Laura Balin,1979-09-02,search
huizar laura,Laura Huizar,1994-11-15,search
laura salazar,Laura Salazar,1983-12-18,enumeration
laura sanchez,Laura Sanchez,1990-07-14,search
laureano staropoli,Laureano Staropoli,1993-02-27,search
barefoot lauren,Lauren Barefoot,1990-11-01,enumeration
lauren mueller,Lauren Mueller,1991-11-15,search
lauren murphy,Lauren Murphy,1983-07-27,search
lauren taylor,Lauren Taylor,1983-07-27,enumeration
lauren wolfe,Lauren Wolfe,1994-03-23,enumeration
laurynas urbonavicius,Laurynas Urbonavicius,1988-04-04,search
ayala lautaro,Lautaro Ayala,1991-01-29,search
johnson lavar,Lavar Johnson,1977-06-11,search
ione lavinia,Lavinia Ione,1993-03-18,enumeration
honorato lawanda,Lawanda Honorato,2001-05-29,search
khalil lawin mustafa,Lawin Khalil Mustafa,1984-12-25,enumeration
lawrence lui,Lawrence Lui,1996-08-04,search
lawson mcclure,Lawson McClure,1984-05-10,search
cerqueira layze,Layze Cerqueira,1996-08-22,search
lazar stojadinovic,Lazar Stojadinovic,1989-03-22,search
almea lazaro,Lazaro Almea,1983-06-08,enumeration
dayron lazaro,Lazaro Dayron,1992-07-25,search
lazaro perez,Lazaro Perez,1980-12-23,search
benziani lazreg,Lazreg Benziani,1995-10-01,enumeration
leville simpson,Le'Ville Simpson,1990-09-17,enumeration
bivins lea,Lea Bivins,2002-07-22,enumeration
leah letson,Leah Letson,1992-08-21,enumeration
leah mccourt,Leah McCourt,1992-06-21,search
ataides leandro,Leandro Ataides,1986-05-04,search
branco leandro,Leandro Branco,1984-12-01,enumeration
conceicao leandro soares,Leandro Conceicao Soares,1985-01-02,enumeration
da leandro pereira silva,Leandro da Silva Pereira,1998-09-26,search
de leandro mesquita silva,Leandro de Mesquita Silva,1999-10-19,enumeration
gomes leandro,Leandro Gomes,1991-01-14,search
higo leandro,Leandro Higo,1989-01-19,search
issa leandro,Leandro Issa,1983-09-19,search
leandro lima,Leandro Lima,1985-06-10,search
leandro livio,Leandro Livio,1984-05-28,enumeration
leandro mendes,Leandro Mendes,1975-04-18,enumeration
barreto jr leandro paes,Leandro Paes Barreto Jr.,1997-10-19,enumeration
leandro rodrigues,Leandro Rodrigues,1991-06-03,enumeration
leandro pontes rodrigues,Leandro Rodrigues Pontes,1987-08-08,search
leandro santos,Leandro Santos,1984-09-02,enumeration
da leandro santos silva,Leandro Santos da Silva,1996-06-06,search
leandro soares,Leandro Soares,1987-07-29,enumeration
leandro souza,Leandro Souza,1989-12-05,enumeration
leandro vasconcelos,Leandro Vasconcelos,1985-05-03,enumeration
batista heider ledson,Ledson Heider Batista,1982-03-20,search
chadwick lee,Lee Chadwick,1985-01-08,search
hammond lee,Lee Hammond,1996-03-10,search
hasdell lee,Lee Hasdell,1966-07-16,enumeration
henry lee lilly,Lee Henry Lilly,1984-03-08,search
king lee,Lee King,1976-08-14,enumeration
lee mein,Lee Mein,1967-05-26,enumeration
castro lee roy,Lee Roy Castro,1978-01-07,search
barnes leeroy,Leeroy Barnes,1984-06-08,search
legelamen,Legelamen,2002-12-25,enumeration
chen lei,Lei Chen,1969-12-31,enumeration
da do leidiane silva socorro,Leidiane do Socorro da Silva,1989-09-02,search
leigh mitchell,Leigh Mitchell,1997-01-30,search
leivon lewis,Leivon Lewis,1995-11-08,search
krusic lemmy,Lemmy Krusic,1989-05-04,search
lena ovchynnikova,Lena Ovchynnikova,1987-04-22,search
da lenno pinheiro rodrigo silva,Lenno Rodrigo Pinheiro da Silva,1998-05-07,search
lenny wheeler,Lenny Wheeler,1986-12-18,search
bercier leo,Leo Bercier,1981-04-27,search
kuntz leo,Leo Kuntz,1983-10-03,search
leo pla,Leo Pla,1982-05-05,search
leo valdivia,Leo Valdivia,1988-03-17,search
leo zulic,Leo Zulic,1986-06-05,search
aliu leon,Leon Aliu,1989-07-14,search
edwards leon,Leon Edwards,1991-08-25,search
leon shahbazyan,Leon Shahbazyan,1995-11-18,search
leon soares,Leon Soares,1993-09-23,enumeration
de deus leon soares,Leon Soares De Deus,1993-09-23,enumeration
leonal rojas,Leonal Rojas,1991-05-26,enumeration
delarmino leonard,Leonard Delarmino,1985-11-24,search
garcia leonard,Leonard Garcia,1979-07-14,search
leonard niculae,Leonard Niculae,1989-12-19,enumeration
leonard simpson,Leonard Simpson,1987-06-28,search
leonard williams,Leonard Williams,1986-12-30,enumeration
alves carvalho leonardo,Leonardo Alves Carvalho,1997-03-13,search
alves leonardo nascimento,Leonardo Alves Nascimento,1984-04-30,enumeration
argemiro correa leonardo vasconcelos,Leonardo Argemiro Vasconcelos Correa,1990-11-21,search
bezerra leonardo,Leonardo Bezerra,1992-06-26,enumeration
carmago leonardo,Leonardo Carmago,1994-11-27,enumeration
carvalho leonardo muller,Leonardo Carvalho Muller,1979-06-10,search
casotti leonardo,Leonardo Casotti,1992-03-07,search
dauria leonardo,Leonardo D'auria,1983-08-18,enumeration
daldegan leonardo,Leonardo Daldegan,1985-06-17,enumeration
damiani leonardo,Leonardo Damiani,1990-08-30,search
fraga leonardo,Leonardo Fraga,1997-06-13,search
da gabriel leonardo silva,Leonardo Gabriel da Silva,1998-10-10,enumeration
gosling leonardo,Leonardo Gosling,1983-03-22,enumeration
guimaraes leonardo,Leonardo Guimaraes,1982-04-15,search
ivo leonardo,Leonardo Ivo,1996-06-11,search
laiola leonardo,Leonardo Laiola,1980-04-10,search
leite leonardo,Leonardo Leite,1978-03-23,enumeration
leonardo mafra,Leonardo Mafra,1989-04-25,enumeration
leonardo mafra texeira,Leonardo Mafra Texeira,1989-04-25,search
leonardo melo,Leonardo Melo,1992-05-14,enumeration
leonardo morales,Leonardo Morales,1992-12-22,search
leonardo pecanha,Leonardo Pecanha,1982-07-15,search
leonardo ruiz,Leonardo Ruiz,1988-02-20,search
leonardo santos,Leonardo Santos,1980-02-05,enumeration
leonardo santos soares,Leonardo Santos Soares,1999-04-10,enumeration
de leonardo oliveira silva,Leonardo Silva De Oliveira,1992-04-23,enumeration
leonardo vasconcelos,Leonardo Vasconcelos,1990-11-21,enumeration
leonardo williams,Leonardo Williams,1992-09-24,enumeration
leonardo zecchi,Leonardo Zecchi,1979-12-07,search
leonardos sinis,Leonardos Sinis,1992-05-20,enumeration
goi leopold,Leopold Goi,1997-02-08,enumeration
lerone murphy,Lerone Murphy,1991-07-22,search
leroy martinez,LeRoy Martinez,1984-06-10,search
douglas lerryan,Lerryan Douglas,1995-04-27,search
hernandez leslie,Leslie Hernandez,1997-12-29,search
leslie rodriguez,Leslie Rodriguez,1994-08-07,enumeration
leslie smith,Leslie Smith,1982-08-17,search
krakowski leszek,Leszek Krakowski,1986-06-03,search
kulik leszek,Leszek Kulik,1989-06-03,search
baltazar leticia,Leticia Baltazar,1999-07-31,enumeration
ambarcumian lev,Lev Ambarcumian,1997-07-27,enumeration
chokheli levan,Levan Chokheli,1996-10-02,search
khabalaev levan,Levan Khabalaev,1999-03-10,search
kirtadze levan,Levan Kirtadze,1995-09-06,search
levan makashvili,Levan Makashvili,1989-01-07,search
batchelor levi,Levi Batchelor,2001-06-18,enumeration
levi mowles,Levi Mowles,1995-06-01,enumeration
jr levi rodrigues,Levi Rodrigues Jr.,1996-10-15,enumeration
levon maynard,LeVon Maynard,1983-07-23,enumeration
levy marroquin salazar saul,Levy Saul Marroquín Salazar,1995-08-25,enumeration
lew polley,Lew Polley,1981-08-27,enumeration
gonzales lewis,Lewis Gonzales,1987-09-19,enumeration
gonzalez lewis,Lewis Gonzalez,1987-09-19,search
lewis long,Lewis Long,1989-04-10,search
lewis mcgrillen,Lewis McGrillen,2000-10-24,enumeration
lhar ocampo,Lhar Ocampo,1998-08-21,enumeration
gen li,Li Gen,1987-11-15,enumeration
li miao tao,Li Tao Miao,1992-09-19,search
bin li wei,Li Wei Bin,1996-08-05,enumeration
li yunfeng,Li Yunfeng,1999-03-08,enumeration
anderson liam,Liam Anderson,1995-01-13,search
gallagher liam,Liam Gallagher,1997-06-21,enumeration
hamill liam,Liam Hamill,2001-10-19,search
james liam,Liam James,1984-06-11,search
liam mccracken,Liam McCracken,2001-07-09,search
liam mcgeary,Liam McGeary,1982-10-04,search
liam pantaleon,Liam Pantaleon,1997-12-05,search
liam stevenson,Liam Stevenson,1987-02-04,enumeration
jojua liana,Liana Jojua,1995-03-22,search
liana pirosin,Liana Pirosin,1993-03-27,enumeration
lianru shang,Lianru Shang,1998-01-09,enumeration
lige teng,LiGe Teng,1993-03-18,search
liliana martinez,Liliana Martinez,1993-10-12,enumeration
kazak liliya,Liliya Kazak,1990-01-19,search
liliya shakirova,Liliya Shakirova,1991-10-24,search
amineva lilya,Lilya Amineva,1996-01-03,enumeration
lansberg lina,Lina Lansberg,1982-03-13,search
amorim lincoln,Lincoln Amorim,1982-09-18,enumeration
barbosa lincoln,Lincoln Barbosa,1984-08-16,search
lincoln puig,Lincoln Puig,1995-01-02,search
lincon santos,Lincon Santos,1998-11-16,search
darrow linda,Linda Darrow,1990-02-05,enumeration
linda martell,Linda Martell,1997-01-18,enumeration
linda mihalec,Linda Mihalec,1982-08-17,search
garbatt lindsay,Lindsay Garbatt,1982-09-25,search
jones lindsey,Lindsey Jones,1994-07-25,search
lindsey vanzandt,Lindsey VanZandt,1993-08-06,search
linsey williams,Linsey Williams,1990-01-05,search
linton vassell,Linton Vassell,1983-06-03,search
abojer lionel,Lionel Abojer,1997-07-03,search
lanham lionel,Lionel Lanham,1980-08-31,enumeration
lionel padilla,Lionel Padilla,1985-09-21,enumeration
lionel young,Lionel Young,1984-03-21,search
lipeng zhang,Lipeng Zhang,1990-03-10,search
lirim rufati,Lirim Rufati,1988-02-15,search
liron wilson,Liron Wilson,1972-12-27,enumeration
ellis lisa,Lisa Ellis,1982-11-15,search
kyriacou lisa,Lisa Kyriacou,1993-11-17,search
lisa mauldin,Lisa Mauldin,1990-04-23,search
lisa verzosa,Lisa Verzosa,1995-10-17,enumeration
lissette neri,Lissette Neri,1987-08-05,search
adiwang lito,Lito Adiwang,1993-03-23,search
liudvik sholinian,Liudvik Sholinian,1990-01-20,search
livia plettenberg von,Livia von Plettenberg,1988-06-14,enumeration
livingston lukow,Livingston Lukow,1988-12-20,enumeration
livinha souza,Livinha Souza,1991-03-11,search
livio victoriano,Livio Victoriano,1991-04-15,search
butuc liviu,Liviu Butuc,1997-12-30,enumeration
carmouche liz,Liz Carmouche,1984-02-19,search
liz mccarthy,Liz McCarthy,1986-05-01,search
liz tracy,Liz Tracy,1988-06-10,search
gevers lizzy,Lizzy Gevers,1994-04-21,search
lloyd mckinney,Lloyd McKinney,1986-12-08,search
lloyd reyes,Lloyd Reyes,1987-04-08,search
lloyd thornton,Lloyd Thornton,1986-06-15,search
clark logan,Logan Clark,1985-02-12,enumeration
logan nail,Logan Nail,1989-06-20,search
logan neal,Logan Neal,1993-06-08,search
logan paxton,Logan Paxton,1995-08-04,search
logan storley,Logan Storley,1992-09-08,search
logan urban,Logan Urban,1994-04-22,search
logan woods,Logan Woods,1994-05-30,search
bahiense lohana,Lohana Bahiense,1993-07-25,enumeration
de loibe neto oliveira,Loibe De Oliveira Neto,1992-10-22,enumeration
loik radzhabov,Loik Radzhabov,1990-09-17,search
bamgbala lola,Lola Bamgbala,1972-06-29,search
espinoza loli,Loli Espinoza,2004-03-28,search
eskiev lomali,Lom-Ali Eskiev,1992-03-24,search
lomali nalgiev,Lom-Ali Nalgiev,1991-02-24,search
loma lookboonmee,Loma Lookboonmee,1996-01-18,enumeration
kavanagh loneer,Lone'er Kavanagh,1999-06-09,search
lonnie tull,Lonnie Tull,1983-08-29,enumeration
godinez loopy,Loopy Godínez,1993-09-06,enumeration
benjar loren,Loren Benjar,1991-04-27,enumeration
lorena quiroz,Lorena Quiroz,1996-09-10,enumeration
larkin lorenz,Lorenz Larkin,1986-09-03,search
borgomeo lorenzo,Lorenzo Borgomeo,1979-07-05,enumeration
hood lorenzo,Lorenzo Hood,1989-03-02,search
hunt lorenzo,Lorenzo Hunt,1982-09-09,search
lorenzo parente,Lorenzo Parente,2000-12-28,enumeration
lorenzo rodrigues,Lorenzo Rodrigues,1996-06-30,enumeration
lorette nordelo,Lorette Nordelo,1989-06-21,enumeration
esteves lorram,Lorram Esteves,1994-04-27,search
lorrany santos,Lorrany Santos,1997-07-18,search
keita losene,Losene Keita,1997-12-30,search
louie sanoudakis,Louie Sanoudakis,1989-07-05,enumeration
louie sutherland,Louie Sutherland,1994-02-08,search
cosce louis,Louis Cosce,1995-08-27,search
gaudinot louis,Louis Gaudinot,1984-08-28,search
glismann louis,Louis Glismann,1991-02-07,search
jourdain louis,Louis Jourdain,1997-03-13,search
lee louis scott,Louis Lee Scott,2000-02-26,search
louis smolka,Louis Smolka,1991-07-16,search
louis taylor,Louis Taylor,1979-05-12,search
loutina uriel,Loutina Uriel,1991-08-18,enumeration
loveth young,Loveth Young,1989-08-09,enumeration
lowen tynanes,Lowen Tynanes,1990-10-21,search
anderson luan prestes,Luan Anderson Prestes,2000-08-10,enumeration
chagas luan,Luan Chagas,1993-06-17,search
duarte luan,Luan Duarte,1992-08-30,search
lacerda luan,Luan Lacerda,1993-01-07,search
luan matheus,Luan Matheus,1994-12-19,search
luan mendes oliveira,Luan Mendes Oliveira,1991-12-26,enumeration
luan oliveira,Luan Oliveira,1993-03-24,enumeration
luan santiago,Luan Santiago,1994-10-19,search
carolina luana,Luana Carolina,1993-06-11,enumeration
luana pinheiro,Luana Pinheiro,1992-11-18,search
luana santos,Luana Santos,2000-04-16,enumeration
luann sardinha,Luann Sardinha,1996-09-26,enumeration
luc ngeleka,Luc Ngeleka,1990-02-16,search
borando luca,Luca Borando,2000-09-24,enumeration
dagnino luca,Luca Dagnino,1997-06-09,enumeration
iovine luca,Luca Iovine,1988-01-21,search
luca poclit,Luca Poclit,1989-09-21,search
luca puggioni,Luca Puggioni,1992-07-22,search
luca vitali,Luca Vitali,1992-04-30,search
aguiar lucas,Lucas Aguiar,1994-10-26,enumeration
alexander lucas,Lucas Alexander,1995-07-28,search
almeida lucas,Lucas Almeida,1991-01-31,enumeration
alsina lucas,Lucas Alsina,1986-01-15,search
ananias lucas,Lucas Ananias,1995-01-03,search
barbosa lucas,Lucas Barbosa,1992-02-13,enumeration
barros lucas oliveira,Lucas Barros Oliveira,1992-09-10,search
bento lucas,Lucas Bento,1998-09-30,search
brennan lucas,Lucas Brennan,2000-06-03,search
bush lucas,Lucas Bush,1982-12-28,enumeration
caio lucas,Lucas Caio,1990-06-08,search
caldas lucas,Lucas Caldas,1996-05-22,search
camacho lucas,Lucas Camacho,1992-12-15,enumeration
chavez lucas,Lucas Chavez,2002-04-14,enumeration
clay lucas,Lucas Clay,1995-11-08,search
corbage lucas,Lucas Corbage,1989-01-28,search
cruz lucas,Lucas Cruz,1992-12-16,search
carneiro da lucas silva,Lucas Da Silva Carneiro,1993-01-20,enumeration
eduardo lucas silva,Lucas Eduardo Silva,1993-09-10,enumeration
eurico lucas,Lucas Eurico,1995-12-16,enumeration
faria lucas,Lucas Faria,1993-11-22,enumeration
felipe lucas,Lucas Felipe,1995-01-13,search
fernando lucas,Lucas Fernando,1997-01-10,search
flavio henrique lucas,Lucas Flavio Henrique,1988-04-22,enumeration
ganin lucas,Lucas Ganin,1996-03-21,search
gwaltney lucas,Lucas Gwaltney,1985-11-30,search
kenner lucas,Lucas Kenner,1991-02-12,enumeration
lucas marte,Lucas Marte,1986-11-15,search
lucas martino,Lucas Martino,1994-05-21,search
lucas martins,Lucas Martins,1988-11-11,search
lucas mascena,Lucas Mascena,1992-01-02,search
lucas montoya,Lucas Montoya,1986-09-16,enumeration
lucas neufeld,Lucas Neufeld,1993-04-28,enumeration
lucas pimenta,Lucas Pimenta,1987-11-06,enumeration
lucas prestes,Lucas Prestes,1996-09-09,search
lucas queiroz,Lucas Queiroz,1995-02-27,enumeration
lucas ramos stelle,Lucas Ramos Stelle,2000-08-25,search
lucas rocha,Lucas Rocha,2000-08-12,search
lucas rodrigues,Lucas Rodrigues,1991-05-21,enumeration
lopes lucas rodrigues,Lucas Rodrigues Lopes,1996-12-27,search
lucas sampaio,Lucas Sampaio,1993-05-20,search
lucas sousa,Lucas Sousa,1995-03-11,enumeration
lucas tani,Lucas Tani,1983-06-02,enumeration
lucas tavares,Lucas Tavares,1994-09-14,enumeration
lucas tenorio,Lucas Tenorio,1996-09-09,search
lucas razalkiewicz vinicius,Lucas Vinicius Razalkiewicz,1994-05-04,enumeration
lucasz sudolski,Lucasz Sudolski,1993-06-15,enumeration
apedelgarin lucia,Lucia Apedelgarin,2004-03-22,enumeration
luciana santos,Luciana Santos,1985-04-19,enumeration
azevedo luciano,Luciano Azevedo,1981-06-25,search
benicio luciano,Luciano Benicio,1992-06-01,search
cesar faria luciano santos,Luciano Cesar Santos Faria,1983-02-28,enumeration
contini luciano,Luciano Contini,1982-12-16,search
dos luciano santos,Luciano Dos Santos,1982-12-13,search
ferreira luciano,Luciano Ferreira,1984-01-15,enumeration
luciano oliveira,Luciano Oliveira,1991-10-19,enumeration
luciano palhano,Luciano Palhano,1986-08-06,search
luciano pereira,Luciano Pereira,2001-01-09,search
luciano ramos,Luciano Ramos,1995-04-13,search
luciano sauba,Luciano Sauba,1993-01-09,enumeration
bertaud lucie,Lucie Bertaud,1985-03-03,search
lucie pudilova,Lucie Pudilova,1994-06-13,search
luciene sousa,Luciene Sousa,1995-04-29,enumeration
abreu lucio,Lucio Abreu,1989-11-05,search
linhares lucio,Lucio Linhares,1973-12-08,search
lucrezia ria,Lucrezia Ria,1992-06-24,search
klein ludovit,Ludovit Klein,1995-02-22,search
dapello luigi,Luigi Dapello,1993-10-15,search
fioravanti luigi,Luigi Fioravanti,1981-01-22,search
luigi vendramini,Luigi Vendramini,1996-01-16,enumeration
angel de la luis puente,Luis Angel de la Puente,1985-04-24,search
brito luis,Luis Brito,1974-11-25,enumeration
alves carlos luis,Luis Carlos Alves,1998-03-26,enumeration
brito carlos de luis,Luis Carlos de Brito,1995-02-14,enumeration
condenavarro luis,Luis Conde-Navarro,1994-01-28,search
cortez luis,Luis Cortez,1988-11-22,search
dutra jr luis,Luis Dutra Jr.,1982-05-06,enumeration
duvan luis rincon,Luis Duvan Rincon,1996-06-06,search
farias luis,Luis Farias,1996-02-28,enumeration
alvim felipe luis,Luis Felipe Alvim,1994-12-01,enumeration
dias felipe luis,Luis Felipe Dias,1995-01-17,search
fernando luis,Luis Fernando,1992-07-15,enumeration
fernando luis messa,Luis Fernando Messa,1981-06-21,enumeration
aguillon gerardo luis,Luis Gerardo Aguillon,1996-04-10,search
gomez luis,Luis Gomez,1995-01-28,enumeration
gonzalez luis,Luis Gonzalez,1992-03-26,enumeration
guerrero luis,Luis Guerrero,1988-07-10,search
guilherme luis schattschneider,Luis Guilherme Schattschneider,1992-07-10,enumeration
gurule luis,Luis Gurule,1993-11-16,search
carvalho gustavo luis,Luis Gustavo Carvalho,1995-01-19,enumeration
guzman luis,Luis Guzman,1996-03-28,search
henrique luis,Luis Henrique,1993-08-21,enumeration
da henrique luis silva,Luis Henrique da Silva,1989-07-13,enumeration
hernandez luis,Luis Hernandez,1996-08-22,search
iniguez luis,Luis Iniguez,1986-03-23,enumeration
luis marquez,Luis Marquez,1991-09-04,search
luis meraz,Luis Meraz,1994-03-19,search
luis nogueira,Luis Nogueira,1985-04-10,enumeration
luis pajuelo,Luis Pajuelo,1994-12-12,search
luis palomino,Luis Palomino,1980-10-09,search
luis pena,Luis Pena,1993-07-05,enumeration
luis peralta,Luis Peralta,1999-05-25,search
laurentino luis rafael,Luis Rafael Laurentino,1992-10-07,search
luis ramos,Luis Ramos,1981-01-18,enumeration
flores gallegos luis rey,Luis Rey Gallegos Flores,1987-06-24,enumeration
luis rodriguez,Luis Rodriguez,1997-11-10,enumeration
luis saldana,Luis Saldana,1991-01-27,search
luis santos,Luis Santos,1980-01-02,search
luis unzueta,Luis Unzueta,1997-11-26,enumeration
luis vargas,Luis Vargas,1991-09-16,search
luis vega,Luis Vega,1981-06-12,search
cifuentes luisa,Luisa Cifuentes,1991-04-12,enumeration
abdalla luiz,Luiz Abdalla,1992-12-04,enumeration
barbosa luiz,Luiz Barbosa,1998-01-25,enumeration
bruno de luiz oliveira santos,Luiz Bruno Santos de Oliveira,1988-10-05,enumeration
cado luiz,Luiz Cado,1992-11-28,search
cane luiz,Luiz Cane,1981-04-02,enumeration
alves carlos luiz,Luiz Carlos Alves,1976-03-14,enumeration
cesar da junior luiz silva,Luiz Cesar Da Silva Junior,1991-09-04,enumeration
dutra jr luiz,Luiz Dutra Jr.,1982-05-06,enumeration
eduardo luiz,Luiz Eduardo,2001-06-28,enumeration
fernandes luiz patrocinio souza,Luiz Fernandes Souza Patrocinio,1976-10-20,enumeration
filho luiz,Luiz Filho,1994-05-21,enumeration
firmino luiz,Luiz Firmino,1982-03-18,search
gavinho luiz,Luiz Gavinho,1983-10-20,enumeration
brito de ferreira guilherme luiz,Luiz Guilherme De Brito Ferreira,1987-05-08,enumeration
gustavo luiz,Luiz Gustavo,1996-05-25,search
augusto luiz tavares,Luiz Tavares Augusto,1986-04-19,enumeration
luiz tosta,Luiz Tosta,1980-08-03,enumeration
luiz romero victor,Luiz Victor Romero,1989-05-02,search
jelcic luka,Luka Jelcic,1989-06-17,search
luka strezoski,Luka Strezoski,1990-02-02,enumeration
cruz lukas,Lukas Cruz,2001-03-20,enumeration
lemarchand lukas,Lukas Lemarchand,1990-08-03,enumeration
lukas natan,Lukas Natan,1998-08-10,enumeration
bienkowski lukasz,Lukasz Bienkowski,1986-01-18,enumeration
brzeski lukasz,Lukasz Brzeski,1992-05-17,search
chlewicki lukasz,Lukasz Chlewicki,1979-01-24,search
dziudzia lukasz,Lukasz Dziudzia,1992-07-12,search
jurkowski lukasz,Lukasz Jurkowski,1981-03-08,search
kasniewski lukasz,Lukasz Kasniewski,1989-09-06,enumeration
klinger lukasz,Lukasz Klinger,1983-11-22,search
kopera lukasz,Lukasz Kopera,1988-11-19,search
lukasz lysoniewski,Lukasz Lysoniewski,1985-01-26,search
lukasz marcinkowski,Lukasz Marcinkowski,1989-06-18,enumeration
lukasz pilch,Lukasz Pilch,1986-10-24,enumeration
lukasz rajewski,Lukasz Rajewski,1989-05-26,search
lukasz sajewski,Lukasz Sajewski,1990-11-27,search
lukasz siwiec,Lukasz Siwiec,1991-10-09,search
lukasz stanek,Lukasz Stanek,1994-06-11,enumeration
ukasz ulinski,Łukasz Uliński,1988-08-25,enumeration
barnatt luke,Luke Barnatt,1988-04-13,search
caudillo luke,Luke Caudillo,1980-11-30,search
cummo luke,Luke Cummo,1980-04-27,enumeration
dally luke,Luke Dally,1996-06-25,enumeration
dyson luke,Luke Dyson,1992-11-06,enumeration
fernandez luke,Luke Fernandez,1995-06-29,search
harris luke,Luke Harris,1977-07-31,enumeration
hnevsa luke,Luke Hnevsa,1991-07-08,enumeration
jumeau luke,Luke Jumeau,1988-02-12,enumeration
luke noel,Luke Noel,1993-02-28,enumeration
luke riley,Luke Riley,1999-06-30,search
luke roberts,Luke Roberts,1992-11-12,search
luke rockhold,Luke Rockhold,1984-10-17,search
luke sanders,Luke Sanders,1985-12-12,search
luke shanks,Luke Shanks,1995-04-25,search
luke staley,Luke Staley,1997-10-07,enumeration
luke trainer,Luke Trainer,1996-02-27,search
luke zachrich,Luke Zachrich,1981-10-01,search
lumumba sayers,Lumumba Sayers,1978-06-30,enumeration
biko luthando,Luthando Biko,1989-11-23,search
lydell poag,Lydell Poag,1998-05-27,search
lydia warren,Lydia Warren,1996-06-20,search
beerbohm lyle,Lyle Beerbohm,1979-02-05,enumeration
good lyman,Lyman Good,1985-05-26,search
alvarez lynn,Lynn Alvarez,1985-09-06,enumeration
lyoto machida,Lyoto Machida,1978-05-30,search
lyudmyla pylppchak,Lyudmyla Pylppchak,1987-12-01,enumeration
lyudmyla pylypchak,Lyudmyla Pylypchak,1987-12-01,enumeration
lima mabelly,Mabelly Lima,1994-01-25,search
danzig mac,Mac Danzig,1980-01-02,enumeration
aragon macarena,Macarena Aragon,2002-06-16,search
fukuda machi,Machi Fukuda,2003-06-03,search
benkhettache macicilia,Macicilia Benkhettache,1988-07-11,enumeration
gierszewski maciej,Maciej Gierszewski,1988-07-31,search
jewtuszko maciej,Maciej Jewtuszko,1981-01-31,search
kalicinski maciej,Maciej Kalicinski,1995-07-31,enumeration
kazieczko maciej,Maciej Kazieczko,1993-06-22,search
kierzkowski maciej,Maciej Kierzkowski,1995-05-05,enumeration
maciej rozanski,Maciej Rozanski,1989-05-06,search
maciej sosnowski,Maciej Sosnowski,1984-04-10,search
mackens semerzier,Mackens Semerzier,1980-11-03,search
dern mackenzie,Mackenzie Dern,1993-03-24,search
mackenzie stiller,Mackenzie Stiller,1999-07-15,search
lee mackson,Mackson Lee,1999-01-06,enumeration
chiasson macy,Macy Chiasson,1991-07-27,search
madalin pirvulescu,Madalin Pirvulescu,1995-05-15,search
fleminas madars,Madars Fleminas,1988-04-15,enumeration
maddie meacham,Maddie Meacham,1995-12-08,search
burnell mads,Mads Burnell,1994-03-06,search
goodwin maegan,Maegan Goodwin,1992-03-08,enumeration
loska magdalena,Magdalena Loska,1989-05-11,enumeration
magdalena sormova,Magdalena Sormova,1989-04-04,search
gasanzade magerram,Magerram Gasanzade,1996-06-01,search
alves magno,Magno Alves,1989-08-29,search
dias magno,Magno Dias,1995-11-30,search
inacio magno,Magno Inacio,1984-01-21,enumeration
cedenblad magnus,Magnus Cedenblad,1982-04-10,search
conrado magnus,Magnus Conrado,1995-03-17,enumeration
iversen magnus,Magnus Iversen,1985-06-29,enumeration
ankalaev magomed,Magomed Ankalaev,1992-06-02,search
bayduev magomed,Magomed Bayduev,2001-07-27,enumeration
bibulatov magomed,Magomed Bibulatov,1988-08-22,search
gadzhiyasulov magomed,Magomed Gadzhiyasulov,1993-11-04,search
idrisov magomed,Magomed Idrisov,1993-09-18,enumeration
kabardiev magomed,Magomed Kabardiev,1995-05-13,search
khalibekov magomed,Magomed Khalibekov,1994-01-26,enumeration
magomed magomedkerimov,Magomed Magomedkerimov,1990-01-10,search
magomed mustafaev,Magomed Mustafaev,1988-08-02,enumeration
magomed saadulaev,Magomed Saadulaev,1984-04-15,enumeration
magomed sultanakhmedov,Magomed Sultanakhmedov,1984-05-11,search
magomed tuchalov,Magomed Tuchalov,1999-12-30,search
magomed umalatov,Magomed Umalatov,1992-04-03,search
magomed zaynukov,Magomed Zaynukov,1995-01-02,search
agaev magomedbag,Magomedbag Agaev,1985-03-19,search
khasaev magomedmurad,Magomedmurad Khasaev,1997-04-04,search
gasanov magomedrasul,Magomedrasul Gasanov,1994-11-23,search
khasbulaev magomedrasul,Magomedrasul Khasbulaev,1986-10-23,enumeration
magomedrasul omarov,Magomedrasul Omarov,1990-06-04,enumeration
berchel maguy,Maguy Berchel,1989-08-05,search
aly mahamed,Mahamed Aly,1994-01-11,search
ahmadov maharram,Maharram Ahmadov,1999-03-25,enumeration
garcia mahatma,Mahatma Garcia,1989-04-28,enumeration
maheshate,Maheshate,1999-12-01,search
faour mahmod,Mahmod Faour,1992-03-06,enumeration
ahmed mahmoud,Mahmoud Ahmed,1995-06-13,enumeration
atef mahmoud,Mahmoud Atef,1994-02-09,search
fawaz mahmoud,Mahmoud Fawaz,1994-05-05,search
fawzy mahmoud sebie,Mahmoud Fawzy Sebie,1992-06-20,search
mahmoud mohamed,Mahmoud Mohamed,1994-09-17,enumeration
afia mahmoud mohamed,Mahmoud Mohamed Afia,1994-09-17,enumeration
mahmoud ramadan reda,Mahmoud Reda Ramadan,1997-06-11,enumeration
mahmoud salama,Mahmoud Salama,1977-03-03,search
ichii mai,Mai Ichii,1980-03-21,enumeration
maia stevenson,Maia Stevenson,1982-03-19,search
amanajas dos maiara santos,Maiara Amanajas dos Santos,1987-07-11,search
machado maico,Maico Machado,1991-08-08,search
anderson duarte maicon,Maicon Anderson Duarte,1987-11-11,enumeration
costa da maicon silva,Maicon Costa Da Silva,1983-12-29,enumeration
douglas maicon,Maicon Douglas,1992-06-01,enumeration
kobayashi maicon,Maicon Kobayashi,1989-06-26,search
grassi maicon ribeiro,Maicon Ribeiro Grassi,1996-05-11,enumeration
maicon theophilo,Maicon Theophilo,1985-09-23,search
maiju suotama,Maiju Suotama,1988-02-24,search
ferrante maik,Maik Ferrante,1991-10-08,enumeration
maik wegner,Maik Wegner,1979-08-14,enumeration
maika samson,Maika Samson,2000-01-21,search
linhares maike,Maike Linhares,1993-08-19,enumeration
azevedo mailton,Mailton Azevedo,1995-05-11,search
maimaiti tuohati,Maimaiti Tuohati,1991-03-18,enumeration
keremuaili maimaitituoheti,Maimaitituoheti Keremuaili,1991-03-18,enumeration
falcao maiquel,Maiquel Falcao,1981-03-08,search
mairbek taisumov,Mairbek Taisumov,1988-08-08,search
mairon santos,Mairon Santos,2000-06-10,search
majid moridani sedigh,Majid Sedigh Moridani,1979-09-21,enumeration
makeshate sailike,Makeshate Sailike,1996-02-21,enumeration
karginov makharbek,Makharbek Karginov,1992-06-19,enumeration
aliev makhir,Makhir Aliev,1992-08-17,enumeration
akhmadalieva makhliyo,Makhliyo Akhmadalieva,2002-04-16,enumeration
makhmud muradov,Makhmud Muradov,1990-02-08,search
maki pitolo,Maki Pitolo,1990-11-24,search
cooper makoa,Makoa Cooper,2000-09-30,search
kamaya makoto,Makoto Kamaya,1983-08-19,search
kawawa makoto,Makoto Kawawa,1976-07-11,search
maeda makoto,Makoto Maeda,1977-09-23,search
makoto takimoto,Makoto Takimoto,1974-08-12,enumeration
maksim sischuk,Maksim Sischuk,1999-08-24,enumeration
maksym soroka,Maksym Soroka,1987-02-28,search
amirkhani makwan,Makwan Amirkhani,1988-11-08,search
gordon malcolm,Malcolm Gordon,1990-05-19,search
hill malcolm,Malcolm Hill,1980-09-16,search
malcolm smith,Malcolm Smith,1990-12-14,enumeration
malcolm wellmaker,Malcolm Wellmaker,1994-06-04,search
mahmoud malek,Malek Mahmoud,1994-03-27,search
edwards malichi,Malichi Edwards,1999-01-20,enumeration
malick sylla,Malick Sylla,1983-08-28,search
abdullabekov malik,Malik Abdullabekov,1997-05-04,enumeration
basahel malik,Malik Basahel,2001-11-15,enumeration
lewis malik,Malik Lewis,1996-03-04,search
malik sylla,Malik Sylla,1983-08-28,enumeration
mallory martin,Mallory Martin,1994-01-29,search
gueye mamadou,Mamadou Gueye,1992-10-24,search
khalidov mamed,Mamed Khalidov,1980-07-17,search
mamoru uoi,Mamoru Uoi,1985-06-15,search
mamoru yamaguchi,Mamoru Yamaguchi,1977-05-29,search
mamuka ovakimyan,Mamuka Ovakimyan,1989-08-22,enumeration
mana martinez,Mana Martinez,1996-03-25,search
lemaire manatua,Manatua Lemaire,1993-02-14,search
mandel nallo,Mandel Nallo,1989-07-26,search
gutierrez mando,Mando Gutierrez,1997-02-24,search
bohm mandy,Mandy Bohm,1989-07-30,search
mandy polk,Mandy Polk,1985-01-28,search
kape manel,Manel Kape,1993-11-14,search
bermudez manny,Manny Bermudez,1994-07-16,search
flores manny,Manny Flores,1985-08-22,search
manny morales,Manny Morales,1998-03-26,search
manny muro,Manny Muro,1986-11-30,enumeration
manny vazquez,Manny Vazquez,1993-11-19,search
fernandes jr manoel neto,Manoel Fernandes Neto Jr.,1989-11-15,search
conti henrique manoel,Manoel Henrique Conti,1984-01-09,search
manoel rodrigues,Manoel Rodrigues,1993-02-20,search
manoel silva,Manoel Silva,1995-01-19,enumeration
manoel sousa,Manoel Sousa,1997-06-04,search
manolo scianna,Manolo Scianna,1988-08-21,search
manolo zecchini,Manolo Zecchini,1996-10-22,search
fiorot manon,Manon Fiorot,1990-02-17,search
khera mansher,Mansher Khera,1992-04-15,search
barnaoui mansour,Mansour Barnaoui,1992-09-20,search
abdulmalik mansur,Mansur Abdul-Malik,1997-10-07,search
khatuev mansur,Mansur Khatuev,1995-09-22,search
kondratavicius mantas,Mantas Kondratavicius,1999-07-17,search
bilic manuel,Manuel Bilic,1994-03-17,search
correa manuel,Manuel Correa,1981-08-21,enumeration
de la manuel torre,Manuel De La Torre,1996-03-10,enumeration
exposito manuel,Manuel Exposito,2000-05-09,search
garcia manuel,Manuel Garcia,1990-10-12,enumeration
gaxhja manuel,Manuel Gaxhja,1997-07-23,enumeration
manuel mena,Manuel Mena,1988-04-06,search
manuel meraz,Manuel Meraz,1978-06-18,search
manuel milito,Manuel Milito,1996-10-19,enumeration
manuel rodriguez,Manuel Rodriguez,1985-04-25,search
manuel torres,Manuel Torres,1995-03-25,enumeration
gamburyan manvel,Manvel Gamburyan,1981-05-08,enumeration
borella mara romero,Mara Romero Borella,1986-06-03,search
eslam marabet mohamed,Marabet Mohamed Eslam,1994-09-06,enumeration
aliaskhabov marat,Marat Aliaskhabov,1990-01-05,search
balaev marat,Marat Balaev,1976-01-01,enumeration
gafurov marat,Marat Gafurov,1984-11-21,search
magomedov marat,Marat Magomedov,1990-06-16,enumeration
bockenheimer marc,Marc Bockenheimer,1989-09-19,search
diakiese marc,Marc Diakiese,1993-03-16,search
hummel marc,Marc Hummel,1989-07-27,search
marc mcdonald,Marc McDonald,1992-11-30,search
marc stevens,Marc Stevens,1985-05-28,search
barriault marcandre,Marc-Andre Barriault,1990-02-18,search
lewis marcari,Marc-Ari Lewis,1989-08-12,enumeration
adur marcel,Marcel Adur,1991-12-17,search
fortuna marcel,Marcel Fortuna,1985-10-22,search
grabinski marcel,Marcel Grabinski,1991-09-09,enumeration
marcel mccain,Marcel McCain,1995-01-25,enumeration
marcel stamps,Marcel Stamps,1985-04-12,search
marcela silva,Marcela Silva,2002-02-04,enumeration
carvalho marcelino,Marcelino Carvalho,1994-05-10,search
cavalcante marcelino,Marcelino Cavalcante,1982-03-01,search
marcelino silva,Marcelino Silva,1991-08-24,enumeration
alfaya marcelo,Marcelo Alfaya,1978-12-19,search
boldrini marcelo,Marcelo Boldrini,1989-05-30,enumeration
brito marcelo,Marcelo Brito,1977-11-27,search
bustos marcelo,Marcelo Bustos,1990-09-12,search
dantas jr marcelo,Marcelo Dantas Jr.,1991-09-06,enumeration
donald marcelo pereira,Marcelo Donald Pereira,1979-03-14,enumeration
golm marcelo,Marcelo Golm,1992-09-15,search
gomes marcelo,Marcelo Gomes,1999-02-21,enumeration
guarilha marcelo,Marcelo Guarilha,1992-08-06,search
guimaraes marcelo,Marcelo Guimaraes,1983-06-25,enumeration
lamego marcelo silva,Marcelo Lamego Silva,1986-04-01,search
conceicao da luiz marcelo,Marcelo Luiz da Conceicao,1983-10-23,enumeration
marcelo nunes,Marcelo Nunes,1988-12-24,search
marcelo reges,Marcelo Reges,1999-09-21,enumeration
marcelo reyes,Marcelo Reyes,1999-10-03,search
marcelo piazza rodrigues santos,Marcelo Rodrigues Piazza Santos,1985-04-04,search
marcelo rojo,Marcelo Rojo,1988-07-02,search
marcelo romero,Marcelo Romero,1992-10-10,search
marcelo tomaz,Marcelo Tomaz,1985-11-25,enumeration
alves marciane rabelo,Marciane Alves Rabelo,1988-02-09,enumeration
ferreira marciano,Marciano Ferreira,1993-06-04,search
allen marciea,Marciea Allen,1981-11-19,search
bandel marcin,Marcin Bandel,1989-10-10,search
held marcin,Marcin Held,1992-01-18,search
jablonski marcin,Marcin Jablonski,1992-07-06,enumeration
krakowiak marcin,Marcin Krakowiak,1993-05-17,search
lasota marcin,Marcin Lasota,1989-10-11,search
azarz marcin,Marcin Łazarz,1983-01-29,enumeration
marcin pionke,Marcin Pionke,1987-05-07,enumeration
marcin prachnio,Marcin Prachnio,1988-07-14,search
marcin rozalski,Marcin Rozalski,1978-07-29,enumeration
marcin tybura,Marcin Tybura,1985-11-09,search
marcin wojcik,Marcin Wojcik,1989-09-02,search
marcin wrzosek,Marcin Wrzosek,1987-10-14,search
marcin zembala,Marcin Zembala,1995-12-13,search
marcin zontek,Marcin Zontek,1979-08-23,enumeration
alexandre jr marcio,Marcio Alexandre Jr.,1989-05-03,search
andrade marcio,Marcio Andrade,1988-07-08,search
barbosa marcio,Marcio Barbosa,1998-05-22,enumeration
borges marcio,Marcio Borges,1981-08-24,enumeration
breno marcio,Marcio Breno,1988-09-19,enumeration
cabral marcio,Marcio Cabral,1994-01-22,enumeration
candido da marcio silva,Marcio Candido da Silva,1994-06-26,enumeration
cruz marcio,Marcio Cruz,1978-04-24,enumeration
fragata marcio,Marcio Fragata,1981-01-13,enumeration
castanheira henrique marcio,Marcio Henrique Castanheira,1988-09-02,search
marcio moraes viana,Marcio Moraes Viana,1984-08-27,enumeration
marcio pereira,Marcio Pereira,1986-07-28,enumeration
marcio santos,Marcio Santos,1989-02-14,enumeration
marcio telles,Marcio Telles,1985-02-08,enumeration
marcio valerio,Marcio Valerio,1998-09-05,search
marcio velaminho,Marcio Velaminho,1988-07-08,enumeration
alves marcirley,Marcirley Alves,1999-07-22,search
antonio da marco silva,Marco Antonio Da Silva,1999-01-31,enumeration
antonio elpidio marco,Marco Antonio Elpidio,1993-05-23,enumeration
beltran marco,Marco Beltran,1986-05-18,search
berta marco,Marco Berta,1991-05-21,enumeration
grzincich marco,Marco Grzincich,1977-09-29,enumeration
knoebel marco,Marco Knoebel,1983-08-08,search
lopez marco simmons,Marco Lopez Simmons,1992-12-30,search
marco pardo,Marco Pardo,1985-09-23,enumeration
marco polo reyes,Marco Polo Reyes,1990-06-11,search
marco saccaro,Marco Saccaro,1992-08-30,search
marco tulio,Marco Tulio,1994-06-13,search
bastos marcondes,Marcondes Bastos,1994-05-31,search
dos marconi santos silva,Marconi Dos Santos Silva,1983-09-07,enumeration
anatoly marcos,Marcos Anatoly,1991-12-19,enumeration
antonio marcos,Marcos Antonio,1993-06-19,enumeration
antonio marcos santana,Marcos Antonio Santana,1981-06-25,search
atila marcos,Marcos Atila,1990-10-09,enumeration
beristain marcos,Marcos Beristain,1991-09-23,enumeration
bonilla marcos,Marcos Bonilla,1985-07-17,search
breno marcos,Marcos Breno,1997-09-26,search
brigagao marcos,Marcos Brigagao,1996-04-01,search
briones marcos,Marcos Briones,1988-12-15,enumeration
almeida bruno de marcos oliveira,Marcos Bruno Almeida de Oliveira,1993-05-19,enumeration
conrado jr marcos,Marcos Conrado Jr.,1982-03-14,search
da marcos matta,Marcos da Matta,1973-03-18,enumeration
degli marcos,Marcos Degli,2000-05-13,search
dos marcos santos,Marcos dos Santos,1990-01-09,enumeration
dos marcos santos silva,Marcos dos Santos Silva,1983-09-07,enumeration
galvao marcos,Marcos Galvao,1981-06-23,search
da jose marcos silva,Marcos Jose da Silva,1981-10-31,search
lopez marcos,Marcos Lopez,1993-06-29,search
marcos mariano,Marcos Mariano,1986-09-30,search
marcos rodrigues,Marcos Rodrigues,1987-06-23,enumeration
de lima marcos rogerio,Marcos Rogerio de Lima,1985-06-25,search
marcos silva,Marcos Silva,1984-09-05,enumeration
do marcos nascimento silva,Marcos Silva do Nascimento,1997-03-08,search
costa marcos silva vinicius,Marcos Vinicius Costa Silva,1979-12-03,search
dos marcos santos vinicius,Marcos Vinicius dos Santos,1997-03-22,enumeration
marcos schmitz vinicius,Marcos Vinicius Schmitz,1990-11-21,search
marcos souza yoshio,Marcos Yoshio Souza,1984-12-05,enumeration
andrusia marcus,Marcus Andrusia,1984-10-30,search
aurelio marcus,Marcus Aurelio,1973-08-18,search
brimage marcus,Marcus Brimage,1985-04-06,search
buchecha marcus,Marcus Buchecha,1990-01-08,enumeration
crawford marcus,Marcus Crawford,1989-10-04,enumeration
davis marcus,Marcus Davis,1973-08-24,search
edwards marcus,Marcus Edwards,1989-04-26,search
enache marcus,Marcus Enache,1975-10-16,enumeration
gaines marcus,Marcus Gaines,1986-03-30,search
gamble marcus,Marcus Gamble,1988-06-18,search
hicks marcus,Marcus Hicks,1975-11-25,enumeration
levesseur marcus,Marcus Levesseur,1983-07-17,search
levester marcus,Marcus Levester,1991-09-27,search
lewis marcus,Marcus Lewis,1993-09-01,enumeration
marcus maulding,Marcus Maulding,1989-10-11,search
marcus mcghee,Marcus McGhee,1990-05-07,search
marcus penland,Marcus Penland,1986-08-01,search
costa da marcus rodrigues,Marcus Rodrigues da Costa,1988-08-15,search
marcus sims,Marcus Sims,1995-09-13,search
marcus surin,Marcus Surin,1981-05-27,search
marcus sursa,Marcus Sursa,1982-09-13,search
marcus vanttinen,Marcus Vanttinen,1987-07-23,enumeration
conceicao da marcus vinicius,Marcus Vinicius Da Conceicao,1996-02-11,enumeration
lopes marcus vinicius,Marcus Vinicius Lopes,1983-01-03,search
bujlo marek,Marek Bujlo,1993-10-10,search
marek mazuch,Marek Mazuch,1996-01-19,search
marek samociuk,Marek Samociuk,1996-07-15,search
andaverde maria,Maria Andaverde,1982-02-22,search
colonna maria,Maria Colonna,1981-04-09,enumeration
djukic maria,Maria Djukic,1994-02-26,search
elisabete maria tavares,Maria Elisabete Tavares,1981-09-27,enumeration
guedez jr maria,Maria Guedez Jr.,1989-04-26,enumeration
henderson maria,Maria Henderson,1992-06-20,enumeration
favela jose maria,Maria Jose Favela,1993-02-13,enumeration
de farias luciana maria santos,Maria Luciana Santos de Farias,1985-04-19,search
luiza maria,Maria Luiza,1999-09-05,enumeration
maria oliveira,Maria Oliveira,1996-12-12,search
maria ribeiro,Maria Ribeiro,1992-12-05,search
maria rios,Maria Rios,1983-05-31,search
maria silva,Maria Silva,1995-12-19,enumeration
colonna maria vittoria,Maria Vittoria Colonna,1981-04-09,search
mariah reed,Mariah Reed,1987-10-27,enumeration
marian ziokowski,Marian Ziółkowski,1990-07-17,enumeration
mariana morais,Mariana Morais,1995-05-03,search
mariana piccolo,Mariana Piccolo,2002-11-22,enumeration
mariane mariano,Mariane Mariano,1988-09-09,search
kheyfets marianna,Marianna Kheyfets,1985-06-22,enumeration
loiseau marie,Marie Loiseau,1980-07-03,search
marif piraev,Marif Piraev,1993-01-03,search
marija torlakovic,Marija Torlakovic,1998-05-12,enumeration
marilia morais,Marilia Morais,1988-11-14,enumeration
marilia santos,Marilia Santos,1992-12-10,search
marilyn micallef,Marilyn Micallef,1995-08-23,enumeration
marina merchuk,Marina Merchuk,1996-01-28,search
marina mokhnatkina,Marina Mokhnatkina,1988-05-12,search
marina rodriguez,Marina Rodriguez,1987-04-29,search
marina shafir,Marina Shafir,1988-04-14,enumeration
marina spasic,Marina Spasic,1994-07-11,search
da marinho moreira rocha,Marinho Moreira da Rocha,1982-12-24,enumeration
eatman marino,Marino Eatman,1986-04-24,search
bautista mario,Mario Bautista,1993-07-01,search
costa da jr mario,Mario da Costa Jr.,1990-05-18,enumeration
dengg mario,Mario Dengg,1988-03-01,enumeration
francisco guerreiro mario,Mario Francisco Guerreiro,1978-11-22,enumeration
barreto de henrique mario oliveira,Mario Henrique Barreto De Oliveira,1988-02-10,enumeration
israel mario,Mario Israel,1984-03-27,search
mancillas mario,Mario Mancillas,1992-04-22,enumeration
mario mingaj,Mario Mingaj,1998-10-28,search
mario miranda,Mario Miranda,1978-09-21,search
mario munoz,Mario Munoz,1977-11-25,search
mario navarro,Mario Navarro,1983-05-03,search
mario nelson,Mario Nelson,1985-02-15,search
mario pereira,Mario Pereira,1989-07-22,enumeration
mario piazzon,Mario Piazzon,1998-04-06,search
mario pinto,Mario Pinto,1998-03-14,search
mario saeed,Mario Saeed,1990-09-01,search
mario sismundo,Mario Sismundo,1979-03-26,search
mario sousa,Mário Sousa,1996-10-20,enumeration
mario wittmann,Mario Wittmann,1985-08-07,enumeration
marion reneau,Marion Reneau,1977-06-20,search
marisa messerbelenchia,Marisa Messer-Belenchia,1991-11-13,search
alves do maristela nascimento,Maristela Alves do Nascimento,1992-01-14,enumeration
maritza sanchez,Maritza Sanchez,1998-01-21,search
marius panin,Marius Panin,1987-07-22,enumeration
marius zaromskis,Marius Zaromskis,1980-07-30,search
abramiuk mariusz,Mariusz Abramiuk,1988-08-28,enumeration
ksiazkiewicz mariusz,Mariusz Ksiazkiewicz,1989-10-04,search
mariusz pioskowik,Mariusz Pioskowik,1983-08-17,enumeration
mariusz pudzianowski,Mariusz Pudzianowski,1977-02-07,search
mariusz radziszewski,Mariusz Radziszewski,1984-02-10,enumeration
agapova mariya,Mariya Agapova,1997-04-07,search
mariya suzuki,Mariya Suzuki,1994-10-04,search
barragan marjorie,Marjorie Barragan,1992-05-12,enumeration
abelardo mark,Mark Abelardo,1991-10-18,search
bocek mark,Mark Bocek,1981-10-24,search
choinski mark,Mark Choinski,1995-10-22,search
climaco mark,Mark Climaco,1997-11-06,search
coates mark,Mark Coates,1995-07-21,search
coleman mark,Mark Coleman,1964-12-20,search
currier mark,Mark Currier,1997-03-30,search
de la mark rosa,Mark De La Rosa,1994-08-31,search
delarosa mark,Mark Delarosa,1994-08-31,enumeration
dickman mark,Mark Dickman,1984-07-19,search
drummond mark,Mark Drummond,1985-12-11,search
eddiva mark,Mark Eddiva,1986-02-16,enumeration
ellis mark,Mark Ellis,1986-09-02,enumeration
frisk mark,Mark Frisk,1987-05-02,enumeration
godbeer mark,Mark Godbeer,1983-11-22,search
gordon mark,Mark Gordon,1998-06-27,enumeration
grey mark,Mark Grey,1993-02-16,search
holata mark,Mark Holata,1982-08-25,enumeration
hominick mark,Mark Hominick,1982-07-22,search
honneger mark,Mark Honneger,1988-08-07,enumeration
hulme mark,Mark Hulme,1994-10-22,search
hunt mark,Mark Hunt,1974-03-23,enumeration
kerr mark,Mark Kerr,1968-12-21,enumeration
kolker mark,Mark Kolker,1992-10-17,search
krumrine mark,Mark Krumrine,1986-06-09,enumeration
lemminger mark,Mark Lemminger,1993-05-02,search
mark martin,Mark Martin,1993-09-10,enumeration
mark munoz,Mark Munoz,1978-02-09,search
mark neville,Mark Neville,1988-07-07,search
madsen mark o,Mark O. Madsen,1984-09-23,search
mark serkez,Mark Serkez,1981-05-25,enumeration
mark slyter,Mark Slyter,1991-06-15,search
mark smolinski,Mark Smolinski,1976-06-28,enumeration
mark stoddard,Mark Stoddard,1983-11-28,search
mark striegl,Mark Striegl,1988-06-23,search
mark trader,Mark Trader,1987-05-21,search
mark vologdin,Mark Vologdin,2000-04-18,search
mark weir,Mark Weir,1967-09-19,enumeration
bojkovic marko,Marko Bojkovic,2001-09-02,search
burusic marko,Marko Burusic,1993-01-29,search
gucu marko,Marko Gucu,1995-02-25,enumeration
huusansaari marko,Marko Huusansaari,1979-08-03,enumeration
kisic marko,Marko Kisic,1992-10-20,search
kovacevic marko,Marko Kovacevic,1990-04-08,search
marko petkovic,Marko Petkovic,1989-12-25,enumeration
marko radakovic,Marko Radakovic,1990-01-17,search
cuk markus,Markus Cuk,1994-12-29,enumeration
di gallo markus,Markus Di Gallo,1978-07-27,enumeration
markus perez,Markus Perez,1988-06-22,search
markus wagner,Markus Wagner,1984-01-09,enumeration
magee marlen,Marlen Magee,1980-10-02,search
coenen marloes,Marloes Coenen,1981-03-31,search
basilio marlon,Marlon Basilio,1997-07-26,search
cardoso dos marlon santos,Marlon Cardoso dos Santos,1992-07-30,enumeration
dos marlon santos,Marlon dos Santos,1991-01-12,enumeration
gonzales marlon,Marlon Gonzales,1992-01-19,enumeration
jones marlon,Marlon Jones,2001-06-06,enumeration
marlon matias,Marlon Matias,1981-04-04,enumeration
marlon moraes,Marlon Moraes,1988-04-26,search
marlon sandro,Marlon Sandro,1977-03-08,search
marlon vera,Marlon Vera,1992-12-02,search
mann marnic,Marnic Mann,1993-03-05,search
maro perak,Maro Perak,1982-09-23,search
marquel mederos,MarQuel Mederos,1996-11-30,search
fulwoodjones marquell,Marquell Fulwood-Jones,1995-09-01,search
johnson marquis,Marquis Johnson,1992-01-01,search
marquis smith,Marquis Smith,1995-12-12,search
marquise moody,Marquise Moody,1993-12-10,enumeration
kalaga marral,Marral Kalaga,1994-01-30,enumeration
kemp marshal,Marshal Kemp,1998-05-29,enumeration
amigo marta,Marta Amigo,1980-02-17,enumeration
carini marta,Marta Carini,1988-06-19,enumeration
hamlet marthin,Marthin Hamlet,1992-01-17,search
avetisyan martin,Martin Avetisyan,1992-03-31,enumeration
batur martin,Martin Batur,1991-12-21,search
bravo martin,Martin Bravo,1993-09-21,search
brown martin,Martin Brown,1984-08-17,search
buday martin,Martin Buday,1991-11-11,search
buschkamp martin,Martin Buschkamp,1991-01-06,enumeration
davila martin,Martin Davila,1985-12-19,search
day martin,Martin Day,1988-11-10,search
afana fouda martin,Martin Fouda Afana,1981-01-17,enumeration
gonzalez martin,Martin Gonzalez,1992-06-15,search
kalucz martin,Martin Kalucz,1992-10-18,search
kampmann martin,Martin Kampmann,1982-04-17,enumeration
kozak martin,Martin Kozák,2002-07-09,enumeration
martin nguyen,Martin Nguyen,1989-03-05,search
martin rafael,Martin Rafael,1994-05-25,search
martin sano,Martin Sano,1991-05-30,search
martin stapleton,Martin Stapleton,1983-05-09,search
martin svensson,Martin Svensson,1985-04-25,enumeration
martin thompson,Martin Thompson,1985-03-31,enumeration
martin walker,Martin Walker,1978-09-15,enumeration
martin wojcik,Martin Wojcik,1978-05-06,enumeration
martin zawada,Martin Zawada,1983-09-26,search
gemrani martina,Martina Gemrani,1996-12-03,enumeration
jindrova martina,Martina Jindrova,1991-01-26,search
grigoryan martiros,Martiros Grigoryan,1984-01-24,search
martun mezhlumyan,Martun Mezhlumyan,1993-04-20,search
coughran marty,Marty Coughran,1994-05-17,enumeration
marty navis,Marty Navis,1994-08-31,search
marty vancil,Marty Vancil,1989-01-16,enumeration
belecciu marvin,Marvin Belecciu,1997-07-11,enumeration
blumer marvin,Marvin Blumer,1982-02-18,search
eastman marvin,Marvin Eastman,1971-07-16,search
marvin skipper,Marvin Skipper,1982-03-18,enumeration
marvin vettori,Marvin Vettori,1993-09-20,search
marwan rahiki,Marwan Rahiki,2002-05-10,search
buna jane mary,Mary Jane Buna,1999-07-10,search
falah maryam,Maryam Falah,1994-03-30,enumeration
maryna moroz,Maryna Moroz,1991-09-08,search
masaaki sugawara,Masaaki Sugawara,1979-07-06,search
hiraoka masahide,Masahide Hiraoka,1992-12-25,search
masakatsu ueda,Masakatsu Ueda,1977-12-21,search
imanari masakazu,Masakazu Imanari,1976-02-10,search
masakazu takafuji,Masakazu Takafuji,1984-10-12,enumeration
masako yoshida,Masako Yoshida,1983-02-27,search
kanehara masanori,Masanori Kanehara,1982-11-18,search
kato masanori,Masanori Kato,1998-05-02,search
masaomi saito,Masaomi Saito,1983-11-24,search
masashi nishimura,Masashi Nishimura,1987-09-16,enumeration
masashi yozen,Masashi Yozen,1980-04-10,enumeration
kobayashi masato,Masato Kobayashi,1983-09-01,search
masato nakamura,Masato Nakamura,1997-03-03,search
masato sannai,Masato Sannai,1982-05-11,search
kobayashi masatoshi,Masatoshi Kobayashi,1978-02-21,enumeration
masatoshi ueda,Masatoshi Ueda,1987-09-19,search
doi masaya,Masaya Doi,1976-06-23,search
ishizuka masaya,Masaya Ishizuka,1993-09-24,search
masaya oshiro,Masaya Oshiro,1991-05-25,search
masaya takita,Masaya Takita,1973-02-03,search
kato masayoshi,Masayoshi Kato,1984-02-29,search
kikuiri masayuki,Masayuki Kikuiri,1995-06-30,search
masayuki watanabe,Masayuki Watanabe,1990-01-26,search
mashrabjon ruziboev,Mashrabjon Ruziboev,1996-02-16,search
fullen masio,Masio Fullen,1986-10-06,search
jones mason,Mason Jones,1995-04-26,search
masoud safari,Masoud Safari,1993-01-19,search
massimiliano sammarco,Massimiliano Sammarco,1990-04-08,enumeration
massimo salvatore,Massimo Salvatore,1982-11-12,enumeration
masumi tozawa,Masumi Tozawa,1977-09-25,search
kawana masuto,Masuto Kawana,1995-01-30,search
kertesz mate,Mate Kertesz,1992-10-17,search
mate sanikidze,Mate Sanikidze,1998-11-19,search
kuznik matej,Matej Kuznik,1995-08-25,search
matej mordacik,Matej Mordacik,1998-05-16,enumeration
matej penaz,Matej Penaz,1996-10-14,search
gonzalez mateo,Mateo Gonzalez,1987-12-31,search
mateo vogel,Mateo Vogel,1996-03-05,enumeration
brauns mateus,Mateus Brauns,1994-05-26,search
linhares mateus,Mateus Linhares,1996-04-27,search
mateus mendonca,Mateus Mendonca,1999-01-17,search
cruz da mateus nascimento nery,Mateus Nascimento Nery da Cruz,1991-07-19,search
gloria mateus rodrigues,Mateus Rodrigues Gloria,1992-12-05,enumeration
mateus santos,Mateus Santos,1994-12-10,enumeration
gamrot mateusz,Mateusz Gamrot,1990-12-11,search
gluch mateusz,Mateusz Gluch,1987-05-27,search
kubiszyn mateusz,Mateusz Kubiszyn,1991-07-18,enumeration
legierski mateusz,Mateusz Legierski,1996-07-23,search
mateusz piorkowski,Mateusz Piorkowski,1991-04-18,enumeration
mateusz piskorz,Mateusz Piskorz,1992-05-25,search
mateusz rebecki,Mateusz Rebecki,1992-11-03,search
mateusz strzelczyk,Mateusz Strzelczyk,1991-02-26,search
mateusz zawadzki,Mateusz Zawadzki,1990-05-07,search
camilo matheus,Matheus Camilo,2001-01-02,search
correa matheus,Matheus Correa,1998-06-12,enumeration
da luiz matheus silva,Matheus da Silva Luiz,1995-03-08,enumeration
da matheus severino silva,Matheus da Silva Severino,1997-07-04,enumeration
almeida de matheus,Matheus de Almeida,2000-11-08,enumeration
lima matheus,Matheus Lima,1998-10-30,enumeration
malta matheus,Matheus Malta,1995-09-16,search
matheus mattos,Matheus Mattos,1992-06-06,search
matheus nicolau,Matheus Nicolau,1993-01-06,enumeration
matheus pereira,Matheus Pereira,1996-08-08,enumeration
matheus scheffel,Matheus Scheffel,1992-11-04,search
matheus silva,Matheus Silva,1995-05-11,enumeration
mathias poiron,Mathias Poiron,1996-06-15,search
chaumont mathieu,Mathieu Chaumont,1995-01-02,enumeration
grondin mathieu,Mathieu Grondin,1989-11-19,enumeration
gauna matias,Matias Gauna,2004-01-07,enumeration
ibanez matias,Matias Ibanez,1994-05-04,search
jara matias,Matias Jara,2000-08-15,enumeration
juarez matias,Matias Juarez,1985-10-09,search
campi matias sosa,Matias Sosa Campi,1983-10-23,search
matias vasquez,Matias Vasquez,1987-07-28,search
blazicevic matija,Matija Blazicevic,1988-02-01,search
matiss zaharovs,Matiss Zaharovs,1997-12-13,search
mats nilsson,Mats Nilsson,1983-12-05,enumeration
adams matt,Matt Adams,1997-09-07,search
almy matt,Matt Almy,1988-09-27,search
anderson matt,Matt Anderson,1988-07-02,enumeration
arroyo matt,Matt Arroyo,1982-01-09,enumeration
baker matt,Matt Baker,1984-06-18,enumeration
bessette matt,Matt Bessette,1984-12-28,search
betzold matt,Matt Betzold,1984-01-01,search
bonner matt,Matt Bonner,1990-12-26,enumeration
denning matt,Matt Denning,1990-04-02,search
dimarcantonio matt,Matt DiMarcantonio,1990-01-26,search
dixon matt,Matt Dixon,1995-10-09,search
dwyer matt,Matt Dwyer,1989-12-17,search
ferraiolo matt,Matt Ferraiolo,1987-12-17,enumeration
foster matt,Matt Foster,1984-12-25,search
frevola matt,Matt Frevola,1990-06-11,search
friesen matt,Matt Friesen,1984-09-19,enumeration
gaffney matt,Matt Gaffney,1990-01-22,search
george matt,Matt George,1990-03-14,search
grice matt,Matt Grice,1981-07-29,enumeration
hamill matt,Matt Hamill,1976-10-05,search
hicks matt,Matt Hicks,1989-08-28,search
hobar matt,Matt Hobar,1987-01-07,search
horwich matt,Matt Horwich,1978-02-10,search
hughes matt,Matt Hughes,1973-10-13,enumeration
johnson matt,Matt Johnson,1982-07-24,enumeration
kovacs matt,Matt Kovacs,1981-05-09,enumeration
krayco matt,Matt Krayco,1991-04-10,enumeration
lee matt,Matt Lee,1971-07-09,enumeration
lindland matt,Matt Lindland,1970-05-17,search
macgrath matt,Matt MacGrath,1980-01-08,enumeration
matt mazurek,Matt Mazurek,1984-01-24,search
matt mckeon,Matt McKeon,1986-12-17,search
matt messer,Matt Messer,1983-11-26,search
matt metts,Matt Metts,1988-11-17,enumeration
matt mitrione,Matt Mitrione,1978-07-15,search
matt montalvo,Matt Montalvo,1986-02-13,enumeration
matt mooney,Matt Mooney,1993-10-11,enumeration
matt murphy,Matt Murphy,1992-07-28,enumeration
matt probin,Matt Probin,1991-02-22,search
matt ricehouse,Matt Ricehouse,1987-03-11,enumeration
matt sayles,Matt Sayles,1994-02-21,search
matt schnell,Matt Schnell,1990-01-15,search
matt serra,Matt Serra,1974-06-02,enumeration
matt shaw,Matt Shaw,1977-07-16,enumeration
matt smith,Matt Smith,1991-04-17,enumeration
matt turnbull,Matt Turnbull,1994-11-05,search
matt vaile,Matt Vaile,1991-05-25,search
buren matt van,Matt Van Buren,1986-06-12,search
matt wagy,Matt Wagy,1992-02-16,search
matt wiman,Matt Wiman,1983-09-19,search
capaccioli matteo,Matteo Capaccioli,1996-07-07,search
ceglia matteo,Matteo Ceglia,1995-02-06,search
collazo matteo,Matteo Collazo,1979-02-23,enumeration
matteo piran,Matteo Piran,1979-04-11,enumeration
lahdesmaki matteus,Matteus Lahdesmaki,1987-04-27,search
baccus matthew,Matthew Baccus,1983-08-31,enumeration
byfield matthew,Matthew Byfield,1992-06-29,search
colquhoun matthew,Matthew Colquhoun,1993-11-24,search
comer matthew,Matthew Comer,1987-09-12,search
elliott matthew,Matthew Elliott,1996-07-11,enumeration
lopez matthew,Matthew Lopez,1987-01-21,search
lozano matthew,Matthew Lozano,1988-10-29,search
matthew mckinney,Matthew McKinney,1987-06-29,enumeration
matthew paul,Matthew Paul,1989-11-04,search
matthew perry,Matthew Perry,1988-06-29,search
matthew riddle,Matthew Riddle,1986-01-14,enumeration
matthew semelsberger,Matthew Semelsberger,1992-11-23,search
matthew skibicki,Matthew Skibicki,1994-08-05,enumeration
matthew strickland,Matthew Strickland,1983-02-11,enumeration
freyschuss matthias,Matthias Freyschuss,1988-06-10,enumeration
duclos letho matthieu,Matthieu Letho Duclos,1995-04-04,search
makela matti,Matti Makela,1983-12-29,enumeration
bartolucci mattia,Mattia Bartolucci,1990-07-27,search
mattia schiavolin,Mattia Schiavolin,1984-10-08,search
iann matty,Matty Iann,2000-10-26,enumeration
djikasa matunga,Matunga Djikasa,1986-03-09,enumeration
domingos dos matusalem santos,Matusalem dos Santos Domingos,1997-12-19,enumeration
acantilado maui,Maui Acantilado,1992-06-02,search
abevi maurice,Maurice Abevi,1999-09-21,search
greene maurice,Maurice Greene,1986-07-05,search
maurice mitchell,Maurice Mitchell,1987-06-29,search
maurice morris,Maurice Morris,1991-06-15,search
maurice smith,Maurice Smith,1961-12-13,enumeration
almeida mauricio,Mauricio Almeida,1997-11-24,search
alonso mauricio,Mauricio Alonso,1980-02-27,search
alves bahuan mauricio,Mauricio Bahuan Alves,1991-10-31,enumeration
blanco mauricio,Mauricio Blanco,1988-07-26,search
boni cogo mauricio queiroz,Mauricio Boni Cogo Queiroz,1997-06-20,search
diaz mauricio,Mauricio Diaz,1989-12-06,search
donoso mauricio,Mauricio Donoso,1986-06-27,enumeration
eguiluz mauricio,Mauricio Eguiluz,1993-08-20,search
gomez mauricio,Mauricio Gomez,1996-07-13,enumeration
gomez mauricio oquendo,Mauricio Gomez Oquendo,1988-03-01,enumeration
machado mauricio,Mauricio Machado,1987-12-28,search
mauricio otalora,Mauricio Otalora,1982-05-02,search
mauricio rua,Mauricio Rua,1981-11-25,search
mauricio ruffy,Mauricio Ruffy,1996-06-17,search
cerilli mauro,Mauro Cerilli,1983-03-22,search
chaulet mauro,Mauro Chaulet,1988-09-14,enumeration
chimento jr mauro,Mauro Chimento Jr.,1981-07-20,enumeration
mastromarini mauro,Mauro Mastromarini,1998-08-13,search
coga max,Max Coga,1989-06-24,search
fernandez max,Max Fernandez,1984-07-21,enumeration
gimenis max,Max Gimenis,1993-04-14,enumeration
griffin max,Max Griffin,1985-11-29,search
holloway max,Max Holloway,1991-12-04,search
holzer max,Max Holzer,2002-01-02,search
humphrey max,Max Humphrey,1988-10-23,search
leali max,Max Leali,1995-04-26,search
lima max,Max Lima,1991-05-15,search
max mcneely,Max McNeely,1991-09-11,search
max metzgar,Max Metzgar,1997-03-03,search
max mustaki,Max Mustaki,1987-11-07,search
max nunes,Max Nunes,1989-02-22,search
max rohskopf,Max Rohskopf,1994-09-27,search
da fonseca max silva,Max Silva Da Fonseca,1987-08-02,enumeration
max souza,Max Souza,1997-09-11,enumeration
butorin maxim,Maxim Butorin,1997-05-19,search
divnich maxim,Maxim Divnich,1988-11-07,search
grishin maxim,Maxim Grishin,1984-05-02,search
konovalov maxim,Maxim Konovalov,1992-10-02,search
maxim mikhteev,Maxim Mikhteev,1993-11-19,enumeration
maxim navrazhniy,Maxim Navrazhniy,1996-08-01,enumeration
maxim pashkov,Maxim Pashkov,1991-05-05,search
maxim pugachev,Maxim Pugachev,1993-01-11,search
maxim samoylov,Maxim Samoylov,1997-07-11,enumeration
maxim shimchenko,Maxim Shimchenko,1993-10-14,enumeration
maxim shvets,Maxim Shvets,1993-09-05,search
ayikoue maximkolbe,Maxim-Kolbe Ayikoue,1993-08-14,enumeration
maxime vanelstraete,Maxime Vanelstraete,1991-12-20,search
maximiliano ortiz,Maximiliano Ortiz,1987-05-12,search
maximiliano perez,Maximiliano Perez,1988-06-03,search
blanco maximo,Maximo Blanco,1983-10-16,search
djantou maxwell nana,Maxwell Djantou Nana,1991-01-19,search
maya stewart,Maya Stewart,1994-02-18,enumeration
kellem mayana,Mayana Kellem,1981-07-07,enumeration
mayara thays,Mayara Thays,1993-04-14,search
barber maycee,Maycee Barber,1998-05-18,search
maycon mendonca,Maycon Mendonca,1992-07-12,search
maycon silvan,Maycon Silvan,1992-06-30,search
mayk mendes,Mayk Mendes,1993-02-20,enumeration
komori mayo,Mayo Komori,1991-11-01,search
bueno mayra silva,Mayra Bueno Silva,1991-08-22,search
cantuaria mayra,Mayra Cantuaria,1988-12-22,search
mayton perea,Mayton Perea,2000-08-18,enumeration
aoki mayumi,Mayumi Aoki,1979-10-11,enumeration
mckenna mitchell,Mckenna Mitchell,1999-01-26,search
medet zhumamurat,Medet Zhumamurat,1996-12-28,enumeration
mefi monterroso,Mefi Monterroso,1989-07-05,enumeration
anderson megan,Megan Anderson,1990-02-11,search
cawley megan,Megan Cawley,1992-11-24,search
fujii megumi,Megumi Fujii,1974-04-26,search
megumi sugimoto,Megumi Sugimoto,1990-06-23,search
baghdad mehdi,Mehdi Baghdad,1985-04-13,search
baydulaev mehdi,Mehdi Baydulaev,1996-01-01,search
dakaev mehdi,Mehdi Dakaev,1995-09-10,search
mehdi saremi,Mehdi Saremi,1999-03-28,enumeration
mehemmedeli osmanli,Mehemmedeli Osmanli,2004-08-05,enumeration
mei yamaguchi,Mei Yamaguchi,1983-02-03,search
meijy portela,Meijy Portela,1991-03-26,search
fabian melinda,Melinda Fabian,1987-06-25,search
amaya melissa,Melissa Amaya,1994-11-27,search
balic melissa,Melissa Balic,1997-07-18,enumeration
croden melissa,Melissa Croden,1991-04-12,search
gatto melissa,Melissa Gatto,1996-05-02,search
gomez melissa,Melissa Gomez,1991-08-16,search
karagianis melissa,Melissa Karagianis,1987-12-29,enumeration
martinez melissa,Melissa Martinez,1997-08-18,search
melissa mullins,Melissa Mullins,1991-07-23,search
melissa parker,Melissa Parker,1986-10-20,enumeration
karagianis melissa sophia,Melissa Sophia Karagianis,1987-12-29,enumeration
mellissa wang,Mellissa Wang,1984-09-02,enumeration
geugjes mellony,Mellony Geugjes,1992-07-26,search
costa melquizael,Melquizael Costa,1996-09-14,search
baghdasaryan melsik,Melsik Baghdasaryan,1992-01-28,search
blumer melvin,Melvin Blumer,1982-02-18,search
guillard melvin,Melvin Guillard,1983-03-30,search
jordan melvin,Melvin Jordan,1975-10-05,search
manhoef melvin,Melvin Manhoef,1976-05-11,search
melvin suijdam van,Melvin van Suijdam,1983-11-18,search
figueroa melvis,Melvis Figueroa,1981-12-18,search
ding meng,Meng Ding,1994-09-27,search
dvalishvili merab,Merab Dvalishvili,1991-01-10,search
mert oezyildirim,Mert Oezyildirim,1993-11-01,enumeration
grawe mia,Mia Grawe,2000-11-17,search
ding miao,Miao Ding,1992-09-01,search
micaela rampage,Micaela Rampage,1994-10-14,search
abreulaybon micah,Micah Abreu-Laybon,1989-05-04,search
brakefield micah,Micah Brakefield,1988-09-01,enumeration
micah miller,Micah Miller,1987-02-14,search
micah peatrowsky,Micah Peatrowsky,1988-11-26,search
micah terrill,Micah Terrill,1984-01-20,search
micaias urena,Micaias Urena,1995-03-01,search
anderson michael,Michael Anderson,1993-07-08,enumeration
arrant michael,Michael Arrant,1987-07-08,enumeration
aswell michael,Michael Aswell,2000-09-27,search
bisping michael,Michael Bisping,1979-02-28,enumeration
bowman michael,Michael Bowman,1985-04-13,search
boylan michael,Michael Boylan,2001-03-31,search
chandler michael,Michael Chandler,1986-04-24,search
chiesa michael,Michael Chiesa,1987-12-07,search
cockerham michael,Michael Cockerham,1989-10-01,enumeration
cora michael,Michael Cora,1989-08-24,search
cyr michael,Michael Cyr,1995-04-22,enumeration
davis michael,Michael Davis,1987-02-03,enumeration
deiga michael scheck,Michael Deiga Scheck,1985-12-13,search
dillard michael,Michael Dillard,1983-06-28,enumeration
diorio michael,Michael DiOrio,1989-04-24,search
do douglas felipe michael nascimento,Michael Douglas Felipe do Nascimento,1992-06-01,enumeration
dubois michael,Michael Dubois,1993-05-02,search
dufort michael,Michael Dufort,1994-01-09,search
elshamy michael,Michael Elshamy,1987-07-19,enumeration
garcia michael,Michael Garcia,1994-02-08,search
goufaspiper michael,Michael Goufas-Piper,1997-02-27,enumeration
graves michael,Michael Graves,1991-01-08,enumeration
hall michael,Michael Hall,1991-12-08,enumeration
hansen michael,Michael Hansen,1985-07-21,search
hay michael,Michael Hay,1993-04-17,enumeration
hill michael,Michael Hill,1987-05-27,enumeration
imperato michael,Michael Imperato,1989-09-01,search
irizarry michael,Michael Irizarry,1992-05-15,search
jackson michael,Michael Jackson,1990-02-26,search
johnson michael,Michael Johnson,1986-06-04,search
johnson jr michael,Michael Johnson Jr.,1992-05-14,search
joiner michael,Michael Joiner,1986-08-07,enumeration
kuiper michael,Michael Kuiper,1989-06-07,enumeration
lilly michael,Michael Lilly,1989-03-25,search
lombardo michael,Michael Lombardo,1990-04-03,search
mannu michael,Michael Mannu,1996-10-08,enumeration
martinez michael,Michael Martinez,1985-12-01,enumeration
mcbride michael,Michael McBride,1986-03-09,enumeration
mcdaniel michael,Michael McDaniel,1968-11-15,enumeration
michael morales,Michael Morales,1999-06-24,search
michael oleary,Michael O'Leary,1992-11-23,enumeration
michael oliveira,Michael Oliveira,1998-01-21,search
michael pagani,Michael Pagani,1998-11-19,search
michael page,Michael Page,1987-04-07,search
michael parker,Michael Parker,1979-11-20,search
michael peltier,Michael Peltier,1990-10-09,enumeration
michael peynaud,Michael Peynaud,1986-04-28,enumeration
michael quintero,Michael Quintero,1976-02-25,search
michael reali,Michael Reali,1993-06-12,search
michael reyes,Michael Reyes,1992-03-20,search
michael rirsch,Michael Rirsch,1986-04-05,search
michael russell,Michael Russell,1986-11-14,enumeration
michael santos,Michael Santos,1991-04-16,search
michael stack,Michael Stack,1994-09-06,search
michael tchamou,Michael Tchamou,1991-04-10,search
michael tobin,Michael Tobin,1992-09-02,search
michael trizano,Michael Trizano,1991-12-31,enumeration
michael walker,Michael Walker,1998-01-08,search
michael whaley,Michael Whaley,1988-05-20,search
michael young,Michael Young,1985-07-12,enumeration
chrisopoulos michail,Michail Chrisopoulos,1991-05-05,search
michail tsarev,Michail Tsarev,1986-06-22,enumeration
andryszak micha,Michał Andryszak,1992-04-12,enumeration
bobrowski michal,Michal Bobrowski,1995-04-14,enumeration
domin michal,Michal Domin,1994-12-08,enumeration
figlak michal,Michal Figlak,1996-08-15,search
fijalka michal,Michal Fijalka,1983-11-29,search
gutowski michal,Michal Gutowski,1983-04-28,search
hamrsmid michal,Michal Hamrsmid,1980-04-30,enumeration
kita michal,Michal Kita,1980-05-18,search
kozmer michal,Michal Kozmer,1995-06-26,enumeration
martinek michal,Michal Martinek,1990-04-19,search
materla michal,Michal Materla,1984-04-10,search
micha michalski,Michał Michalski,1989-07-17,enumeration
michal mokry,Michal Mokry,1993-05-13,enumeration
michal oleksiejczuk,Michal Oleksiejczuk,1995-02-22,search
michal pasternak,Michal Pasternak,1984-03-20,search
michal pietrzak,Michal Pietrzak,1988-02-02,search
michal piwowarski,Michal Piwowarski,1988-11-11,search
michal plesnik,Michal Plesnik,1989-09-24,search
michal sobiech,Michal Sobiech,1994-11-26,enumeration
michal szulinski,Michal Szulinski,1984-12-27,enumeration
michal wiencek,Michal Wiencek,1993-09-13,search
michal wlazlo,Michal Wlazlo,1983-05-28,enumeration
michal wlodarek,Michal Wlodarek,1984-05-28,search
gillmore micheal,Micheal Gillmore,1987-03-28,search
batista michel,Michel Batista,1984-04-20,search
cruz da lima michel,Michel da Cruz Lima,1992-01-16,enumeration
lima michel,Michel Lima,1992-01-16,enumeration
carmo do michel pedro silva,Michel Pedro Silva do Carmo,1993-02-17,search
michel pereira,Michel Pereira,1993-10-06,enumeration
michel prazeres,Michel Prazeres,1981-07-25,search
michel quinones,Michel Quinones,1984-12-22,search
michel silva,Michel Silva,1989-12-12,enumeration
colangelo michelangelo,Michelangelo Colangelo,1991-08-29,search
lupoli michelangelo,Michelangelo Lupoli,1994-05-16,search
baiano michele,Michele Baiano,1998-01-26,enumeration
clemente michele,Michele Clemente,2000-06-09,enumeration
dos michele oliveira santos,Michele dos Santos Oliveira,1995-05-12,search
gutierrez michele,Michele Gutierrez,1981-06-29,enumeration
martignoni michele,Michele Martignoni,1996-02-09,search
michelle montague,Michelle Montague,1993-11-25,search
michelle nicolini,Michelle Nicolini,1982-01-05,enumeration
michelle oliveira,Michelle Oliveira,1992-09-08,enumeration
michelle ould,Michelle Ould,1981-09-30,search
michelle watersongomez,Michelle Waterson-Gomez,1986-01-06,search
michihiro omigawa,Michihiro Omigawa,1975-12-19,search
michinori tanaka,Michinori Tanaka,1990-10-04,search
ito michio,Michio Ito,1992-11-08,search
mick parkin,Mick Parkin,1995-10-02,search
mick stanton,Mick Stanton,1987-01-27,search
lebout mickael,Mickael Lebout,1987-08-16,search
marie mickael sardi,Mickael Marie Sardi,1990-03-23,enumeration
mickael piscitello,Mickael Piscitello,1983-12-17,enumeration
gall mickey,Mickey Gall,1992-01-22,search
mickey miller,Mickey Miller,1986-12-16,search
disegni micol,Micol DiSegni,1987-12-29,search
fernandes midian,Midian Fernandes,1988-01-06,enumeration
miesha tate,Miesha Tate,1986-08-18,search
angel cabrera miguel,Miguel Angel Cabrera,1994-03-01,search
baeza miguel,Miguel Baeza,1992-08-23,search
haro miguel,Miguel Haro,1992-06-10,search
jacob miguel,Miguel Jacob,1997-05-01,enumeration
diaz junior miguel,Miguel Junior Diaz,1989-10-15,enumeration
lugo miguel,Miguel Lugo,1995-08-25,search
miguel porto,Miguel Porto,1997-01-22,search
miguel restrepo,Miguel Restrepo,1981-10-02,search
miguel sanson,Miguel Sanson,1999-06-26,search
miguel torres,Miguel Torres,1981-01-18,enumeration
miguel villegas,Miguel Villegas,1995-05-14,search
cotruta mihail,Mihail Cotruta,1990-01-10,search
kauppinen miika,Miika Kauppinen,1991-06-18,enumeration
arai mika,Mika Arai,1993-12-03,search
mika nagano,Mika Nagano,1983-12-29,search
mikael nyyssonen,Mikael Nyyssonen,1986-12-28,search
mikael silander,Mikael Silander,1985-09-12,search
bardsley mike,Mike Bardsley,1994-03-08,search
barnett mike,Mike Barnett,1989-06-25,search
bogner mike,Mike Bogner,1979-02-21,enumeration
breeden mike,Mike Breeden,1989-04-21,search
bronzoulis mike,Mike Bronzoulis,1979-01-05,enumeration
brown mike,Mike Brown,1975-09-08,enumeration
bruno mike,Mike Bruno,1986-05-26,search
budnik mike,Mike Budnik,1974-08-08,enumeration
byrnes mike,Mike Byrnes,1990-07-17,enumeration
ciesnolevicz mike,Mike Ciesnolevicz,1979-10-28,enumeration
cobey mike,Mike Cobey,1982-11-20,enumeration
corey mike,Mike Corey,1984-03-08,search
dangelo mike,Mike D'Angelo,1990-05-30,enumeration
davidson mike,Mike Davidson,1998-07-19,search
davis mike,Mike Davis,1992-10-07,enumeration
de la mike torre,Mike de la Torre,1986-09-22,search
de la mike vega,Mike De La Vega,1993-11-22,search
delaney mike,Mike Delaney,1974-08-10,enumeration
doss mike,Mike Doss,1981-01-08,enumeration
easton mike,Mike Easton,1984-01-25,search
ekundayo mike,Mike Ekundayo,1993-12-18,search
estus mike,Mike Estus,1983-02-23,search
flach mike,Mike Flach,1987-09-16,enumeration
glover mike,Mike Glover,1987-07-11,enumeration
grundy mike,Mike Grundy,1987-01-03,search
guymon mike,Mike Guymon,1974-09-17,enumeration
hamel mike,Mike Hamel,1992-08-12,search
hayes mike,Mike Hayes,1980-10-16,search
hernandez mike,Mike Hernandez,1985-11-22,search
jackson mike,Mike Jackson,1985-03-22,enumeration
jasper mike,Mike Jasper,1983-08-04,search
john mike,Mike John,1990-09-12,enumeration
johnson mike,Mike Johnson,1991-12-05,enumeration
jones mike,Mike Jones,1990-04-09,enumeration
karam mike,Mike Karam,1986-03-18,enumeration
kennedy mike,Mike Kennedy,1997-01-10,enumeration
kent mike,Mike Kent,1984-03-08,enumeration
kimbel mike,Mike Kimbel,1997-03-24,search
king mike,Mike King,1983-08-04,search
kyle mike,Mike Kyle,1980-03-31,search
lawrence mike,Mike Lawrence,1982-01-23,search
lee mike,Mike Lee,1994-09-19,enumeration
lullo mike,Mike Lullo,1979-07-24,search
malott mike,Mike Malott,1991-11-07,search
massenzio mike,Mike Massenzio,1982-11-01,enumeration
mike mucitelli,Mike Mucitelli,1983-12-07,search
mike murphy,Mike Murphy,1987-12-01,enumeration
mike oneill,Mike O'Neill,1984-09-01,enumeration
mike olaya,Mike Olaya,1987-08-01,enumeration
mike ortega,Mike Ortega,1984-12-13,search
mike otwell,Mike Otwell,1989-05-04,search
mike pagano,Mike Pagano,1985-02-23,enumeration
mike perry,Mike Perry,1991-09-15,search
mike pierce,Mike Pierce,1980-09-01,search
mike plazola,Mike Plazola,1985-05-23,search
mike powell,Mike Powell,1991-08-23,search
mike pyle,Mike Pyle,1975-09-18,search
mike rhodes,Mike Rhodes,1989-12-04,search
mike ricci,Mike Ricci,1986-03-18,search
mike richman,Mike Richman,1985-06-23,search
mike rio,Mike Rio,1981-07-06,search
mike roberts,Mike Roberts,1987-11-08,enumeration
mike rodriguez,Mike Rodriguez,1988-11-28,search
mike russow,Mike Russow,1976-11-09,enumeration
mike santiago,Mike Santiago,1989-07-28,search
mike scarcello,Mike Scarcello,1989-12-22,enumeration
mike segura,Mike Segura,1988-12-22,search
mike seymour,Mike Seymour,1978-01-27,enumeration
mike shipman,Mike Shipman,1990-06-17,search
mike stumpf,Mike Stumpf,1983-07-23,enumeration
mike swick,Mike Swick,1979-06-19,enumeration
mike taylor,Mike Taylor,1992-12-19,enumeration
mike trinh,Mike Trinh,1975-05-20,search
arsdale mike van,Mike Van Arsdale,1965-06-20,enumeration
mike weir,Mike Weir,1967-09-19,enumeration
mike wessel,Mike Wessel,1977-12-02,enumeration
mike whitehead,Mike Whitehead,1981-06-29,search
mike wilkinson,Mike Wilkinson,1987-09-15,search
mike wiseman,Mike Wiseman,1988-02-12,search
gomez mikey,Mikey Gomez,1982-05-08,search
gonzalez mikey,Mikey Gonzalez,1985-08-13,search
allakhverdian mikhail,Mikhail Allakhverdian,1992-04-17,search
bureshkin mikhail,Mikhail Bureshkin,1984-10-24,enumeration
gogitidze mikhail,Mikhail Gogitidze,1989-10-25,enumeration
illoukhine mikhail,Mikhail Illoukhine,1966-11-21,enumeration
abdullatif jamal mikhail,Mikhail Jamal Abdul-Latif,1983-05-23,enumeration
kolobegov mikhail,Mikhail Kolobegov,1987-11-23,search
korobkov mikhail,Mikhail Korobkov,1990-04-17,enumeration
mikhail mokhnatkin,Mikhail Mokhnatkin,1990-01-16,search
mikhail odintsov,Mikhail Odintsov,1992-02-13,search
mikhail ragozin,Mikhail Ragozin,1991-10-30,search
mikhail rublov,Mikhail Rublov,2001-01-03,enumeration
mikhail turkanov,Mikhail Turkanov,1987-12-26,enumeration
mikhail zayats,Mikhail Zayats,1981-10-14,search
mikheil sazhiniani,Mikheil Sazhiniani,1996-10-05,search
miki motono,Miki Motono,1994-05-18,search
mikihito yamagami,Mikihito Yamagami,1987-06-22,search
mikio ueda,Mikio Ueda,1995-05-01,enumeration
kasper mikkel,Mikkel Kasper,1992-05-05,enumeration
mikkel parlo,Mikkel Parlo,1990-05-03,search
ahmala mikko,Mikko Ahmala,1992-04-08,search
banasiewicz mikolaj,Mikolaj Banasiewicz,2001-12-24,enumeration
matsumoto miku,Miku Matsumoto,1981-06-26,search
miku nakamura,Miku Nakamura,1992-04-03,search
asakura mikuru,Mikuru Asakura,1992-07-15,search
kopravinecz milan,Milan Kopravinecz,1989-08-27,enumeration
milan radakovic,Milan Radaković,1993-12-11,enumeration
milan simonovic,Milan Simonovic,1990-06-25,enumeration
milan stanojkovic,Milan Stanojković,1995-05-10,enumeration
milan strnisko,Milan Strnisko,1984-08-30,enumeration
milan todorovic,Milan Todorovic,1998-04-11,enumeration
milan zerjal,Milan Zerjal,1990-02-13,enumeration
dudieva milana,Milana Dudieva,1989-04-08,search
mileide simplicio,Mileide Simplicio,2000-11-11,search
amos miles,Miles Amos,1989-11-20,search
anstead miles,Miles Anstead,1987-11-09,enumeration
dakota merritt miles,Miles Dakota Merritt,1989-01-26,enumeration
hunsinger miles,Miles Hunsinger,1990-11-27,search
johns miles,Miles Johns,1994-03-30,search
lee miles,Miles Lee,1997-10-26,search
marshall miles,Miles Marshall,1988-08-07,enumeration
dovedan milos,Milos Dovedan,1981-06-03,enumeration
janicic milos,Milos Janicic,1997-05-03,search
castro milson,Milson Castro,1993-10-23,search
afonso cabral milton,Milton Afonso Cabral,1990-02-02,search
mateus milton,Milton Mateus,1991-09-05,enumeration
mattos milton,Milton Mattos,1993-08-19,enumeration
milton vieira,Milton Vieira,1978-10-04,search
gu lee min,Min Gu Lee,1992-02-14,search
hyung kim min,Min Hyung Kim,1998-03-13,enumeration
jong min song,Min Jong Song,1991-11-16,search
kwon min seok,Min Seok Kwon,1989-07-05,enumeration
kim min soo,Min Soo Kim,1975-01-22,enumeration
kurobe mina,Mina Kurobe,1977-05-02,search
mindaugas verzbickas,Mindaugas Verzbickas,1990-09-08,search
ming shi,Ming Shi,1994-11-14,search
grusander minna,Minna Grusander,1989-03-22,search
kim minwoo,MinWoo Kim,1993-07-21,enumeration
miodrag petkovic,Miodrag Petkovic,1969-06-01,search
akhtamov mirafzal,Mirafzal Akhtamov,1993-02-10,search
huseynov mirali,Mirali Huseynov,1995-01-14,search
barber miranda,Miranda Barber,1994-05-15,search
granger miranda,Miranda Granger,1992-04-13,search
maverick miranda,Miranda Maverick,1997-07-01,search
mirela vargas,Mirela Vargas,1997-06-13,enumeration
miriam nakamoto,Miriam Nakamoto,1976-08-05,enumeration
miriam nazar,Miriam Nazar,1987-09-25,enumeration
miriam santana,Miriam Santana,1989-08-03,enumeration
filipovic mirko,Mirko Filipovic,1974-09-10,search
kucera miroslav,Miroslav Kucera,1990-09-17,enumeration
bektic mirsad,Mirsad Bektic,1991-02-16,search
inarritu misael,Misael Inarritu,1993-06-28,search
misaki takimoto,Misaki Takimoto,1980-10-27,enumeration
cirkunov misha,Misha Cirkunov,1987-02-27,search
de missael silva souza,Missael Silva de Souza,1985-04-09,search
clarke mitch,Mitch Clarke,1985-11-24,enumeration
gagnon mitch,Mitch Gagnon,1984-10-10,search
mckee mitch,Mitch McKee,1997-12-24,enumeration
mitch ramirez,Mitch Ramirez,1992-11-03,search
mitch raposo,Mitch Raposo,1998-10-16,search
mitch strazzella,Mitch Strazzella,1993-05-27,enumeration
mitch thompson,Mitch Thompson,1991-03-02,search
mitch whitesel,Mitch Whitesel,1981-07-12,search
chamale mitchell,Mitchell Chamale,1985-03-19,enumeration
mitchell sipe,Mitchell Sipe,1996-04-09,search
ishida mitsuhiro,Mitsuhiro Ishida,1978-12-29,search
mitsuhiro okada,Mitsuhiro Okada,1981-11-14,search
mitsuhisa sunabe,Mitsuhisa Sunabe,1979-08-04,search
matsumoto mitsuo,Mitsuo Matsumoto,1971-07-16,enumeration
mitsuyoshi nakai,Mitsuyoshi Nakai,1989-01-02,enumeration
merry mitzi,Mitzi Merry,1987-07-28,search
miyuu yamamoto,Miyuu Yamamoto,1974-08-04,search
mizuki,Mizuki,1994-08-19,enumeration
mizuki oshiro,Mizuki Oshiro,1995-10-11,search
hirota mizuto,Mizuto Hirota,1981-05-05,search
kujundzic mladen,Mladen Kujundzic,1989-08-05,search
miller mo,Mo Miller,1992-08-10,search
moacir rocha,Moacir Rocha,1993-10-05,search
babanataj mobina,Mobina Babanataj,2006-09-25,enumeration
machaev mochamed,Mochamed Machaev,1999-12-05,search
bukauskas modestas,Modestas Bukauskas,1994-02-10,search
modestino rodrigues,Modestino Rodrigues,2003-10-09,enumeration
moeri suda,Moeri Suda,2004-07-29,search
brandao moesio,Moesio Brandao,1982-06-19,enumeration
ghorabi mohamad,Mohamad Ghorabi,1986-09-27,search
mohamad osseili,Mohamad Osseili,1998-01-01,search
ado mohamed,Mohamed Ado,2000-05-03,search
ali mohamed,Mohamed Ali,1984-01-01,enumeration
allam mohamed,Mohamed Allam,1992-11-13,enumeration
amine mohamed,Mohamed Amine,1996-12-03,enumeration
camara mohamed,Mohamed Camara,1992-01-01,enumeration
eldwansy mohamed,Mohamed ElDwansy,1982-11-01,search
gamal mohamed,Mohamed Gamal,1993-02-05,search
ghalab mohamed,Mohamed Ghalab,1992-01-10,search
grabinski mohamed,Mohamed Grabinski,1991-09-09,enumeration
badawy hassan mohamed,Mohamed Hassan Badawy,1993-10-01,enumeration
juma mohamed,Mohamed Juma,1995-04-17,search
kadiake mohamed,Mohamed Kadiake,1989-10-01,search
laid mohamed,Mohamed Laid,1999-04-28,enumeration
mashaly mohamed,Mohamed Mashaly,1983-11-28,search
metwly mohamed,Mohamed Metwly,2004-08-05,enumeration
mohamed nabil,Mohamed Nabil,2000-05-12,enumeration
mohamed nour,Mohamed Nour,1988-10-31,enumeration
mohamed reda,Mohamed Reda,1993-04-09,enumeration
awad mohamed salem,Mohamed Salem Awad,1999-11-15,search
mohamed sayah,Mohamed Sayah,1991-03-23,search
mohamed trabelsi,Mohamed Trabelsi,1996-07-11,enumeration
al kinani mohammad,Mohammad Al Kinani,1996-03-05,search
alaqraa mohammad,Mohammad Alaqraa,1999-11-21,search
ben mohammad yahia,Mohammad Ben Yahia,1991-01-11,enumeration
fakhreddine mohammad,Mohammad Fakhreddine,1984-07-20,search
heibati mohammad,Mohammad Heibati,1995-08-12,enumeration
irfan mohammad,Mohammad Irfan,1991-05-10,enumeration
karaki mohammad,Mohammad Karaki,1991-02-18,search
mahmoudian mohammad,Mohammad Mahmoudian,1985-01-15,enumeration
abzakh mohammad qwai,Mohammad Qwai Abzakh,2003-12-13,search
mohammad yahya,Mohammad Yahya,1994-05-23,search
alshatri mohammed,Mohammed Alshatri,1988-03-03,enumeration
farhad mohammed,Mohammed Farhad,1989-03-29,search
hassan mohammed,Mohammed Hassan,1990-08-01,enumeration
mohammed usman,Mohammed Usman,1989-04-01,search
mohammed walid,Mohammed Walid,1995-03-09,enumeration
mohammadseifi mohsen,Mohsen Mohammadseifi,1989-09-08,search
moise rimbon,Moise Rimbon,1977-04-20,search
guimaraes moises,Moises Guimaraes,1988-09-05,enumeration
mojtaba najim wali,Mojtaba Najim Wali,1983-07-07,enumeration
benkaci moktar,Moktar Benkaci,1992-04-17,search
estes mollie,Mollie Estes,1976-01-06,enumeration
mccann molly,Molly McCann,1990-05-04,search
franco monica,Monica Franco,1984-12-11,search
lovato monica,Monica Lovato,1977-12-12,enumeration
medina monica,Monica Medina,1984-10-27,search
adriane monique,Monique Adriane,1996-06-25,search
bastos monique,Monique Bastos,1992-07-11,search
mcmullens mont,Mont McMullens,1973-04-22,enumeration
de la montana rosa,Montana De La Rosa,1995-02-14,search
monte morrison,Monte Morrison,1993-08-08,search
jackson montel,Montel Jackson,1992-04-24,search
montoyia swilling,Montoyia Swilling,1985-01-13,search
james montrell,Montrell James,1991-08-31,search
montse rendon,Montse Rendon,1989-03-16,enumeration
conejo montserrat,Montserrat Conejo,1993-02-03,enumeration
conejo montserrat ruiz,Montserrat Conejo Ruiz,1993-02-03,enumeration
morad sherif,Morad Sherif,1999-12-12,enumeration
gheorghe moraru,Moraru Gheorghe,1994-09-21,search
kacapor moreno,Moreno Kacapor,1992-07-13,search
bracken morgan,Morgan Bracken,1984-04-06,enumeration
charriere morgan,Morgan Charriere,1995-10-26,search
frier morgan,Morgan Frier,1990-11-18,search
morgan rapp,Morgan Rapp,1990-05-28,enumeration
morgan sickinger,Morgan Sickinger,1985-07-10,search
morgan solis,Morgan Solis,1990-07-12,search
manfredi morgane,Morgane Manfredi,1988-05-25,search
morgane ribout,Morgane Ribout,1988-01-11,search
charneski moriel,Moriel Charneski,1989-07-16,enumeration
forest morquez,Morquez Forest,1993-07-08,search
araujo morramed,Morramed Araujo,1985-09-10,enumeration
albert lins morris,Morris Albert Lins,1982-09-09,enumeration
diaz moses,Moses Diaz,1994-01-05,search
moses murietta,Moses Murietta,1989-02-15,enumeration
moses murrietta,Moses Murrietta,1989-02-15,search
dish el mostafa,Mostafa El Dish,2001-02-25,enumeration
ibrahim mostafa radi,Mostafa Ibrahim Radi,1996-02-04,search
alturk mostapha,Mostapha Al-Turk,1973-07-14,enumeration
askar motaz,Motaz Askar,1998-05-19,search
motonobu tezuka,Motonobu Tezuka,1987-08-29,search
khalifa mounir,Mounir Khalifa,1993-04-17,search
lazzez mounir,Mounir Lazzez,1987-11-16,search
khaybulaev movlid,Movlid Khaybulaev,1990-10-16,search
evloev movsar,Movsar Evloev,1994-02-11,search
magomedov movsar,Movsar Magomedov,1998-12-15,enumeration
gabin moyses,Moyses Gabin,1980-08-14,enumeration
mridul saikia,Mridul Saikia,1997-05-09,search
choi gyeom mu,Mu Gyeom Choi,1989-12-29,search
muboriz umarov,Muboriz Umarov,1998-02-06,enumeration
aiman muhammad,Muhammad Aiman,1995-02-04,enumeration
mokaev muhammad,Muhammad Mokaev,2000-07-30,search
muhammad naimov,Muhammad Naimov,1994-08-07,search
muhammad said,Muhammad Said,1996-01-10,enumeration
muhammad salohidinov,Muhammad Salohidinov,2001-08-12,search
muhammad zahid,Muhammad Zahid,1996-01-01,enumeration
abdullah muhammed,Muhammed Abdullah,1985-09-01,enumeration
dereese muhammed,Muhammed DeReese,1988-05-15,search
lawal muhammed,Muhammed Lawal,1981-01-11,search
alkhatib muhieddin,Muhieddin Alkhatib,1993-11-14,search
gafurov muin,Muin Gafurov,1996-05-17,search
maromo mukai,Mukai Maromo,1983-03-23,enumeration
berkhamov mukhamed,Mukhamed Berkhamov,1994-01-17,search
mukhomad vakhaev,Mukhomad Vakhaev,1990-03-22,search
isaev mukhtar,Mukhtar Isaev,1991-03-06,enumeration
couto da muller silva,Muller da Silva Couto,1989-03-31,enumeration
abu deyali mumia,Mumia Abu Dey-Ali,1980-09-18,search
holland munah,Munah Holland,1974-11-02,search
fujita munehiro,Munehiro Fujita,1981-08-11,search
kin munehiro,Munehiro Kin,1981-08-11,enumeration
munetaka ogawa,Munetaka Ogawa,1981-11-09,enumeration
adriano munil,Munil Adriano,1983-03-12,search
dos martins muniz santos,Muniz Martins dos Santos,1990-07-06,enumeration
batsukh munkhjargal,Munkhjargal Batsukh,1992-06-01,enumeration
abdulaev murad,Murad Abdulaev,1989-10-01,enumeration
abdulazimov murad,Murad Abdulazimov,1989-09-27,enumeration
abdulbekov murad,Murad Abdulbekov,1989-03-21,enumeration
abdurakhmanov murad,Murad Abdurakhmanov,1991-02-22,search
guseinov murad,Murad Guseinov,1998-06-12,search
machaev murad,Murad Machaev,1986-12-03,search
murad ramazanov,Murad Ramazanov,1995-10-16,search
murad zarmanbetov,Murad Zarmanbetov,1996-07-14,enumeration
khasanov murat,Murat Khasanov,1990-10-13,enumeration
murat tlyarukov,Murat Tlyarukov,1990-07-20,enumeration
bustamante murilo,Murilo Bustamante,1966-07-30,enumeration
dos ferreira magalhaes murilo santos,Murilo Magalhaes dos Santos Ferreira,2004-04-10,enumeration
murilo rua,Murilo Rua,1980-05-22,search
flowers murjan,Murjan Flowers,1988-06-26,enumeration
murtaza talha,Murtaza Talha,1996-07-10,enumeration
magomedov murtazali,Murtazali Magomedov,1999-08-26,search
murugan silvarajoo,Murugan Silvarajoo,1991-05-06,search
akishev murzhan,Murzhan Akishev,1993-06-01,enumeration
baiyina musaib,Mus'Aib Baiyina,1993-04-13,enumeration
jangubaev musa,Musa Jangubaev,1988-01-26,search
kazikhanov musa,Musa Kazikhanov,1994-11-13,enumeration
khamanaev musa,Musa Khamanaev,1987-10-14,search
musa toliver,Musa Toliver,1984-11-15,search
alli hasan musaddiq,Musaddiq Alli Hasan,1991-04-18,enumeration
alaudinov musail,Musail Alaudinov,1978-01-14,enumeration
aslani mush,Mush Aslani,1992-06-15,search
danaev muslim,Muslim Danaev,1997-05-06,search
madaliev muslim,Muslim Madaliev,1999-04-07,enumeration
magomedov muslim,Muslim Magomedov,1995-01-31,search
muslim nurmagomedov,Muslim Nurmagomedov,2006-02-18,enumeration
muslim salikhov,Muslim Salikhov,1984-06-09,search
asmaoui mustafa,Mustafa Asmaoui,1978-01-17,enumeration
mustafa olgertpeposhi,Mustafa Olgertpeposhi,1990-05-17,enumeration
alixujayev amirxon muxammad,Muxammad Amirxon Alixujayev,1998-09-02,enumeration
aivazian mykola,Mykola Aivazian,1989-07-10,enumeration
myktybek orolbai,Myktybek Orolbai,1998-02-10,search
jury myles,Myles Jury,1988-10-31,search
mcdonald myles,Myles McDonald,1998-08-17,enumeration
myles price,Myles Price,1988-05-23,search
myles robinson,Myles Robinson,1994-05-23,enumeration
miranda mylksom,Mylksom Miranda,1990-03-02,enumeration
baker myron,Myron Baker,1985-07-24,search
dennis myron,Myron Dennis,1989-03-26,search
bo kim myung,Myung Bo Kim,1990-11-28,enumeration
bae ho myung,Myung Ho Bae,1986-11-01,search
hwan kim myung,Myung Hwan Kim,1997-06-10,search
liang na,Na Liang,1996-07-27,search
nad narimani,Nad Narimani,1987-04-14,search
faheem nada,Nada Faheem,2003-01-08,enumeration
kassem nadia,Nadia Kassem,1995-11-15,enumeration
der nadia van wel,Nadia Van Der Wel,1987-06-19,enumeration
nadia vera,Nadia Vera,1989-10-15,search
nadia villagra,Nadia Villagra,1995-11-01,enumeration
mandiau nadine,Nadine Mandiau,1991-10-18,search
milijancevic nadja,Nadja Milijancevic,2000-10-23,enumeration
chul kim nae,Nae Chul Kim,1985-07-31,enumeration
kanisauskas naglis,Naglis Kanisauskas,2000-10-22,search
burrell nahshon,Nah-Shon Burrell,1990-02-05,search
naho sugiyama,Naho Sugiyama,1978-02-03,search
gandolfi nahuel,Nahuel Gandolfi,1990-03-28,search
correa junior naife tadeu,Naife Tadeu Correa Junior,1996-03-12,enumeration
dung nainoa,Nainoa Dung,1999-02-11,search
melikyan nair,Nair Melikyan,1997-08-08,search
cantanhede naizi,Naizi Cantanhede,1998-08-07,search
jin jo nam,Nam Jin Jo,1991-02-19,search
nam phan,Nam Phan,1983-03-13,search
kawahara namiki,Namiki Kawahara,1989-07-17,search
kawabata namiko,Namiko Kawabata,1987-02-28,search
namnanbayar tuul,Namnanbayar Tuul,1997-03-28,search
fazil namo,Namo Fazil,1996-10-29,search
batbayar namsrai,Namsrai Batbayar,2000-12-29,enumeration
munguntsooj nandinerdene,Nandin-Erdene Munguntsooj,1987-04-05,search
guelmino nandor,Nandor Guelmino,1975-12-20,enumeration
he nannan,Nannan He,1991-05-23,enumeration
murayama nao,Nao Murayama,1997-07-18,search
naohiro takaoka,Naohiro Takaoka,1986-10-10,search
hirata naoki,Naoki Hirata,1997-12-19,search
inoue naoki,Naoki Inoue,1997-06-14,search
naoki yamada,Naoki Yamada,1982-06-07,enumeration
naomie young,Naomie Young,1997-05-07,search
ayuta naoto,Naoto Ayuta,1991-09-16,search
kurosaki naoto,Naoto Kurosaki,1985-09-30,enumeration
miyazaki naoto,Naoto Miyazaki,1983-09-19,search
naoto shimizu,Naoto Shimizu,1996-02-14,search
naoya ogawa,Naoya Ogawa,1968-03-31,enumeration
kotani naoyuki,Naoyuki Kotani,1981-12-08,enumeration
jadamba narantungalag,Narantungalag Jadamba,1975-12-16,enumeration
avagyan narek,Narek Avagyan,1992-04-03,search
abbasov nariman,Nariman Abbasov,1994-02-01,search
galaev nashkho,Nashkho Galaev,1992-07-12,search
khawja nasir sediqi,Nasir Sediqi Khawja,1993-01-02,enumeration
haqparast nasrat,Nasrat Haqparast,1995-08-22,search
akhondzada nasratullah,Nasratullah Akhondzada,1990-01-04,enumeration
nasrudin nasrudinov,Nasrudin Nasrudinov,1991-10-06,search
imavov nassourdine,Nassourdine Imavov,1996-03-01,search
jaroonsak nat,Nat Jaroonsak,1999-02-07,enumeration
alves natalia,Natalia Alves,2000-09-28,search
c natalia silva,Natalia C. Silva,1997-02-03,enumeration
denisova natalia,Natalia Denisova,1990-09-15,search
natalia silva,Natalia Silva,1997-02-03,enumeration
filho nascimento natalicio,Natalicio Nascimento Filho,1989-08-03,search
king natalie,Natalie King,1982-12-22,search
morgan natalie,Natalie Morgan,1987-05-19,enumeration
natalie salcedo,Natalie Salcedo,1992-03-28,search
denisova natalya,Natalya Denisova,1990-09-15,enumeration
dyachkova natalya,Natalya Dyachkova,1994-11-11,enumeration
natalya speece,Natalya Speece,1990-12-19,search
levy natan,Natan Levy,1991-09-30,search
natan schulte,Natan Schulte,1992-02-20,search
natan ziele,Natan Ziele,1991-09-13,enumeration
espindola natanael,Natanael Espindola,1988-04-15,enumeration
kuziutina natasha,Natasha Kuziutina,1989-05-08,enumeration
andrews nate,Nate Andrews,1984-04-04,search
diaz nate,Nate Diaz,1985-04-16,search
james nate,Nate James,1978-05-29,enumeration
jennerman nate,Nate Jennerman,1993-01-12,search
jolly nate,Nate Jolly,1982-07-22,search
kearsley nate,Nate Kearsley,1990-04-16,enumeration
landwehr nate,Nate Landwehr,1988-06-06,search
maness nate,Nate Maness,1991-06-27,enumeration
marquardt nate,Nate Marquardt,1979-04-20,search
mohr nate,Nate Mohr,1983-03-03,enumeration
morrow nate,Nate Morrow,1995-01-31,search
nate quarry,Nate Quarry,1972-03-18,enumeration
nate richardson,Nate Richardson,1990-09-27,search
nate smith,Nate Smith,1995-04-09,enumeration
coy nathan,Nathan Coy,1978-07-24,enumeration
feitosa nathan,Nathan Feitosa,1992-06-19,enumeration
fletcher nathan,Nathan Fletcher,1998-01-03,search
fought nathan,Nathan Fought,1984-02-22,enumeration
ghareeb nathan,Nathan Ghareeb,1993-07-14,search
gilmore nathan,Nathan Gilmore,1992-08-15,search
greyson nathan,Nathan Greyson,1988-09-08,search
kearsley nathan,Nathan Kearsley,1990-04-16,search
kelly nathan,Nathan Kelly,1997-05-24,search
lindsay nathan,Nathan Lindsay,1991-06-12,search
mitchell nathan,Nathan Mitchell,1992-07-12,search
nathan ng,Nathan Ng,1986-05-08,enumeration
nathan oliveira,Nathan Oliveira,1999-06-08,enumeration
nathan pierce,Nathan Pierce,1992-10-21,search
nathan small,Nathan Small,1996-04-14,search
nathan spence,Nathan Spence,1973-11-28,enumeration
nathan trepagnier,Nathan Trepagnier,1992-11-18,search
nathan williams,Nathan Williams,1987-07-28,search
grimard nathaniel,Nathaniel Grimard,1998-02-16,enumeration
carlos nathaniel san,Nathaniel San Carlos,1995-12-11,enumeration
nathaniel wood,Nathaniel Wood,1993-05-08,search
gossens nathen,Nathen Gossens,1992-10-17,enumeration
campahy nathielly santos,Nathielly Santos Campahy,1996-08-21,search
navajo stirling,Navajo Stirling,1997-11-07,search
navid yadegari,Navid Yadegari,1989-07-23,enumeration
ferreira nawira,Nawira Ferreira,2001-11-26,search
abzakh nawras,Nawras Abzakh,1992-12-30,search
cascardo hemily nayara,Nayara Hemily Cascardo,1994-07-29,enumeration
maia nayara,Nayara Maia,1990-07-25,search
hezam nayeb,Nayeb Hezam,1981-10-27,search
malegarie nazareno,Nazareno Malegarie,1986-05-16,search
khan nazeer,Nazeer Khan,1995-12-25,enumeration
nazhmudin yusupov,Nazhmudin Yusupov,1998-11-26,enumeration
nazim sadykhov,Nazim Sadykhov,1994-05-16,search
alonu ndidi,Ndidi Alonu,1986-10-30,enumeration
anderson neal,Neal Anderson,1987-05-28,enumeration
ewing neal,Neal Ewing,1985-09-30,enumeration
neemias santana,Neemias Santana,1996-07-10,search
cruz nehemias,Nehemias Cruz,1994-10-29,search
grove neil,Neil Grove,1971-01-18,enumeration
magny neil,Neil Magny,1987-08-03,search
neil seery,Neil Seery,1979-08-30,search
gracie neiman,Neiman Gracie,1988-12-12,search
ferreira nelson,Nelson Ferreira,1985-06-01,search
marsh nelton,Nelton Marsh,1989-07-26,search
kovac nemanja,Nemanja Kovac,1994-12-16,search
kukic nemanja,Nemanja Kukic,1992-10-17,search
nemanja uveric,Nemanja Uveric,1988-04-16,enumeration
abdrashitov nemat,Nemat Abdrashitov,1991-10-08,search
avramovic nenad,Nenad Avramovic,1986-02-13,search
abbasov nerman,Nerman Abbasov,1994-02-01,enumeration
machado nestor,Nestor Machado,1980-08-09,search
nestor santana,Nestor Santana,1987-03-30,search
castro neto,Neto Castro,1998-12-27,enumeration
montano nicco,Nicco Montano,1988-12-16,search
nicdali riveracalanoc,Nicdali Rivera-Calanoc,1985-06-12,enumeration
gjelaj nicholas,Nicholas Gjelaj,2000-06-01,search
hwende nicholas,Nicholas Hwende,1996-05-21,search
joannes nicholas,Nicholas Joannes,1988-07-02,enumeration
maupin nicholas,Nicholas Maupin,1988-03-14,search
nicholas obrien,Nicholas O'Brien,1997-02-10,enumeration
nicholas willey,Nicholas Willey,1987-08-22,enumeration
navarro nicholi,Nicholi Navarro,1983-10-24,search
aguirre nick,Nick Aguirre,1996-01-15,search
alley nick,Nick Alley,1990-12-10,search
bleser nick,Nick Bleser,1981-12-28,search
browne nick,Nick Browne,1990-03-30,search
campbell nick,Nick Campbell,1983-06-18,enumeration
catone nick,Nick Catone,1981-09-01,enumeration
clem nick,Nick Clem,1988-11-01,search
compton nick,Nick Compton,1982-01-23,search
coughran nick,Nick Coughran,1984-12-12,enumeration
delahoussaye nick,Nick Delahoussaye,2002-07-31,search
denis nick,Nick Denis,1983-10-11,enumeration
diaz nick,Nick Diaz,1983-08-02,enumeration
dioneda nick,Nick Dioneda,1984-09-17,enumeration
duell nick,Nick Duell,1982-07-09,enumeration
fiore nick,Nick Fiore,1997-12-10,enumeration
galanti nick,Nick Galanti,1998-06-18,search
gehrts nick,Nick Gehrts,1995-05-17,search
ghaeni nick,Nick Ghaeni,1985-05-11,enumeration
giulietti nick,Nick Giulietti,1992-04-26,search
gonzalez nick,Nick Gonzalez,1981-03-03,search
hein nick,Nick Hein,1984-04-24,enumeration
honstein nick,Nick Honstein,1987-06-22,search
kirk nick,Nick Kirk,1982-11-12,search
klein nick,Nick Klein,1995-09-08,search
kraus nick,Nick Kraus,1987-12-19,search
lobosco nick,Nick LoBosco,1984-07-08,enumeration
mamalis nick,Nick Mamalis,1986-06-19,search
maximov nick,Nick Maximov,1997-12-23,search
meck nick,Nick Meck,1994-10-07,enumeration
moghaddam nick,Nick Moghaddam,1982-12-29,enumeration
newell nick,Nick Newell,1986-03-17,search
nick novelli,Nick Novelli,1983-04-04,search
nick osipczak,Nick Osipczak,1984-12-30,enumeration
nick pace,Nick Pace,1987-04-17,search
nick patea,Nick Patea,1998-05-12,enumeration
nick patterson,Nick Patterson,1983-03-17,search
nick penner,Nick Penner,1980-03-26,enumeration
nick perez,Nick Perez,1995-10-27,enumeration
nick piccininni,Nick Piccininni,1996-12-16,search
nick poythress,Nick Poythress,1991-01-01,search
nick pugh,Nick Pugh,1987-06-19,enumeration
nick radtka,Nick Radtka,1986-08-11,search
nick recchia,Nick Recchia,1992-02-06,enumeration
nick rhoads,Nick Rhoads,1990-04-24,search
nick ring,Nick Ring,1979-02-10,enumeration
nick rodrigues,Nick Rodrigues,1993-12-12,search
nick roehrick,Nick Roehrick,1987-07-06,enumeration
nick rossborough,Nick Rossborough,1981-11-18,search
nick sprayberry,Nick Sprayberry,1988-09-28,search
nick talavera,Nick Talavera,1996-03-06,search
nick thompson,Nick Thompson,1981-06-23,enumeration
nick urso,Nick Urso,1985-09-26,search
commissiong nicko,Nicko Commissiong,1994-05-08,search
flessas nicko,Nicko Flessas,1985-04-02,enumeration
heinrichs nicky,Nicky Heinrichs,1987-11-19,enumeration
echeverry nico,Nico Echeverry,1991-03-02,search
kambasis nico,Nico Kambasis,1993-08-23,enumeration
lozada nico,Nico Lozada,1988-02-29,enumeration
musoke nico,Nico Musoke,1986-04-05,enumeration
dragos nicolae,Nicolae Dragos,1998-04-09,enumeration
mezdrea nicolae,Nicolae Mezdrea,1994-06-06,search
negumereanu nicolae,Nicolae Negumereanu,1994-09-04,search
nicolai salchov,Nicolai Salchov,1983-12-15,enumeration
barna nicolas,Nicolas Barna,1995-12-18,search
cocuccio nicolas,Nicolas Cocuccio,1992-01-16,search
dalby nicolas,Nicolas Dalby,1984-11-16,search
di franco nicolas,Nicolas Di Franco,1994-05-28,search
djurdjevic nicolas,Nicolas Djurdjevic,1981-05-07,search
filipponi nicolas,Nicolas Filipponi,1997-12-06,enumeration
martinez nicolas,Nicolas Martinez,1987-07-06,search
nicolas savio,Nicolas Savio,1995-04-03,search
nicolas varela,Nicolas Varela,1994-12-07,search
geraldo nicole,Nicole Geraldo,1998-09-13,search
nicole niederkofler,Nicole Niederkofler,1985-09-10,enumeration
nicole stoll,Nicole Stoll,1988-05-16,search
nicole szepesvary,Nicole Szepesvary,1987-04-03,search
caliari nicolle,Nicolle Caliari,1996-11-04,search
nicolo solli,Nicolo Solli,1997-10-29,search
nasufovic nihad,Nihad Nasufovic,1987-01-29,search
bagley nik,Nik Bagley,1997-02-13,search
fekete nik,Nik Fekete,1980-03-24,enumeration
lentz nik,Nik Lentz,1984-08-13,search
buravchik nikita,Nikita Buravchik,1994-12-11,enumeration
chistyakov nikita,Nikita Chistyakov,1993-03-12,search
krylov nikita,Nikita Krylov,1992-03-07,search
leshukov nikita,Nikita Leshukov,2001-12-17,search
mikhailov nikita,Nikita Mikhailov,1998-10-27,search
nikita osipov,Nikita Osipov,1994-09-23,enumeration
nikk willyard,Nikk Willyard,1996-11-09,search
duncan nikki,Nikki Duncan,1978-04-30,search
backstrom niklas,Niklas Backstrom,1989-08-22,search
niklas stolze,Niklas Stolze,1992-12-28,search
aikonen niko,Niko Aikonen,1997-09-08,search
myllynen niko,Niko Myllynen,1989-07-16,search
niko novelli,Niko Novelli,1983-04-04,enumeration
niko price,Niko Price,1989-09-29,search
niko puhakka,Niko Puhakka,1979-12-07,search
niko samsonidse,Niko Samsonidse,1994-12-17,search
dipchikov nikola,Nikola Dipchikov,1984-05-09,search
joksovic nikola,Nikola Joksovic,1994-09-11,search
kacperska nikola,Nikola Kacperska,1993-02-11,search
nikola zlatev,Nikola Zlatev,1993-10-01,enumeration
aleksakhin nikolai,Nikolai Aleksakhin,1991-01-29,enumeration
alexiev nikolai,Nikolai Alexiev,1986-04-24,enumeration
motta nikolas,Nikolas Motta,1993-02-08,search
aleksakhin nikolay,Nikolay Aleksakhin,1991-01-29,search
baikin nikolay,Nikolay Baikin,1994-07-11,enumeration
kondratyuk nikolay,Nikolay Kondratyuk,1997-05-16,search
nikolay rachek,Nikolay Rachek,1994-03-29,enumeration
nikolay samusev,Nikolay Samusev,1998-07-30,search
nikolay veretennikov,Nikolay Veretennikov,1989-12-22,search
kajaia nikoloz,Nikoloz Kajaia,1987-10-20,enumeration
kalivas nikos,Nikos Kalivas,1992-04-03,enumeration
nikos sokolis,Nikos Sokolis,1986-04-21,search
nills noord van,Nills van Noord,1988-11-24,search
almeida nilson,Nilson Almeida,1977-08-22,enumeration
nilson oliveira,Nilson Oliveira,1990-02-28,enumeration
dos eduardo nilton santos silva,Nilton Eduardo Silva dos Santos,1980-06-07,search
gaviao nilton,Nilton Gaviao,1988-05-10,search
milosevic nina,Nina Milošević,1996-08-08,enumeration
nina nunes,Nina Nunes,1985-12-03,search
gonzaga nivanilson pereira,Nivanilson Gonzaga Pereira,1991-01-22,enumeration
ahmed niyaz,Niyaz Ahmed,1996-08-21,search
nizamuddin ramazanov,Nizamuddin Ramazanov,1990-05-13,search
amara ben nizar,Nizar Ben Amara,1992-06-22,search
nkazimulo zulu,Nkazimulo Zulu,1989-08-19,search
nkemdirim oti,Nkemdirim Oti,1981-06-18,search
lahat noad,Noad Lahat,1984-06-08,search
ali noah,Noah Ali,1985-04-01,enumeration
bey noah,Noah Bey,1995-08-20,search
gugnon noah,Noah Gugnon,2000-10-18,search
hermosillo noah,Noah Hermosillo,1999-03-26,enumeration
lindsey noah,Noah Lindsey,2000-03-06,search
noah thomas,Noah Thomas,1981-03-27,enumeration
noam voldman,Noam Voldman,1992-05-06,search
nobuhiro yoshitake,Nobuhiro Yoshitake,1984-01-16,search
nobumitsu osawa,Nobumitsu Osawa,1986-07-03,search
nobuo odakura,Nobuo Odakura,1979-04-21,enumeration
nobutatsu suzuki,Nobutatsu Suzuki,1977-09-16,search
nakatsukasa nobuyoshi,Nobuyoshi Nakatsukasa,1986-07-20,search
fujii nobuyuki,Nobuyuki Fujii,1979-12-24,enumeration
kanaizuka nobuyuki,Nobuyuki Kanaizuka,1990-04-07,search
aliododov nodir,Nodir Aliododov,1994-02-05,enumeration
arcibal noel,Noel Arcibal,1986-07-09,search
ligon noel,Noel Ligon,1981-07-18,search
grandjean noelle,Noelle Grandjean,1996-04-27,enumeration
hernandez nohelin,Nohelin Hernandez,1994-03-01,search
nolan norwood,Nolan Norwood,1987-11-01,search
nolan ticman,Nolan Ticman,1988-05-17,enumeration
junior nonato,Nonato Junior,1993-11-19,search
nong stamp,Nong Stamp,1997-09-27,enumeration
bon jovi nongmaithem,Nongmaithem Bon Jovi,1996-01-05,enumeration
el islam noor,Noor El Islam,1996-08-22,enumeration
cornolle nora,Nora Cornolle,1989-12-06,search
jr norbert novenyi,Norbert Novenyi Jr.,1999-10-06,search
asrih nordin,Nordin Asrih,1978-10-18,search
nordine taleb,Nordine Taleb,1981-06-10,search
norifumi yamamoto,Norifumi Yamamoto,1977-03-15,search
amimoto norihisa,Norihisa Amimoto,1982-12-26,search
noriyoshi wada wada,Noriyoshi Wada Wada,1988-05-17,enumeration
dumont norma,Norma Dumont,1990-10-01,search
center norma rueda,Norma Rueda Center,1987-08-12,enumeration
norman paraisy,Norman Paraisy,1986-07-01,search
norman parke,Norman Parke,1986-12-22,search
khanzada nosherwan,Nosherwan Khanzada,1990-07-02,search
jopa nour,Nour Jopa,2000-03-03,search
nozomi otsuka,Nozomi Otsuka,1987-11-28,search
do nascimento nubia santos,Nubia Santos do Nascimento,1981-06-21,search
nueraji taiyilake,Nueraji Taiyilake,2001-01-12,search
nuerdanbieke shayilan,Nuerdanbieke Shayilan,1994-05-04,search
bahetihan nuerdebieke,Nuerdebieke Bahetihan,1994-03-25,enumeration
daniel lucas nunes padilha,Nunes Lucas Daniel Padilha,1995-01-10,enumeration
bekmamatov nursultan,Nursultan Bekmamatov,1991-10-17,enumeration
nursulton ruziboev,Nursulton Ruziboev,1993-11-19,search
aliev nurullo,Nurullo Aliev,2000-12-08,search
nyamjargal tumendemberel,Nyamjargal Tumendemberel,1998-03-22,search
bartling nyle,Nyle Bartling,1993-02-08,search
crowley nyrene,Nyrene Crowley,1989-05-17,search
obrayan ramirez,O'Brayan Ramirez,1995-06-12,enumeration
elliott oban,Oban Elliott,1997-12-19,search
oberdan tenorio vieira,Oberdan Vieira Tenorio,1987-08-17,search
ode osbourne,Ode Osbourne,1992-01-09,search
muscat oden,Oden Muscat,2000-12-16,enumeration
magnor ole,Ole Magnor,1988-02-08,search
borisov oleg,Oleg Borisov,1983-02-14,search
dadonov oleg,Oleg Dadonov,1993-06-08,search
klimov oleg,Oleg Klimov,1993-02-07,enumeration
lichkovakha oleg,Oleg Lichkovakha,1996-10-01,search
mykhayliv oleg,Oleg Mykhayliv,1994-03-31,search
obrevko oleg,Oleg Obrevko,1990-01-12,enumeration
oleg plotnik,Oleg Plotnik,1999-07-15,enumeration
oleg popov,Oleg Popov,1992-01-10,search
oleg ursoi,Oleg Ursoi,1996-12-12,enumeration
doskalchuk oleksandr,Oleksandr Doskalchuk,1990-03-13,enumeration
oleksii polischuck,Oleksii Polischuck,1996-03-13,enumeration
kolesnyk olena,Olena Kolesnyk,1990-11-02,search
olga rubin,Olga Rubin,1989-08-18,search
oli thompson,Oli Thompson,1980-01-02,search
enkamp oliver,Oliver Enkamp,1991-10-08,search
oliver parker,Oliver Parker,1990-10-07,search
olivia parker,Olivia Parker,1982-01-26,search
olivia ukmar,Olivia Ukmar,1991-09-23,enumeration
aubinmercier olivier,Olivier Aubin-Mercier,1989-02-23,search
murad olivier,Olivier Murad,1993-12-21,search
olli santalahti,Olli Santalahti,1994-03-18,search
ollie schmid,Ollie Schmid,2000-12-28,search
bradstreet olly,Olly Bradstreet,1983-10-06,search
bamgbose oluwale,Oluwale Bamgbose,1987-08-04,search
benjar omar,Omar Benjar,1990-05-14,search
dafrawy el omar,Omar El Dafrawy,1995-04-03,search
elsahlah omar,Omar El-Sahlah,1994-06-13,search
felfel omar,Omar Felfel,1985-11-25,enumeration
hussein omar,Omar Hussein,1996-05-06,search
khaled omar,Omar Khaled,2001-01-07,enumeration
morales omar,Omar Morales,1985-10-17,search
omar reguigui,Omar Reguigui,1995-03-12,enumeration
omar solomonov,Omar Solomonov,1992-11-11,enumeration
omar storm,Omar Storm,1989-01-01,enumeration
akhmedov omari,Omari Akhmedov,1987-10-12,search
cankardesler omer,Omer Cankardesler,1984-10-30,search
gonzalez omoyele,Omoyele Gonzalez,1991-07-25,search
mackoumbou onefel,Onefel Mackoumbou,1991-05-23,enumeration
atabayev orazgeldi,Orazgeldi Atabayev,1993-03-01,enumeration
fernandez oriana,Oriana Fernandez,2004-09-11,search
gaset oriol,Oriol Gaset,1979-04-01,search
cosce orion,Orion Cosce,1994-07-15,search
lombardi orion,Orion Lombardi,1989-07-17,enumeration
dambrosio orlando,Orlando D'Ambrosio,1995-02-02,enumeration
machava orlando,Orlando Machava,1986-04-14,enumeration
orlando ortega,Orlando Ortega,1992-09-23,search
orlando sanders,Orlando Sanders,1996-04-10,search
kahlon oron,Oron Kahlon,1984-11-04,search
osami shibuya,Osami Shibuya,1976-01-07,search
osamo sakamoto,Osamo Sakamoto,1994-12-12,enumeration
cota oscar,Oscar Cota,1984-10-15,search
de la oscar parra,Oscar De La Parra,1988-02-02,search
delgado oscar,Oscar Delgado,1977-04-16,enumeration
dolchin oscar,Oscar Dolchin,1987-09-08,search
garcia oscar,Oscar García,1999-11-14,enumeration
oscar ravello,Oscar Ravello,1998-09-27,search
oiyemhonlan oseyiomon,Oseyiomon Oiyemhonlan,1999-03-09,enumeration
oskar piechota,Oskar Piechota,1990-01-24,search
oskar szczepaniak,Oskar Szczepaniak,1999-07-29,search
otacilio silva,Otacilio Silva,1982-05-02,enumeration
otari tanzilovi,Otari Tanzilovi,1998-04-09,search
dos otavio santos,Otavio dos Santos,1993-06-02,enumeration
otavio sagas,Otavio Sagas,1994-09-23,enumeration
boldbaatar otgonbaatar,Otgonbaatar Boldbaatar,2002-12-25,search
nergui otgonbaatar,Otgonbaatar Nergui,1987-03-20,search
otgonjargal purev,Otgonjargal Purev,1991-02-21,search
jasse oton,Oton Jasse,1994-04-05,search
azaitar ottman,Ottman Azaitar,1990-02-20,search
otto rodrigues,Otto Rodrigues,1988-03-28,search
kane oumar,Oumar Kane,1992-03-14,search
oumar sy,Oumar Sy,1995-11-21,search
diagne ousmane thomas,Ousmane Thomas Diagne,1983-09-03,search
bouraoui oussama,Oussama Bouraoui,1994-08-07,enumeration
bojorquez ovidio,Ovidio Bojorquez,1999-03-14,search
ovince preux saint,Ovince Saint Preux,1983-04-08,enumeration
carr owen,Owen Carr,1987-01-03,enumeration
evinger owen,Owen Evinger,1983-09-03,search
muminov oyatullo,Oyatullo Muminov,2000-11-20,search
aslaner ozan,Ozan Aslaner,1997-06-04,search
junior ozias,Ozias Junior,1997-03-24,enumeration
lopez oziel rodriguez,Oziel Rodriguez Lopez,1993-06-29,enumeration
alvarez ozzie,Ozzie Alvarez,1985-08-14,search
diaz ozzy,Ozzy Diaz,1990-11-22,search
dugulubgov ozzy,Ozzy Dugulubgov,1988-12-28,search
pj stemarie,P.J. Ste-Marie,1989-09-27,search
paata robakidze,Paata Robakidze,1984-04-30,search
paata tschapelia,Paata Tschapelia,1985-07-27,search
alfonso pablo,Pablo Alfonso,1982-05-09,search
andre dos franklin pablo santos,Pablo Andre Franklin Dos Santos,1975-05-08,enumeration
benaion pablo,Pablo Benaion,1988-08-29,search
burgos pablo,Pablo Burgos,1997-03-07,search
caballero pablo,Pablo Caballero,1991-05-27,search
dhorta pablo,Pablo Dhorta,1990-01-25,enumeration
garza pablo,Pablo Garza,1983-09-16,enumeration
pablo rios,Pablo Rios,1998-06-26,enumeration
pablo sabori,Pablo Sabori,1992-03-07,search
pablo torrealba,Pablo Torrealba,1990-05-30,enumeration
pablo villaseca,Pablo Villaseca,1987-01-26,search
afonso almeida campos pacceli,Pacceli Afonso Campos Almeida,1998-11-24,search
mccorry paddy,Paddy McCorry,1997-12-09,search
paddy pimblett,Paddy Pimblett,1995-01-03,search
paige vanzant,Paige VanZant,1994-03-26,enumeration
pam sorenson,Pam Sorenson,1986-03-30,search
aguirre boveda pamela,Pamela Boveda Aguirre,1988-10-08,search
panagiotis stroumpoulis,Panagiotis Stroumpoulis,1988-01-26,search
kanjana pang,Pang Kanjana,1999-12-06,enumeration
kianzad pannie,Pannie Kianzad,1991-12-08,search
garay paola,Paola Garay,2002-04-23,search
paola ramirez,Paola Ramirez,1985-12-10,search
paolo scaglia,Paolo Scaglia,1996-05-30,enumeration
paolo vista,Paolo Vista,1990-02-20,enumeration
abedi papy,Papy Abedi,1978-06-30,enumeration
paradise vaovasa,Paradise Vaovasa,1989-09-18,search
hooda pardeep,Pardeep Hooda,1994-03-25,enumeration
artis paris,Paris Artis,1994-08-02,search
moran paris,Paris Moran,1996-02-04,search
paris stanford,Paris Stanford,1982-12-24,search
pariza zarei,Pariza Zarei,2000-11-21,enumeration
parker porter,Parker Porter,1985-04-22,search
davis parnell,Parnell Davis,1982-04-13,search
hintzen pascal,Pascal Hintzen,1995-12-05,enumeration
krauss pascal,Pascal Krauss,1987-04-19,enumeration
audinwood pat,Pat Audinwood,1986-04-16,enumeration
barry pat,Pat Barry,1979-07-07,search
carroll pat,Pat Carroll,1989-07-28,enumeration
casey pat,Pat Casey,1990-10-17,search
crumpton pat,Pat Crumpton,1989-10-07,search
curran pat,Pat Curran,1987-08-31,search
downey pat,Pat Downey,1992-08-07,enumeration
healy pat,Pat Healy,1983-07-20,search
miletich pat,Pat Miletich,1968-03-09,enumeration
pat pytlik,Pat Pytlik,1989-04-24,search
pat sabatini,Pat Sabatini,1990-11-09,search
pat schilling,Pat Schilling,1988-08-28,enumeration
mix patchy,Patchy Mix,1993-08-16,enumeration
alujas patricia,Patricia Alujas,1996-05-08,search
borges fernandes patricia,Patricia Borges Fernandes,1983-03-27,search
gouveia patricia pinto,Patricia Pinto Gouveia,1985-02-24,enumeration
patricia vidonic,Patricia Vidonic,1979-08-11,search
patricio pitbull,Patricio Pitbull,1987-07-07,search
brady patrick,Patrick Brady,1984-02-12,search
cenoble patrick,Patrick Cenoble,1989-11-17,enumeration
connors patrick,Patrick Connors,1994-08-10,search
corrigan patrick,Patrick Corrigan,1993-05-13,enumeration
cote patrick,Patrick Cote,1980-02-29,search
cummins patrick,Patrick Cummins,1980-11-16,search
habirora patrick,Patrick Habirora,2001-03-26,enumeration
holohan patrick,Patrick Holohan,1988-05-03,search
lehane patrick,Patrick Lehane,1999-08-17,search
martin patrick,Patrick Martin,1983-10-10,search
miller patrick,Patrick Miller,1984-01-14,search
patrick quadros,Patrick Quadros,1993-03-11,search
patrick rivera,Patrick Rivera,1992-02-24,search
patrick surdyn,Patrick Surdyn,1995-05-22,enumeration
patrick thomas,Patrick Thomas,1987-09-04,enumeration
patrick smith trey,Patrick Trey Smith,1963-07-16,enumeration
patrick vallee,Patrick Vallee,1980-09-02,search
patrick walsh,Patrick Walsh,1988-11-28,search
patrick williams,Patrick Williams,1981-09-07,search
patrick ybarra,Patrick Ybarra,1990-05-15,enumeration
patricky pitbull,Patricky Pitbull,1986-06-01,enumeration
kincl patrik,Patrik Kincl,1989-07-21,search
patrik white,Patrik White,1993-06-11,search
patrique tavares,Patrique Tavares,1985-12-05,search
de patrizio sousa,Patrizio de Sousa,1987-11-20,search
dunski patryk,Patryk Dunski,1993-04-15,enumeration
grudniewski patryk,Patryk Grudniewski,1983-06-11,enumeration
kaczmarczyk patryk,Patryk Kaczmarczyk,1998-06-23,search
bradley paul,Paul Bradley,1983-05-17,search
buentello paul,Paul Buentello,1974-01-16,search
burgin paul,Paul Burgin,1993-06-15,search
capaldo paul,Paul Capaldo,1996-12-27,search
cheng paul,Paul Cheng,1976-08-04,enumeration
craig paul,Paul Craig,1987-11-27,search
daley paul,Paul Daley,1983-02-21,search
elizondo jr paul,Paul Elizondo Jr.,1991-08-24,search
elliott paul,Paul Elliott,1992-07-13,enumeration
felder paul,Paul Felder,1984-04-25,search
funk paul,Paul Funk,1988-08-03,enumeration
gardner paul,Paul Gardner,1978-01-13,enumeration
georgieff paul,Paul Georgieff,1982-09-22,search
grant paul,Paul Grant,1993-12-04,search
hughes paul,Paul Hughes,1997-03-27,search
kelly paul,Paul Kelly,1984-09-12,enumeration
kimble paul,Paul Kimble,1998-08-04,search
marin paul,Paul Marin,1985-02-07,search
marquez moreno paul,Paul Marquez Moreno,1990-06-10,enumeration
mcveigh paul,Paul McVeigh,1982-04-15,search
paul redmond,Paul Redmond,1986-10-20,search
paul rodriguez,Paul Rodriguez,1975-05-18,search
paul ruiz,Paul Ruiz,1987-08-23,search
paul sass,Paul Sass,1988-08-04,search
paul sims,Paul Sims,1992-11-07,search
paul slowinski,Paul Slowinski,1980-09-24,enumeration
paul taylor,Paul Taylor,1979-12-15,enumeration
paul teague,Paul Teague,1989-01-10,search
paul traish,Paul Traish,1980-12-02,enumeration
gnaze paulemmanuel,Paul-Emmanuel Gnaze,1993-02-11,search
cristina paula,Paula Cristina,1995-04-03,enumeration
luna paula,Paula Luna,1999-07-05,search
paulina suska,Paulina Suska,1985-05-05,enumeration
paulina vargas,Paulina Vargas,1989-01-31,search
paulina wisniewska,Paulina Wisniewska,1998-11-27,search
macias pauline,Pauline Macias,1988-06-27,search
paulistenio rocha,Paulistenio Rocha,1982-08-11,search
mcbain paull,Paull McBain,1989-02-27,search
bananada paulo,Paulo Bananada,1984-10-11,enumeration
boer paulo,Paulo Boer,1985-11-26,search
cesar paulo,Paulo Cesar,1983-06-16,enumeration
cesar dos paulo santos,Paulo Cesar Dos Santos,1983-07-16,search
cesar oliveira paulo,Paulo Cesar Oliveira,1989-04-08,search
costa paulo,Paulo Costa,1991-04-21,enumeration
filho paulo,Paulo Filho,1978-05-24,search
goncalves paulo silva,Paulo Goncalves Silva,1984-10-11,enumeration
henrique paulo rodrigues,Paulo Henrique Rodrigues,1995-04-28,enumeration
laia paulo,Paulo Laia,1992-03-08,enumeration
junior mauricio paulo,Paulo Mauricio Junior,1995-04-12,enumeration
paulo pizzo,Paulo Pizzo,1980-10-11,search
jr paulo renato,Paulo Renato Jr.,1994-01-25,search
paulo ricardo rodrigues,Paulo Ricardo Rodrigues,1991-01-10,search
aquiles paulo roberto,Paulo Roberto Aquiles,1989-08-22,search
da junior nogueira paulo roberto silva,Paulo Roberto Nogueira da Silva Junior,1977-09-24,search
paulo robinson,Paulo Robinson,1990-08-09,search
fernandes paulo robson,Paulo Robson Fernandes,1988-04-10,search
paulo santana,Paulo Santana,1989-11-01,enumeration
de oliveira paulo rego sergio,Paulo Sergio de Oliveira Rego,1987-11-15,search
dos paulo santos sergio,Paulo Sergio dos Santos,1991-01-01,enumeration
paulo thiago,Paulo Thiago,1981-01-25,search
lumihi paulus,Paulus Lumihi,1988-01-21,search
masalski paval,Paval Masalski,1994-07-03,search
dailidko pavel,Pavel Dailidko,1991-07-14,search
doroftei pavel,Pavel Doroftei,1989-07-12,search
gordeev pavel,Pavel Gordeev,1993-10-13,search
katrunov pavel,Pavel Katrunov,1989-03-26,enumeration
kusch pavel,Pavel Kusch,1988-08-22,search
pavel tretyakov,Pavel Tretyakov,1989-07-08,enumeration
pavel vitruk,Pavel Vitruk,1990-12-20,search
maan pawan,Pawan Maan,1986-04-06,enumeration
hadas pawel,Pawel Hadas,1986-02-18,enumeration
kielek pawel,Pawel Kielek,1996-01-12,enumeration
klimas pawel,Pawel Klimas,1997-12-10,enumeration
nakonieczny pawel,Pawel Nakonieczny,1983-04-15,enumeration
nastula pawel,Pawel Nastula,1970-06-26,enumeration
pawel pawlak,Pawel Pawlak,1989-02-08,search
pawel polityo,Pawel Polityło,1992-03-12,enumeration
pawel zalewski,Pawel Zalewski,1984-10-16,enumeration
pawel zegar,Pawel Zegar,1991-08-02,enumeration
pawel zyglinski,Pawel Zyglinski,1993-09-06,enumeration
brezinski payton,Payton Brezinski,1993-09-26,search
payton talbott,Payton Talbott,1998-09-09,search
magomedov payzulla,Payzulla Magomedov,1996-11-08,enumeration
gonzalez pearl,Pearl Gonzalez,1986-08-12,search
carvalho pedro,Pedro Carvalho,1995-08-08,enumeration
falcao pedro,Pedro Falcao,1992-07-30,search
farias pedro,Pedro Farias,1997-01-08,enumeration
gomes pedro,Pedro Gomes,1990-03-16,enumeration
henrique pedro,Pedro Henrique,1996-04-27,search
finger henrique pedro,Pedro Henrique Finger,1997-04-03,search
dos gomes henrique pedro santos,Pedro Henrique Gomes Dos Santos,1993-04-21,enumeration
henrique pedro queiroz,Pedro Henrique Queiroz,1994-12-24,search
lopes pedro,Pedro Lopes,2000-08-14,search
martins pedro,Pedro Martins,2000-01-11,enumeration
munhoz pedro,Pedro Munhoz,1986-09-07,search
nobre pedro,Pedro Nobre,1986-02-13,search
oliveira pedro,Pedro Oliveira,1999-04-30,enumeration
paulino pedro,Pedro Paulino,1984-04-25,enumeration
carvalho paulo pedro,Pedro Paulo Carvalho,1991-01-15,enumeration
dos paulo pedro santos,Pedro Paulo dos Santos,1985-10-09,enumeration
paulo pedro rocha,Pedro Paulo Rocha,1995-12-22,search
pedro rizzo,Pedro Rizzo,1974-05-03,search
pedro souza,Pedro Souza,1988-05-22,enumeration
pedro velasco,Pedro Velasco,1987-01-11,search
morgan peggy,Peggy Morgan,1979-12-16,enumeration
allamov pena,Pena Allamov,1997-10-08,search
liu pengshuai,Pengshuai Liu,1996-07-19,search
franklin per,Per Franklin,1983-07-21,search
herrera percy,Percy Herrera,1992-12-06,search
goodwin perry,Perry Goodwin,1992-07-03,search
perry stargel,Perry Stargel,1996-05-02,search
martin pete,Pete Martin,1986-07-07,enumeration
pete rodriguez,Pete Rodriguez,1996-11-13,search
jr pete rogers,Pete Rogers Jr.,1975-09-07,search
pete sell,Pete Sell,1982-08-05,enumeration
pete spratt,Pete Spratt,1971-01-09,enumeration
barrett peter,Peter Barrett,1986-08-10,search
caballero peter,Peter Caballero,1990-01-14,search
danesoe peter,Peter Danesoe,2000-09-01,search
graham peter,Peter Graham,1975-08-05,search
keepers peter,Peter Keepers,1997-08-14,search
knize peter,Peter Knize,1977-07-24,enumeration
ligier peter,Peter Ligier,1986-11-07,search
new peter,Peter New,1987-03-06,enumeration
nolan peter,Peter Nolan,1979-07-27,enumeration
peter petties,Peter Petties,1990-12-20,search
peter queally,Peter Queally,1989-02-19,enumeration
antonio peter san,Peter San Antonio,1987-06-11,search
peter sobotta,Peter Sobotta,1987-01-11,search
peter stanonik,Peter Stanonik,1988-07-20,search
peter templer,Peter Templer,1998-01-12,enumeration
petr pomortsev,Petr Pomortsev,1994-08-09,enumeration
petr tesar,Petr Tesař,1999-08-13,enumeration
petr yan,Petr Yan,1993-02-11,search
castkova petra,Petra Castkova,1981-12-19,search
petros skafias,Petros Skafias,1994-04-17,enumeration
buzdugan petru,Petru Buzdugan,2000-07-17,search
phelipe silva,Phelipe Silva,1998-02-05,enumeration
baroni phil,Phil Baroni,1976-04-16,search
caracappa phil,Phil Caracappa,1992-06-05,search
dace phil,Phil Dace,1985-10-24,search
daru phil,Phil Daru,1988-11-20,enumeration
davis phil,Phil Davis,1984-09-25,search
de fries phil,Phil De Fries,1986-04-21,search
harris phil,Phil Harris,1983-04-09,search
hawes phil,Phil Hawes,1989-01-08,search
latu phil,Phil Latu,1991-02-17,enumeration
phil raeburn,Phil Raeburn,1982-06-16,search
phil rowe,Phil Rowe,1990-07-18,search
phil wells,Phil Wells,1987-09-04,search
morehead philip,Philip Morehead,1991-02-17,enumeration
mulpeter philip,Philip Mulpeter,1988-11-17,search
lins philipe,Philipe Lins,1985-08-17,search
mcglothlin phillip,Phillip McGlothlin,1985-12-03,enumeration
phillip shriver,Phillip Shriver,1975-11-10,enumeration
nover phillipe,Phillipe Nover,1984-02-03,search
chaichongcharden phruethukorn,Phruethukorn Chaichongcharden,1994-07-29,enumeration
nkuta phumi,Phumi Nkuta,1995-07-27,search
piankhi zimmerman,Piankhi Zimmerman,1985-09-05,search
piera rodriguez,Piera Rodriguez,1992-11-11,search
guaylupo piero,Piero Guaylupo,2004-10-29,enumeration
piero severo,Piero Severo,1981-10-24,enumeration
berillon pierre,Pierre Berillon,1993-02-24,enumeration
pierre sauvage,Pierre Sauvage,1995-02-15,enumeration
pierre walters,Pierre Walters,1986-03-25,enumeration
buist pieter,Pieter Buist,1988-03-01,search
menga pietro,Pietro Menga,1988-02-15,search
penini pietro,Pietro Penini,1993-02-03,search
liu pingyuan,Pingyuan Liu,1993-02-13,search
chmielecki piotr,Piotr Chmielecki,1985-02-16,search
hallmann piotr,Piotr Hallmann,1987-08-25,search
kacprzak piotr,Piotr Kacprzak,1998-01-23,search
kaminski piotr,Piotr Kaminski,1996-07-09,search
niedzielski piotr,Piotr Niedzielski,1991-01-12,search
piotr strus,Piotr Strus,1988-09-03,search
piotr walawski,Piotr Walawski,1997-09-13,search
piotr wawrzyniak,Piotr Wawrzyniak,1991-02-23,search
piotr wroblewski,Piotr Wroblewski,1998-08-31,search
bachvarov plamen,Plamen Bachvarov,1993-11-24,enumeration
penchev plamen,Plamen Penchev,1992-06-29,search
botelho poliana,Poliana Botelho,1988-12-15,search
petukhova polina,Polina Petukhova,1999-07-02,enumeration
miller pollyanna,Pollyanna Miller,2003-03-12,enumeration
polo reyes,Polo Reyes,1984-11-07,enumeration
nakanelua pololu,Pololu Nakanelua,1995-03-18,search
polyana viana,Polyana Viana,1992-06-14,search
alves jr porfirio,Porfirio Alves Jr.,1982-01-25,search
iii portland pringle,Portland Pringle III,1983-08-26,search
pouya rahmani,Pouya Rahmani,1992-07-27,search
prakash raut,Prakash Raut,1993-01-25,enumeration
lagrange preston,Preston LaGrange,1998-12-16,search
parsons preston,Preston Parsons,1995-07-15,search
primoz vrbinc,Primoz Vrbinc,1990-02-18,search
ellerbe prince,Prince Ellerbe,1986-01-08,enumeration
mclean prince,Prince McLean,1986-07-17,search
cachoeira priscila,Priscila Cachoeira,1988-08-19,search
de priscila souza,Priscila de Souza,1989-07-20,enumeration
gomes priscila,Priscila Gomes,1993-07-23,search
gaol priscilla,Priscilla Gaol,1988-05-16,enumeration
priya sharma,Priya Sharma,1991-08-29,enumeration
mysiala przemyslaw,Przemyslaw Mysiala,1982-09-08,search
puja tomar,Puja Tomar,1993-12-05,search
punahele soriano,Punahele Soriano,1992-11-22,search
pallata qendrim,Qendrim Pallata,1993-11-14,search
qihui yan,Qihui Yan,1996-10-21,search
qiulun,Qiulun,1997-07-08,enumeration
qiwang,Qiwang,1992-09-09,enumeration
le quang,Quang Le,1991-10-18,search
braga queila,Queila Braga,1987-06-05,search
ottoni quemuel,Quemuel Ottoni,1992-10-22,search
arola quentin,Quentin Arola,1988-12-15,search
campbell quentin,Quentin Campbell,1992-07-21,search
henry quentin,Quentin Henry,1989-11-05,search
quesia zbonik,Quesia Zbonik,1996-11-20,enumeration
quillan salkilld,Quillan Salkilld,1999-12-28,search
mulhern quinn,Quinn Mulhern,1984-09-20,enumeration
culpepper quinten,Quinten Culpepper,1987-09-29,search
bray quintin,Quintin Bray,1988-10-20,search
jackson quinton,Quinton Jackson,1978-06-20,search
mccottrell quinton,Quinton McCottrell,1983-01-31,search
jr parks quinton,Quinton Parks Jr.,1990-06-17,search
hoyt rj,R.J. Hoyt,1989-01-27,search
cameron rmandel,R'Mandel Cameron,1990-04-27,enumeration
rabil sabirli,Rabil Sabirli,1994-09-26,enumeration
dhant rabindra,Rabindra Dhant,1998-11-30,search
race sawyer,Race Sawyer,1984-01-17,search
ostovich rachael,Rachael Ostovich,1991-02-25,search
el hazoume rachid,Rachid El Hazoume,1992-10-19,search
metlouti rachid,Rachid Metlouti,1980-06-28,search
martinez rad,Rad Martinez,1987-03-12,enumeration
da radley silva,Radley da Silva,1995-06-20,search
radoslav tomasovic,Radoslav Tomasovic,1991-10-08,enumeration
klepczarek radoslaw,Radoslaw Klepczarek,1986-04-01,search
paczuski radoslaw,Radoslaw Paczuski,1993-01-24,search
radoslaw slodkiewicz,Radoslaw Slodkiewicz,1976-06-11,enumeration
radoslaw tarnawa,Radoslaw Tarnawa,1988-03-20,enumeration
maxim radu,Radu Maxim,1991-04-06,enumeration
ok rae yoon,Rae Yoon Ok,1991-03-23,search
garcia rafa,Rafa Garcia,1994-08-05,search
alves rafael,Rafael Alves,1990-11-14,enumeration
aronov rafael,Rafael Aronov,1994-08-22,search
atilio rafael,Rafael Atilio,1992-08-18,search
barbosa rafael,Rafael Barbosa,1997-10-23,search
calderon rafael,Rafael Calderon,1996-02-10,enumeration
carolino rafael,Rafael Carolino,1985-01-05,enumeration
carvalho rafael,Rafael Carvalho,1986-07-27,enumeration
cavalcante rafael,Rafael Cavalcante,1981-01-11,search
celestino rafael,Rafael Celestino,1980-01-22,search
alves cellomar rafael vieira,Rafael Cellomar Vieira Alves,1988-08-15,enumeration
cerqueira rafael,Rafael Cerqueira,1990-03-15,search
costa rafael,Rafael Costa,1997-04-13,enumeration
costa da rafael,Rafael da Costa,1992-05-17,enumeration
cordeiro da rafael silva,Rafael da Silva Cordeiro,1988-04-13,search
dias rafael,Rafael Dias,1979-10-20,enumeration
do nascimento rafael,Rafael do Nascimento,1991-11-15,enumeration
anjos dos rafael,Rafael dos Anjos,1984-10-26,search
estevam rafael,Rafael Estevam,1996-08-10,search
ferreira rafael,Rafael Ferreira,1990-06-21,enumeration
fiziev rafael,Rafael Fiziev,1993-03-05,search
francelino rafael,Rafael Francelino,1999-03-19,search
justino rafael,Rafael Justino,1982-03-24,enumeration
jr lovato rafael,Rafael Lovato Jr.,1983-06-25,search
almeida de luiz rafael,Rafael Luiz de Almeida,1987-05-18,enumeration
macedo rafael,Rafael Macedo,1986-08-11,enumeration
marquezani rafael,Rafael Marquezani,1995-02-19,enumeration
correa matias rafael,Rafael Matias Correa,1987-08-01,enumeration
monteiro rafael,Rafael Monteiro,1985-08-18,enumeration
montouro rafael ribeiro,Rafael Montouro Ribeiro,1997-11-10,search
natal rafael,Rafael Natal,1982-12-25,search
nunes rafael,Rafael Nunes,1987-12-18,enumeration
nunez rafael,Rafael Nunez,1988-12-08,enumeration
oliveira rafael,Rafael Oliveira,1990-05-30,enumeration
pereira rafael,Rafael Pereira,1992-03-15,enumeration
pergentino rafael,Rafael Pergentino,2002-01-08,search
potrick rafael,Rafael Potrick,1996-05-21,enumeration
primo rafael,Rafael Primo,1980-04-07,enumeration
cossio peluffo rafael raul,Rafael Raul Peluffo Cossio,1982-11-22,enumeration
de rafael silva souza,Rafael Silva de Souza,1995-02-19,search
cardoso rafael soldan,Rafael Soldan Cardoso,1985-09-25,enumeration
rafael souza,Rafael Souza,1985-08-11,enumeration
rafael tobias,Rafael Tobias,2003-03-20,search
do nascimento rafael trindade,Rafael Trindade do Nascimento,1990-09-21,search
rafael viana,Rafael Viana,1985-03-18,search
rafael xavier,Rafael Xavier,1991-01-12,search
bernardo rafaela,Rafaela Bernardo,1999-04-15,enumeration
rafaela rodrigues,Rafaela Rodrigues,1994-04-03,enumeration
oliveira rafaello,Rafaello Oliveira,1982-01-26,search
haratyk rafal,Rafal Haratyk,1987-08-11,search
kijanczuk rafal,Rafal Kijanczuk,1992-10-29,search
lewon rafal,Rafal Lewon,1982-10-02,search
moks rafal,Rafal Moks,1986-09-04,search
forest raheam,Raheam Forest,1997-07-11,search
rahul raju,Rahul Raju,1991-04-19,enumeration
kovacs raiden,Raiden Kovacs,1996-09-19,search
endo raiki,Raiki Endo,1991-11-22,enumeration
de railson ribeiro silva souza,Railson Ribeiro de Souza Silva,1988-03-11,enumeration
magomedaliev raimond,Raimond Magomedaliev,1990-06-10,search
jr lima moreno raimundo,Raimundo Moreno Lima Jr.,1984-07-05,enumeration
guerrero rainn,Rainn Guerrero,1992-05-13,search
raja shippen,Raja Shippen,1986-10-07,search
bagri rakesh,Rakesh Bagri,1998-12-25,enumeration
makhazhiev rakhman,Rakhman Makhazhiev,1992-05-05,search
cleveland rakim,Rakim Cleveland,1989-04-25,search
abbott raleigh,Raleigh Abbott,1988-10-13,enumeration
gracie ralek,Ralek Gracie,1985-10-04,enumeration
acosta ralph,Ralph Acosta,1981-04-16,search
johnson ralph,Ralph Johnson,1986-06-27,search
ralph valdez,Ralph Valdez,1990-02-03,enumeration
ralston thomas,Ralston Thomas,1991-03-14,search
rama supandhi,Rama Supandhi,1991-11-07,search
noaman ramadan,Ramadan Noaman,1991-04-24,search
emeev ramazan,Ramazan Emeev,1987-05-23,search
gitinov ramazan,Ramazan Gitinov,1997-02-09,search
isaev ramazan,Ramazan Isaev,1996-01-22,search
kuramagomedov ramazan,Ramazan Kuramagomedov,1996-08-23,search
mukailov ramazan,Ramazan Mukailov,1988-09-03,enumeration
mustafaev ramazan,Ramazan Mustafaev,1998-01-18,search
ramazan ramazanov,Ramazan Ramazanov,1967-01-07,enumeration
ramazan temirov,Ramazan Temirov,1997-01-31,search
rameau sokoudjou thierry,Rameau Thierry Sokoudjou,1984-04-18,search
aziz rami,Rami Aziz,1991-09-01,search
hamed rami,Rami Hamed,1991-04-25,search
blackmon ramico,Ramico Blackmon,1972-09-12,enumeration
ramir wilson,Ramir Wilson,1988-11-26,enumeration
hernandez ramiro,Ramiro Hernandez,1986-07-22,search
jimenez ramiro,Ramiro Jimenez,1999-01-16,search
castillo ramiro ruiz,Ramiro Ruiz Castillo,1987-09-09,enumeration
ramis teregulov,Ramis Teregulov,1986-10-07,enumeration
brahimaj ramiz,Ramiz Brahimaj,1992-11-17,search
barber ramon,Ramon Barber,1982-04-12,search
butts ramon,Ramon Butts,1980-05-23,search
cardozo ramon,Ramon Cardozo,1994-10-27,search
conrado ramon,Ramon Conrado,1988-12-22,enumeration
emilio martinez ramon,Ramon Emilio Martinez,1983-08-26,search
dos lucio ramon santos,Ramon Lucio dos Santos,1984-06-20,enumeration
ramon taveras,Ramon Taveras,1994-01-09,search
ramon willis,Ramon Willis,1991-01-18,enumeration
pascual ramona,Ramona Pascual,1988-09-23,search
cruz ramos,Ramos Cruz,1985-11-17,search
nijem ramsey,Ramsey Nijem,1988-04-01,search
pratap rana rudra singh,Rana Rudra Pratap Singh,1997-05-09,search
jones rance,Rance Jones,1988-08-02,search
markos randa,Randa Markos,1985-08-10,enumeration
field randi,Randi Field,1990-04-25,search
brown randy,Randy Brown,1990-07-08,search
costa randy,Randy Costa,1994-07-06,search
couture randy,Randy Couture,1963-06-22,enumeration
mccarty randy,Randy McCarty,1974-06-11,search
mccullough randy,Randy McCullough,1986-10-09,enumeration
randy rowland,Randy Rowland,1991-06-02,search
randy sanchez,Randy Sanchez,1979-06-06,enumeration
randy steinke,Randy Steinke,1985-12-31,search
randy tran,Randy Tran,1995-03-28,search
randy villarreal,Randy Villarreal,1986-12-26,search
de rangel sa,Rangel de Sa,1996-09-08,search
jauregui ranger,Ranger Jauregui,1991-10-22,enumeration
rani yahya,Rani Yahya,1984-09-12,search
bueno ranieri yuri zenidim,Ranieri Yuri Zenidim Bueno,1996-03-12,enumeration
rany saadeh,Rany Saadeh,1993-05-25,search
barcelos raoni,Raoni Barcelos,1987-05-01,search
raoul romero,Raoul Romero,1968-11-27,enumeration
assuncao raphael,Raphael Assuncao,1982-07-19,search
butler raphael,Raphael Butler,1984-01-04,search
davis raphael,Raphael Davis,1976-09-01,search
montini raphael,Raphael Montini,1989-02-04,enumeration
pessoa raphael,Raphael Pessoa,1989-03-09,search
raphael rodrigues,Raphael Rodrigues,1989-01-13,enumeration
raphael uchegbu,Raphael Uchegbu,1995-08-16,search
canuto raquel,Raquel Canuto,1990-10-14,enumeration
pennington raquel,Raquel Pennington,1988-09-05,search
hylton ras,Ras Hylton,1988-02-09,search
rashaad robinson,Rashaad Robinson,1994-02-03,search
coulter rashad,Rashad Coulter,1981-11-27,search
evans rashad,Rashad Evans,1979-09-25,search
lovelace rashard,Rashard Lovelace,1989-04-05,enumeration
jackson rashaun,Rashaun Jackson,1987-03-24,search
rashaun spencer,Rashaun Spencer,1990-06-07,search
abdullah rashid,Rashid Abdullah,1985-09-27,search
humaev rashid,Rashid Humaev,1995-05-18,enumeration
magomedov rashid,Rashid Magomedov,1984-05-14,search
mlegelo rashid,Rashid Mlegelo,2000-03-13,enumeration
rashid vagabov,Rashid Vagabov,1998-06-27,search
rashid yusupov,Rashid Yusupov,1992-05-15,search
mammaev rasul,Rasul Mammaev,1994-10-02,enumeration
mirzaev rasul,Rasul Mirzaev,1986-03-30,search
rasul shovhalov,Rasul Shovhalov,1990-06-30,enumeration
rasul yakhyaev,Rasul Yakhyaev,1991-06-20,search
ratavious thrasher,Ratavious Thrasher,1996-10-16,enumeration
ciprian ratza,Ratza Ciprian,1981-09-11,enumeration
raufeon stots,Raufeon Stots,1988-12-16,search
amaya raul,Raul Amaya,1986-02-02,enumeration
andrade brito de raul,Raul De Andrade Brito,1992-12-28,enumeration
garcia raul,Raul Garcia,1995-11-22,enumeration
navarrette raul,Raul Navarrette,1995-12-11,search
raul romero,Raul Romero,1971-06-24,search
jr raul rosas,Raul Rosas Jr.,2004-10-08,search
raul tutarauli,Raul Tutarauli,1992-05-10,search
paiva raulian,Raulian Paiva,1995-10-17,search
manfio raush,Raush Manfio,1991-11-03,search
guice raven,Raven Guice,1986-06-27,enumeration
oliveira ravena,Ravena Oliveira,1997-02-20,search
baxter ravon,Ravon Baxter,1996-03-01,search
borg ray,Ray Borg,1993-08-04,search
cooper iii ray,Ray Cooper III,1993-02-07,search
jones ray,Ray Jones,1994-02-18,search
ostrander ray,Ray Ostrander,1987-09-02,search
ray sefo,Ray Sefo,1971-02-15,enumeration
ray steinbeiss,Ray Steinbeiss,1979-09-12,search
ray vaiza,Ray Vaiza,1993-01-27,enumeration
atmani rayan,Rayan Atmani,1993-02-20,search
dos rayanne santos,Rayanne dos Santos,1995-06-08,search
marcondes raylan,Raylan Marcondes,1991-09-26,enumeration
dos moreira raylan santos,Raylan Moreira Dos Santos,1990-01-24,enumeration
quintana raymart,Raymart Quintana,1995-09-02,enumeration
bruno raymison,Raymison Bruno,1992-01-10,search
camp raymond,Raymond Camp,1982-10-14,enumeration
daniels raymond,Raymond Daniels,1980-04-29,enumeration
gray raymond,Raymond Gray,1985-10-28,search
jarman raymond,Raymond Jarman,1981-04-03,search
pina raymond,Raymond Pina,1990-10-13,search
ramos raymond,Raymond Ramos,1989-11-08,search
raymond smith,Raymond Smith,1991-02-26,enumeration
raymond tan,Raymond Tan,1987-07-19,enumeration
raymond yanez,Raymond Yanez,1985-01-06,search
raynold telus,Raynold Telus,1984-01-09,enumeration
bring raz,Raz Bring,1996-04-07,search
alhassan razak,Razak Al-Hassan,1983-04-14,enumeration
razhabali shaydullaev,Razhabali Shaydullaev,2000-10-11,enumeration
heintzman rebecca,Rebecca Heintzman,1986-09-04,enumeration
rebecca ruth,Rebecca Ruth,1979-01-11,search
fazil rebin,Rebin Fazil,1990-04-06,enumeration
bentaleb redouan,Redouan Bentaleb,1999-02-02,search
cairo redouan,Redouan Cairo,1982-11-29,enumeration
mcewan reece,Reece McEwan,1995-01-29,search
mclaren reece,Reece McLaren,1991-09-17,search
andy reese,Reese Andy,1973-03-31,enumeration
reese watkins,Reese Watkins,2001-11-24,search
cato reggie,Reggie Cato,1981-06-12,search
merriweather reggie,Reggie Merriweather,1990-12-17,search
pena reggie,Reggie Pena,1983-04-09,search
regina tarin,Regina Tarin,2004-10-19,search
mack reginald,Reginald Mack,1995-08-14,enumeration
felix reginaldo,Reginaldo Felix,1985-06-26,search
alves ferreira reginaldo,Reginaldo Ferreira Alves,1979-09-29,enumeration
junior reginaldo,Reginaldo Junior,1999-02-10,enumeration
reginaldo vieira,Reginaldo Vieira,1982-11-26,search
regis sugden,Regis Sugden,1995-07-27,enumeration
carvalho regivaldo,Regivaldo Carvalho,1994-01-19,search
rei tsuruya,Rei Tsuruya,2002-06-22,search
miura reina,Reina Miura,1996-07-22,search
ekson reinaldo,Reinaldo Ekson,1989-03-08,search
conde inocencio reinaldo,Reinaldo Inocencio Conde,1993-03-03,search
kevine reine,Reine Kevine,1993-12-20,enumeration
de reinier ridder,Reinier de Ridder,1990-09-07,search
hiramoto ren,Ren Hiramoto,1998-06-27,search
ozaki ren,Ren Ozaki,2001-12-15,search
kubota rena,Rena Kubota,1991-06-29,search
renaldo weekley,Renaldo Weekley,1993-02-09,enumeration
renalius,Renalius,1987-07-02,enumeration
barao renan,Renan Barao,1987-01-31,search
carlos dos renan santos silva,Renan Carlos dos Santos Silva,1989-07-09,search
baptista cesar renan,Renan Cesar Baptista,2002-01-03,search
ferreira renan,Renan Ferreira,1989-11-23,search
leal renan,Renan Leal,1984-02-22,search
martins renan,Renan Martins,1991-08-28,enumeration
mendonca pereira renan,Renan Mendonca Pereira,1993-03-12,enumeration
oliveira renan,Renan Oliveira,1993-04-24,search
da renan romes silva,Renan Romes Da Silva,1993-03-29,enumeration
khavalov renat,Renat Khavalov,1998-08-06,search
lyatifov renat,Renat Lyatifov,1989-07-02,search
ondar renat,Renat Ondar,1995-02-07,search
da jr renato silva,Renato da Silva Jr.,1983-06-26,search
gomes renato,Renato Gomes,1987-04-04,enumeration
gabriel gomes renato,Renato Gomes Gabriel,1987-04-04,search
carriel higen renato,Renato Higen Carriel,1987-11-29,enumeration
moicano renato,Renato Moicano,1989-05-21,enumeration
renato sobral,Renato Sobral,1975-07-09,search
renato valente,Renato Valente,1992-08-02,enumeration
renato velame,Renato Velame,1983-03-03,search
catalan rene,Rene Catalan,1978-12-12,enumeration
catalan jr rene,Rene Catalan Jr.,2004-10-06,search
hoppe rene,Rene Hoppe,1981-08-08,enumeration
otgontulga rentsen,Rentsen Otgontulga,1992-02-28,search
gracie renzo,Renzo Gracie,1967-03-11,enumeration
martinez renzo,Renzo Martinez,1997-04-18,search
hansen reo,Reo Hansen,1996-01-30,search
ashirov resant,Resant Ashirov,1999-10-18,enumeration
duran reuben,Reuben Duran,1983-07-02,enumeration
harris rex,Rex Harris,1982-12-21,search
littell rex,Rex Littell,1983-07-04,enumeration
docyogen rey,Rey Docyogen,1983-04-02,enumeration
rey trujillo,Rey Trujillo,1982-01-11,search
cortez jr reyes,Reyes Cortez Jr.,1992-07-31,search
gracie reylan,Reylan Gracie,1989-12-09,enumeration
arianto reza,Reza Arianto,2000-07-08,enumeration
babaei reza,Reza Babaei,1997-07-06,enumeration
madadi reza,Reza Madadi,1980-06-20,enumeration
gracie rhalan,Rhalan Gracie,1987-09-04,search
bernardo rhalber,Rhalber Bernardo,1981-05-08,search
mckee rhys,Rhys McKee,1995-09-10,search
rian tavares,Rian Tavares,1996-04-08,enumeration
abreu ricardo,Ricardo Abreu,1984-04-27,enumeration
almeida ricardo,Ricardo Almeida,1976-11-29,enumeration
amorim ricardo,Ricardo Amorim,1978-07-11,enumeration
arona ricardo,Ricardo Arona,1978-07-17,search
chavez ricardo,Ricardo Chavez,1993-08-04,search
dias ricardo,Ricardo Dias,1990-11-13,search
fuentes ricardo,Ricardo Fuentes,1997-05-21,search
funch ricardo,Ricardo Funch,1980-08-14,enumeration
hernandez ricardo,Ricardo Hernandez,1990-03-18,search
jimenez ricardo,Ricardo Jimenez,1988-09-22,search
juan mccall ricardo,Ricardo Juan McCall,1985-03-16,enumeration
lamas ricardo,Ricardo Lamas,1982-05-21,search
jr lima ricardo,Ricardo Lima Jr.,2000-05-23,enumeration
mayorga ricardo,Ricardo Mayorga,1973-10-03,enumeration
monteiro ricardo,Ricardo Monteiro,1993-03-26,search
moraes ricardo,Ricardo Moraes,1992-07-25,enumeration
chaves jr nogueira ricardo,Ricardo Nogueira Chaves Jr.,1991-06-29,enumeration
prasel ricardo,Ricardo Prasel,1990-06-02,search
ramirez ricardo,Ricardo Ramirez,1993-07-09,search
ramos ricardo,Ricardo Ramos,1995-08-01,search
ricardo romero,Ricardo Romero,1978-04-15,enumeration
ricardo sattelmayer,Ricardo Sattelmayer,1981-04-02,search
ricardo seixas,Ricardo Seixas,1990-10-06,search
ricardo silva,Ricardo Silva,1989-01-26,enumeration
ricardo tirloni,Ricardo Tirloni,1983-02-03,search
nosiglia riccardo,Riccardo Nosiglia,1989-04-16,search
ralston ricco,Ricco Ralston,1987-08-27,search
ricco rodriguez,Ricco Rodriguez,1977-08-19,search
attonito rich,Rich Attonito,1977-06-16,enumeration
clementi rich,Rich Clementi,1977-03-31,search
franklin rich,Rich Franklin,1974-10-05,search
rich stafford,Rich Stafford,1986-11-28,enumeration
barnard richard,Richard Barnard,1989-05-16,search
crunkilton richard,Richard Crunkilton,1979-11-25,search
foster richard,Richard Foster,1984-09-24,search
hale richard,Richard Hale,1985-05-17,enumeration
jacobi richard,Richard Jacobi,1993-09-28,search
muzaan richard,Richard Muzaan,2001-04-13,search
odoms richard,Richard Odoms,1975-05-08,search
palencia richard,Richard Palencia,1990-01-20,search
patishnock richard,Richard Patishnock,1987-11-25,search
richard walsh,Richard Walsh,1988-12-01,enumeration
richard white,Richard White,1987-03-03,search
moreira richardson,Richardson Moreira,1984-03-31,enumeration
edwards richie,Richie Edwards,1981-08-13,enumeration
lewis richie,Richie Lewis,1994-07-04,search
miranda richie,Richie Miranda,1994-08-12,search
richie santiago,Richie Santiago,1992-10-10,search
richie smullen,Richie Smullen,1991-08-17,search
richie vaculik,Richie Vaculik,1983-06-19,search
gangia rick,Rick Gangia,1994-10-16,enumeration
hawn rick,Rick Hawn,1976-09-15,search
james rick,Rick James,1984-07-06,search
pfeifer rick,Rick Pfeifer,1986-02-27,enumeration
reger rick,Rick Reger,1987-02-20,enumeration
rick story,Rick Story,1984-08-28,search
furar rickey,Rickey Furar,1990-06-30,search
moore rickie,Rickie Moore,1990-05-03,enumeration
rickson zenidim,Rickson Zenidim,1999-02-17,enumeration
abdelaziz ricky,Ricky Abdelaziz,1987-03-17,enumeration
bandejas ricky,Ricky Bandejas,1991-11-26,search
biechun ricky,Ricky Biechun,1993-05-09,enumeration
calatayud ricky,Ricky Calatayud,1982-10-10,enumeration
glenn ricky,Ricky Glenn,1989-04-12,search
jones jr ricky,Ricky Jones Jr.,1989-06-16,search
jr legere ricky,Ricky Legere Jr.,1985-12-21,enumeration
murphy ricky,Ricky Murphy,1990-04-05,enumeration
musgrave ricky,Ricky Musgrave,1984-03-12,search
palacios ricky,Ricky Palacios,1987-07-05,search
rainey ricky,Ricky Rainey,1983-06-29,search
ricky simon,Ricky Simon,1992-08-31,search
ricky steele,Ricky Steele,1988-05-26,search
ricky turcios,Ricky Turcios,1993-06-05,search
disciullo rico,Rico DiSciullo,1986-10-12,search
farrington rico,Rico Farrington,1989-06-19,search
hu rige,Rige Hu,1994-01-08,enumeration
bigis rihards,Rihards Bigis,1993-02-02,enumeration
jaha rijad,Rijad Jaha,1991-07-13,enumeration
ishige rika,Rika Ishige,1989-04-04,enumeration
fukuda riki,Riki Fukuda,1981-01-06,enumeration
matsuzawa rikiya,Rikiya Matsuzawa,1992-12-21,search
riku shibuya,Riku Shibuya,1985-04-04,enumeration
rikuto shirakawa,Rikuto Shirakawa,1991-07-18,search
dias rildeci,Rildeci Dias,1985-11-05,enumeration
dutro rilley,Rilley Dutro,1987-09-03,enumeration
nakai rin,Rin Nakai,1986-10-22,search
fakhretdinov rinat,Rinat Fakhretdinov,1991-09-28,search
rinat sayakbaev,Rinat Sayakbaev,1995-05-17,search
nakamura rinya,Rinya Nakamura,1995-03-23,search
rio tirto,Rio Tirto,2000-02-09,search
dimitrov risto,Risto Dimitrov,1985-08-31,search
paswan ritesh,Ritesh Paswan,1995-02-24,enumeration
phogat ritu,Ritu Phogat,1994-05-02,enumeration
junior rivaldo,Rivaldo Junior,1983-12-01,search
pereira rivaldo,Rivaldo Pereira,1997-05-21,enumeration
beatriz rivany,Rivany Beatriz,2002-03-18,enumeration
bachay hamza riyadh,Riyadh Hamza Bachay,1991-11-27,enumeration
rizlen zouak,Rizlen Zouak,1986-05-14,search
abuev rizvan,Rizvan Abuev,1992-04-19,search
kuniev rizvan,Rizvan Kuniev,1992-03-10,search
harris rj,RJ Harris,1998-10-01,enumeration
carneiro roan,Roan Carneiro,1978-06-02,search
broughton rob,Rob Broughton,1983-03-03,search
emerson rob,Rob Emerson,1981-07-30,enumeration
fenicle rob,Rob Fenicle,1989-09-14,search
font rob,Rob Font,1987-06-25,search
fuller rob,Rob Fuller,1980-07-30,enumeration
gooch rob,Rob Gooch,1990-03-29,search
kimmons rob,Rob Kimmons,1981-01-30,enumeration
lisita rob,Rob Lisita,1983-02-27,search
macdonald rob,Rob MacDonald,1978-09-05,enumeration
rob sinclair,Rob Sinclair,1980-02-20,search
rob wilkinson,Rob Wilkinson,1992-02-22,search
rob yundt,Rob Yundt,1980-05-05,enumeration
lawler robbie,Robbie Lawler,1982-03-20,search
ring robbie,Robbie Ring,2000-07-14,search
robbie scott,Robbie Scott,1990-12-24,enumeration
longwith robby,Robby Longwith,1979-10-28,enumeration
ostovich robby,Robby Ostovich,1992-11-30,search
despaigne robelis,Robelis Despaigne,1988-09-09,search
andrade roberson,Roberson Andrade,1988-02-11,enumeration
aguirre robert,Robert Aguirre,1989-09-24,enumeration
bryczek robert,Robert Bryczek,1990-07-04,search
burgess robert,Robert Burgess,1984-02-24,search
burneika robert,Robert Burneika,1978-07-08,enumeration
burns robert,Robert Burns,2000-11-23,enumeration
casper robert,Robert Casper,1995-03-13,search
coleman robert,Robert Coleman,1993-11-15,enumeration
correa robert,Robert Correa,1998-09-01,enumeration
curtis robert,Robert Curtis,1989-09-02,enumeration
drysdale robert,Robert Drysdale,1981-01-01,search
dunn robert,Robert Dunn,1992-08-05,search
duvalle robert,Robert Duvalle,1977-07-04,enumeration
fonseca robert,Robert Fonseca,1983-02-11,search
gidron robert,Robert Gidron,1992-05-14,search
hale robert,Robert Hale,1992-09-11,search
herrera robert,Robert Herrera,1980-09-27,enumeration
jocz robert,Robert Jocz,1977-03-22,enumeration
maciejowski robert,Robert Maciejowski,1993-05-10,enumeration
montiel robert,Robert Montiel,1988-01-12,enumeration
morrow robert,Robert Morrow,1985-09-03,search
nystrom robert,Robert Nystrom,1992-01-16,search
oganesyan robert,Robert Oganesyan,1991-05-12,search
plotkin robert,Robert Plotkin,1986-08-07,search
pukac robert,Robert Pukac,1992-05-15,search
radomski robert,Robert Radomski,1983-09-18,enumeration
reed robert,Robert Reed,1981-08-23,enumeration
robert ruchaa,Robert Ruchała,1998-05-15,enumeration
robert skujins,Robert Skujins,1988-04-18,enumeration
robert todd,Robert Todd,1984-01-13,enumeration
robert turnquest,Robert Turnquest,1983-01-14,search
robert valentin,Robert Valentin,1995-03-31,search
robert varricchio,Robert Varricchio,1995-06-24,search
iii robert walker,Robert Walker III,1988-02-09,search
robert washington,Robert Washington,1983-02-23,enumeration
robert watley,Robert Watley,1989-08-23,search
robert whiteford,Robert Whiteford,1983-04-12,search
robert whittaker,Robert Whittaker,1990-12-20,search
robert wilson,Robert Wilson,1995-05-31,enumeration
roberta samad,Roberta Samad,1988-04-22,search
roberta zocco,Roberta Zocco,1991-09-13,search
allegretti roberto,Roberto Allegretti,1979-09-23,enumeration
amorim roberto,Roberto Amorim,1988-11-28,search
barbosa de roberto souza,Roberto Barbosa de Souza,1992-10-17,search
benitez roberto,Roberto Benitez,1998-02-18,search
de roberto souza,Roberto de Souza,1989-09-19,enumeration
fernandes roberto,Roberto Fernandes,1996-09-24,search
guerrero roberto,Roberto Guerrero,1985-08-21,search
hernandez roberto,Roberto Hernandez,1993-07-04,search
pastuch roberto,Roberto Pastuch,1980-05-24,search
pixley roberto,Roberto Pixley,1989-06-30,search
jr roberto rojas,Roberto Rojas Jr.,1981-08-03,enumeration
roberto romero,Roberto Romero,2000-01-30,search
roberto sanchez,Roberto Sanchez,1986-03-05,search
roberto soldic,Roberto Soldic,1995-01-25,search
roberto yong,Roberto Yong,1984-02-11,search
robiel tesfaldet,Robiel Tesfaldet,1994-02-22,search
catalan robin,Robin Catalan,1990-08-10,enumeration
leonen robin,Robin Leonen,1996-08-11,enumeration
robin roos,Robin Roos,1994-10-16,enumeration
robin roosmalen van,Robin Van Roosmalen,1989-10-01,enumeration
eufrasio lima robson,Robson Eufrasio Lima,1994-07-20,enumeration
gracie jr robson,Robson Gracie Jr.,1989-10-14,search
junior robson,Robson Junior,2000-08-30,enumeration
edwards rocky,Rocky Edwards,1983-04-05,enumeration
lee rocky,Rocky Lee,1987-04-08,search
long rocky,Rocky Long,1978-08-18,search
parker roderick,Roderick Parker,1988-04-28,enumeration
allison rodney,Rodney Allison,1990-07-23,search
glunder rodney,Rodney Glunder,1975-01-03,search
macswain rodney,Rodney MacSwain,1986-10-27,enumeration
mondala rodney,Rodney Mondala,1992-03-02,search
rodney wallace,Rodney Wallace,1981-11-21,search
andrade de oliveira rodolfo,Rodolfo Andrade de Oliveira,1988-12-28,search
bellato rodolfo,Rodolfo Bellato,1996-02-05,search
marques rodolfo,Rodolfo Marques,1984-01-23,enumeration
diniz marques rodolfo,Rodolfo Marques Diniz,1984-01-23,enumeration
campos mendes rodolfo,Rodolfo Mendes Campos,1990-02-10,enumeration
rodolfo rubio,Rodolfo Rubio,1987-01-29,search
rodolfo vieira,Rodolfo Vieira,1989-09-25,search
almeida rodrigo,Rodrigo Almeida,1986-03-06,enumeration
anraku rodrigo,Rodrigo Anraku,1995-07-30,enumeration
araujo rodrigo silva,Rodrigo Araujo Silva,1985-10-25,enumeration
ayala rodrigo,Rodrigo Ayala,1996-05-13,enumeration
caporal rodrigo,Rodrigo Caporal,1983-04-27,search
carlos rodrigo,Rodrigo Carlos,1981-12-10,search
caro rodrigo,Rodrigo Caro,1988-04-12,search
castro rodrigo,Rodrigo Castro,1980-02-21,enumeration
cavalheiro rodrigo,Rodrigo Cavalheiro,1983-02-20,enumeration
cavalheiro correia rodrigo,Rodrigo Cavalheiro Correia,1983-02-20,enumeration
damm rodrigo,Rodrigo Damm,1980-02-03,enumeration
de lima rodrigo,Rodrigo de Lima,1992-05-19,enumeration
de moura rodrigo,Rodrigo de Moura,2002-06-10,enumeration
dos lobato rodrigo santos sarafian,Rodrigo dos Santos Sarafian Lobato,1993-01-24,enumeration
duarte rodrigo,Rodrigo Duarte,1985-10-07,search
gracie rodrigo,Rodrigo Gracie,1975-03-11,enumeration
haro rodrigo,Rodrigo Haro,1982-10-15,enumeration
jesus rodrigo,Rodrigo Jesus,1985-09-17,search
lidio rodrigo,Rodrigo Lidio,1989-07-07,search
lima rodrigo,Rodrigo Lima,1991-05-09,enumeration
nascimento rodrigo,Rodrigo Nascimento,1992-11-26,search
oliveira rodrigo,Rodrigo Oliveira,1990-03-08,enumeration
praia rodrigo,Rodrigo Praia,1991-09-23,search
reyes rodrigo,Rodrigo Reyes,1993-03-09,search
rodrigo santos,Rodrigo Santos,1985-04-30,enumeration
rodrigo sarafian,Rodrigo Sarafian,1993-01-24,enumeration
rodrigo sezinando,Rodrigo Sezinando,1997-12-11,search
fernandes rodrigo silva,Rodrigo Silva Fernandes,1987-04-22,search
rodrigo vera,Rodrigo Vera,1995-10-18,search
rodrigo ximenes,Rodrigo Ximenes,1996-07-03,enumeration
jitmuangnon rodtang,Rodtang Jitmuangnon,1997-07-23,enumeration
roedie roets,Roedie Roets,1997-01-20,enumeration
roel rosauro,Roel Rosauro,1988-05-01,enumeration
ortiz rogelio,Rogelio Ortiz,1985-08-20,search
lloret rogent,Rogent Lloret,1979-03-20,enumeration
bowling roger,Roger Bowling,1982-12-05,search
gracie roger,Roger Gracie,1981-09-26,enumeration
hollett roger,Roger Hollett,1978-10-08,enumeration
huerta roger,Roger Huerta,1983-05-20,search
medal roger,Roger Medal,1986-05-21,enumeration
narvaez roger,Roger Narvaez,1983-09-09,search
roger severson,Roger Severson,1986-05-29,search
roger zapata,Roger Zapata,1986-05-09,enumeration
bontorin rogerio,Rogerio Bontorin,1992-04-25,search
furtado rogerio,Rogerio Furtado,1993-03-10,enumeration
goncalves menna rogerio,Rogerio Goncalves Menna,1975-02-03,search
conceicao da matias rogerio,Rogerio Matias da Conceicao,1986-02-07,search
nogueira rogerio,Rogerio Nogueira,1976-06-02,enumeration
lessa rogers vitor,Rogers Vitor Lessa,1991-09-17,enumeration
roggers souza,Roggers Souza,1989-05-11,search
delorme roland,Roland Delorme,1983-12-18,search
pruden roland,Roland Pruden,2005-03-09,search
bedoya rolando,Rolando Bedoya,1997-01-13,search
delgado rolando,Rolando Delgado,1981-11-22,enumeration
dy rolando,Rolando Dy,1991-08-11,search
roldan sangchaan,Roldan Sangcha'an,1990-12-04,enumeration
gracie rolles,Rolles Gracie,1978-07-14,enumeration
avdal roman,Roman Avdal,1993-06-26,search
bogatov roman,Roman Bogatov,1990-12-15,search
cordova roman,Roman Cordova,1992-09-28,search
dolidze roman,Roman Dolidze,1988-07-15,search
faraldo roman,Roman Faraldo,1993-05-15,search
kapranov roman,Roman Kapranov,1987-05-08,search
kopylov roman,Roman Kopylov,1992-05-04,search
puga roman,Roman Puga,1996-09-17,search
roman salazar,Roman Salazar,1988-02-21,search
roman szymanski,Roman Szymanski,1993-05-04,search
romanas siaudinis,Romanas Siaudinis,1990-03-10,enumeration
garcia romario,Romario Garcia,1993-04-10,search
da manoel romario silva,Romario Manoel da Silva,1980-07-21,search
cotton romero,Romero Cotton,1990-03-06,search
dos reis romero,Romero dos Reis,1996-07-07,enumeration
romina sorera torres,Romina Sorera Torres,1988-02-28,enumeration
romano romulo,Romulo Romano,1988-10-22,enumeration
romy ruyssen,Romy Ruyssen,1989-08-24,enumeration
keslar ron,Ron Keslar,1980-04-17,enumeration
marshall ron,Ron Marshall,1987-04-01,search
ron scolesdang,Ron Scolesdang,1985-08-08,search
ron sparks,Ron Sparks,1974-11-23,enumeration
ron stallings,Ron Stallings,1983-02-25,enumeration
ronal siahaan,Ronal Siahaan,1996-05-05,enumeration
coleman ronald,Ronald Coleman,1992-07-02,search
humphrey ronald,Ronald Humphrey,2000-09-20,search
paradeiser ronald,Ronald Paradeiser,1997-06-13,search
ronald wetselline,Ronald Wetselline,1979-12-29,enumeration
candido de oliveira ronaldo,Ronaldo Candido de Oliveira,1989-04-24,search
dos maia reis ronaldo,Ronaldo Dos Reis Maia,1986-10-09,enumeration
junior ronaldo,Ronaldo Junior,1997-05-19,enumeration
nogueira ronaldo,Ronaldo Nogueira,1994-12-14,enumeration
rodriguez ronaldo,Ronaldo Rodriguez,1999-05-07,search
ronda rousey,Ronda Rousey,1987-02-01,search
fan rong,Rong Fan,1993-10-01,enumeration
rongzhu,Rongzhu,2000-03-07,enumeration
gibbs ronnie,Ronnie Gibbs,1994-05-23,enumeration
lawrence ronnie,Ronnie Lawrence,1992-06-13,search
mann ronnie,Ronnie Mann,1986-10-12,search
davila ronny,Ronny Davila,1990-11-28,enumeration
de ronny souza,Ronny De Souza,1996-02-24,enumeration
markes ronny,Ronny Markes,1988-04-21,search
henrique pinto rony,Rony Henrique Pinto,1994-03-14,enumeration
jason rony,Rony Jason,1984-03-21,enumeration
ronys torres,Ronys Torres,1985-08-13,search
archie roosevelt,Roosevelt Archie,1985-06-30,search
roberts roosevelt,Roosevelt Roberts,1994-02-11,search
conceicao roque,Roque Conceição,1999-10-27,enumeration
martinez roque,Roque Martinez,1986-03-04,search
evans rory,Rory Evans,1993-04-10,search
macdonald rory,Rory MacDonald,1989-07-22,search
markham rory,Rory Markham,1982-03-25,enumeration
rory singer,Rory Singer,1976-05-28,enumeration
acevedo rosa,Rosa Acevedo,1988-06-05,search
conceicao rose,Rose Conceição,1997-05-13,enumeration
namajunas rose,Rose Namajunas,1992-06-29,search
amorim rosemary,Rosemary Amorim,1989-06-27,enumeration
dimitrov rosen,Rosen Dimitrov,1982-05-10,enumeration
luis rosermarcio schmitt,Rosermarcio Luis Schmitt,1983-05-02,enumeration
rosi sexton,Rosi Sexton,1977-07-16,search
almeida rosiele,Rosiele Almeida,1995-09-15,enumeration
houston ross,Ross Houston,1990-10-02,search
pearson ross,Ross Pearson,1984-09-26,search
pointon ross,Ross Pointon,1980-02-18,enumeration
akman rostem,Rostem Akman,1991-12-19,search
angela de jesus rosy,Rosy Angela de Jesus,1991-11-11,enumeration
duarte rosy,Rosy Duarte,1981-03-14,search
rouhollan shabani,Rouhollan Shabani,1994-01-02,enumeration
palhares rousimar,Rousimar Palhares,1980-02-20,enumeration
ceasear roxanne,Roxanne Ceasear,1990-08-04,search
modafferi roxanne,Roxanne Modafferi,1982-09-24,search
boughton roy,Roy Boughton,1992-05-26,search
doliguez roy,Roy Doliguez,1982-01-20,search
jones roy,Roy Jones,1985-10-26,enumeration
nelson roy,Roy Nelson,1976-06-20,search
quispe roy,Roy Quispe,1998-10-10,search
roy stucker,Roy Stucker,1991-11-14,enumeration
echeverria roybert,Roybert Echeverria,1995-08-21,search
gracie royce,Royce Gracie,1966-12-12,enumeration
royce white,Royce White,1991-04-10,enumeration
royston wee,Royston Wee,1986-11-15,enumeration
gumienna roza,Roza Gumienna,1989-08-06,search
potts ruan,Ruan Potts,1978-02-23,enumeration
aldama ruben,Ruben Aldama,1996-07-22,enumeration
crawford ruben,Ruben Crawford,1989-08-26,search
groenewald ruben,Ruben Groenewald,1977-10-13,enumeration
koba ruben,Ruben Koba,1988-04-30,enumeration
ruben villareal,Ruben Villareal,1970-01-05,enumeration
ruben warr,Ruben Warr,1988-11-05,search
garcia rubenilton,Rubenilton Garcia,1994-05-26,enumeration
pereira rubenilton,Rubenilton Pereira,1993-02-11,search
cervelo rubens,Rubens Cervelo,1994-07-09,enumeration
ferreira rubiano,Rubiano Ferreira,1990-11-25,enumeration
mora rudisel,Rudisel Mora,1993-06-14,search
caliocane rudson,Rudson Caliocane,1993-01-19,search
bears rudy,Rudy Bears,1978-11-12,search
gunawan rudy,Rudy Gunawan,1983-08-27,enumeration
morales rudy,Rudy Morales,1984-12-05,search
catalan ruel,Ruel Catalan,1988-02-09,enumeration
panales ruel,Ruel Panales,1996-12-07,search
mante rufino,Rufino Mante,1988-10-21,search
chen rui,Rui Chen,1996-07-19,search
imura rui,Rui Imura,1999-03-24,search
gardner rulon,Rulon Gardner,1971-08-16,enumeration
rumina sato,Rumina Sato,1973-12-29,search
abrekov ruslan,Ruslan Abrekov,1990-07-03,search
belikov ruslan,Ruslan Belikov,1985-11-01,search
heleshko ruslan,Ruslan Heleshko,1996-06-27,enumeration
kazhmurzaev ruslan,Ruslan Kazhmurzaev,1996-04-27,enumeration
khairulin ruslan,Ruslan Khairulin,1995-03-22,enumeration
khaskhanov ruslan,Ruslan Khaskhanov,1985-01-20,search
khazhmurzaev ruslan,Ruslan Khazhmurzaev,1996-04-27,enumeration
magomedov ruslan,Ruslan Magomedov,1986-11-26,search
mammadov ruslan,Ruslan Mammadov,1992-12-25,search
ruslan ryskul,Ruslan Ryskul,1995-06-04,enumeration
ruslan sariev,Ruslan Sariev,1997-01-30,enumeration
ruslan serikpulov,Ruslan Serikpulov,1989-12-01,search
ruslan tedeev,Ruslan Tedeev,1989-11-04,enumeration
korbul russ,Russ Korbul,1988-11-22,enumeration
campbell iii russell,Russell Campbell III,1994-11-01,enumeration
doane russell,Russell Doane,1986-08-13,search
khabilov rustam,Rustam Khabilov,1986-11-04,search
khasanov rustam,Rustam Khasanov,1983-06-22,enumeration
rustam serbiev,Rustam Serbiev,1998-03-29,search
kudaybergenov rustem,Rustem Kudaybergenov,1993-10-03,enumeration
crowder rusty,Rusty Crowder,1990-02-20,search
pereira ruth,Ruth Pereira,1995-09-13,search
ruud vernooij,Ruud Vernooij,1991-08-02,search
ruyan wei,Ruyan Wei,1994-07-26,enumeration
bader ryan,Ryan Bader,1983-06-07,search
beckett ryan,Ryan Beckett,1986-01-04,enumeration
benoit ryan,Ryan Benoit,1989-08-25,search
braun ryan,Ryan Braun,1987-05-26,search
brigham ryan,Ryan Brigham,1983-02-02,enumeration
cafaro ryan,Ryan Cafaro,1989-10-24,search
castro ryan,Ryan Castro,1992-06-02,enumeration
charlebois ryan,Ryan Charlebois,1995-06-11,search
couture ryan,Ryan Couture,1982-08-27,search
cruz dela ryan,Ryan Dela Cruz,1984-10-08,search
delf ryan,Ryan Delf,1988-11-13,search
diaz ryan,Ryan Diaz,1979-02-06,enumeration
dickson ryan,Ryan Dickson,1989-10-08,search
favale ryan,Ryan Favale,1983-01-20,enumeration
fillingame ryan,Ryan Fillingame,1990-11-07,search
ford ryan,Ryan Ford,1982-03-08,search
fournier ryan,Ryan Fournier,1982-09-06,enumeration
gandra ryan,Ryan Gandra,1995-05-08,search
goodman ryan,Ryan Goodman,1984-07-07,enumeration
hall ryan,Ryan Hall,1985-02-22,enumeration
evans hardy ryan,Ryan Hardy Evans,1984-08-09,enumeration
healy ryan,Ryan Healy,1983-07-20,enumeration
hollis ryan,Ryan Hollis,1989-02-06,search
janes ryan,Ryan Janes,1981-08-22,enumeration
jensen ryan,Ryan Jensen,1977-09-20,search
jett ryan,Ryan Jett,1991-09-27,search
jimmo ryan,Ryan Jimmo,1981-11-27,enumeration
kuse ryan,Ryan Kuse,1994-06-24,search
laflare ryan,Ryan LaFlare,1983-10-01,search
leininger ryan,Ryan Leininger,1996-03-01,search
lilley ryan,Ryan Lilley,1989-11-17,search
loder ryan,Ryan Loder,1991-06-05,search
macdonald ryan,Ryan MacDonald,1993-03-18,search
madigan ryan,Ryan Madigan,1977-04-02,search
martinez ryan,Ryan Martinez,1987-08-27,search
mcgivern ryan,Ryan McGivern,1980-01-17,enumeration
mcgowan ryan,Ryan McGowan,1982-01-20,search
mcintosh ryan,Ryan McIntosh,1988-09-18,enumeration
mondala ryan,Ryan Mondala,1990-11-05,search
mulvihill ryan,Ryan Mulvihill,1985-12-20,search
parker ryan,Ryan Parker,1992-12-10,search
peake ryan,Ryan Peake,1978-03-16,enumeration
riley ryan,Ryan Riley,1988-01-14,search
rizco ryan,Ryan Rizco,1993-01-09,search
roberts ryan,Ryan Roberts,1978-07-18,enumeration
rohovich ryan,Ryan Rohovich,1987-03-20,search
ryan sanders,Ryan Sanders,1987-06-10,search
ryan schultz,Ryan Schultz,1977-04-07,search
ryan scope,Ryan Scope,1992-09-03,search
ryan shough,Ryan Shough,1993-02-16,search
ryan smith,Ryan Smith,1984-11-21,enumeration
ryan spann,Ryan Spann,1991-08-24,search
ryan taylor,Ryan Taylor,1990-06-07,enumeration
ryan thomas,Ryan Thomas,1984-11-05,search
ryan walker,Ryan Walker,1989-07-08,enumeration
ryan whitemountain,Ryan Whitemountain,1991-02-02,enumeration
ryan yapsam,Ryan Yapsam,1996-11-23,search
newman ryder,Ryder Newman,1995-01-07,search
melancon rylan,Rylan Melancon,1999-08-13,search
ryle stous,Ryle Stous,1985-02-06,enumeration
asami ryo,Ryo Asami,1985-02-14,search
chonan ryo,Ryo Chonan,1976-10-08,search
iseki ryo,Ryo Iseki,1985-02-03,search
kawamura ryo,Ryo Kawamura,1981-06-29,search
okada ryo,Ryo Okada,1989-04-10,search
ryo sakai,Ryo Sakai,1987-03-24,search
arimoto ryoga,Ryoga Arimoto,1998-12-07,search
ryogo takahashi,Ryogo Takahashi,1989-02-22,search
kurosawa ryohei,Ryohei Kurosawa,1993-05-10,search
kudo ryoji,Ryoji Kudo,1993-04-03,search
honda ryosuke,Ryosuke Honda,1991-04-06,search
kano ryosuke,Ryosuke Kano,1988-09-13,search
noda ryosuke,Ryosuke Noda,1996-04-29,search
ryosuke takasugi,Ryosuke Takasugi,1990-02-12,search
imaichi ryota,Ryota Imaichi,2001-08-24,search
masuda ryota,Ryota Masuda,1983-05-27,search
ryota sakuma,Ryota Sakuma,1983-01-19,enumeration
ryota sasaki,Ryota Sasaki,1986-12-15,search
ryota uozumi,Ryota Uozumi,1980-06-25,search
brink jabour ryse,Ryse Brink Jabour,1993-08-04,search
ibraimov ryskulbek,Ryskulbek Ibraimov,1992-12-25,search
miyaguchi ryuho,Ryuho Miyaguchi,1998-01-27,search
miki ryuichi,Ryuichi Miki,1983-03-19,search
ryuichiro sumimura,Ryuichiro Sumimura,1986-02-14,search
inoue ryuki,Ryuki Inoue,1996-06-23,search
kirishima ryuki,Ryuki Kirishima,2004-12-03,enumeration
ashizawa ryusei,Ryusei Ashizawa,1995-05-01,enumeration
ryushi yanagisawa,Ryushi Yanagisawa,1972-06-22,enumeration
ryuta sakurai,Ryuta Sakurai,1971-09-18,search
ryuto sawada,Ryuto Sawada,1995-11-27,search
fukuda ryuya,Ryuya Fukuda,1992-06-12,search
awad saad,Saad Awad,1983-06-07,search
saad ulhasan,Saad Ul-Hasan,1993-10-28,search
bolaghi saba,Saba Bolaghi,1989-04-22,search
saba sozashvili,Saba Sozashvili,2001-02-09,enumeration
fadai sabah,Sabah Fadai,1985-08-24,search
homasi sabah,Sabah Homasi,1988-10-19,search
mazo sabina,Sabina Mazo,1997-03-25,search
brown sabrina,Sabrina Brown,1994-12-13,enumeration
oliveira sabrina,Sabrina Oliveira,2003-02-11,search
de sabrinna sousa,Sabrinna de Sousa,2000-11-02,search
sabriye sengul,Sabriye Sengul,1988-11-12,search
guliev sabuhi,Sabuhi Guliev,1990-06-08,enumeration
fujimori sachiko,Sachiko Fujimori,1977-05-21,search
sadibou sy,Sadibou Sy,1986-11-27,search
sadirali zhaloobay,Sadirali Zhaloobay,1997-01-28,enumeration
sado ucar,Sado Ucar,1989-04-04,search
de freitas sadraque,Sadraque De Freitas,1991-04-02,enumeration
mirzaei saeid,Saeid Mirzaei,1992-05-09,search
safari sahar,Safari Sahar,1993-10-06,enumeration
northcutt sage,Sage Northcutt,1996-03-01,search
dindoust sahar,Sahar Dindoust,1990-11-20,enumeration
sai wang,Sai Wang,1986-01-16,search
eidi said,Said Eidi,1996-06-25,search
khalilov said,Said Khalilov,1982-02-21,enumeration
nurmagomedov said,Said Nurmagomedov,1992-04-05,search
said sowma,Said Sowma,1993-01-14,search
batukaev saidmagomed,Said-Magomed Batukaev,1998-02-21,search
kakhramonov saidyokub,Saidyokub Kakhramonov,1995-11-14,search
mamdouh saif,Saif Mamdouh,2000-11-22,enumeration
oliveira saimon,Saimon Oliveira,1991-04-21,search
kasuya sakae,Sakae Kasuya,1983-04-10,enumeration
mori sakura,Sakura Mori,2003-01-23,enumeration
nomura sakura,Sakura Nomura,1976-11-22,enumeration
bruno sal,Sal Bruno,1996-05-12,search
guerriero sal,Sal Guerriero,1996-02-27,search
eddine hamli salah,Salah Eddine Hamli,1998-05-18,search
elkas salah,Salah Elkas,1992-01-14,search
parnasse salahdine,Salahdine Parnasse,1997-12-04,search
ahmadyar salaiman,Salaiman Ahmadyar,1993-10-26,search
salaman zhamaldaev,Salaman Zhamaldaev,1989-02-17,enumeration
isbulaev salamat,Salamat Isbulaev,1996-12-08,search
orozakunov salamat,Salamat Orozakunov,1990-06-12,search
damaev salambek,Salambek Damaev,1985-01-22,search
abdurahmanov salamu,Salamu Abdurahmanov,1992-09-23,search
kulucan salih,Salih Kulucan,1992-08-20,search
mukhidinov salim,Salim Mukhidinov,1993-11-10,search
salim touahri,Salim Touahri,1989-09-28,search
rasulov salimgerey,Salimgerey Rasulov,1986-11-19,search
rasulov salimgirey,Salimgirey Rasulov,1986-11-19,enumeration
sadulloev salimkhan,Salimkhan Sadulloev,1989-03-01,search
rowland salina,Salina Rowland,1993-05-11,search
dekhissi sallah,Sallah Dekhissi,1993-03-26,search
krumdiack sally,Sally Krumdiack,1982-11-17,enumeration
salman zhamaldaev,Salman Zhamaldaev,1989-02-17,search
amaral salvador,Salvador Amaral,1987-12-05,search
becerra salvador,Salvador Becerra,1995-10-31,search
gonzalez salvador,Salvador Gonzalez,1991-05-02,enumeration
salvador woods,Salvador Woods,1985-02-05,enumeration
liga salvatore,Salvatore Liga,1994-03-12,enumeration
salvatore terralavoro,Salvatore Terralavoro,1988-04-15,enumeration
alvey sam,Sam Alvey,1986-05-06,search
creasey sam,Sam Creasey,1988-02-19,search
debalke sam,Sam Debalke,1990-11-09,enumeration
greco sam,Sam Greco,1967-05-03,enumeration
hernandez sam,Sam Hernandez,1993-01-20,search
hoger sam,Sam Hoger,1980-06-28,search
hughes sam,Sam Hughes,1992-06-28,search
kei sam,Sam Kei,1991-07-08,enumeration
kelly sam,Sam Kelly,1994-12-17,search
kilmer sam,Sam Kilmer,2001-04-28,search
oropeza sam,Sam Oropeza,1985-06-17,search
paneitz sam,Sam Paneitz,1998-01-28,search
patterson sam,Sam Patterson,1996-04-30,search
sam sicilia,Sam Sicilia,1986-02-01,search
sam slater,Sam Slater,1994-03-19,search
sam stout,Sam Stout,1984-04-23,enumeration
sam watford,Sam Watford,1999-01-09,search
murodov samandar,Samandar Murodov,1999-08-28,enumeration
jeanfrancois samantha,Samantha Jean-Francois,1987-02-27,search
samantha seff,Samantha Seff,1991-02-04,search
samara santos,Samara Santos,1993-06-10,enumeration
sabyrzhan samarbek uulu,Samarbek Sabyrzhan Uulu,1997-04-17,enumeration
fayzuldaev samat,Samat Fayzuldaev,1994-11-17,enumeration
mamedov samat,Samat Mamedov,1998-10-19,enumeration
coulibaly samba,Samba Coulibaly,1987-06-05,search
amin sami,Sami Amin,1981-12-23,search
antar sami,Sami Antar,1989-05-19,enumeration
aziz sami,Sami Aziz,1972-08-31,enumeration
sami yahia,Sami Yahia,1995-06-20,search
beik kamal samin,Samin Kamal Beik,1989-09-17,search
faiddine samir,Samir Faiddine,1992-11-09,search
mukhlis samir,Samir Mukhlis,1993-09-15,enumeration
badrtdinova samira,Samira Badrtdinova,1985-02-25,enumeration
jo luxton sammy,Sammy Jo Luxton,1999-04-18,enumeration
morgan sammy,Sammy Morgan,1981-09-28,search
alvarez samuel,Samuel Alvarez,1992-11-12,search
blasco samuel,Samuel Blasco,1995-11-25,search
cassimiro samuel,Samuel Cassimiro,1997-06-30,enumeration
brito lima samuel,Samuel Lima Brito,1991-08-19,enumeration
moisan samuel,Samuel Moisan,1991-04-08,enumeration
rocha samuel,Samuel Rocha,1993-08-15,search
samuel sanches,Samuel Sanches,2003-01-28,search
samuel santana souza,Samuel Santana Souza,1996-09-07,enumeration
samuel silva,Samuel Silva,1996-01-02,search
samvel vardanyan,Samvel Vardanyan,1993-11-23,search
samy schiavo,Samy Schiavo,1975-12-24,enumeration
kikuta sanae,Sanae Kikuta,1971-09-10,search
lavado sandra,Sandra Lavado,1994-05-03,search
sandra succar,Sandra Succar,1999-10-05,enumeration
dantas sandro,Sandro Dantas,1993-10-07,search
de gemaque sandro souza,Sandro Gemaque de Souza,1982-03-15,search
sandro santos,Sandro Santos,1997-08-05,enumeration
bowman sandy,Sandy Bowman,1970-12-12,enumeration
hoon ji sang,Sang Hoon Ji,1993-03-31,enumeration
han kwon sang,Sang Kwon Han,1996-03-21,search
lee sang soo,Sang Soo Lee,1983-04-05,search
sanghoon yoo,SangHoon Yoo,1990-01-18,enumeration
kim sangwon,SangWon Kim,1993-09-01,enumeration
kim sangwook,Sangwook Kim,1993-10-17,search
sanja sucevic,Sanja Sucevic,1987-03-01,search
sadeck sanon,Sanon Sadeck,1993-10-01,search
paiva santhiago,Santhiago Paiva,2002-09-08,enumeration
guzman santiago,Santiago Guzman,1992-10-22,search
luna santiago,Santiago Luna,2004-08-06,search
ponzinibbio santiago,Santiago Ponzinibbio,1986-09-26,search
curatolo santo,Santo Curatolo,1995-01-18,search
rosales santos,Santos Rosales,1984-09-04,enumeration
santos verdinez,Santos Verdinez,1994-12-10,search
azhibaev sanzhar,Sanzhar Azhibaev,1991-07-16,search
sanzhar zakirov,Sanzhar Zakirov,2003-04-11,search
ishioka saori,Saori Ishioka,1987-09-13,search
oshima saori,Saori Oshima,1994-11-14,search
safarov saparbeg,Saparbeg Safarov,1986-10-14,enumeration
collins sara,Sara Collins,1990-08-22,search
cova sara,Sara Cova,1993-12-28,search
dos santos sara,Sara dos Santos,2001-09-20,enumeration
luzarsmajic sara,Sara Luzar-Smajic,1995-05-15,search
mcmann sara,Sara McMann,1980-09-24,search
alpar sarah,Sarah Alpar,1991-06-01,search
barwick sarah,Sarah Barwick,2001-03-05,search
click sarah,Sarah Click,1991-08-24,search
dalelio sarah,Sarah D'Alelio,1980-12-13,enumeration
frota sarah,Sarah Frota,1987-04-14,search
kaufman sarah,Sarah Kaufman,1985-09-20,search
kleczka sarah,Sarah Kleczka,1993-02-02,search
moras sarah,Sarah Moras,1988-04-30,enumeration
patterson sarah,Sarah Patterson,1984-10-26,search
sarah schneider,Sarah Schneider,1980-08-30,search
sarah shell,Sarah Shell,1987-12-21,search
orozco saray,Saray Orozco,1991-05-12,search
karimboev sardor,Sardor Karimboev,2004-07-26,enumeration
khudoyberdiev sardor,Sardor Khudoyberdiev,1992-11-25,search
sarek shields,Sarek Shields,1995-03-31,search
sargis vardanyan,Sargis Vardanyan,1989-06-01,search
khamidov sarvarjon,Sarvarjon Khamidov,1997-04-13,search
milinkovic sasa,Sasa Milinkovic,1986-09-21,search
sascha sharma,Sascha Sharma,1987-05-18,search
palatnikov sasha,Sasha Palatnikov,1989-03-15,search
esengeldin satbek,Satbek Esengeldin,1994-04-24,search
satomi takano,Satomi Takano,1990-06-19,search
date satoru,Satoru Date,1996-12-16,search
enomoto satoru,Satoru Enomoto,1990-02-04,search
kasai satoru,Satoru Kasai,1987-09-07,search
kitaoka satoru,Satoru Kitaoka,1980-02-04,search
inaba satoshi,Satoshi Inaba,1984-06-21,search
ishii satoshi,Satoshi Ishii,1986-12-19,search
satoshi yamasu,Satoshi Yamasu,1990-01-23,search
almeida saul,Saul Almeida,1989-06-04,search
cabrera saul,Saul Cabrera,1997-03-04,search
elizondo saul,Saul Elizondo,1975-07-17,search
rogers saul,Saul Rogers,1989-12-01,search
heilimo sauli,Sauli Heilimo,1981-05-20,enumeration
bucius saulius,Saulius Bucius,1987-05-17,search
cavalari saulo,Saulo Cavalari,1989-05-23,search
da eduardo saulo silva,Saulo Eduardo da Silva,1995-11-23,enumeration
savalas williams,Savalas Williams,1981-10-30,enumeration
marshall savannah,Savannah Marshall,1991-05-19,enumeration
da renato savio silva,Savio Renato da Silva,2000-12-12,enumeration
savio shimite,Savio Shimite,1996-06-21,enumeration
lazic savo,Savo Lazic,1988-12-10,search
arslanaliev guseyn saygid,Saygid Guseyn Arslanaliev,1994-10-23,enumeration
izagakhmaev saygid,Saygid Izagakhmaev,1994-09-03,search
ellis schon,Schon Ellis,1988-01-18,enumeration
lindsay schuyler,Schuyler Lindsay,1994-06-03,enumeration
schyler sootho,Schyler Sootho,1988-11-22,search
askham scott,Scott Askham,1990-01-01,search
barrett scott,Scott Barrett,1983-12-01,enumeration
cleve scott,Scott Cleve,1982-07-22,search
clist scott,Scott Clist,1978-12-15,search
dirkson scott,Scott Dirkson,1986-01-23,search
farhat scott,Scott Farhat,1984-12-21,search
futrell scott,Scott Futrell,1991-05-22,search
heckman scott,Scott Heckman,1984-05-28,search
holtzman scott,Scott Holtzman,1983-09-30,search
hope scott,Scott Hope,1981-02-01,enumeration
hough scott,Scott Hough,1977-08-07,search
hudson scott,Scott Hudson,1987-07-09,search
jorgensen scott,Scott Jorgensen,1982-09-17,search
malone scott,Scott Malone,1987-12-24,search
mcafee scott,Scott McAfee,1983-08-23,search
noble scott,Scott Noble,1989-05-21,search
pedersen scott,Scott Pedersen,1996-11-30,search
pooley scott,Scott Pooley,1989-10-28,enumeration
scott smith,Scott Smith,1979-05-21,enumeration
scott writz,Scott Writz,1992-11-16,search
scottie stockman,Scottie Stockman,1993-11-19,search
kwon se yoon,Se Yoon Kwon,1992-01-29,enumeration
barnett sean,Sean Barnett,1990-10-08,enumeration
brady sean,Sean Brady,1992-11-23,search
clancy jr sean,Sean Clancy Jr.,2002-11-25,search
connor fallon sean,Sean Connor Fallon,1985-12-26,search
felton sean,Sean Felton,1990-10-11,search
gauci sean,Sean Gauci,1996-10-07,search
gee sean,Sean Gee,1987-10-04,search
holden sean,Sean Holden,1984-09-17,search
johnson sean,Sean Johnson,1989-08-10,search
lally sean,Sean Lally,1990-11-04,search
loeffler sean,Sean Loeffler,1982-05-23,enumeration
mccorkle sean,Sean McCorkle,1976-09-15,enumeration
mccormac sean,Sean McCormac,1996-04-11,enumeration
mcpadden sean,Sean McPadden,1995-07-15,search
mora sean,Sean Mora,1996-07-13,search
oconnell sean,Sean O'Connell,1983-09-02,enumeration
omalley sean,Sean O'Malley,1994-10-24,search
pero sean,Sean Pero,1999-06-18,enumeration
pierson sean,Sean Pierson,1976-03-10,enumeration
powers sean,Sean Powers,1969-12-31,search
rose sean,Sean Rose,1994-11-22,search
salmon sean,Sean Salmon,1977-11-09,enumeration
santella sean,Sean Santella,1984-10-25,search
sean sharaf,Sean Sharaf,1993-07-11,search
sean sherk,Sean Sherk,1973-08-05,enumeration
sean soriano,Sean Soriano,1989-10-06,search
sean spencer,Sean Spencer,1987-06-25,search
sean stebbins,Sean Stebbins,1991-01-22,search
sean strickland,Sean Strickland,1991-02-27,search
sean tucker,Sean Tucker,1989-01-10,enumeration
sean wilson,Sean Wilson,1982-10-20,search
sean woodson,Sean Woodson,1992-06-07,search
baron sebastian,Sebastian Baron,1974-08-29,search
heil sebastian,Sebastian Heil,1985-10-29,search
koszarski sebastian,Sebastian Koszarski,1997-09-25,enumeration
kotwica sebastian,Sebastian Kotwica,1992-04-24,enumeration
kujawiak sebastian,Sebastian Kujawiak,1989-07-15,enumeration
piedrahita sebastian,Sebastian Piedrahita,1992-10-12,search
przybysz sebastian,Sebastian Przybysz,1993-07-28,search
rajewski sebastian,Sebastian Rajewski,1992-05-21,search
risch sebastian,Sebastian Risch,1980-11-13,enumeration
robinet sebastian,Sebastian Robinet,1972-03-04,enumeration
romanowski sebastian,Sebastian Romanowski,1990-07-20,search
guedes santana sebastian,Sebastian Santana Guedes,1994-09-19,search
sebastian sroka,Sebastian Sroka,1993-03-04,enumeration
sebastian szalay,Sebastian Szalay,1994-02-03,enumeration
di franco sebastien,Sebastien Di Franco,1994-05-28,search
johnson sedric,Sedric Johnson,1984-09-04,search
dumas sedriques,Sedriques Dumas,1995-08-06,search
seif shawki,Seif Shawki,2003-01-01,enumeration
ito seiichiro,Seiichiro Ito,1993-12-03,search
akao seiji,Seiji Akao,1984-10-27,search
furukawa seiji,Seiji Furukawa,1978-11-06,enumeration
imazaki seijo,Seijo Imazaki,1977-12-04,search
izawa seika,Seika Izawa,1997-11-01,search
seio yamada,Seio Yamada,1994-05-06,search
matsubara seiya,Seiya Matsubara,1995-03-13,search
agaev selim,Selim Agaev,1994-04-22,search
kakembo semakadde,Semakadde Kakembo,1997-02-17,enumeration
galushko semen,Semen Galushko,1992-08-31,enumeration
semen tyrlya,Semen Tyrlya,1983-10-07,search
schilt semmy,Semmy Schilt,1973-10-27,search
sen yang,Sen Yang,1994-08-13,search
der senna van veerdonk,Senna van der Veerdonk,2000-12-30,enumeration
saruyama senri,Senri Saruyama,1991-02-20,search
ikeda senzo,Senzo Ikeda,1982-09-04,search
ham hee seo,Seo Hee Ham,1987-03-08,search
seo woo yang,Seo Woo Yang,1989-09-29,enumeration
park seo young,Seo Young Park,2003-05-31,search
jung seo yun,Seo Yun Jung,2000-02-25,enumeration
ko seokhyeon,Seokhyeon Ko,1993-09-24,search
ho seong yang,Seong Ho Yang,1990-04-07,enumeration
jo seong won,Seong Won Jo,1989-09-02,enumeration
hong seongchan,SeongChan Hong,1989-11-28,enumeration
dejesus serena,Serena DeJesus,1992-01-10,search
dali serge,Serge Dali,1977-03-11,enumeration
andreev sergei,Sergei Andreev,1987-01-06,search
bilostenniy sergei,Sergei Bilostenniy,1995-10-23,enumeration
choi sergei,Sergei Choi,1989-09-01,enumeration
churilov sergei,Sergei Churilov,1985-07-10,enumeration
kharitonov sergei,Sergei Kharitonov,1980-08-18,search
pavlovich sergei,Sergei Pavlovich,1992-05-13,search
grecicho sergej,Sergej Grecicho,1985-09-30,search
alekseevich sergey,Sergey Alekseevich,1997-06-16,enumeration
belostenniy sergey,Sergey Belostenniy,1995-10-23,enumeration
bilostenniy sergey,Sergey Bilostenniy,1995-10-23,search
faley sergey,Sergey Faley,1991-05-02,enumeration
guzev sergey,Sergey Guzev,1982-12-12,enumeration
gvozditsky sergey,Sergey Gvozditsky,1994-11-17,enumeration
harutyunyan sergey,Sergey Harutyunyan,1997-12-24,enumeration
khandozhko sergey,Sergey Khandozhko,1992-05-19,search
kovalev sergey,Sergey Kovalev,1986-02-07,enumeration
marinin sergey,Sergey Marinin,1994-05-11,enumeration
martynov sergey,Sergey Martynov,1992-03-16,search
morozov sergey,Sergey Morozov,1989-06-14,search
pogodaev sergey,Sergey Pogodaev,1991-05-19,enumeration
romanov sergey,Sergey Romanov,1990-01-30,search
rusinko sergey,Sergey Rusinko,1994-01-08,enumeration
sergey shemetov,Sergey Shemetov,1983-12-14,search
sergey sokha,Sergey Sokha,1978-06-08,enumeration
serghei spivac,Serghei Spivac,1995-01-24,search
alvarez sergio,Sergio Alvarez,1982-08-28,enumeration
contreras sergio,Sergio Contreras,1998-05-12,enumeration
bari de sergio,Sergio De Bari,1986-11-20,search
de fatima sergio,Sergio de Fatima,1988-08-08,search
de jesus santos sergio,Sergio de Jesus Santos,1992-06-06,search
freitas sergio,Sergio Freitas,1977-01-22,enumeration
giglio sergio,Sergio Giglio,1997-01-09,enumeration
moraes sergio,Sergio Moraes,1982-07-23,search
pavon sergio,Sergio Pavon,1995-01-15,enumeration
perez sergio,Sergio Perez,1991-03-24,enumeration
pettis sergio,Sergio Pettis,1993-08-18,search
quinones sergio,Sergio Quinones,1986-08-18,search
quintero sergio,Sergio Quintero,1997-08-17,enumeration
rios sergio,Sergio Rios,1988-07-31,search
robles sergio,Sergio Robles,1996-08-20,enumeration
sergio souza,Sergio Souza,1985-08-09,search
barbarosa sergiu,Sergiu Barbarosa,1986-08-09,enumeration
sergiusz uzarek,Sergiusz Uzarek,1996-04-16,search
radchenko serhiy,Serhiy Radchenko,1987-04-10,enumeration
serhiy sidey,Serhiy Sidey,1996-07-04,search
dia ousmane serigne,Serigne Ousmane Dia,1976-10-01,enumeration
minasyan serob,Serob Minasyan,1988-07-19,search
baczynski seth,Seth Baczynski,1981-10-26,search
basler seth,Seth Basler,1991-03-20,search
bass seth,Seth Bass,1992-11-13,search
marquez seth,Seth Marquez,1985-08-06,search
petruzelli seth,Seth Petruzelli,1979-12-03,enumeration
bae seung whi,Seung Bae Whi,1977-09-30,enumeration
gu kim seung,Seung Gu Kim,1989-05-09,search
choi seungguk,SeungGuk Choi,1996-12-26,search
choi seungwoo,SeungWoo Choi,1992-11-03,enumeration
neto severino,Severino Neto,1986-10-13,search
sha whittington,Sha Whittington,1989-09-22,search
azabany shad,Shad Azabany,1992-08-07,enumeration
abdurazakov shadid,Shadid Abdurazakov,1998-10-04,enumeration
himle shadoe,Shadoe Himle,1992-07-05,enumeration
shahbulat shamhalaev,Shahbulat Shamhalaev,1983-08-27,search
santana shaheen,Shaheen Santana,1991-06-04,search
haghi shahram,Shahram Haghi,1990-11-11,enumeration
shahriar zolfaghari,Shahriar Zolfaghari,1992-01-14,search
rincon shaianna,Shaianna Rincon,1993-08-21,search
moffitt shaine,Shaine Moffitt,1990-02-20,search
haque shajidul,Shajidul Haque,1990-10-29,search
alkhasov shakhban,Shakhban Alkhasov,1996-12-24,search
mckillip shakir,Shakir McKillip,1992-01-02,search
bailey shamar,Shamar Bailey,1982-09-22,search
harvey shameek,Shameek Harvey,1997-03-26,search
findley shamel,Shamel Findley,1997-03-31,search
magomedov shamidkhan,Shamidkhan Magomedov,1994-07-24,search
abdulaev shamil,Shamil Abdulaev,1990-06-23,enumeration
abdulkhalikov shamil,Shamil Abdulkhalikov,1989-01-10,search
abdurakhimov shamil,Shamil Abdurakhimov,1981-09-02,search
banukayev shamil,Shamil Banukayev,1996-01-15,search
boraev shamil,Shamil Boraev,2002-11-27,search
erdogan shamil,Shamil Erdogan,1990-07-15,search
gadzhibekov shamil,Shamil Gadzhibekov,1998-01-01,enumeration
gamzatov shamil,Shamil Gamzatov,1990-08-09,search
gasanbekov shamil,Shamil Gasanbekov,1992-09-18,enumeration
gasanov shamil,Shamil Gasanov,1995-09-29,search
gaziev shamil,Shamil Gaziev,1990-02-10,search
magomedov shamil,Shamil Magomedov,1993-02-04,search
musaev shamil,Shamil Musaev,1994-01-08,search
nasrudinov shamil,Shamil Nasrudinov,1997-07-29,search
nurmagomedov shamil,Shamil Nurmagomedov,1982-06-01,enumeration
olokhanov shamil,Shamil Olokhanov,1992-10-29,enumeration
shamil tsakuev,Shamil Tsakuev,1995-08-01,enumeration
shamil zavurov,Shamil Zavurov,1984-07-04,search
gasanov shamill,Shamill Gasanov,1993-10-04,enumeration
peshewa shamir,Shamir Peshewa,1985-11-21,search
adrienne power shana,Shana Adrienne Power,1992-04-16,enumeration
dobson shana,Shana Dobson,1989-03-30,search
burgos shane,Shane Burgos,1991-03-19,search
campbell shane,Shane Campbell,1988-01-21,enumeration
carwin shane,Shane Carwin,1975-01-04,enumeration
collins shane,Shane Collins,2000-03-08,search
del rosario shane,Shane Del Rosario,1983-09-23,enumeration
foalima shane,Shane Foalima,1981-02-03,enumeration
grant shane,Shane Grant,1985-04-03,search
howell shane,Shane Howell,1983-11-28,search
hutchinson shane,Shane Hutchinson,1977-01-16,search
keefe shane,Shane Keefe,1994-09-14,search
kruchten shane,Shane Kruchten,1984-06-07,search
manley shane,Shane Manley,1988-06-10,search
oshea shane,Shane O'Shea,1993-12-31,enumeration
robinson shane,Shane Robinson,1984-06-29,enumeration
roller shane,Shane Roller,1979-07-14,search
sargent shane,Shane Sargent,1978-05-09,search
saunders shane,Shane Saunders,1982-08-30,enumeration
shane shomidie,Shane Shomidie,1988-04-25,search
shane torres,Shane Torres,1992-05-04,search
shane whiteeagle,Shane WhiteEagle,1994-03-06,search
shane young,Shane Young,1993-07-31,search
dyer shanelle,Shanelle Dyer,2001-04-23,search
shanna young,Shanna Young,1991-02-20,search
clark shannon,Shannon Clark,1992-07-07,search
goughary shannon,Shannon Goughary,1986-03-12,search
gugerty shannon,Shannon Gugerty,1981-12-30,enumeration
ritch shannon,Shannon Ritch,1970-09-27,search
ross shannon,Shannon Ross,1989-05-12,enumeration
shannon tonder van,Shannon Van Tonder,1995-03-21,enumeration
shannon wiratchai,Shannon Wiratchai,1988-11-14,enumeration
moore shaquan,Shaquan Moore,1994-03-27,search
magomedov shara,Shara Magomedov,1994-05-16,enumeration
davlatmurodov sharaf,Sharaf Davlatmurodov,1992-04-02,search
magomedov sharapudin,Sharapudin Magomedov,1994-11-26,enumeration
jones sharif,Sharif Jones,1992-04-14,search
jacobson sharon,Sharon Jacobson,1983-08-30,search
asher shaun,Shaun Asher,1979-07-16,search
dillon shaun,Shaun Dillon,1979-12-03,enumeration
etchell shaun,Shaun Etchell,1993-08-05,search
luther shaun,Shaun Luther,1992-12-10,search
paythress shaun,Shaun Paythress,1987-09-09,enumeration
bannon shauna,Shauna Bannon,1993-10-23,search
rakhmonov shavkat,Shavkat Rakhmonov,1994-10-23,search
brown shawn,Shawn Brown,1995-12-09,search
bunch shawn,Shawn Bunch,1983-03-19,search
da shawn silva,Shawn Da Silva,1996-02-29,enumeration
fields shawn,Shawn Fields,1984-10-10,enumeration
gustafson shawn,Shawn Gustafson,1991-02-03,enumeration
johnson shawn,Shawn Johnson,1990-10-29,search
jordan shawn,Shawn Jordan,1984-10-21,search
rall shawn,Shawn Rall,1990-06-13,search
shawn solis,Shawn Solis,1990-07-13,search
shawn stefanelli,Shawn Stefanelli,1992-12-14,search
shawn suser,Shawn Suser,1996-05-16,search
shawn teed,Shawn Teed,1992-02-13,search
shawn west,Shawn West,1989-08-17,search
ormsby shawna,Shawna Ormsby,1992-02-16,enumeration
shay walsh,Shay Walsh,1988-05-23,search
baszler shayna,Shayna Baszler,1980-08-08,search
goodridge shedrick,Shedrick Goodridge,1989-11-23,search
amaral sheila,Sheila Amaral,1998-08-01,enumeration
gaff sheila,Sheila Gaff,1989-12-29,search
chipito shelda,Shelda Chipito,1999-02-16,enumeration
ryan sheldon,Sheldon Ryan,1994-04-10,enumeration
sheldon westcott,Sheldon Westcott,1984-08-20,enumeration
gravino renata shellen,Shellen Renata Gravino,2001-08-31,enumeration
graves shelton,Shelton Graves,1985-10-23,search
sales shelton,Shelton Sales,1992-11-29,search
rock shem,Shem Rock,1993-11-05,enumeration
shendy solomon,Shendy Solomon,1996-05-08,enumeration
bao guleng sheri,Sheri Guleng Bao,1989-02-14,enumeration
lovely sherman,Sherman Lovely,1997-07-09,enumeration
blackledge sherrard,Sherrard Blackledge,1993-08-16,search
moraes sheymon,Sheymon Moraes,1990-10-11,enumeration
boris esperanca shido,Shido Boris Esperanca,1995-12-23,enumeration
kusayanagi shigeaki,Shigeaki Kusayanagi,1981-07-01,search
iijima shigeki,Shigeki Iijima,1979-07-05,search
iwase shigetoshi,Shigetoshi Iwase,1975-06-06,search
harada shiho,Shiho Harada,1984-02-21,enumeration
shiko yamashita,Shiko Yamashita,1973-12-22,enumeration
johnson shilom,Shilom Johnson,1971-12-23,enumeration
shimon smotritsky,Shimon Smotritsky,2000-08-22,search
haraguchi shin,Shin Haraguchi,1998-11-27,search
iraha shin,Shin Iraha,1992-03-01,search
kochiwa shin,Shin Kochiwa,1980-06-29,search
shinechagtga zoltsetseg,Shinechagtga Zoltsetseg,1996-09-04,search
shingo suzuki,Shingo Suzuki,1986-04-30,search
kojima shinichi,Shinichi Kojima,1979-02-06,search
shinichi suzukawa,Shinichi Suzukawa,1983-09-21,search
shinichi taira,Shinichi Taira,1984-12-04,search
sasaki shinji,Shinji Sasaki,1980-05-02,search
shino vanhoose,Shino VanHoose,1995-06-03,search
ota shinobu,Shinobu Ota,1993-12-28,search
shinpei sotoyama,Shinpei Sotoyama,1984-04-17,search
anzai shinsho,Shinsho Anzai,1985-12-01,search
kamei shinsuke,Shinsuke Kamei,1997-01-02,search
nishio shinsuke,Shinsuke Nishio,1993-04-21,search
ishiwatari shintaro,Shintaro Ishiwatari,1985-02-21,search
aoki shinya,Shinya Aoki,1983-05-09,search
qadrian shirzad,Shirzad Qadrian,2001-05-13,search
shizuka sugiyama,Shizuka Sugiyama,1987-02-11,search
boyd shlomo,Shlomo Boyd,2000-06-13,search
kogane sho,Sho Kogane,1987-10-17,search
patrick sho usami,Sho Patrick Usami,2000-05-08,search
shoaib yousaf,Shoaib Yousaf,1995-08-07,search
sato shogo,Shogo Sato,1993-06-08,search
nose shohei,Shohei Nose,1997-10-19,search
shohei takada,Shohei Takada,1993-12-03,enumeration
shohei yamamoto,Shohei Yamamoto,1989-08-25,search
shoichi tomita,Shoichi Tomita,1988-10-21,search
maruyama shoji,Shoji Maruyama,1983-04-24,search
miki shojin,Shojin Miki,1988-12-03,search
ogawa shoki,Shoki Ogawa,1990-05-23,search
sato shoko,Shoko Sato,1987-08-21,search
carter shonie,Shonie Carter,1972-05-03,search
barnes shonte,Shonte Barnes,1987-02-09,search
shooto watanabe,Shooto Watanabe,1989-02-27,enumeration
betlemidze shota,Shota Betlemidze,1981-02-06,search
fujii shota,Shota Fujii,1983-12-20,enumeration
shotaro yabe,Shotaro Yabe,1988-05-01,search
sakano shuhei,Shuhei Sakano,1995-09-18,search
kanda shuichi,Shuichi Kanda,1990-12-24,search
miyakawa shun,Shun Miyakawa,1990-10-27,enumeration
murata shun,Shun Murata,1988-07-01,search
shun yong,Shun Yong,1991-07-26,enumeration
oyama shungo,Shungo Oyama,1974-04-11,search
shimizu shunichi,Shunichi Shimizu,1985-01-31,search
inoue shunsuke,Shunsuke Inoue,1983-01-20,enumeration
kubota shunsuke,Shunsuke Kubota,2001-12-08,search
nomura shunta,Shunta Nomura,1997-10-11,search
imai shunya,Shunya Imai,1995-02-01,enumeration
shuo wang,Shuo Wang,1994-10-29,search
aki shuto,Shuto Aki,2000-12-13,search
arimura shuya,Shuya Arimura,1981-10-30,search
kamikubo shuya,Shuya Kamikubo,1993-04-12,search
shyudi yamauchi,Shyudi Yamauchi,1991-06-21,search
park si woo,Si Woo Park,1991-06-26,search
park si yoon,Si Yoon Park,1998-02-04,enumeration
sialamou siliga,Siala-Mou Siliga,1970-10-08,enumeration
shakhsinova siana,Siana Shakhsinova,1993-11-25,enumeration
dadras siavash,Siavash Dadras,2002-05-01,enumeration
carlos sidemar,Sidemar Carlos,1985-06-03,enumeration
honorio sidemar,Sidemar Honorio,1980-05-05,search
parker sidiah,Sidiah Parker,1987-08-11,search
guzman sidney,Sidney Guzman,1977-10-12,enumeration
lima sidney,Sidney Lima,1985-10-16,enumeration
outlaw sidney,Sidney Outlaw,1992-04-11,search
sidney trillo,Sidney Trillo,1999-09-21,search
rocha sidy,Sidy Rocha,1977-09-11,search
pesaleli sigi,Sigi Pesaleli,1993-11-22,search
eubanks sijara,Sijara Eubanks,1985-04-27,search
kurian sijin,Sijin Kurian,1985-02-08,search
lima silas,Silas Lima,1995-09-06,enumeration
de oliveira robson silas,Silas Robson de Oliveira,1987-02-03,search
nunes silmar,Silmar Nunes,1981-11-15,search
gomez juarez silvana,Silvana Gomez Juarez,1984-12-06,search
monteiro silvania,Silvania Monteiro,1986-11-10,enumeration
bolognani silvano,Silvano Bolognani,1990-12-26,search
sanchez silvestre,Silvestre Sanchez,2001-11-15,enumeration
gonzalez silvia,Silvia Gonzalez,1998-12-15,enumeration
leonora nascimento silvia,Silvia Leonora Nascimento,1990-09-05,enumeration
garcia silvio,Silvio Garcia,1990-04-26,enumeration
kai sim xiong,Sim Kai Xiong,1997-09-06,search
da melo silva simao,Simao Melo da Silva,1981-08-04,enumeration
powell simeon,Simeon Powell,1999-02-06,search
simeon thoresen,Simeon Thoresen,1984-03-14,search
arentz simon,Simon Arentz,1991-09-22,enumeration
biyong simon,Simon Biyong,1991-04-05,search
marini simon,Simon Marini,1986-01-10,search
shirt simon,Simon Shirt,1988-12-08,enumeration
simona soukupova,Simona Soukupova,1977-06-04,search
aparecida da duarte silva simone,Simone Aparecida da Silva Duarte,1983-08-06,enumeration
danna simone,Simone D'Anna,1995-08-25,enumeration
da silva simone,Simone da Silva,1983-08-06,enumeration
silva simone,Simone Silva,1983-08-06,enumeration
simone tessari,Simone Tessari,1988-03-13,enumeration
kavanagh sinead,Sinead Kavanagh,1986-02-01,search
ni nuallain sineadh,Sineadh Ni Nuallain,2001-05-02,enumeration
sinjen smith,Sinjen Smith,1992-09-19,search
harrison siron,Siron Harrison,1993-12-08,search
kakai sirwan,Sirwan Kakai,1989-10-03,search
muduev sitik,Sitik Muduev,1990-07-21,search
bahadurzada siyar,Siyar Bahadurzada,1984-04-17,search
moiseichik sky,Sky Moiseichik,1978-07-11,search
mauller skylar,Skylar Mauller,2000-07-26,enumeration
hicks skyler,Skyler Hicks,1994-11-26,enumeration
mauller skyler,Skyler Mauller,2000-07-26,enumeration
ring slade,Slade Ring,1996-06-19,enumeration
slim trabelsi,Slim Trabelsi,1993-05-09,search
culum slobodan,Slobodan Culum,1989-07-28,enumeration
maksimovic slobodan,Slobodan Maksimovic,1989-01-23,search
slobodan vukic,Slobodan Vukic,1996-02-13,search
rama smealinho,Smealinho Rama,1992-04-30,search
amisial smith,Smith Amisial,1985-01-22,search
kim so yul,So Yul Kim,1997-05-25,search
palelei soa,Soa Palelei,1977-12-07,enumeration
pierre socrates,Socrates Pierre,1985-07-13,search
amao sodik,Sodik Amao,1995-12-03,enumeration
sodiq yusuff,Sodiq Yusuff,1993-05-19,search
esquer sofia,Sofia Esquer,1998-01-13,enumeration
landi sofia,Sofia Landi,1991-01-18,enumeration
montenegro sofia,Sofia Montenegro,1999-06-18,search
bougamoun sofian,Sofian Bougamoun,1987-10-28,search
aissaoui sofiane,Sofiane Aissaoui,1991-08-23,search
boukichou sofiane,Sofiane Boukichou,1986-07-16,search
bagishvili sofiia,Sofiia Bagishvili,1999-02-25,search
nishida soichi,Soichi Nishida,1990-02-28,enumeration
khasanov soleh,Soleh Khasanov,1989-01-28,enumeration
hatley jr solo,Solo Hatley Jr.,1996-08-24,enumeration
hutcherson solomon,Solomon Hutcherson,1972-08-13,enumeration
renfro solomon,Solomon Renfro,1997-02-05,search
solon staley,Solon Staley,1983-12-09,search
silvino sombay,Sombay Silvino,1983-12-16,enumeration
sonam zomba,Sonam Zomba,1998-10-12,enumeration
ha lee song,Song Ha Lee,1994-05-21,enumeration
hae song yoon,Song Hae Yoon,2002-07-01,enumeration
law sonny,Sonny Law,1989-09-08,enumeration
luque sonny,Sonny Luque,1981-08-20,enumeration
chul kim soo,Soo Chul Kim,1991-12-10,search
lee soo yeon,Soo Yeon Lee,1994-03-24,enumeration
simpleman sooksan,Sooksan Simpleman,1968-07-13,enumeration
rakhmonova sora,Sora Rakhmonova,1998-06-21,enumeration
bak soren,Soren Bak,1992-07-22,search
abanokov soslan,Soslan Abanokov,1989-03-17,search
gagloev soslan,Soslan Gagloev,1999-11-25,enumeration
gasiev soslan,Soslan Gasiev,1996-12-21,enumeration
carvalho soslenis,Soslenis Carvalho,1991-01-12,search
carvalho sostines,Sostines Carvalho,1987-07-31,enumeration
sotaro yamada,Sotaro Yamada,1983-09-23,search
kichukov sotir,Sotir Kichukov,1990-05-19,search
oudina soufiene,Soufiene Oudina,1984-03-05,enumeration
souhil tairi,Souhil Tairi,1991-08-29,search
khampasath souksavanh,Souksavanh Khampasath,1987-05-29,search
em sovannahry,Sovannahry Em,1992-06-26,enumeration
soyu tanabe,Soyu Tanabe,1974-12-10,enumeration
fisher spencer,Spencer Fisher,1976-05-09,search
flores spencer,Spencer Flores,1994-11-09,enumeration
glenn spencer,Spencer Glenn,1989-06-28,enumeration
higa spencer,Spencer Higa,1987-07-01,search
jebb spencer,Spencer Jebb,1989-12-12,search
carlyle spike,Spike Carlyle,1993-05-06,search
marovic srdjan,Srdjan Marovic,1990-04-19,enumeration
sekulic srdjan,Srdjan Sekulic,1979-04-30,enumeration
sekhar srikant,Srikant Sekhar,1991-10-11,search
kwon soo ssang,Ssang Soo Kwon,1991-01-17,search
anderson stacey,Stacey Anderson,1991-10-29,search
staci vega,Staci Vega,1988-05-11,enumeration
dorsainvil stan,Stan Dorsainvil,2000-05-12,enumeration
nedkov stanislav,Stanislav Nedkov,1981-09-12,enumeration
shakun stanislav,Stanislav Shakun,1999-12-06,enumeration
stanislav vlasenko,Stanislav Vlasenko,1993-02-21,search
barbosa de melo stanley,Stanley Barbosa de Melo,1986-09-13,search
kuykendall stash,Stash Kuykendall,1992-06-20,enumeration
economou stav,Stav Economou,1986-07-07,search
shwartz stav,Stav Shwartz,2003-10-14,search
almazov stefan,Stefan Almazov,1987-12-28,enumeration
larisch stefan,Stefan Larisch,1984-10-08,enumeration
negucic stefan,Stefan Negucic,1994-02-08,search
pretorius stefan,Stefan Pretorius,1993-03-04,search
sekulic stefan,Stefan Sekulic,1992-02-12,search
stefan struve,Stefan Struve,1988-02-18,search
stefan vojcak,Stefan Vojcak,1990-04-02,search
stefan zvijer,Stefan Zvijer,1992-06-12,search
catacoli stefano,Stefano Catacoli,1999-02-09,search
paterno stefano,Stefano Paterno,1995-08-18,search
argyrou stefanos,Stefanos Argyrou,2000-06-24,enumeration
stelon tindage,Stelon Tindage,1992-08-13,enumeration
samkov stepan,Stepan Samkov,1999-01-09,enumeration
bonnar stephan,Stephan Bonnar,1977-04-04,enumeration
de la rey stephan,Stephan De La Rey,1994-02-21,enumeration
puetz stephan,Stephan Puetz,1987-04-08,search
lavoie stephane,Stephane Lavoie,1994-02-14,enumeration
sebisaholubambo stephane,Stephane Sebisaho-Lubambo,1994-09-06,enumeration
bragayrac stephanie,Stephanie Bragayrac,1988-06-28,search
calderon stephanie,Stephanie Calderon,1993-08-30,enumeration
egger stephanie,Stephanie Egger,1988-08-12,search
eggink stephanie,Stephanie Eggink,1988-07-12,enumeration
essensa stephanie,Stephanie Essensa,1985-08-19,enumeration
frausto stephanie,Stephanie Frausto,1990-09-20,search
geltmacher stephanie,Stephanie Geltmacher,1990-08-21,search
hernandez stephanie,Stephanie Hernandez,1992-12-28,search
ielo page stephanie,Stephanie Ielo Page,1988-09-21,search
luciano stephanie,Stephanie Luciano,1999-12-16,enumeration
skinner stephanie,Stephanie Skinner,1990-04-05,search
banaszak stephen,Stephen Banaszak,1990-12-07,search
bass stephen,Stephen Bass,1982-11-14,enumeration
beaumont stephen,Stephen Beaumont,1985-01-11,enumeration
costello stephen,Stephen Costello,1993-01-01,search
eakin stephen,Stephen Eakin,1983-03-29,enumeration
langdown stephen,Stephen Langdown,1992-12-22,enumeration
loman stephen,Stephen Loman,1992-01-01,search
perez stephen,Stephen Perez,1988-05-25,search
regman stephen,Stephen Regman,1991-08-05,search
stephen thompson,Stephen Thompson,1983-02-11,search
ford sterling,Sterling Ford,1986-03-12,enumeration
lenz sterling,Sterling Lenz,1986-06-03,search
aimable steve,Steve Aimable,1987-08-21,search
bosse steve,Steve Bosse,1981-07-29,enumeration
brown steve,Steve Brown,1980-12-10,search
cantwell steve,Steve Cantwell,1986-12-08,enumeration
carl steve,Steve Carl,1984-12-20,search
erceg steve,Steve Erceg,1995-07-27,search
garcia steve,Steve Garcia,1992-05-22,enumeration
granieri steve,Steve Granieri,1974-12-20,enumeration
jones steve,Steve Jones,1989-12-13,enumeration
kennedy steve,Steve Kennedy,1983-03-07,search
kinnison steve,Steve Kinnison,1983-07-05,search
kozola steve,Steve Kozola,1989-12-17,search
lopez steve,Steve Lopez,1984-07-30,enumeration
mensing steve,Steve Mensing,1977-12-06,enumeration
mocco steve,Steve Mocco,1981-12-28,enumeration
moleski steve,Steve Moleski,1985-06-02,search
montgomery steve,Steve Montgomery,1990-12-19,search
mowry steve,Steve Mowry,1992-07-14,search
nichols steve,Steve Nichols,1985-06-20,enumeration
ojeda steve,Steve Ojeda,1994-01-18,enumeration
owens steve,Steve Owens,1993-05-15,search
parr steve,Steve Parr,1977-01-30,enumeration
parsons steve,Steve Parsons,1997-12-15,enumeration
ramirez steve,Steve Ramirez,1987-01-22,search
reyna steve,Steve Reyna,1979-02-11,enumeration
smith steve,Steve Smith,1980-11-04,enumeration
steve wilson,Steve Wilson,1987-12-19,enumeration
asplund steven,Steven Asplund,1998-07-16,search
bell steven,Steven Bell,1980-05-16,search
chang steven,Steven Chang,1990-11-28,search
covington steven,Steven Covington,1989-09-15,enumeration
defalle steven,Steven Defalle,1986-10-06,search
graham steven,Steven Graham,1991-01-19,enumeration
hill steven,Steven Hill,1993-07-02,search
hooper steven,Steven Hooper,1991-02-16,search
koslow steven,Steven Koslow,1997-01-22,search
maxwell steven,Steven Maxwell,1982-07-24,enumeration
merrill steven,Steven Merrill,1989-11-17,search
milward steven,Steven Milward,1984-07-16,enumeration
new steven,Steven New,1990-01-09,enumeration
newell steven,Steven Newell,1991-08-27,search
nguyen steven,Steven Nguyen,1993-05-19,search
peterson steven,Steven Peterson,1990-05-29,search
rogers steven,Steven Rogers,1977-10-12,enumeration
siler steven,Steven Siler,1987-02-15,search
steven warby,Steven Warby,1988-06-28,enumeration
ray stevie,Stevie Ray,1990-03-25,search
nicoll stewart,Stewart Nicoll,1994-11-04,search
brcic stipe,Stipe Brcic,1992-11-14,search
miocic stipe,Stipe Miocic,1982-08-19,search
stiven valencia,Stiven Valencia,1989-02-18,enumeration
bekavac stjepan,Stjepan Bekavac,1982-12-28,search
austin stuart,Stuart Austin,1988-08-03,search
dare stuart,Stuart Dare,1986-12-09,search
davies stuart,Stuart Davies,1983-07-24,search
sua tuani,Sua Tuani,1980-09-22,search
salimova suad,Suad Salimova,1993-03-19,enumeration
chau suasday,Suasday Chau,1987-03-11,enumeration
sodnomdorj sukhbold,Sukhbold Sodnomdorj,1988-09-18,search
aydarbekov sukhrob,Sukhrob Aydarbekov,1990-04-27,search
sulangrangbo,Sulangrangbo,2005-07-17,search
bouhata suleiman,Suleiman Bouhata,1991-02-26,search
cauley sullivan,Sullivan Cauley,1996-05-15,search
aliev sultan,Sultan Aliev,1984-09-17,search
sultan zholdoshbekov,Sultan Zholdoshbekov,1995-09-15,enumeration
mokhtarian suman,Suman Mokhtarian,1992-06-13,search
khade sumeet,Sumeet Khade,1991-06-04,search
inaba sumiko,Sumiko Inaba,1991-02-06,search
kumar sumit,Sumit Kumar,2000-09-09,enumeration
sumudaerji,Sumudaerji,1996-01-20,enumeration
cheon sun yoo,Sun Yoo Cheon,1989-06-30,enumeration
ho hong sung,Sung Ho Hong,1986-11-29,enumeration
hoon sung woo,Sung Hoon Woo,1992-06-10,search
kim kwon sung,Sung Kwon Kim,1992-08-12,search
son sung won,Sung Won Son,1988-02-11,search
davidsdottir sunna,Sunna Davidsdottir,1985-06-21,enumeration
nasulloev sunnatillo,Sunnatillo Nasulloev,1998-06-16,search
imhotep sunni,Sunni Imhotep,1991-03-11,search
peringkat sunoto,Sunoto Peringkat,1985-04-03,enumeration
petrosyan suren,Suren Petrosyan,1996-04-30,enumeration
gomez susset,Susset Gomez,2003-08-10,enumeration
susy watson,Susy Watson,1983-07-07,enumeration
salmimies suvi,Suvi Salmimies,1985-08-06,search
boonsorn suwanan,Suwanan Boonsorn,1996-06-14,search
suwattana takanratti,Suwattana Takanratti,1992-08-16,enumeration
suyoung you,SuYoung You,1995-12-11,search
fortenbacher sven,Sven Fortenbacher,1993-05-11,search
gotsyk svetlana,Svetlana Gotsyk,1996-09-20,search
khautova svetlana,Svetlana Khautova,1985-07-13,enumeration
savov svetlozar,Svetlozar Savov,1988-10-24,search
sviatoslav zhymanov,Sviatoslav Zhymanov,1985-11-30,search
shahir syed,Syed Shahir,1990-03-07,enumeration
chipfumbu sylvester,Sylvester Chipfumbu,1991-10-21,search
juskiewicz sylwia,Sylwia Juskiewicz,1994-09-30,search
kondo syuri,Syuri Kondo,1989-02-08,search
bajor szymon,Szymon Bajor,1988-06-15,search
dusza szymon,Szymon Dusza,1990-05-19,search
kolecki szymon,Szymon Kolecki,1981-12-10,search
brown tj,T.J. Brown,1990-05-22,search
dillashaw tj,T.J. Dillashaw,1986-02-07,search
pettigrew tj,T.J. Pettigrew,1993-05-14,enumeration
rigel tj,T.J. Rigel,1990-04-18,search
ann tabatha watkins,Tabatha Ann Watkins,1994-11-23,search
ricci tabatha,Tabatha Ricci,1995-02-21,search
ho jin tae,Tae Ho Jin,1989-06-07,search
bang hyun tae,Tae Hyun Bang,1983-04-15,enumeration
hyun lee tae,Tae Hyun Lee,1975-01-17,enumeration
kim kyun tae,Tae Kyun Kim,1994-03-28,search
murayama tae,Tae Murayama,2000-01-28,search
seung tae yoon,Tae Seung Yoon,1989-06-27,enumeration
tae woo yoo,Tae Woo Yoo,1991-08-21,enumeration
brasil taffarel,Taffarel Brasil,1994-07-25,search
nchukwi tafon,Tafon Nchukwi,1994-10-14,search
tagir tagirov,Tagir Tagirov,1989-02-07,enumeration
tagir ulanbekov,Tagir Ulanbekov,1991-08-07,search
bendaoud taha,Taha Bendaoud,1995-01-18,search
hadbi tahar,Tahar Hadbi,1987-08-18,search
abdullayev tahir,Tahir Abdullayev,1997-02-02,search
tai tuivasa,Tai Tuivasa,1993-03-16,search
nakajima taichi,Taichi Nakajima,1989-03-19,enumeration
iwasaki taiga,Taiga Iwasaki,1997-07-07,search
taiga tanimura,Taiga Tanimura,2003-01-17,search
costa taigro,Taigro Costa,1989-03-19,search
akiba taiki,Taiki Akiba,1990-04-26,search
taiki tsuchiya,Taiki Tsuchiya,1984-06-03,search
santos taila,Taila Santos,1993-06-22,search
lisboa tainara,Tainara Lisboa,1991-03-02,search
otsuki taisei,Taisei Otsuki,1998-02-19,search
naito taison,Taison Naito,1989-06-07,search
okuno taisuke,Taisuke Okuno,1977-03-01,search
mhandu taka,Taka Mhandu,1997-12-31,enumeration
oban takaaki,Takaaki Oban,1985-07-22,search
hanai takafumi,Takafumi Hanai,1973-02-17,enumeration
otsuka takafumi,Takafumi Otsuka,1986-08-22,search
ashida takahiro,Takahiro Ashida,1989-08-29,search
kajita takahiro,Takahiro Kajita,1976-07-24,search
kawanaka takahiro,Takahiro Kawanaka,1990-10-19,search
kohori takahiro,Takahiro Kohori,1985-12-19,search
komakine takahiro,Takahiro Komakine,1991-04-24,search
hirayama takaichi,Takaichi Hirayama,1978-08-20,enumeration
soya takaki,Takaki Soya,1994-10-15,search
gomi takanori,Takanori Gomi,1978-09-22,search
takahashi takanori,Takanori Takahashi,1985-08-01,search
matsuba takashi,Takashi Matsuba,1991-09-26,search
matsuoka takashi,Takashi Matsuoka,1991-02-07,search
nakayama takashi,Takashi Nakayama,1987-12-05,search
sato takashi,Takashi Sato,1990-06-09,search
kume takasuke,Takasuke Kume,1985-04-28,search
suzuki takaya,Takaya Suzuki,2004-09-04,search
takaya tsukuda,Takaya Tsukuda,1991-10-24,enumeration
hashi takayo,Takayo Hashi,1977-10-02,search
ono takayoshi,Takayoshi Ono,1980-10-14,search
hirose takayuki,Takayuki Hirose,1979-03-12,enumeration
iijima takayuki,Takayuki Iijima,1991-04-04,search
higuchi takehiro,Takehiro Higuchi,1998-06-12,enumeration
ishii takehiro,Takehiro Ishii,1979-07-11,search
sato takenori,Takenori Sato,1985-06-08,search
takeru uchida,Takeru Uchida,2002-09-30,search
inoue takeshi,Takeshi Inoue,1980-03-18,search
izumi takeshi,Takeshi Izumi,1989-04-06,search
kasugai takeshi,Takeshi Kasugai,1988-07-27,search
numajiri takeshi,Takeshi Numajiri,1984-04-23,search
mizugaki takeya,Takeya Mizugaki,1983-12-16,search
rahmani taki,Taki Rahmani,2002-02-23,enumeration
taksim zabitov,Taksim Zabitov,1996-04-08,search
aramaki taku,Taku Aramaki,1973-12-22,enumeration
kajikawa taku,Taku Kajikawa,1983-01-11,search
hida takuhito,Takuhito Hida,1975-06-17,enumeration
takuma watanabe,Takuma Watanabe,1990-01-02,enumeration
arai takumi,Takumi Arai,1995-08-25,search
murata takumi,Takumi Murata,1980-06-11,search
suzuki takumi,Takumi Suzuki,1995-10-23,search
takumi tamaru,Takumi Tamaru,1996-01-25,search
nishimura takuro,Takuro Nishimura,1979-10-06,enumeration
kuramoto takuya,Takuya Kuramoto,1993-05-04,search
ogura takuya,Takuya Ogura,1982-11-24,search
takahashi takuya,Takuya Takahashi,1994-12-16,search
takuya wada,Takuya Wada,1978-02-14,search
talgat zhumagaliyev,Talgat Zhumagaliyev,1994-03-14,search
costa soares talison,Talison Soares Costa,1988-10-21,search
alencar talita,Talita Alencar,1990-10-17,search
bernardo talita,Talita Bernardo,1987-03-04,search
nogueira talita,Talita Nogueira,1985-10-13,search
tallison teixeira,Tallison Teixeira,1999-12-07,search
hammons talon,Talon Hammons,1992-02-13,enumeration
israeli tamar,Tamar Israeli,1991-07-22,enumeration
mccrory tamdan,Tamdan McCrory,1986-11-05,search
brents tamikka,Tamikka Brents,1988-09-08,enumeration
tamires vidal,Tamires Vidal,1998-07-27,search
ashakhanov tamirlan,Tamirlan Ashakhanov,1996-05-09,enumeration
lacerda tamyray,Tamyray Lacerda,1993-05-05,search
taneisha tennant,Taneisha Tennant,1989-06-15,search
taner trembley,Taner Trembley,1994-12-28,search
pagliariccio tanio,Tanio Pagliariccio,1998-08-17,search
arnold tanner,Tanner Arnold,1991-10-26,enumeration
boser tanner,Tanner Boser,1991-08-02,search
cowan tanner,Tanner Cowan,1982-06-18,enumeration
saraceno tanner,Tanner Saraceno,1991-01-03,search
nijjar tanya,Tanya Nijjar,1994-11-10,search
graff tara,Tara Graff,1986-06-28,search
larosa tara,Tara LaRosa,1978-01-08,search
sapa taras,Taras Sapa,1992-04-02,search
de oliveira santos tarciara,Tarciara Santos de Oliveira,1987-11-16,search
gomes tarcizio,Tarcizio Gomes,1998-01-10,enumeration
saffiedine tarec,Tarec Saffiedine,1986-09-06,enumeration
suleiman tarek,Tarek Suleiman,1989-12-05,search
abbasov tariel,Tariel Abbasov,1996-06-16,enumeration
ismail tariq,Tariq Ismail,1990-05-29,search
minato taro,Taro Minato,1971-09-21,enumeration
grigoryan taron,Taron Grigoryan,1994-11-18,search
lahr tassilo,Tassilo Lahr,1994-04-18,enumeration
matsuda tateki,Tateki Matsuda,1986-02-27,search
iida tateo,Tateo Iida,1991-01-22,search
iino tateo,Tateo Iino,1986-04-20,search
postarnakova tatiana,Tatiana Postarnakova,2000-04-03,search
suarez tatiana,Tatiana Suarez,1990-12-19,search
bergamaschi tatiane,Tatiane Bergamaschi,1991-09-27,enumeration
couto do fontes tatiane,Tatiane Fontes do Couto,1991-10-16,search
aguiar porfirio tatiane,Tatiane Porfirio Aguiar,1992-04-14,enumeration
ramos tatiane,Tatiane Ramos,2000-06-21,enumeration
iwamoto tatsuhiko,Tatsuhiko Iwamoto,1988-08-23,search
okano tatsuki,Tatsuki Okano,1996-08-26,search
ozaki tatsuki,Tatsuki Ozaki,1994-05-10,search
saomoto tatsuki,Tatsuki Saomoto,1996-10-04,search
tatsumitsu wada,Tatsumitsu Wada,1988-11-16,search
nagakura tatsunao,Tatsunao Nagakura,1984-06-22,search
tanaka tatsunori,Tatsunori Tanaka,1978-12-14,search
taira tatsuro,Tatsuro Taira,2000-01-27,search
ando tatsuya,Tatsuya Ando,1990-04-26,search
kawajiri tatsuya,Tatsuya Kawajiri,1978-05-08,search
mizuno tatsuya,Tatsuya Mizuno,1981-06-02,search
nakashima tatsuya,Tatsuya Nakashima,1985-02-23,enumeration
saika tatsuya,Tatsuya Saika,1990-09-18,search
so tatsuya,Tatsuya So,1984-12-20,search
tanaka tatsuya,Tatsuya Tanaka,1985-05-02,enumeration
tatsuya watanabe,Tatsuya Watanabe,1988-06-03,search
lewis tavae,Tavae Lewis,1991-11-29,search
garcia tayde,Tayde Garcia,2003-09-30,search
alfaro taylor,Taylor Alfaro,1993-11-09,search
cahill taylor,Taylor Cahill,1997-04-30,search
callens taylor,Taylor Callens,1991-05-21,enumeration
christopher taylor,Taylor Christopher,1992-03-11,enumeration
escamilla taylor,Taylor Escamilla,1988-01-30,search
guardado taylor,Taylor Guardado,1991-07-31,search
johnson taylor,Taylor Johnson,1990-11-09,search
krahl taylor,Taylor Krahl,1992-08-20,search
lapilus taylor,Taylor Lapilus,1992-04-08,search
michels taylor,Taylor Michels,1993-03-18,enumeration
moore taylor,Taylor Moore,1993-10-16,search
pierce taylor,Taylor Pierce,1992-11-03,search
ruscin taylor,Taylor Ruscin,1988-03-15,enumeration
taylor turner,Taylor Turner,1983-04-04,search
guriev taymuraz,Taymuraz Guriev,1994-08-10,enumeration
lamounier tayna vieira,Tayna Lamounier Vieira,1997-03-11,search
tayna vieira,Tayna Vieira,1997-03-11,enumeration
silva taynara,Taynara Silva,1995-07-16,search
odunjo tayo,Tayo Odunjo,1993-09-13,search
pedro tayron,Tayron Pedro,1994-04-21,search
edwards te,Te Edwards,1990-09-11,search
ntene teboho,Teboho Ntene,1996-12-18,enumeration
pennington tecia,Tecia Pennington,1989-08-16,search
ash teddy,Teddy Ash,1989-12-27,search
hamelin teddy,Teddy Hamelin,1994-11-14,enumeration
potts teddy,Teddy Potts,1986-06-06,search
teddy violet,Teddy Violet,1991-08-29,search
cummins tee,Tee Cummins,1992-08-23,search
packalen teemu,Teemu Packalen,1987-05-22,search
nandedkar tejaswini,Tejaswini Nandedkar,1985-10-16,enumeration
temirkhan temirkhanov,Temirkhan Temirkhanov,1998-04-07,search
temirlan zhumabek,Temirlan Zhumabek,1996-10-05,search
khojamov temur,Temur Khojamov,1991-11-28,enumeration
nasukawa tenshin,Tenshin Nasukawa,1998-08-18,enumeration
tenya yoshimura,Tenya Yoshimura,2004-05-07,search
pema tenzin,Tenzin Pema,1994-12-25,enumeration
londono teo,Teo Londono,1996-07-28,search
aukstuolis teodoras,Teodoras Aukstuolis,1991-11-09,search
scolieri teodoro,Teodoro Scolieri,1986-01-03,enumeration
maeyama teppei,Teppei Maeyama,1995-06-12,search
balelo terence,Terence Balelo,2000-04-17,search
bleda tereza,Tereza Bleda,2001-11-30,search
hodges terrance,Terrance Hodges,1983-12-22,search
jeanjacques terrance,Terrance Jean-Jacques,1992-09-27,search
mckinney terrance,Terrance McKinney,1994-09-15,search
saeteurn terrance,Terrance Saeteurn,1995-05-30,search
hobbs terrell,Terrell Hobbs,1985-12-09,search
almond terrence,Terrence Almond,1983-07-02,search
chan terrence,Terrence Chan,1980-12-08,enumeration
mitchell terrence,Terrence Mitchell,1989-12-30,search
terrion ware,Terrion Ware,1986-03-31,search
bartholomew terry,Terry Bartholomew,1988-05-16,search
brazier terry,Terry Brazier,1986-10-17,search
britton terry,Terry Britton,1982-04-07,search
etim terry,Terry Etim,1985-10-19,enumeration
house jr terry,Terry House Jr.,1980-11-24,search
lemaire terry,Terry Lemaire,1989-02-25,search
martin terry,Terry Martin,1980-10-10,search
terry vanavery,Terry VanAvery,1991-11-18,enumeration
terry vanhoosear,Terry Vanhoosear,1990-04-04,search
ishihara teruto,Teruto Ishihara,1991-07-23,search
gouthro teshay,Teshay Gouthro,1994-10-31,search
simpson tessa,Tessa Simpson,1986-10-27,search
nakanishi tetsuo,Tetsuo Nakanishi,1990-07-13,search
tetsuo uehata,Tetsuo Uehata,1978-10-16,search
nishi tetsuya,Tetsuya Nishi,1979-09-11,search
seki tetsuya,Tetsuya Seki,1994-02-08,search
tetsuya yamada,Tetsuya Yamada,1990-04-02,search
cooke tevin,Tevin Cooke,1993-01-05,enumeration
dyce tevin,Tevin Dyce,1994-06-24,search
laskey tevin,Tevin Laskey,1993-12-05,search
teymur zhaparov,Teymur Zhaparov,1992-02-06,enumeration
jean thad,Thad Jean,1998-07-16,search
clark thai,Thai Clark,1989-05-20,search
souza thaiane,Thaiane Souza,1993-07-22,search
lopes thaiany,Thaiany lopes,2000-01-19,search
souza thais,Thais Souza,1983-12-11,search
leites thales,Thales Leites,1981-06-09,search
nakassu thales,Thales Nakassu,1989-09-21,search
le thanh,Thanh Le,1985-08-28,search
gorimbo themba,Themba Gorimbo,1991-01-23,search
haig theo,Theo Haig,1996-08-23,search
rlayang theo,Theo Rlayang,1994-08-10,search
berggren theodor,Theodor Berggren,2000-04-09,search
macuka theodore,Theodore Macuka,2000-02-10,search
theoren thorn,Theoren Thorn,1993-07-08,search
martin theron,Theron Martin,1996-08-27,search
alves thiago,Thiago Alves,1983-10-03,enumeration
alves cavalcante rodrigues thiago,Thiago Alves Cavalcante Rodrigues,1986-06-22,search
araujo augusto macedo thiago,Thiago Augusto Araujo Macedo,1994-11-27,enumeration
belo thiago,Thiago Belo,1988-05-14,search
castro thiago,Thiago Castro,1989-09-27,enumeration
da ferreira silva thiago,Thiago Ferreira da Silva,1994-10-08,search
florindo thiago,Thiago Florindo,1987-04-02,enumeration
goncalves thiago,Thiago Goncalves,1980-09-27,enumeration
hayne thiago,Thiago Hayne,1994-08-23,search
henrique thiago,Thiago Henrique,1991-07-01,enumeration
bonifacio luis silva thiago,Thiago Luis Bonifacio Silva,1986-06-16,enumeration
michel thiago,Thiago Michel,1984-05-15,enumeration
minu thiago,Thiago Minu,1975-09-05,enumeration
misael thiago,Thiago Misael,1987-05-29,enumeration
moises thiago,Thiago Moises,1995-03-23,search
nata thiago,Thiago Nata,1989-02-27,enumeration
de freitas nogueira thiago,Thiago Nogueira de Freitas,2001-08-25,enumeration
perpetuo thiago,Thiago Perpetuo,1987-12-14,enumeration
rodrigues thiago veloso,Thiago Rodrigues Veloso,1993-03-28,enumeration
silva thiago,Thiago Silva,1982-11-12,enumeration
nascimento silva thiago,Thiago Silva Nascimento,1997-11-13,enumeration
tavares thiago,Thiago Tavares,1984-11-08,search
thiago vieira,Thiago Vieira,1991-07-18,search
larchet thibaud,Thibaud Larchet,1992-09-09,search
gouti thibault,Thibault Gouti,1987-02-27,search
marino thibault,Thibault Marino,1989-10-15,search
lucas thierry,Thierry Lucas,1997-12-26,search
almeida thomas,Thomas Almeida,1991-07-31,search
assis thomas,Thomas Assis,1993-12-21,search
blair thomas,Thomas Blair,1985-12-07,search
bryan thomas,Thomas Bryan,1998-10-29,search
costes thomas,Thomas Costes,1983-02-09,enumeration
deleon thomas,Thomas Deleon,1992-02-26,enumeration
gifford thomas,Thomas Gifford,1992-07-26,search
lane thomas,Thomas Lane,1997-07-14,search
lopez thomas,Thomas Lopez,1987-08-13,search
majeski thomas,Thomas Majeski,1993-03-08,search
paull thomas,Thomas Paull,1994-10-15,search
petersen thomas,Thomas Petersen,1995-03-30,search
powell thomas,Thomas Powell,1995-05-21,search
robertsen thomas,Thomas Robertsen,1989-08-03,search
schulte thomas,Thomas Schulte,1981-01-13,enumeration
squadrito thomas,Thomas Squadrito,1994-01-21,enumeration
thatcher thomas,Thomas Thatcher,1988-01-11,search
thomas vasquez,Thomas Vasquez,1986-08-23,search
thomas webb,Thomas Webb,1983-04-14,search
afonso tiago,Tiago Afonso,1997-03-11,enumeration
cardoso tiago,Tiago Cardoso,1989-10-28,search
carvalho tiago,Tiago Carvalho,1982-01-04,search
monaco tiago tosato,Tiago Monaco Tosato,1988-06-20,search
pereira tiago,Tiago Pereira,1997-08-28,search
santos tiago,Tiago Santos,1992-01-14,enumeration
souza tiago,Tiago Souza,1982-08-31,search
tiago trator,Tiago Trator,1987-03-12,enumeration
lacerda tiago varejao,Tiago Varejao Lacerda,1989-09-02,search
tiago xavier,Tiago Xavier,1990-09-13,search
thang tial,Tial Thang,1993-11-28,search
tiani valle,Tiani Valle,1994-09-18,search
howard tiawan,Tiawan Howard,1974-12-17,search
tiequan zhang,Tiequan Zhang,1978-07-25,enumeration
gerez tifani,Tifani Gerez,2003-08-27,enumeration
soest tiffany van,Tiffany Van Soest,1989-03-20,search
grigoryan tigran,Tigran Grigoryan,1990-02-03,enumeration
batyrov tilek,Tilek Batyrov,1991-08-19,search
mashrapov tilek,Tilek Mashrapov,1989-09-25,search
atkinson tim,Tim Atkinson,1979-06-24,enumeration
barnett tim,Tim Barnett,1990-02-19,search
bazer tim,Tim Bazer,1976-10-11,search
boetsch tim,Tim Boetsch,1981-01-28,search
caron tim,Tim Caron,1987-07-24,search
carpenter tim,Tim Carpenter,1980-07-24,enumeration
chemelli tim,Tim Chemelli,1981-11-25,enumeration
credeur tim,Tim Credeur,1977-07-09,enumeration
dooling tim,Tim Dooling,1992-02-04,search
dunn tim,Tim Dunn,1987-08-26,enumeration
elliott tim,Tim Elliott,1986-12-24,search
eschtruth tim,Tim Eschtruth,1982-05-22,search
gorman tim,Tim Gorman,1983-04-29,search
hague tim,Tim Hague,1983-05-09,search
hiley tim,Tim Hiley,1989-02-16,search
honeycutt tim,Tim Honeycutt,1977-03-13,enumeration
johnson tim,Tim Johnson,1985-03-13,search
jones tim,Tim Jones,1986-02-23,enumeration
kennedy tim,Tim Kennedy,1979-09-01,enumeration
kunkel tim,Tim Kunkel,1992-09-23,search
mccavit tim,Tim McCavit,1983-03-24,enumeration
means tim,Tim Means,1984-02-20,search
newman tim,Tim Newman,1983-07-15,enumeration
riscen tim,Tim Riscen,1982-09-18,search
rogers tim,Tim Rogers,1992-07-21,enumeration
roman tim,Tim Roman,1985-06-08,enumeration
sosa tim,Tim Sosa,1988-01-26,search
sylvester tim,Tim Sylvester,1983-04-14,enumeration
sylvia tim,Tim Sylvia,1976-05-03,search
tim welch,Tim Welch,1990-04-25,enumeration
tim wilde,Tim Wilde,1987-08-30,search
tim williams,Tim Williams,1986-07-03,search
cuamba timmy,Timmy Cuamba,1999-02-08,search
timmy tyler,Timmy Tyler,1997-05-14,enumeration
feucht timo,Timo Feucht,1996-01-18,search
hirvikangas timojuhani,Timo-Juhani Hirvikangas,1984-05-28,search
nastyukhin timofey,Timofey Nastyukhin,1989-11-24,search
stewart timothy,Timothy Stewart,1990-06-20,enumeration
teves timothy,Timothy Teves,1991-04-19,search
tevez timothy,Timothy Tevez,1991-04-19,enumeration
timothy wade,Timothy Wade,1984-07-27,search
gilimzyanov timur,Timur Gilimzyanov,1992-12-17,enumeration
khizriev timur,Timur Khizriev,1995-11-19,search
nagibin timur,Timur Nagibin,1993-06-11,search
timur valiev,Timur Valiev,1990-01-19,search
lahdemaki tina,Tina Lahdemaki,1988-05-28,search
jones tito,Tito Jones,1981-07-31,search
martins tito viana,Tito Martins Viana,1998-10-06,search
ortiz tito,Tito Ortiz,1975-01-23,search
ferranti tiziano,Tiziano Ferranti,2000-02-29,enumeration
cook tj,TJ Cook,1982-09-08,enumeration
grant tj,TJ Grant,1984-02-26,enumeration
landry tj,TJ Landry,1991-01-01,enumeration
laramie tj,TJ Laramie,1997-10-15,search
obrien tj,TJ O'Brien,1987-01-01,enumeration
tj waldburger,TJ Waldburger,1988-04-25,enumeration
baker tobias,Tobias Baker,1996-08-20,enumeration
harila tobias,Tobias Harila,1994-01-13,search
huber tobias,Tobias Huber,1983-02-14,search
reid tobias,Tobias Reid,1990-12-15,enumeration
tobias wallberg,Tobias Wallberg,1990-07-30,enumeration
taylor tobiaus,Tobiaus Taylor,1993-03-17,search
imada toby,Toby Imada,1979-07-16,search
misech toby,Toby Misech,1988-03-07,search
chattelle todd,Todd Chattelle,1979-02-22,search
coppinger todd,Todd Coppinger,1992-04-11,enumeration
duffee todd,Todd Duffee,1985-12-06,search
monroe todd,Todd Monroe,1984-09-15,search
moore todd,Todd Moore,1983-12-30,search
stoute todd,Todd Stoute,1984-04-10,search
musayev tofiq,Tofiq Musayev,1989-12-15,search
tohir zhuraev,Tohir Zhuraev,1992-12-30,search
toji ueno,Toji Ueno,1975-10-23,search
matsui toki,Toki Matsui,1999-09-08,search
ishizawa tokimitsu,Tokimitsu Ishizawa,1968-08-05,enumeration
nakanishi tokitaka,Tokitaka Nakanishi,1996-07-28,search
ninomiya tokuaki,Tokuaki Ninomiya,1985-05-25,search
akylbekov tolegen,Tolegen Akylbekov,1982-05-19,enumeration
ahrens tom,Tom Ahrens,1986-12-26,search
aspinall tom,Tom Aspinall,1993-04-11,search
blackledge tom,Tom Blackledge,1986-05-18,search
breese tom,Tom Breese,1991-09-26,search
creasey tom,Tom Creasey,1991-08-15,search
deblass tom,Tom DeBlass,1982-05-14,enumeration
duquesnoy tom,Tom Duquesnoy,1993-06-21,search
gallicchio tom,Tom Gallicchio,1986-09-23,search
jones tom,Tom Jones,1969-12-08,enumeration
lawlor tom,Tom Lawlor,1983-05-15,search
marcellino tom,Tom Marcellino,1984-02-20,enumeration
murphy tom,Tom Murphy,1974-11-19,search
niinimaki tom,Tom Niinimaki,1982-07-25,search
nolan tom,Tom Nolan,2000-03-08,search
pagliarulo tom,Tom Pagliarulo,1997-06-19,search
richards tom,Tom Richards,1989-09-25,enumeration
santos tom,Tom Santos,1985-01-02,search
theocharis tom,Tom Theocharis,1993-10-20,search
tom watson,Tom Watson,1982-07-13,enumeration
deak tomas,Tomas Deak,1990-11-15,enumeration
mozny tomas,Tomáš Možný,1991-04-26,enumeration
pakutinskas tomas,Tomas Pakutinskas,1986-07-29,search
penz tomas,Tomas Penz,1984-05-17,search
tomas vasquez,Tomas Vasquez,1991-10-12,search
drwal tomasz,Tomasz Drwal,1982-01-22,enumeration
gierula tomasz,Tomasz Gierula,1993-01-28,enumeration
jakubiec tomasz,Tomasz Jakubiec,1990-08-25,search
kondraciuk tomasz,Tomasz Kondraciuk,1988-04-27,enumeration
matusewicz tomasz,Tomasz Matusewicz,1996-06-20,enumeration
narkun tomasz,Tomasz Narkun,1989-12-03,search
nebeling tomasz,Tomasz Nebeling,1989-06-08,enumeration
oswiecinski tomasz,Tomasz Oswiecinski,1973-01-06,enumeration
romanowski tomasz,Tomasz Romanowski,1989-02-22,search
sarara tomasz,Tomasz Sarara,1985-05-31,enumeration
britton tommie,Tommie Britton,1989-04-18,search
aaron tommy,Tommy Aaron,1994-09-20,enumeration
cuozzi tommy,Tommy Cuozzi,1999-08-31,search
depret tommy,Tommy Depret,1979-07-03,search
eagle tommy,Tommy Eagle,1984-11-19,enumeration
espinosa tommy,Tommy Espinosa,1992-09-13,search
gantt tommy,Tommy Gantt,1993-01-09,search
garcia tommy,Tommy Garcia,1996-12-17,search
hayden tommy,Tommy Hayden,1986-03-11,enumeration
mcmillen tommy,Tommy McMillen,1997-12-15,search
quinn tommy,Tommy Quinn,1989-12-04,search
speer tommy,Tommy Speer,1984-08-20,enumeration
maesawa tomo,Tomo Maesawa,1987-12-10,search
toda tomoharu,Tomoharu Toda,1986-10-23,search
tomoharu umezawa,Tomoharu Umezawa,1976-02-23,search
hori tomohiko,Tomohiko Hori,1982-05-02,search
otsuka tomoki,Tomoki Otsuka,1994-06-14,search
hinuma tomomitsu,Tomomitsu Hinuma,1986-04-22,enumeration
hirakawa tomoya,Tomoya Hirakawa,1985-08-15,search
miyashita tomoya,Tomoya Miyashita,1981-07-20,search
iwamiya tomoyoshi,Tomoyoshi Iwamiya,1982-06-15,search
tauru toni,Toni Tauru,1984-12-11,search
dijk tonny van,Tonny Van Dijk,1996-08-05,search
desouza tony,Tony DeSouza,1974-07-26,enumeration
ferguson tony,Tony Ferguson,1984-02-12,search
grant tony,Tony Grant,1997-04-10,search
gravely tony,Tony Gravely,1991-09-28,search
guined tony,Tony Guined,1982-01-15,enumeration
hervey tony,Tony Hervey,1985-12-19,search
jenkins tony,Tony Jenkins,1988-12-31,enumeration
johnson tony,Tony Johnson,1983-05-02,enumeration
johnson jr tony,Tony Johnson Jr.,1986-02-07,enumeration
kelley tony,Tony Kelley,1987-01-21,search
kelly tony,Tony Kelly,1973-06-16,enumeration
laramie tony,Tony Laramie,1999-01-06,search
lopez tony,Tony Lopez,1973-11-28,search
martinez tony,Tony Martinez,1985-05-20,enumeration
ortega tony,Tony Ortega,1993-07-08,search
sanchez tony,Tony Sanchez,1982-07-13,enumeration
sims tony,Tony Sims,1985-10-14,enumeration
tony zelinski,Tony Zelinski,1987-07-01,search
evinger tonya,Tonya Evinger,1981-06-04,search
kiwram noi top,Top Noi Kiwram,1992-08-15,enumeration
tor troeng,Tor Troeng,1983-01-25,enumeration
dongak torepchi,Torepchi Dongak,2000-03-01,search
finney torrez,Torrez Finney,1998-10-24,search
ogawa toru,Toru Ogawa,1987-03-19,search
shimizu toshihiro,Toshihiro Shimizu,1987-01-06,search
taguchi toshihiro,Toshihiro Taguchi,1979-03-14,search
harada toshikatsu,Toshikatsu Harada,1982-09-12,search
kazama toshiomi,Toshiomi Kazama,1997-05-15,search
robinson tower,Tower Robinson,1989-02-26,search
telligman tra,Tra Telligman,1965-02-07,enumeration
cortez tracy,Tracy Cortez,1993-12-10,search
hardy tracy,Tracy Hardy,1991-02-14,search
reeder tracy,Tracy Reeder,1999-04-13,search
thong tran,Tran Thong,1996-07-13,enumeration
miller travell,Travell Miller,1994-04-07,enumeration
browne travis,Travis Browne,1982-07-17,search
conner travis,Travis Conner,1990-01-19,enumeration
davis travis,Travis Davis,1987-06-16,search
demko travis,Travis Demko,1993-07-27,search
doerge travis,Travis Doerge,1973-05-11,enumeration
floyd travis,Travis Floyd,1987-06-10,search
foster travis,Travis Foster,1994-04-01,search
fulton travis,Travis Fulton,1977-05-29,search
gervais travis,Travis Gervais,1985-08-05,enumeration
hussey travis,Travis Hussey,1986-12-18,search
little travis,Travis Little,1990-08-17,enumeration
lutter travis,Travis Lutter,1973-12-05,enumeration
marx travis,Travis Marx,1977-10-25,search
mccullough travis,Travis McCullough,1981-12-03,search
perzynski travis,Travis Perzynski,1988-07-29,search
taylor travis,Travis Taylor,1987-09-18,enumeration
travis wiuff,Travis Wiuff,1978-03-15,search
travis yonkers,Travis Yonkers,1989-06-05,enumeration
hobbs travonne,Travonne Hobbs,1986-02-18,search
martin tray,Tray Martin,1999-09-16,enumeration
taylor tray,Tray Taylor,1986-08-26,enumeration
treston vines,Tre'ston Vines,1996-06-18,enumeration
hollie tremiere,Tremiere Hollie,1987-06-19,search
trenell young,Trenell Young,1976-06-19,enumeration
girdham trent,Trent Girdham,1997-08-03,search
mccown trent,Trent McCown,1990-05-17,search
miller trent,Trent Miller,1995-10-31,search
phillips trent,Trent Phillips,1989-09-25,enumeration
stump trent,Trent Stump,1996-07-22,enumeration
gore tresean,Tresean Gore,1994-06-21,search
bradshaw trever,Trever Bradshaw,1987-07-26,search
giles trevin,Trevin Giles,1992-08-06,search
jones trevin,Trevin Jones,1990-08-04,search
anderson trevor,Trevor Anderson,1989-11-16,search
ollison trevor,Trevor Ollison,1989-07-18,search
peek trevor,Trevor Peek,1995-01-09,search
prangley trevor,Trevor Prangley,1972-08-24,search
smith trevor,Trevor Smith,1981-01-05,search
stewardson trevor,Trevor Stewardson,1977-03-28,enumeration
thompson trevor,Trevor Thompson,1986-10-15,enumeration
trevor wallace,Trevor Wallace,1991-03-05,search
trevor ward,Trevor Ward,1990-06-06,search
trevor wells,Trevor Wells,1995-07-24,search
houston trey,Trey Houston,1988-06-06,enumeration
ogden trey,Trey Ogden,1989-11-14,search
singleton trey,Trey Singleton,1994-04-16,enumeration
trey waters,Trey Waters,1995-02-21,search
trey williams,Trey Williams,1991-07-30,enumeration
kanyinda trezeguet,Trezeguet Kanyinda,1980-05-05,enumeration
cicero trisha,Trisha Cicero,1988-10-24,search
connelly tristan,Tristan Connelly,1985-12-12,search
grimsley tristan,Tristan Grimsley,1984-07-06,search
lindi tristan,Tristan Lindi,1996-09-15,search
overig tristan,Tristan Overig,1999-06-05,enumeration
dehart tristyn,Tristyn DeHart,1996-11-08,search
cain troy,Troy Cain,1995-12-14,search
fumo troy,Troy Fumo,1996-07-04,enumeration
green troy,Troy Green,1992-10-27,search
lamson troy,Troy Lamson,1991-10-15,search
mandaloniz troy,Troy Mandaloniz,1980-01-02,enumeration
troy wittman,Troy Wittman,1991-09-03,search
troy worthen,Troy Worthen,1993-04-11,search
carson trukon,Trukon Carson,1995-04-13,search
azjargal tserendash,Tserendash Azjargal,1988-06-05,enumeration
amarsanaa tsogookhuu,Tsogookhuu Amarsanaa,1990-08-25,search
dorjsuren tsogzolmaa,Tsogzolmaa Dorjsuren,2001-09-26,enumeration
kawaoka tsukasa,Tsukasa Kawaoka,1988-01-12,enumeration
sudario tsuyoshi,Tsuyoshi Sudario,1997-05-13,enumeration
lutz tucker,Tucker Lutz,1994-07-12,search
tokkos tuco,Tuco Tokkos,1990-06-30,enumeration
dermenji tudor,Tudor Dermenji,1992-03-14,enumeration
hubulan tuerxunbieke,Tuerxunbieke Hubulan,1994-01-17,search
tugsbayar ulziidalai,Tugsbayar Ulziidalai,2002-12-05,enumeration
quintanilla tulio,Tulio Quintanilla,1982-12-23,search
kuerbanjiang tuluosibake,Tuluosibake Kuerbanjiang,1995-12-28,search
manyamala tumelo,Tumelo Manyamala,1999-01-16,search
gronvall tuomas,Tuomas Gronvall,1994-02-24,search
ariunbold turochir,Tur-Ochir Ariunbold,1989-04-26,enumeration
khurelbaatar turbayar,Turbayar Khurelbaatar,1986-04-12,enumeration
khamzayev turpal,Turpal Khamzayev,1998-01-22,search
turpal younousov,Turpal Younousov,1995-08-17,enumeration
galloway turrell,Turrell Galloway,1976-08-11,search
conner jr tussel,Tussel Conner Jr.,1990-07-23,enumeration
costa ty,Ty Costa,1988-05-18,search
flores ty,Ty Flores,1993-12-22,search
freeman ty,Ty Freeman,1989-04-23,search
gwerder ty,Ty Gwerder,1994-09-21,search
johnson ty,Ty Johnson,1997-01-24,search
mcleod ty,Ty McLeod,1996-08-15,search
miller ty,Ty Miller,2000-06-04,search
moreira tyago,Tyago Moreira,1982-08-08,search
lynn tycen,Tycen Lynn,1987-07-20,search
palmer tye,Tye Palmer,1989-12-20,search
knuckles tyeray,Tyeray Knuckles,1979-05-18,enumeration
bayer tyler,Tyler Bayer,1993-08-01,search
beneke tyler,Tyler Beneke,1990-05-14,enumeration
bialecki tyler,Tyler Bialecki,1988-12-04,search
bunting tyler,Tyler Bunting,1995-02-03,enumeration
combs tyler,Tyler Combs,1986-02-21,search
dehaven tyler,Tyler Dehaven,1996-07-08,search
diamond tyler,Tyler Diamond,1991-03-18,search
hill tyler,Tyler Hill,1991-08-10,enumeration
john thomas tyler,Tyler John Thomas,1992-12-24,enumeration
jones tyler,Tyler Jones,1994-12-05,search
kirk tyler,Tyler Kirk,1986-09-04,enumeration
kirkpatrick tyler,Tyler Kirkpatrick,1992-08-28,enumeration
lee tyler,Tyler Lee,1991-04-18,search
manawaroa tyler,Tyler Manawaroa,1994-07-23,enumeration
mathison tyler,Tyler Mathison,1991-12-22,search
mcguire tyler,Tyler McGuire,1986-02-14,search
miller tyler,Tyler Miller,1996-04-24,search
obrien tyler,Tyler O'Brien,1989-01-06,enumeration
schaefer tyler,Tyler Schaefer,1993-09-15,search
scott tyler,Tyler Scott,1989-07-12,search
shinn tyler,Tyler Shinn,1986-08-09,search
smythe tyler,Tyler Smythe,1998-06-03,search
stewart tyler,Tyler Stewart,1995-11-17,enumeration
stinson tyler,Tyler Stinson,1986-01-17,search
tyler vankill,Tyler VanKill,1987-07-07,search
tyler veal,Tyler Veal,1996-08-06,search
tyler vogel,Tyler Vogel,1992-10-07,search
tyler wilson,Tyler Wilson,1992-07-23,enumeration
opaczyk tymoteusz,Tymoteusz Łopaczyk,1996-01-18,enumeration
swiatek tymoteusz,Tymoteusz Swiatek,1993-07-29,enumeration
fortune tyree,Tyree Fortune,1990-07-04,search
fortune tyrell,Tyrell Fortune,1990-07-04,search
hill tyrell,Tyrell Hill,1993-08-19,search
tyron woodley,Tyron Woodley,1982-04-07,search
evans tyrone,Tyrone Evans,1989-11-17,search
henderson tyrone,Tyrone Henderson,1986-01-11,search
spong tyrone,Tyrone Spong,1985-09-03,enumeration
tyshawn williams,Tyshawn Williams,1996-08-24,search
griffin tyson,Tyson Griffin,1984-04-20,search
nam tyson,Tyson Nam,1983-10-06,search
pedro tyson,Tyson Pedro,1991-09-17,search
steele tyson,Tyson Steele,1986-10-28,enumeration
triplett tyson,Tyson Triplett,1978-10-02,search
thomas tyus,Tyus Thomas,1995-11-29,enumeration
tyus white,Tyus White,1997-10-07,search
claxton tywan,Tywan Claxton,1992-11-25,search
da pereira silva uelington,Uelington Pereira da Silva,1991-05-23,enumeration
de jesus uelson,Uelson De Jesus,1990-07-18,search
ferreira uemerson,Uemerson Ferreira,1990-09-11,enumeration
correa uilton,Uilton Correa,1987-02-16,enumeration
tamgabaev ulan,Ulan Tamgabaev,1992-08-17,search
netto ulisses,Ulisses Netto,1991-08-18,enumeration
sasaki ulka,Ulka Sasaki,1989-10-07,enumeration
oskanov ulugbek,Ulugbek Oskanov,1996-06-21,enumeration
gomez ulysses,Ulysses Gomez,1983-05-25,search
ganbaatar ulziibat,Ulziibat Ganbaatar,1995-02-07,enumeration
movsarov umar,Umar Movsarov,1998-08-29,enumeration
nurmagomedov umar,Umar Nurmagomedov,1996-01-03,search
tesiev umar,Umar Tesiev,2000-05-17,enumeration
umar vakhaev,Umar Vakhaev,1992-01-15,enumeration
umar yankovski,Umar Yankovski,1988-12-23,search
rai upneet,Upneet Rai,1985-05-10,enumeration
satybaldiev uran,Uran Satybaldiev,1994-08-10,search
hall uriah,Uriah Hall,1984-07-31,search
cossio uriel,Uriel Cossio,1997-08-07,search
faber urijah,Urijah Faber,1979-05-14,search
jurisic uros,Uros Jurisic,1992-12-11,search
medic uros,Uros Medic,1993-04-25,search
rahman usama,Usama Rahman,1993-08-02,search
nurmagomedov usman,Usman Nurmagomedov,1998-04-17,search
gadzhidaudov ustarmagomed,Ustarmagomed Gadzhidaudov,1991-06-26,search
ha uyen,Uyen Ha,1996-10-31,enumeration
carlos uyran,Uyran Carlos,1988-08-29,search
buseev vadim,Vadim Buseev,1986-04-22,search
malygin vadim,Vadim Malygin,1994-04-17,search
nemkov vadim,Vadim Nemkov,1992-06-20,search
ogar vadim,Vadim Ogar,1991-05-25,search
shabadash vadim,Vadim Shabadash,1997-01-16,enumeration
kutsyi vadym,Vadym Kutsyi,1991-07-18,search
vagab vagabov,Vagab Vagabov,1986-02-11,enumeration
abduloev vagid,Vagid Abduloev,2000-11-05,enumeration
rocha vagner,Vagner Rocha,1982-06-06,search
silva vagner xavier,Vagner Xavier Silva,1983-10-22,enumeration
bojukyan vahan,Vahan Bojukyan,1976-08-20,enumeration
vaidas valancius,Vaidas Valancius,1988-05-25,enumeration
val woodburn,Val Woodburn,1993-08-10,enumeration
atsas valanti,Valanti Atsas,1991-10-02,search
silva valderi,Valderi Silva,1976-10-10,enumeration
silva valdines,Valdines Silva,1987-12-11,search
santos souza valdiney,Valdiney Santos Souza,1998-05-04,enumeration
araujo valdir,Valdir Araujo,1984-12-14,search
istrefi valdrin,Valdrin Istrefi,1991-03-03,search
overeem valentijn,Valentijn Overeem,1976-08-17,enumeration
deschamps valentin,Valentin Deschamps,1992-07-01,enumeration
mazurenko valentin,Valentin Mazurenko,1981-05-06,enumeration
moldavsky valentin,Valentin Moldavsky,1992-02-06,search
escobar valentina,Valentina Escobar,1998-04-20,search
semal valentina,Valentina Semal,1997-02-14,enumeration
shevchenko valentina,Valentina Shevchenko,1988-03-07,search
petrescu valentino,Valentino Petrescu,1981-01-02,search
domergue valerie,Valerie Domergue,1985-09-22,search
letourneau valerie,Valerie Letourneau,1983-04-29,search
loureda valerie,Valerie Loureda,1998-07-19,search
soto valerie,Valerie Soto,1998-02-06,search
mircea valeriu,Valeriu Mircea,1993-10-05,search
machado valesca,Valesca Machado,1996-05-06,search
carranca valfredo,Valfredo Carranca,1993-03-26,enumeration
da silva valmir,Valmir da Silva,1996-03-01,search
lazaro valmir,Valmir Lazaro,1985-08-15,search
neto valmyr,Valmyr Neto,1983-12-17,enumeration
aivazian valodia,Valodia Aivazian,1996-09-11,search
valter walker,Valter Walker,1997-12-14,search
nghiem van y,Van Y Nghiem,1999-05-15,enumeration
ferreira vander,Vander Ferreira,1982-12-21,enumeration
demopoulos vanessa,Vanessa Demopoulos,1988-09-22,search
guimaraes vanessa,Vanessa Guimaraes,1990-01-30,search
grimes marie vanessa,Vanessa Marie Grimes,1984-12-06,search
melo vanessa,Vanessa Melo,1988-03-27,search
porto vanessa,Vanessa Porto,1984-03-16,search
antunes vanilto,Vanilto Antunes,1994-12-28,enumeration
varon webb,Varon Webb,1984-09-17,search
botnaru vasile,Vasile Botnaru,1994-01-13,enumeration
fedorych vasiliy,Vasiliy Fedorych,1992-01-12,enumeration
vasiliy zubkov,Vasiliy Zubkov,1983-06-07,enumeration
babich vasily,Vasily Babich,1989-02-14,search
kurochkin vasily,Vasily Kurochkin,1995-04-24,enumeration
melnikov vasily,Vasily Melnikov,2000-03-24,enumeration
novikov vasily,Vasily Novikov,1982-03-15,search
bakocevic vaso,Vaso Bakocevic,1989-08-10,search
lee vaughan,Vaughan Lee,1982-10-15,search
anderson vaughn,Vaughn Anderson,1978-07-21,enumeration
dennis vaymond,Vaymond Dennis,1981-06-14,enumeration
lewis vernon,Vernon Lewis,1984-01-10,search
ramos vernon,Vernon Ramos,1992-06-03,search
vernon white,Vernon White,1971-12-03,enumeration
hardy veronica,Veronica Hardy,1995-10-30,search
rothenhausler veronica,Veronica Rothenhausler,1989-09-27,enumeration
santos veronica,Veronica Santos,1991-09-03,enumeration
borisova veronika,Veronika Borisova,2001-07-05,search
arteaga veta,Veta Arteaga,1987-11-07,search
borshchev viacheslav,Viacheslav Borshchev,1992-01-08,search
luque vicente,Vicente Luque,1991-11-27,search
enriquez marquez vicente,Vicente Marquez Enriquez,1984-11-01,search
altamirano victor,Victor Altamirano,1991-01-23,search
carvalho victor,Victor Carvalho,1996-12-30,enumeration
cisneros victor,Victor Cisneros,1996-08-16,search
de paula victor,Victor de Paula,1993-09-27,enumeration
dias victor,Victor Dias,1990-12-26,search
figueiredo victor,Victor Figueiredo,1994-05-23,search
georgsen victor,Victor Georgsen,1992-08-17,enumeration
gonzalez victor,Victor Gonzalez,1992-12-11,search
henry victor,Victor Henry,1987-05-04,search
hugo victor,Victor Hugo,1992-11-22,search
jones victor,Victor Jones,1987-12-30,search
kuiks victor,Victor Kuiks,1993-12-02,search
madrigal victor,Victor Madrigal,1990-08-16,search
marinho victor,Victor Marinho,1988-11-16,search
martinez victor,Victor Martinez,1991-07-17,enumeration
nunes victor,Victor Nunes,1992-04-01,enumeration
nunez victor,Victor Nunez,1996-08-19,search
perciliano victor,Victor Perciliano,1998-06-12,search
pereira silva victor,Victor Pereira Silva,1998-05-26,search
pozsonyi victor,Victor Pozsonyi,1993-12-26,enumeration
reyna victor,Victor Reyna,1986-08-05,search
robles victor,Victor Robles,1997-11-08,enumeration
rodriguez victor,Victor Rodriguez,1996-06-11,search
romero victor,Victor Romero,1982-05-02,enumeration
valenzuela victor,Victor Valenzuela,1994-02-09,enumeration
valimaki victor,Victor Valimaki,1981-12-17,search
alba victoria,Victoria Alba,1992-10-11,search
lee victoria,Victoria Lee,2004-05-17,enumeration
leonardo victoria,Victoria Leonardo,1990-02-16,search
souza victoria,Victoria Souza,1997-08-13,search
barolia singh vijay,Vijay Singh Barolia,1999-01-20,enumeration
grujic vik,Vik Grujic,1977-02-06,enumeration
ruhil singh vikas,Vikas Singh Ruhil,1993-01-12,search
boronin viktor,Viktor Boronin,1991-02-03,enumeration
halmi viktor,Viktor Halmi,1985-08-17,enumeration
kolesnik viktor,Viktor Kolesnik,1996-03-07,search
nemkov viktor,Viktor Nemkov,1987-01-26,search
pesta viktor,Viktor Pesta,1990-07-15,search
tomasevic viktor,Viktor Tomasevic,1986-03-01,search
tskhovrebova viktoria,Viktoria Tskhovrebova,1998-08-21,search
dudakova viktoriia,Viktoriia Dudakova,1999-01-26,search
junior vilson,Vilson Junior,1995-11-17,search
ndregjoni vilson,Vilson Ndregjoni,1992-01-31,search
pichel vinc,Vinc Pichel,1982-11-23,search
bembe vince,Vince Bembe,1992-05-31,search
cachero vince,Vince Cachero,1989-11-07,search
ciotoli vince,Vince Ciotoli,1991-06-05,enumeration
morales vince,Vince Morales,1990-11-12,search
murdock vince,Vince Murdock,1991-03-21,search
arredondo vincent,Vincent Arredondo,1984-10-29,search
del guerra vincent,Vincent del Guerra,1990-02-23,search
eazelle vincent,Vincent Eazelle,1980-12-07,enumeration
latoel vincent,Vincent Latoel,1979-03-31,search
rudinas vincent,Vincent Rudinas,1977-09-29,enumeration
siu vincent,Vincent Siu,1981-07-16,enumeration
enriquez marquez vincente,Vincente Marquez Enriquez,1984-11-01,enumeration
tagliamonte vincenzo,Vincenzo Tagliamonte,1991-11-09,enumeration
alves bohrer vinicius,Vinicius Alves Bohrer,1988-03-27,enumeration
baraldo vinicius,Vinicius Baraldo,1992-02-11,enumeration
bohrer vinicius,Vinicius Bohrer,1988-03-27,enumeration
cenci vinicius,Vinicius Cenci,1995-11-24,enumeration
cruz vinicius,Vinicius Cruz,1989-10-28,search
costa da vinicius,Vinicius da Costa,1988-06-08,search
de jesus vinicius,Vinicius de Jesus,1990-01-27,search
lima vinicius,Vinicius Lima,1991-11-19,search
da luiz silva vinicius,Vinicius Luiz da Silva,1987-06-19,search
moreira vinicius,Vinicius Moreira,1989-02-28,search
oliveira vinicius,Vinicius Oliveira,1995-11-30,search
pereira vinicius,Vinicius Pereira,2004-09-17,enumeration
queiroz vinicius,Vinicius Queiroz,1983-08-29,enumeration
salvador vinicius,Vinicius Salvador,1996-07-24,search
vinicius zani,Vinicius Zani,1988-01-15,search
roditi vinko,Vinko Roditi,1989-07-17,enumeration
magalhaes vinny,Vinny Magalhaes,1984-07-02,search
knight virgil,Virgil Knight,1982-12-03,search
virgil zwicker,Virgil Zwicker,1982-06-26,search
ailton virgilio,Virgilio Ailton,1995-05-02,enumeration
jandiroba virna,Virna Jandiroba,1988-05-30,search
andrade viscardi,Viscardi Andrade,1984-03-08,search
branchuk vitaliy,Vitaliy Branchuk,1991-02-18,search
makiev vitaliy,Vitaliy Makiev,1989-11-09,enumeration
stoyan vitaliy,Vitaliy Stoyan,1989-08-23,search
vitaliy yakimenko,Vitaliy Yakimenko,1996-08-30,enumeration
bigdash vitaly,Vitaly Bigdash,1984-07-25,search
minakov vitaly,Vitaly Minakov,1985-02-06,search
slipenko vitaly,Vitaly Slipenko,1994-09-20,enumeration
tverdokhlebov vitaly,Vitaly Tverdokhlebov,1992-01-12,enumeration
belfort vitor,Vitor Belfort,1977-04-01,search
costa vitor,Vitor Costa,2000-09-19,search
estevam vitor,Vitor Estevam,1992-08-20,enumeration
miranda vitor,Vitor Miranda,1979-03-10,enumeration
morais vitor,Vitor Morais,1996-08-09,search
nobrega vitor,Vitor Nobrega,1981-03-30,search
lima pereira rosario santos vitor,Vitor Pereira Rosario Lima Santos,1991-01-04,enumeration
petrino vitor,Vitor Petrino,1997-08-28,search
eustaquio regis vitor,Vitor Regis Eustaquio,1985-05-15,enumeration
resende vitor,Vitor Resende,1990-04-08,search
ribeiro vitor,Vitor Ribeiro,1979-02-24,search
riso vitor,Vitor Riso,1988-05-13,search
souza vitor,Vitor Souza,1999-12-26,enumeration
toffanelli vitor,Vitor Toffanelli,1985-12-27,search
vianna vitor,Vitor Vianna,1979-11-02,enumeration
vitor zmish,Vitor Zmish,1998-01-05,search
araujo viviane,Viviane Araujo,1986-11-21,search
miranda viviane,Viviane Miranda,1999-02-14,enumeration
pereira viviane,Viviane Pereira,1993-08-28,search
vladena yavorskaya,Vladena Yavorskaya,1989-10-07,search
calvo marrero vladimir,Vladimir Calvo Marrero,2000-03-22,search
cerbadji vladimir,Vladimir Cerbadji,1990-10-16,enumeration
dayneko vladimir,Vladimir Dayneko,1990-07-13,enumeration
dubogrey vladimir,Vladimir Dubogrey,1995-02-27,enumeration
fedin vladimir,Vladimir Fedin,1987-05-24,search
filipovic vladimir,Vladimir Filipovic,1990-09-14,search
ivashkin vladimir,Vladimir Ivashkin,1974-11-02,enumeration
kanunnikov vladimir,Vladimir Kanunnikov,1993-06-17,search
karasiov vladimir,Vladimir Karasiov,1991-12-23,enumeration
katykhin vladimir,Vladimir Katykhin,1980-08-14,search
kazbekov vladimir,Vladimir Kazbekov,1992-06-21,search
leontyev vladimir,Vladimir Leontyev,1997-12-30,enumeration
matyushenko vladimir,Vladimir Matyushenko,1971-01-04,search
mineev vladimir,Vladimir Mineev,1990-02-16,search
mishchenko vladimir,Vladimir Mishchenko,1988-06-25,enumeration
nikitin vladimir,Vladimir Nikitin,1993-05-07,enumeration
osipov vladimir,Vladimir Osipov,1990-07-30,enumeration
tokov vladimir,Vladimir Tokov,1996-04-14,search
vasilyev vladimir,Vladimir Vasilyev,1999-07-28,search
doroshenko vladislav,Vladislav Doroshenko,1991-11-18,enumeration
fedchenko vladislav,Vladislav Fedchenko,1994-10-29,enumeration
grishin vladislav,Vladislav Grishin,2001-02-16,enumeration
kharebin vladislav,Vladislav Kharebin,1991-05-22,enumeration
kohnenko vladislav,Vladislav Kohnenko,1998-03-30,enumeration
nikitchenko vladislav,Vladislav Nikitchenko,1986-09-12,enumeration
parubchenko vladislav,Vladislav Parubchenko,1993-03-26,enumeration
shabalin vladislav,Vladislav Shabalin,1996-11-13,enumeration
vladislav zatirka,Vladislav Zatirka,1992-07-23,search
sikic vlado,Vlado Sikic,1990-03-10,search
cepo vlasto,Vlasto Čepo,1995-01-25,enumeration
garba vojtech,Vojtech Garba,1996-05-07,search
barborik vojto,Vojto Barborik,1993-05-02,search
oezdemir volkan,Volkan Oezdemir,1989-09-19,search
dietz volker,Volker Dietz,1975-04-23,enumeration
bakhshiev vugar,Vugar Bakhshiev,1985-05-14,search
karamov vugar,Vugar Karamov,1992-02-20,search
lekic vuk,Vuk Lekic,1997-11-11,search
colossa vuyisile,Vuyisile Colossa,1982-06-28,enumeration
babkin vyacheslav,Vyacheslav Babkin,1988-03-10,enumeration
bogomol vyacheslav,Vyacheslav Bogomol,1991-11-26,enumeration
vasilevsky vyacheslav,Vyacheslav Vasilevsky,1988-06-16,search
phillips vyron,Vyron Phillips,1982-08-16,enumeration
sadauskas vytautas,Vytautas Sadauskas,1988-11-07,search
spiritwolf waachiim,Waachiim Spiritwolf,1976-02-06,enumeration
choate wade,Wade Choate,1980-02-06,search
henderson wade,Wade Henderson,1981-07-10,search
augusto wagner,Wagner Augusto,1993-11-03,enumeration
campos wagner,Wagner Campos,1981-07-31,search
conceicao da martins wagner,Wagner da Conceicao Martins,1978-05-19,enumeration
lima wagner,Wagner Lima,1992-02-02,search
maia wagner,Wagner Maia,1993-11-18,search
noronha wagner,Wagner Noronha,1988-08-10,enumeration
prado wagner,Wagner Prado,1986-12-30,search
silva wagner,Wagner Silva,1987-02-07,enumeration
gomes silva wagner,Wagner Silva Gomes,1987-02-07,enumeration
fabiano wagnney,Wagnney Fabiano,1975-07-14,search
najand wahid,Wahid Najand,1994-01-02,enumeration
anjos dos walber,Walber dos Anjos,1991-09-20,search
acosta cortes waldo,Waldo Cortes Acosta,1991-10-03,enumeration
walel watson,Walel Watson,1984-07-16,search
sousa waleska,Waleska Sousa,1997-09-30,search
laidi walid,Walid Laidi,1994-05-13,search
seghir walid,Walid Seghir,1986-04-15,search
lopes wallace,Wallace Lopes,1987-01-20,search
reis wallace,Wallace Reis,1987-04-06,enumeration
jeronimo wallace willer,Wallace Willer Jeronimo,1990-09-25,enumeration
de paulo wallafy,Wallafy de Paulo,1993-10-04,search
del rosario wallen,Wallen del Rosario,1993-03-18,search
henrique wallison,Wallison Henrique,1994-08-04,search
carvalho wallyson,Wallyson Carvalho,1990-10-11,search
harris walt,Walt Harris,1983-06-10,search
chincho dos jr santos walter,Walter Chincho dos Santos Jr.,1982-10-07,enumeration
cogliandro walter,Walter Cogliandro,1991-11-27,search
flores walter,Walter Flores,1988-07-11,search
gahadza walter,Walter Gahadza,1987-11-18,search
jr pereira walter,Walter Pereira Jr.,1983-12-19,search
pugliesi walter,Walter Pugliesi,1993-08-24,search
walter zamora,Walter Zamora,1990-01-15,search
silva wanderlei,Wanderlei Silva,1976-07-03,search
camilo wanderley,Wanderley Camilo,1984-06-28,search
freitas wanderley,Wanderley Freitas,1989-05-26,enumeration
junior wanderley,Wanderley Junior,1994-05-26,enumeration
delfino neitzl wanderson,Wanderson Neitzl Delfino,1986-05-07,enumeration
silva wanderson,Wanderson Silva,1979-01-24,enumeration
guan wang,Wang Guan,1986-03-14,search
wang wei ya,Wang Ya Wei,1993-08-10,enumeration
wang yayong,Wang Yayong,1991-06-15,enumeration
machine war,War Machine,1981-11-30,search
azevedo silva warllem,Warllem Silva Azevedo,1993-09-03,search
alves warlley,Warlley Alves,1991-01-04,search
de reuck warren,Warren de Reuck,1981-11-14,enumeration
roberds warren,Warren Roberds,1988-04-30,enumeration
smith warren,Warren Smith,1985-06-19,search
stewart warren,Warren Stewart,1989-01-14,search
cruz wascar,Wascar Cruz,1983-12-02,search
luiz washington,Washington Luiz,1981-09-12,search
da nunes silva washington,Washington Nunes da Silva,1983-02-03,search
mimura wataru,Wataru Mimura,1990-09-18,search
wataru yamauchi,Wataru Yamauchi,1999-06-22,search
castro de silva watson,Watson Silva de Castro,1999-01-21,search
bartnik wawryzniec,Wawryzniec Bartnik,1995-10-10,enumeration
lowe waylon,Waylon Lowe,1981-10-31,search
carter wayman,Wayman Carter,1978-07-21,search
collier wayne,Wayne Collier,1991-08-16,enumeration
costa de oliveira wdison,Wdison Costa de Oliveira,1994-08-20,enumeration
almeida weber,Weber Almeida,1987-12-01,search
aparecido weder,Weder Aparecido,1989-01-21,search
wei xie,Wei Xie,1996-09-16,search
weili zhang,Weili Zhang,1989-08-13,search
de oliveira silva weldon,Weldon Silva de Oliveira,1994-02-24,enumeration
matheus santos welerson,Welerson Matheus Santos,1996-10-13,enumeration
de lemes paulo welington,Welington De Paulo Lemes,1984-04-10,enumeration
lima rafael welington,Welington Lima Rafael,1986-04-11,enumeration
benvenutti welinton,Welinton Benvenutti,1993-10-14,search
dias welinton,Welinton Dias,1988-11-14,enumeration
oliveira well,Well Oliveira,1994-02-23,enumeration
de geraldo oliveira wellington,Wellington Geraldo de Oliveira,1980-02-25,enumeration
guerra wellington,Wellington Guerra,1998-03-17,enumeration
lopes wellington,Wellington Lopes,1993-05-18,enumeration
madeira wellington,Wellington Madeira,2002-03-31,search
mourao wellington,Wellington Mourao,1996-06-26,search
almeida de pereira wellington,Wellington Pereira de Almeida,1985-05-09,enumeration
prado wellington,Wellington Prado,1999-09-23,search
lopes silva wellington,Wellington Silva Lopes,1989-09-10,search
turman wellington,Wellington Turman,1996-07-22,search
wellington wellington,Wellington Wellington,1992-10-19,enumeration
giacomo wendell,Wendell Giacomo,1994-10-19,search
oliveira wendell,Wendell Oliveira,1983-06-01,enumeration
martins werlleson,Werlleson Martins,1995-09-05,search
eszer weronika,Weronika Eszer,1998-07-21,enumeration
pietruszka weronika,Weronika Pietruszka,2000-05-19,enumeration
capper wes,Wes Capper,1988-08-20,search
combs wes,Wes Combs,1973-06-18,enumeration
linsley wes,Wes Linsley,1981-07-24,search
schultz wes,Wes Schultz,1996-08-09,search
sims wes,Wes Sims,1979-08-04,search
barnes wesley,Wesley Barnes,1984-01-09,search
correira wesley,Wesley Correira,1978-11-11,enumeration
da marques silva wesley,Wesley da Silva Marques,1995-04-27,search
do nascimento wesley,Wesley do Nascimento,1995-03-25,enumeration
ferreira wesley,Wesley Ferreira,1992-12-18,search
godoy wesley,Wesley Godoy,1981-08-31,enumeration
golden wesley,Wesley Golden,1981-12-14,search
ledford wesley,Wesley Ledford,2001-03-27,enumeration
martins wesley,Wesley Martins,1989-04-12,enumeration
mccracken wesley,Wesley McCracken,1992-10-11,search
murch wesley,Wesley Murch,1983-03-15,search
sharp wesley,Wesley Sharp,1971-10-11,enumeration
pereira weslle,Weslle Pereira,1990-04-28,enumeration
alec weslley,Weslley Alec,1997-11-11,search
westin wilson,Westin Wilson,1989-01-24,search
ribeiro weverton,Weverton Ribeiro,1995-04-07,enumeration
ventura weyde,Weyde Ventura,1994-11-07,enumeration
pyles whittany,Whittany Pyles,1991-05-10,search
bezerra maycon wilcleff,Wilcleff Maycon Bezerra,1990-12-19,search
dos matheus santos souza wildemar,Wildemar Matheus Souza dos Santos,1995-11-03,enumeration
ott wilhelm,Wilhelm Ott,1982-06-19,search
rithieri wilherson,Wilherson Rithieri,1996-06-11,search
mello wiliam,Wiliam Mello,1998-05-14,enumeration
poles wilian,Wilian Poles,1997-05-13,search
barros wilker,Wilker Barros,1991-08-28,enumeration
brooks will,Will Brooks,1986-10-08,search
campuzano will,Will Campuzano,1986-05-27,search
chope will,Will Chope,1990-09-08,search
currie will,Will Currie,1998-11-12,search
davis will,Will Davis,1997-03-29,enumeration
fleury will,Will Fleury,1989-03-13,search
gibson will,Will Gibson,1992-11-09,enumeration
hammond will,Will Hammond,1971-06-12,enumeration
jadeilson will,Will Jadeilson,1992-10-07,enumeration
johnson will,Will Johnson,1990-08-20,search
jr martinez will,Will Martinez Jr.,1980-08-31,enumeration
noland will,Will Noland,1980-10-28,search
ribeiro will,Will Ribeiro,1983-02-17,search
romero will,Will Romero,1982-11-11,search
jr santiago will,Will Santiago Jr.,1983-02-08,search
shutt will,Will Shutt,1985-01-21,search
smith will,Will Smith,1989-10-18,enumeration
starks will,Will Starks,1993-07-27,search
will worley,Will Worley,1993-09-11,enumeration
santos willames,Willames Santos,1989-12-11,enumeration
frank willi,Willi Frank,1981-05-03,enumeration
bookwalter william,William Bookwalter,1977-09-03,enumeration
calhoun iii william,William Calhoun III,1992-08-18,search
carriere william,William Carriere,1984-09-09,enumeration
de tarcio william,William de Tarcio,1990-08-12,enumeration
dias william,William Dias,1984-08-23,search
dill william,William Dill,1992-10-14,search
dunkle william,William Dunkle,1983-01-21,search
elliott william,William Elliott,1993-12-24,search
gomis william,William Gomis,1997-06-13,search
hill william,William Hill,1974-10-11,search
joplin william,William Joplin,1978-09-18,search
knight william,William Knight,1988-04-03,search
macario william,William Macario,1991-07-01,search
myers william,William Myers,1999-05-20,enumeration
oliveira william,William Oliveira,1991-06-22,enumeration
paiva william,William Paiva,1993-08-20,enumeration
penn william,William Penn,1980-02-01,enumeration
rentz william,William Rentz,1999-03-19,search
seals william,William Seals,1984-10-12,enumeration
sizemore william,William Sizemore,1990-08-28,enumeration
vandervier william,William Vandervier,1986-09-10,search
vincent william,William Vincent,1988-12-29,search
walker william,William Walker,1989-06-19,search
william wilson,William Wilson,1993-07-10,search
patricio rodrigues williams,Williams Rodrigues Patricio,1988-12-23,enumeration
cilli willian,Willian Cilli,1987-09-02,search
lima willian,Willian Lima,1993-11-27,search
souza willian,Willian Souza,1996-06-21,enumeration
telles willian,Willian Telles,1996-08-08,search
fernandes vogado willian,Willian Vogado Fernandes,1989-03-19,enumeration
floyd willie,Willie Floyd,1984-11-09,enumeration
gates willie,Willie Gates,1987-01-21,search
rose willie,Willie Rose,1982-02-08,enumeration
tarpley willie,Willie Tarpley,1986-08-21,search
whitehead willie,Willie Whitehead,1996-05-30,search
da filho silva willis,Willis Da Silva Filho,1996-04-15,enumeration
sergent willis,Willis Sergent,1985-10-30,enumeration
lemos willker,Willker Lemos,1990-11-29,search
claudino dos santos wilson,Wilson Claudino Dos Santos,1998-11-12,search
djavan wilson,Wilson Djavan,1995-12-17,enumeration
gouveia wilson,Wilson Gouveia,1978-03-10,enumeration
lopshire wilson,Wilson Lopshire,1998-12-25,search
reis wilson,Wilson Reis,1985-01-06,search
varela wilson,Wilson Varela,1995-08-03,search
patilima windri,Windri Patilima,1993-07-19,search
ramos windson,Windson Ramos,1992-02-20,search
hammami wisem,Wisem Hammami,1997-06-29,search
holodenko wladimir,Wladimir Holodenko,1995-01-04,search
gouvea wladmir,Wladmir Gouvea,1992-11-17,enumeration
choi jun won,Won Jun Choi,1989-08-09,search
jang jun won,Won Jun Jang,1986-11-19,enumeration
jung seok won,Won Seok Jung,1993-01-24,search
park sik won,Won Sik Park,1986-12-16,search
ki wonbin,WonBin Ki,1991-02-11,enumeration
wulijiburen,Wulijiburen,1990-03-01,enumeration
hailai wushamo,Wushamo Hailai,2000-09-03,search
alaoui xavier,Xavier Alaoui,1991-07-23,search
foupapokam xavier,Xavier Foupa-Pokam,1982-03-07,search
franklin xavier,Xavier Franklin,1995-10-15,search
nash xavier,Xavier Nash,1991-03-06,search
sedras xavier,Xavier Sedras,1990-12-31,search
siller xavier,Xavier Siller,1994-06-06,search
stokes xavier,Xavier Stokes,1982-07-29,search
ji xian,Xian Ji,1987-07-16,search
feng xiaocan,Xiaocan Feng,2001-12-27,search
xiaochen xu,Xiaochen Xu,1994-02-11,enumeration
xiaoliang zheng,Xiaoliang Zheng,1989-02-09,search
xiaonan yan,Xiaonan Yan,1989-06-16,search
liu xiaoni,Xiaoni Liu,1998-02-24,search
liu xiaoyang,Xiaoyang Liu,1991-06-17,search
piriz xiomara,Xiomara Piriz,1996-06-05,search
xu zihan,Xu Zihan,1988-05-06,enumeration
peng xuewen,Xuewen Peng,1996-02-10,search
ntchala yabna,Yabna N'Tchala,1997-08-05,enumeration
del valle yadier,Yadier del Valle,1996-07-29,search
bryan de farias morais yago,Yago Bryan Farias de Morais,1992-06-17,search
yahaya yahuza,Yahaya Yahuza,2001-05-06,search
reyes yahir,Yahir Reyes,1985-08-14,search
rodriguez yair,Yair Rodriguez,1992-10-06,search
cunningham yajaira,Yajaira Cunningham,1991-07-29,search
romo yajaira,Yajaira Romo,1987-08-07,search
kediev yakub,Yakub Kediev,1991-03-25,search
mjahed yaman,Yaman Mjahed,2002-06-06,enumeration
fujita yamato,Yamato Fujita,1992-08-13,search
cabral yan,Yan Cabral,1983-05-13,enumeration
teixeira yan,Yan Teixeira,1995-05-10,search
gadelha yana,Yana Gadelha,1996-06-26,search
santos yana,Yana Santos,1989-11-11,search
ashmouz yanal,Yanal Ashmouz,1995-03-31,search
wu yanan,Yanan Wu,1996-04-18,search
medeiros yancy,Yancy Medeiros,1987-09-07,search
junkai yang,Yang Junkai,1996-12-17,enumeration
ghemmouri yanis,Yanis Ghemmouri,1995-01-24,search
liasse yann,Yann Liasse,1991-01-16,search
florez yanni,Yanni Florez,1995-07-04,enumeration
bahati yannick,Yannick Bahati,1989-11-23,search
pare yannick,Yannick Pare,1988-03-23,enumeration
jacquet yannis,Yannis Jacquet,1981-05-23,enumeration
yao zhikui,Yao Zhikui,1991-02-07,enumeration
meza yaotzin,Yaotzin Meza,1981-01-30,search
andrade jr martins yarlei,Yarlei Martins Andrade Jr.,1989-04-12,search
amosov yaroslav,Yaroslav Amosov,1993-09-09,search
castanho yasmin,Yasmin Castanho,1996-10-10,search
guimaraes yasmin,Yasmin Guimaraes,1995-11-30,search
guzman yasser,Yasser Guzman,1983-01-01,search
najid yassin,Yassin Najid,1985-07-26,search
belhadj yassine,Yassine Belhadj,1990-01-19,search
ouakil yassine,Yassine Ouakil,1978-01-07,enumeration
kishimoto yasuaki,Yasuaki Kishimoto,1984-05-13,search
miura yasuaki,Yasuaki Miura,1985-09-10,search
enomoto yasubey,Yasubey Enomoto,1983-12-15,search
kawamura yasuhiro,Yasuhiro Kawamura,1991-03-22,search
urushitani yasuhiro,Yasuhiro Urushitani,1976-09-08,search
mogi yasuko,Yasuko Mogi,1969-01-27,enumeration
tanaka yasutomo,Yasutomo Tanaka,1984-01-17,search
nojiri yasuyuki,Yasuyuki Nojiri,1997-10-25,search
ren yawei,Yawei Ren,1998-02-07,enumeration
hajeh yazan,Yazan Hajeh,1992-09-04,search
hasanain yazeed,Yazeed Hasanain,1997-10-12,search
chouchane yazid,Yazid Chouchane,1989-04-05,search
jauregui yazmin,Yazmin Jauregui,1999-02-28,search
ji lee ye,Ye Ji Lee,1999-07-03,search
hong rin ye,Ye Rin Hong,2002-08-25,enumeration
seo yedam,YeDam Seo,1992-03-20,enumeration
biduola yeerhali,Yeerhali Biduola,1997-11-17,search
oduwole yemi,Yemi Oduwole,1990-04-16,search
estanov yerzhan,Yerzhan Estanov,1985-07-18,search
ortega yessica,Yessica Ortega,1988-10-05,search
mego yhosue,Yhosue Mego,2000-12-16,enumeration
lee sak yi,Yi Sak Lee,2000-01-11,enumeration
yibugele,Yibugele,1989-11-13,search
yihuoage,Yihuoage,2003-10-14,enumeration
wildman yimaz,Yimaz Wildman,1995-06-10,enumeration
bao yincang,Yincang Bao,1994-01-06,search
jing yingchao,Yingchao Jing,1994-07-21,enumeration
yizha,Yizha,1997-01-08,search
djiroun ylies,Ylies Djiroun,1992-05-17,search
silva yngrid,Yngrid Silva,1990-10-12,enumeration
otake yo,Yo Otake,1995-08-04,search
carrillo yoandy,Yoandy Carrillo,1983-02-22,enumeration
fairtex yodkaikaew,Yodkaikaew Fairtex,1991-03-07,search
romero yoel,Yoel Romero,1977-04-30,search
prabowo yoga,Yoga Prabowo,1997-11-02,search
lainesse yohan,Yohan Lainesse,1992-08-14,search
nada yohei,Yohei Nada,1994-10-17,search
fukumoto yoichi,Yoichi Fukumoto,1977-09-21,search
kono yoichi,Yoichi Kono,1983-06-16,enumeration
sato yoichiro,Yoichiro Sato,1985-07-27,search
izquierdo yoislandy,Yoislandy Izquierdo,1984-01-09,search
anjo yoji,Yoji Anjo,1967-03-28,enumeration
saito yoji,Yoji Saito,1982-05-20,search
uchimura yojiro,Yojiro Uchimura,1985-01-08,search
higashi yoko,Yoko Higashi,1986-02-25,search
takahashi yoko,Yoko Takahashi,1973-04-20,search
goto yoku,Yoku Goto,1993-11-06,enumeration
hu yong,Yong Hu,1996-02-07,search
sherbatov yoni,Yoni Sherbatov,1988-05-24,search
jin jung yoo,Yoo Jin Jung,1994-01-07,enumeration
jung kim yoo,Yoo Jung Kim,1998-10-10,enumeration
jun lee yoon,Yoon Jun Lee,1988-07-16,search
seo shin yoon,Yoon Seo Shin,2003-10-23,enumeration
kim yoon young,Yoon Young Kim,1987-02-02,enumeration
figueroa hernandez yordany,Yordany Hernandez Figueroa,1983-03-15,enumeration
castro de yorgan,Yorgan De Castro,1987-12-19,search
cedeno yosdenis,Yosdenis Cedeno,1985-02-12,search
shibayama yosei,Yosei Shibayama,2003-08-25,search
takahashi yoshiaki,Yoshiaki Takahashi,1986-07-01,search
nakamura yoshifumi,Yoshifumi Nakamura,1988-06-29,search
akiyama yoshihiro,Yoshihiro Akiyama,1975-07-29,search
fujiishi yoshikazu,Yoshikazu Fujiishi,1978-01-18,search
nakahara yoshiki,Yoshiki Nakahara,1992-10-13,search
ashikawa yoshinori,Yoshinori Ashikawa,1983-04-10,enumeration
horie yoshinori,Yoshinori Horie,1995-05-10,search
suzuki yoshinori,Yoshinori Suzuki,1981-06-27,search
takahashi yoshinori,Yoshinori Takahashi,1975-03-06,search
maeda yoshiro,Yoshiro Maeda,1981-10-31,search
abe yoshitaka,Yoshitaka Abe,1981-07-20,search
naito yoshitaka,Yoshitaka Naito,1984-02-17,search
kubomura yoshiteru,Yoshiteru Kubomura,1982-10-06,search
watanabe yoshitomo,Yoshitomo Watanabe,1985-01-20,search
ishikawa yoshiyuki,Yoshiyuki Ishikawa,1986-10-31,enumeration
katahira yoshiyuki,Yoshiyuki Katahira,1988-08-24,search
yoshida yoshiyuki,Yoshiyuki Yoshida,1974-05-10,search
ebihara yosuke,Yosuke Ebihara,1987-02-10,search
saruta yosuke,Yosuke Saruta,1987-07-08,search
youliang zhang,Youliang Zhang,1994-01-15,search
najid younes,Younes Najid,1985-07-26,enumeration
bok kil young,Young Bok Kil,1985-01-12,search
hoon lee young,Young Hoon Lee,2001-11-03,search
ji kim young,Young Ji Kim,1993-12-10,search
hwang jin young,Young Jin Hwang,1988-09-02,enumeration
woo yoo young,Young Woo Yoo,1986-11-05,enumeration
song youngjae,YoungJae Song,1996-01-03,enumeration
panada youri,Youri Panada,1989-03-30,enumeration
adel yousef,Yousef Adel,2001-12-04,enumeration
ghrairi yousif,Yousif Ghrairi,1991-01-09,search
belgaroui yousri,Yousri Belgaroui,1992-06-29,search
mohamed youssef,Youssef Mohamed,2000-10-10,enumeration
youssef zalal,Youssef Zalal,1996-09-04,search
binate youssouf,Youssouf Binate,1997-10-29,enumeration
gutierrez ysidro,Ysidro Gutierrez,1992-05-06,search
ji yu,Yu Ji,1984-05-23,enumeration
karino yu,Yu Karino,1999-05-08,search
kobayashi yu,Yu Kobayashi,1984-01-26,search
ri shim yu,Yu Ri Shim,1994-05-13,enumeration
ye yuan,Yuan Ye,1995-07-03,search
aoyama yudai,Yudai Aoyama,1986-08-17,search
ishida yudai,Yudai Ishida,1987-05-15,search
huang yuele,Yuele Huang,2000-07-04,search
chul nam yui,Yui Chul Nam,1981-07-16,search
miyagi yuichi,Yuichi Miyagi,1983-01-14,search
ohoashi yuichi,Yuichi Ohoashi,1989-12-10,enumeration
yanagawa yuito,Yuito Yanagawa,2000-10-16,search
arai yuji,Yuji Arai,1984-08-08,search
sakuragi yuji,Yuji Sakuragi,1977-07-20,search
ephoeviga yannick yuji,Yuji Yannick Ephoeviga,1999-10-19,enumeration
tsuji yuka,Yuka Tsuji,1974-12-11,search
baba yuki,Yuki Baba,1987-05-03,search
iwakura yuki,Yuki Iwakura,1998-07-09,enumeration
kawana yuki,Yuki Kawana,1990-04-02,search
kondo yuki,Yuki Kondo,1975-07-17,search
motoya yuki,Yuki Motoya,1989-09-14,search
niimura yuki,Yuki Niimura,1982-11-23,search
nishigo yuki,Yuki Nishigo,1985-01-15,search
okano yuki,Yuki Okano,1986-10-22,search
ono yuki,Yuki Ono,1982-10-08,search
sasaki yuki,Yuki Sasaki,1976-09-12,search
shojo yuki,Yuki Shojo,1980-12-12,search
takaya yuki,Yuki Takaya,1979-12-03,enumeration
uejima yuki,Yuki Uejima,1985-11-20,search
yamamoto yuki,Yuki Yamamoto,1988-01-28,search
yasunaga yuki,Yuki Yasunaga,1983-02-02,search
maejima yukiharu,Yukiharu Maejima,1973-11-05,enumeration
mano yukihiro,Yukihiro Mano,1986-09-17,enumeration
tamura yukinari,Yukinari Tamura,1981-05-12,search
akazawa yukinori,Yukinori Akazawa,1992-01-30,search
kiryu yuko,Yuko Kiryu,1987-08-31,search
oya yuko,Yuko Oya,1987-04-13,enumeration
kutsenko yulia,Yulia Kutsenko,1989-06-03,search
litvinceva yulia,Yulia Litvinceva,1991-10-01,search
ostroverkhova yulia,Yulia Ostroverkhova,1989-06-11,search
borisov yulian,Yulian Borisov,1994-10-20,enumeration
jae jung yun,Yun Jae Jung,1990-09-12,search
duben yuneisy,Yuneisy Duben,1996-07-08,search
minami yunosuke,Yunosuke Minami,2000-09-10,enumeration
akhmedov yunus,Yunus Akhmedov,1992-05-09,enumeration
naito yura,Yura Naito,1996-04-26,search
amari yuri,Yuri Amari,1997-06-23,search
andrei yuri,Yuri Andrei,1985-05-18,search
gorbenko yuri,Yuri Gorbenko,1980-10-31,search
izotov yuri,Yuri Izotov,1988-05-10,enumeration
konsevich yuri,Yuri Konsevich,1995-04-25,enumeration
neles yuri,Yuri Neles,1992-08-05,search
panferov yuri,Yuri Panferov,1996-08-30,search
simoes yuri,Yuri Simoes,1990-06-18,enumeration
villefort yuri,Yuri Villefort,1991-03-23,search
bosyi yurii,Yurii Bosyi,1994-11-23,search
jimenez yurivia,Yurivia Jimenez,1995-09-27,search
fedorov yuriy,Yuriy Fedorov,1992-05-17,search
kyselov yuriy,Yuriy Kyselov,1976-07-29,enumeration
protsenko yuriy,Yuriy Protsenko,1996-07-05,search
inoue yusaku,Yusaku Inoue,1988-12-30,search
kinoshita yusaku,Yusaku Kinoshita,2000-08-21,search
nakamura yusaku,Yusaku Nakamura,1986-06-21,search
muramoto yusei,Yusei Muramoto,1997-05-14,search
okami yushin,Yushin Okami,1981-07-21,search
nazokatov yusuf,Yusuf Nazokatov,1995-01-17,search
raisov yusuf,Yusuf Raisov,1995-06-22,search
endo yusuke,Yusuke Endo,1982-02-03,enumeration
kagiyama yusuke,Yusuke Kagiyama,1983-08-01,search
kasuya yusuke,Yusuke Kasuya,1989-11-16,search
kawaguchi yusuke,Yusuke Kawaguchi,1980-08-14,enumeration
kawanago yusuke,Yusuke Kawanago,1983-02-02,search
masuda yusuke,Yusuke Masuda,1980-08-11,enumeration
ogikubo yusuke,Yusuke Ogikubo,1991-08-03,search
sakashita yusuke,Yusuke Sakashita,1975-05-27,search
yachi yusuke,Yusuke Yachi,1990-05-13,search
saadulaev yusup,Yusup Saadulaev,1985-03-31,search
visaitov yusup,Yusup Visaitov,2000-08-01,enumeration
yusupkhadzhi zubariev,Yusup-Khadzhi Zubariev,1995-05-13,search
amifuji yuta,Yuta Amifuji,1985-03-10,search
hamamoto yuta,Yuta Hamamoto,1990-02-14,search
kubo yuta,Yuta Kubo,1987-10-19,search
nakamura yuta,Yuta Nakamura,1982-06-23,search
numakura yuta,Yuta Numakura,1979-01-30,search
watanabe yuta,Yuta Watanabe,1984-09-28,search
hoshino yutaka,Yutaka Hoshino,1994-01-25,search
imamura yutaka,Yutaka Imamura,1979-05-25,enumeration
kobayashi yutaka,Yutaka Kobayashi,1985-05-01,search
saito yutaka,Yutaka Saito,1987-10-08,search
shimamura yutaka,Yutaka Shimamura,1986-11-08,search
ueda yutaka,Yutaka Ueda,1986-11-08,search
muramoto yutaro,Yutaro Muramoto,1994-10-03,search
hiyama yuto,Yuto Hiyama,1994-08-20,enumeration
hokamura yuto,Yuto Hokamura,1993-03-19,search
nakajima yuto,Yuto Nakajima,1997-01-07,enumeration
sekiguchi yuto,Yuto Sekiguchi,1997-11-04,search
uda yuto,Yuto Uda,1997-05-10,search
onodera yuya,Yuya Onodera,1983-05-21,search
shibata yuya,Yuya Shibata,1992-05-13,search
shirai yuya,Yuya Shirai,1980-04-02,search
wakamatsu yuya,Yuya Wakamatsu,1995-02-09,search
edwards yves,Yves Edwards,1976-09-30,search
jabouin yves,Yves Jabouin,1979-05-30,search
landu yves,Yves Landu,1986-08-13,search
agenord yvon,Yvon Agenord,1984-11-05,enumeration
magomedsharipov zabit,Zabit Magomedsharipov,1991-03-01,search
cooper zac,Zac Cooper,1993-05-26,search
kelley zac,Zac Kelley,1985-10-12,search
pauga zac,Zac Pauga,1988-02-25,search
richard zac,Zac Richard,1997-03-24,enumeration
riley zac,Zac Riley,1992-12-03,enumeration
conn zach,Zach Conn,1993-04-22,enumeration
disabatino zach,Zach DiSabatino,1994-01-07,search
eastlick zach,Zach Eastlick,1991-08-21,search
edington zach,Zach Edington,1989-10-23,search
fears zach,Zach Fears,1988-09-13,search
johnson zach,Zach Johnson,1984-11-28,enumeration
juusola zach,Zach Juusola,1987-08-23,search
long zach,Zach Long,1990-08-04,search
makovsky zach,Zach Makovsky,1982-06-30,search
mcguire zach,Zach McGuire,1981-05-18,search
nishimwe zach,Zach Nishimwe,2002-06-18,enumeration
owens zach,Zach Owens,1990-02-10,enumeration
reese zach,Zach Reese,1994-03-24,search
rosol zach,Zach Rosol,1989-10-17,search
scroggin zach,Zach Scroggin,1996-03-09,search
zach zane,Zach Zane,1989-12-14,search
thorne zachariah,Zachariah Thorne,1997-06-29,search
borrego zachary,Zachary Borrego,1996-07-18,search
burosnash zachary,Zachary Buros-Nash,1990-10-06,search
davis zack,Zack Davis,1989-01-07,search
hicks zack,Zack Hicks,1989-06-04,enumeration
kraschinsky zack,Zack Kraschinsky,1995-04-27,enumeration
schroeder zack,Zack Schroeder,1979-11-11,search
shaw zack,Zack Shaw,1989-12-04,enumeration
powell zackery,Zackery Powell,1997-02-05,search
mohsen zafar,Zafar Mohsen,1995-01-01,search
dishekova zaira,Zaira Dishekova,1996-05-07,search
garcia zairo,Zairo Garcia,1993-11-08,search
bucia zak,Zak Bucia,1984-09-27,search
cummings zak,Zak Cummings,1984-08-02,search
flessas zak,Zak Flessas,1991-10-18,search
jensen zak,Zak Jensen,1982-10-01,search
ottow zak,Zak Ottow,1986-12-22,search
fatullazade zaka,Zaka Fatullazade,1997-01-26,search
camara zakariya,Zakariya Camara,1999-02-16,search
smith zakk,Zakk Smith,1990-05-27,search
fayzallanova zamzagul,Zamzagul Fayzallanova,1992-06-10,enumeration
douglass zane,Zane Douglass,1994-10-19,enumeration
frazier zane,Zane Frazier,1966-07-16,enumeration
kamaka zane,Zane Kamaka,1989-06-12,search
fairn zarah,Zarah Fairn,1983-12-10,search
adashev zarrukh,Zarrukh Adashev,1992-07-29,search
havener zayne,Zayne Havener,2000-10-17,search
suleymanov zayundin,Zayundin Suleymanov,1996-04-17,search
polivka zdenek,Zdenek Polivka,1998-04-02,search
dukic zdravko,Zdravko Dukic,1987-01-07,enumeration
wu ze,Ze Wu,1994-12-25,search
bano zeba,Zeba Bano,1998-10-07,enumeration
kadestam zebaztian,Zebaztian Kadestam,1990-09-27,search
ruiz zebenzui,Zebenzui Ruiz,1994-01-16,search
montanez zedekiah,Zedekiah Montanez,1992-05-18,search
krantic zejna,Zejna Krantic,1988-11-28,enumeration
tuineiwily zeke,Zeke Tuinei-Wily,1988-01-31,enumeration
galesic zelg,Zelg Galesic,1979-02-16,search
imadaev zelim,Zelim Imadaev,1995-01-25,enumeration
amirov zelimkhan,Zelimkhan Amirov,1997-07-15,search
betergaraev zelimkhan,Zelimkhan Betergaraev,1995-07-11,search
umiev zelimkhan,Zelimkhan Umiev,1982-01-01,enumeration
hunt zevan,Zevan Hunt,1998-12-08,search
konurbaev zhakshylyk,Zhakshylyk Konurbaev,1998-11-11,enumeration
zhalgas zhumagulov,Zhalgas Zhumagulov,1988-08-29,search
mingyang zhang,Zhang Mingyang,1998-08-16,enumeration
liang you zhang,Zhang You Liang,1994-01-15,enumeration
daermisi zhawupasi,Zhawupasi Daermisi,1999-09-15,search
peng zhengwen,Zhengwen Peng,2005-01-27,search
lu zhengyong,Zhengyong Lu,1996-09-03,search
lu zhenhong,Zhenhong Lu,1993-06-25,search
wang zhenyao,Zhenyao Wang,1995-04-01,enumeration
shang zhifa,Zhifa Shang,1986-03-15,search
ayvazyan zhora,Zhora Ayvazyan,1995-02-11,search
biao zhou,Zhou Biao,1996-11-01,enumeration
zhumabekov zhuman,Zhuman Zhumabekov,1990-01-23,search
yang zhuo,Zhuo Yang,1989-07-04,enumeration
emilbekov zhyrgalbek,Zhyrgalbek Emilbekov,1989-12-11,search
ayman kareem ziad,Ziad Ayman Kareem,1997-11-05,enumeration
adams zikpli,Zikpli Adams,1992-10-22,enumeration
tomlinson zion,Zion Tomlinson,1999-09-23,enumeration
sheftor zlata,Zlata Sheftor,1987-08-06,search
frausto zoila,Zoila Frausto,1983-12-10,search
dod zoran,Zoran Dod,1988-04-29,search
moreira zorobabel,Zorobabel Moreira,1983-05-18,enumeration
de jr oliveira silva zozimar,Zozimar de Oliveira Silva Jr.,1988-08-31,enumeration
balla zsolt,Zsolt Balla,1987-11-10,search
fenyes zsolt,Zsolt Fenyes,1988-10-28,search
zathureczky zsolt,Zsolt Zathureczky,1988-12-15,enumeration
tukhugov zubaira,Zubaira Tukhugov,1991-01-15,enumeration
usmanov zulfikar,Zulfikar Usmanov,1979-09-04,search
kamchybekov zulkarnaiyn,Zulkarnaiyn Kamchybekov,1992-11-14,search
archer zumarr,Zumarr Archer,1988-03-03,search
jojua zuriko,Zuriko Jojua,1995-10-14,search
turrey zurina,Zurina Turrey,1995-04-21,enumeration
lazishvili zviad,Zviad Lazishvili,1991-10-25,search
kralj zvonimir,Zvonimir Kralj,1992-06-16,search
ramaska zygimantas,Zygimantas Ramaska,1996-12-27,search
